step,action,action_bin,action_vec_norm,free_energy,confidence,obs_norm,frame_mean,beta,info_gain,agent_cx,agent_cy,agent_vx,agent_vy,n_bodies,is_post_disappear
0,1,7,2.250673,40.594692,0.883732,1.000000,9.259216,0.999010,1.000000,43.2696,45.8858,-7.8100,-5.6750,2,0
1,0,3,2.364422,54.941448,0.902057,1.000000,9.230408,0.997030,1.000000,43.2696,45.8858,-7.8100,-5.6750,2,0
2,0,5,2.036071,43.927738,0.902735,1.000000,9.230408,0.995050,1.000000,43.2696,45.8858,-7.8100,-5.6750,2,0
3,1,7,2.652209,43.780698,0.902844,1.000000,9.259216,0.993070,2.083954,43.2696,45.8858,-7.8100,-5.6750,2,0
4,1,0,2.453929,40.971265,0.903658,1.000000,9.230408,0.991090,0.823109,43.2696,45.8858,-7.8100,-5.6750,2,0
5,1,7,2.592124,39.144765,0.902964,1.000000,9.216003,0.989110,2.144929,43.2696,45.8858,-7.8100,-5.6750,2,0
6,1,7,2.332004,37.692526,0.903254,1.000000,9.244812,0.987130,2.280446,43.2696,45.8858,-7.8100,-5.6750,2,0
7,1,7,2.312596,38.035200,0.902445,1.000000,9.288025,0.985150,2.354394,43.2696,45.8858,-7.8100,-5.6750,2,0
8,1,7,2.336031,37.615763,0.903372,1.000000,9.302429,0.983170,2.209828,43.2696,45.8858,-7.8100,-5.6750,2,0
9,0,5,2.658304,38.067248,0.903219,1.000000,9.288025,0.981190,2.555323,43.2696,45.8858,-7.8100,-5.6750,2,0
10,1,7,2.748946,37.164498,0.902527,1.000000,9.259216,0.979210,2.122911,43.2696,45.8858,-7.8100,-5.6750,2,0
11,0,4,1.939648,36.995313,0.902776,1.000000,9.230408,0.977230,9.516040,43.2696,45.8858,-7.8100,-5.6750,2,0
12,0,4,2.763978,36.082848,0.902438,1.000000,9.244812,0.975250,7.704478,43.2696,45.8858,-7.8100,-5.6750,2,0
13,0,4,2.440550,35.990446,0.902445,1.000000,9.259216,0.973270,7.259662,43.2696,45.8858,-7.8100,-5.6750,2,0
14,0,3,2.974017,36.502883,0.902425,1.000000,9.259216,0.971290,8.766407,43.2696,45.8858,-7.8100,-5.6750,2,0
15,0,4,2.762214,36.441608,0.902937,1.000000,9.187195,0.969310,6.737946,43.2696,45.8858,-7.8100,-5.6750,2,0
16,0,4,2.909445,36.164174,0.902056,1.000000,9.244812,0.967330,5.954696,43.2696,45.8858,-7.8100,-5.6750,2,0
17,0,4,2.710257,36.087734,0.902762,1.000000,9.288025,0.965350,5.670017,43.2696,45.8858,-7.8100,-5.6750,2,0
18,0,5,2.630589,36.198061,0.902453,1.000000,9.288025,0.963370,2.243894,43.2696,45.8858,-7.8100,-5.6750,2,0
19,0,3,2.263480,36.315234,0.902214,1.000000,9.288025,0.961390,7.440341,43.2696,45.8858,-7.8100,-5.6750,2,0
20,1,6,2.343003,35.793893,0.902758,1.000000,9.273621,0.959410,2.950794,43.2696,45.8858,-7.8100,-5.6750,2,0
21,0,3,3.090544,35.445869,0.902599,1.000000,9.230408,0.957430,6.873208,43.2696,45.8858,-7.8100,-5.6750,2,0
22,0,3,2.621943,35.169746,0.902508,1.000000,9.230408,0.955450,6.512110,43.2696,45.8858,-7.8100,-5.6750,2,0
23,3,5,2.377749,35.335886,0.902841,1.000000,9.230408,0.953470,2.449156,43.2696,45.8858,-7.8100,-5.6750,2,0
24,0,2,2.631133,35.420809,0.902393,1.000000,9.259216,0.951490,2.243244,43.2696,45.8858,-7.8100,-5.6750,2,0
25,0,2,2.669279,35.473879,0.902701,1.000000,9.230408,0.949510,2.114419,43.2696,45.8858,-7.8100,-5.6750,2,0
26,3,6,2.574429,35.406341,0.902757,1.000000,9.230408,0.947530,2.398697,43.2696,45.8858,-7.8100,-5.6750,2,0
27,3,2,2.256908,35.393158,0.902484,1.000000,9.244812,0.945550,2.133104,43.2696,45.8858,-7.8100,-5.6750,2,0
28,0,5,2.612263,35.347471,0.902892,1.000000,9.273621,0.943570,1.422406,43.2696,45.8858,-7.8100,-5.6750,2,0
29,1,1,2.053127,35.511219,0.902427,1.000000,9.302429,0.941590,4.760953,43.2696,45.8858,-7.8100,-5.6750,2,0
30,1,1,2.996489,35.194211,0.902376,1.000000,9.259216,0.939610,4.219874,43.2696,45.8858,-7.8100,-5.6750,2,0
31,3,2,2.375986,35.148653,0.902447,1.000000,9.259216,0.937630,1.983874,43.2696,45.8858,-7.8100,-5.6750,2,0
32,0,2,2.084540,35.314257,0.902135,1.000000,9.216003,0.935650,1.985121,43.2696,45.8858,-7.8100,-5.6750,2,0
33,3,2,2.592577,35.266887,0.902076,1.000000,9.244812,0.933670,1.890195,43.2696,45.8858,-7.8100,-5.6750,2,0
34,1,1,2.920045,35.263091,0.902835,1.000000,9.259216,0.931690,4.105417,43.2696,45.8858,-7.8100,-5.6750,2,0
35,1,1,2.804237,35.323312,0.903017,1.000000,9.259216,0.929710,3.890728,43.2696,45.8858,-7.8100,-5.6750,2,0
36,0,3,2.389900,35.069319,0.903194,1.000000,9.259216,0.927730,0.942176,43.2696,45.8858,-7.8100,-5.6750,2,0
37,0,2,2.503181,35.255732,0.902896,1.000000,9.244812,0.925750,0.715501,43.2696,45.8858,-7.8100,-5.6750,2,0
38,1,6,2.273467,35.321210,0.902483,1.000000,9.244812,0.923770,2.196999,43.2696,45.8858,-7.8100,-5.6750,2,0
39,0,5,2.358687,35.147448,0.902871,1.000000,9.230408,0.921790,1.297247,43.2696,45.8858,-7.8100,-5.6750,2,0
40,1,1,2.205974,35.258107,0.902949,1.000000,9.259216,0.919810,1.084715,43.2696,45.8858,-7.8100,-5.6750,2,0
41,0,4,2.566162,34.941929,0.902509,1.000000,9.216003,0.917830,1.080754,43.2696,45.8858,-7.8100,-5.6750,2,0
42,0,2,2.274208,34.924422,0.902070,1.000000,9.230408,0.915850,0.778421,43.2696,45.8858,-7.8100,-5.6750,2,0
43,2,5,2.221319,35.044666,0.902981,1.000000,9.259216,0.913870,0.809564,43.2696,45.8858,-7.8100,-5.6750,2,0
44,1,1,2.327432,35.308187,0.902514,1.000000,9.230408,0.911890,0.910233,43.2696,45.8858,-7.8100,-5.6750,2,0
45,0,3,1.940222,35.462185,0.902912,1.000000,9.259216,0.909910,0.871815,43.2696,45.8858,-7.8100,-5.6750,2,0
46,1,6,2.321658,35.346197,0.902466,1.000000,9.244812,0.907930,0.656781,43.2696,45.8858,-7.8100,-5.6750,2,0
47,0,3,2.338156,35.382430,0.902243,1.000000,9.259216,0.905950,0.865817,43.2696,45.8858,-7.8100,-5.6750,2,0
48,1,7,2.736753,35.467471,0.902146,1.000000,9.230408,0.903970,0.949842,43.2696,45.8858,-7.8100,-5.6750,2,0
49,0,4,2.432652,35.473335,0.902446,1.000000,9.216003,0.901990,1.188673,43.2696,45.8858,-7.8100,-5.6750,2,0
50,2,5,2.182484,35.454942,0.902983,1.000000,9.259216,0.900010,0.430646,43.2696,45.8858,-7.8100,-5.6750,2,0
51,1,0,2.518877,35.564574,0.902747,1.000000,9.244812,0.898030,2.378563,43.2696,45.8858,-7.8100,-5.6750,2,0
52,2,6,2.403595,35.940241,0.902785,1.000000,9.230408,0.896050,0.494064,43.2696,45.8858,-7.8100,-5.6750,2,0
53,1,0,2.727864,36.126094,0.903078,1.000000,9.259216,0.894070,2.216813,43.2696,45.8858,-7.8100,-5.6750,2,0
54,0,4,2.675909,36.361041,0.902432,1.000000,9.244812,0.892090,1.149602,43.2696,45.8858,-7.8100,-5.6750,2,0
55,1,6,1.942594,36.224122,0.902800,1.000000,9.244812,0.890110,0.488972,43.2696,45.8858,-7.8100,-5.6750,2,0
56,3,2,1.957911,36.291984,0.903299,1.000000,9.244812,0.888130,0.600967,43.2696,45.8858,-7.8100,-5.6750,2,0
57,1,0,2.312081,36.285242,0.902956,1.000000,9.259216,0.886150,1.919901,43.2696,45.8858,-7.8100,-5.6750,2,0
58,1,0,2.508154,36.475619,0.903003,1.000000,9.273621,0.884170,1.617317,43.2696,45.8858,-7.8100,-5.6750,2,0
59,0,4,2.469678,36.519259,0.902858,1.000000,9.259216,0.882190,1.009770,43.2696,45.8858,-7.8100,-5.6750,2,0
60,0,4,2.334172,36.657694,0.902176,1.000000,9.259216,0.880210,0.989382,43.2696,45.8858,-7.8100,-5.6750,2,0
61,0,4,2.312237,36.836582,0.902931,1.000000,9.288025,0.878230,0.664519,43.2696,45.8858,-7.8100,-5.6750,2,0
62,0,3,2.398308,37.039002,0.902422,1.000000,9.230408,0.876250,0.667953,43.2696,45.8858,-7.8100,-5.6750,2,0
63,1,0,2.593798,37.192684,0.902830,1.000000,9.288025,0.874270,0.645098,43.2696,45.8858,-7.8100,-5.6750,2,0
64,1,7,2.459028,37.185049,0.902532,1.000000,9.216003,0.872290,0.984030,43.2696,45.8858,-7.8100,-5.6750,2,0
65,1,0,2.455370,36.807898,0.902744,1.000000,9.288025,0.870310,0.621553,43.2696,45.8858,-7.8100,-5.6750,2,0
66,2,6,2.350291,36.690268,0.902805,1.000000,9.244812,0.868330,0.449483,43.2696,45.8858,-7.8100,-5.6750,2,0
67,0,5,2.164006,36.765510,0.902511,1.000000,9.244812,0.866350,0.485426,43.2696,45.8858,-7.8100,-5.6750,2,0
68,2,6,2.354169,36.956157,0.902848,1.000000,9.288025,0.864370,0.513581,43.2696,45.8858,-7.8100,-5.6750,2,0
69,0,4,2.452393,37.077009,0.902498,1.000000,9.244812,0.862390,0.554394,43.2696,45.8858,-7.8100,-5.6750,2,0
70,3,2,2.532334,37.242640,0.903192,1.000000,9.259216,0.860410,1.062598,43.2696,45.8858,-7.8100,-5.6750,2,0
71,0,3,2.450416,37.385964,0.902900,1.000000,9.273621,0.858430,0.856344,43.2696,45.8858,-7.8100,-5.6750,2,0
72,0,4,2.356670,37.298962,0.902195,1.000000,9.259216,0.856450,0.316283,43.2696,45.8858,-7.8100,-5.6750,2,0
73,1,6,2.194224,37.638150,0.902429,1.000000,9.259216,0.854470,0.596774,43.2696,45.8858,-7.8100,-5.6750,2,0
74,0,5,1.784577,37.647983,0.902602,1.000000,9.288025,0.852490,0.519275,43.2696,45.8858,-7.8100,-5.6750,2,0
75,0,2,2.674217,37.632528,0.902510,1.000000,9.230408,0.850510,1.221245,43.2696,45.8858,-7.8100,-5.6750,2,0
76,0,5,2.435125,37.775292,0.902814,1.000000,9.302429,0.848530,0.879885,43.2696,45.8858,-7.8100,-5.6750,2,0
77,1,7,2.267778,37.747615,0.903103,1.000000,9.302429,0.846550,0.817978,43.2696,45.8858,-7.8100,-5.6750,2,0
78,1,6,2.285896,37.706294,0.902182,1.000000,9.230408,0.844570,0.727470,43.2696,45.8858,-7.8100,-5.6750,2,0
79,0,4,2.115780,37.602482,0.902377,1.000000,9.288025,0.842590,0.204110,43.2696,45.8858,-7.8100,-5.6750,2,0
80,0,5,2.349092,37.436608,0.903210,1.000000,9.259216,0.840610,1.149816,43.2696,45.8858,-7.8100,-5.6750,2,0
81,3,2,2.542293,37.607889,0.902553,1.000000,9.259216,0.838630,1.256077,43.2696,45.8858,-7.8100,-5.6750,2,0
82,3,4,1.943445,37.805836,0.902869,1.000000,9.288025,0.836650,0.216686,43.2696,45.8858,-7.8100,-5.6750,2,0
83,1,0,2.622525,37.893626,0.902197,1.000000,9.216003,0.834670,0.747436,43.2696,45.8858,-7.8100,-5.6750,2,0
84,0,3,2.343988,37.886086,0.902851,1.000000,9.302429,0.832690,1.030754,43.2696,45.8858,-7.8100,-5.6750,2,0
85,1,0,2.335072,37.714324,0.902781,1.000000,9.273621,0.830710,0.718583,43.2696,45.8858,-7.8100,-5.6750,2,0
86,0,5,2.552821,37.905341,0.902933,1.000000,9.259216,0.828730,1.140587,43.2696,45.8858,-7.8100,-5.6750,2,0
87,1,1,2.502445,37.998116,0.902752,1.000000,9.259216,0.826750,1.237367,43.2696,45.8858,-7.8100,-5.6750,2,0
88,0,5,2.519354,38.073597,0.902778,1.000000,9.259216,0.824770,1.004005,43.2696,45.8858,-7.8100,-5.6750,2,0
89,0,4,2.180377,37.934277,0.902480,1.000000,9.259216,0.822790,0.265394,43.2696,45.8858,-7.8100,-5.6750,2,0
90,0,5,2.275698,37.758811,0.902606,1.000000,9.288025,0.820810,0.726522,43.2696,45.8858,-7.8100,-5.6750,2,0
91,2,6,2.229725,37.790011,0.902890,1.000000,9.216003,0.818830,0.567375,43.2696,45.8858,-7.8100,-5.6750,2,0
92,0,2,2.578822,37.799176,0.902881,1.000000,9.288025,0.816850,0.450400,43.2696,45.8858,-7.8100,-5.6750,2,0
93,0,3,2.790269,37.595843,0.902529,1.000000,9.288025,0.814870,0.965291,43.2696,45.8858,-7.8100,-5.6750,2,0
94,1,7,2.731301,37.798895,0.902094,1.000000,9.259216,0.812890,0.809909,43.2696,45.8858,-7.8100,-5.6750,2,0
95,0,3,2.415243,37.858255,0.903247,1.000000,9.288025,0.810910,0.763239,43.2696,45.8858,-7.8100,-5.6750,2,0
96,1,6,2.157274,37.860112,0.903128,1.000000,9.230408,0.808930,0.372400,43.2696,45.8858,-7.8100,-5.6750,2,0
97,3,3,2.230687,37.906646,0.902458,1.000000,9.230408,0.806950,0.720040,43.2696,45.8858,-7.8100,-5.6750,2,0
98,1,1,2.446326,38.000060,0.903142,1.000000,9.288025,0.804970,1.243438,43.2696,45.8858,-7.8100,-5.6750,2,0
99,3,2,2.129960,38.053607,0.903700,1.000000,9.259216,0.802990,0.468370,43.2696,45.8858,-7.8100,-5.6750,2,0
100,1,0,2.374005,38.392529,0.903196,1.000000,9.273621,0.801010,0.723114,43.2696,45.8858,-7.8100,-5.6750,2,0
101,1,6,2.394479,38.123780,0.902875,1.000000,9.302429,0.799030,0.338896,43.2696,45.8858,-7.8100,-5.6750,2,0
102,0,4,2.044240,37.990295,0.902611,1.000000,9.259216,0.797050,0.358799,43.2696,45.8858,-7.8100,-5.6750,2,0
103,0,3,2.797603,37.750075,0.902901,1.000000,9.302429,0.795070,0.760631,43.2696,45.8858,-7.8100,-5.6750,2,0
104,0,4,2.575162,37.719217,0.902541,1.000000,9.244812,0.793090,0.436817,43.2696,45.8858,-7.8100,-5.6750,2,0
105,0,2,2.275059,37.766431,0.902435,1.000000,9.216003,0.791110,0.466001,43.2696,45.8858,-7.8100,-5.6750,2,0
106,0,3,2.403340,37.738517,0.902514,1.000000,9.288025,0.789130,0.593867,43.2696,45.8858,-7.8100,-5.6750,2,0
107,1,6,2.266019,37.855179,0.902771,1.000000,9.230408,0.787150,0.387646,43.2696,45.8858,-7.8100,-5.6750,2,0
108,3,1,2.053015,37.711281,0.902509,1.000000,9.259216,0.785170,0.870768,43.2696,45.8858,-7.8100,-5.6750,2,0
109,1,0,2.421697,37.872751,0.902960,1.000000,9.288025,0.783190,0.510682,43.2696,45.8858,-7.8100,-5.6750,2,0
110,0,3,2.066400,37.712472,0.902547,1.000000,9.259216,0.781210,0.538210,43.2696,45.8858,-7.8100,-5.6750,2,0
111,0,4,2.614831,38.056570,0.902878,1.000000,9.302429,0.779230,0.517307,43.2696,45.8858,-7.8100,-5.6750,2,0
112,3,1,2.175283,38.296778,0.902162,1.000000,9.230408,0.777250,0.465452,43.2696,45.8858,-7.8100,-5.6750,2,0
113,0,5,2.344424,38.220642,0.902872,1.000000,9.230408,0.775270,0.377433,43.2696,45.8858,-7.8100,-5.6750,2,0
114,0,2,2.358023,38.220535,0.903013,1.000000,9.302429,0.773290,0.436607,43.2696,45.8858,-7.8100,-5.6750,2,0
115,3,2,2.297158,38.237103,0.903036,1.000000,9.244812,0.771310,0.438645,43.2696,45.8858,-7.8100,-5.6750,2,0
116,0,4,2.243472,38.157943,0.903115,1.000000,9.230408,0.769330,0.545864,43.2696,45.8858,-7.8100,-5.6750,2,0
117,1,6,2.553912,38.407319,0.902256,1.000000,9.259216,0.767350,0.441268,43.2696,45.8858,-7.8100,-5.6750,2,0
118,1,6,2.676906,38.546750,0.903210,1.000000,9.259216,0.765370,0.571036,43.2696,45.8858,-7.8100,-5.6750,2,0
119,0,3,2.318749,38.694508,0.903255,1.000000,9.244812,0.763390,0.481289,43.2696,45.8858,-7.8100,-5.6750,2,0
120,0,3,2.558499,38.513242,0.903179,1.000000,9.230408,0.761410,0.568570,43.2696,45.8858,-7.8100,-5.6750,2,0
121,3,2,2.559290,38.382165,0.902512,1.000000,9.230408,0.759430,0.498388,43.2696,45.8858,-7.8100,-5.6750,2,0
122,1,6,2.435405,38.438122,0.903222,1.000000,9.259216,0.757450,0.534670,43.2696,45.8858,-7.8100,-5.6750,2,0
123,3,1,2.511041,38.332150,0.902873,1.000000,9.244812,0.755470,0.450619,43.2696,45.8858,-7.8100,-5.6750,2,0
124,0,5,2.647780,38.251945,0.903486,1.000000,9.230408,0.753490,0.379790,43.2696,45.8858,-7.8100,-5.6750,2,0
125,0,2,2.019489,38.341985,0.902467,1.000000,9.244812,0.751510,0.456165,43.2696,45.8858,-7.8100,-5.6750,2,0
126,0,5,2.559347,38.147751,0.902529,1.000000,9.216003,0.749530,0.376809,43.2696,45.8858,-7.8100,-5.6750,2,0
127,0,4,2.696017,37.929617,0.902949,1.000000,9.259216,0.747550,0.545191,43.2696,45.8858,-7.8100,-5.6750,2,0
128,3,2,2.486685,38.159937,0.902712,1.000000,9.288025,0.745570,0.497302,43.2696,45.8858,-7.8100,-5.6750,2,0
129,0,5,2.267420,37.979754,0.903236,1.000000,9.230408,0.743590,0.420014,43.2696,45.8858,-7.8100,-5.6750,2,0
130,1,0,2.259597,38.036965,0.902974,1.000000,9.244812,0.741610,0.574035,43.2696,45.8858,-7.8100,-5.6750,2,0
131,0,4,2.247268,37.970685,0.902504,1.000000,9.273621,0.739630,0.596381,43.2696,45.8858,-7.8100,-5.6750,2,0
132,1,6,2.509222,37.676319,0.902501,1.000000,9.230408,0.737650,0.532708,43.2696,45.8858,-7.8100,-5.6750,2,0
133,1,1,2.276823,37.840227,0.902770,1.000000,9.259216,0.735670,0.566078,43.2696,45.8858,-7.8100,-5.6750,2,0
134,1,0,2.230299,37.985887,0.902499,1.000000,9.230408,0.733690,0.617613,43.2696,45.8858,-7.8100,-5.6750,2,0
135,0,4,2.476469,38.177908,0.902860,1.000000,9.302429,0.731710,0.494777,43.2696,45.8858,-7.8100,-5.6750,2,0
136,0,5,2.701726,38.125443,0.903212,1.000000,9.288025,0.729730,0.545610,43.2696,45.8858,-7.8100,-5.6750,2,0
137,3,4,2.087596,37.990596,0.902532,1.000000,9.288025,0.727750,0.603776,43.2696,45.8858,-7.8100,-5.6750,2,0
138,0,5,2.468624,38.224447,0.902561,1.000000,9.230408,0.725770,0.564538,43.2696,45.8858,-7.8100,-5.6750,2,0
139,0,3,1.924866,38.271400,0.902398,1.000000,9.288025,0.723790,0.627898,43.2696,45.8858,-7.8100,-5.6750,2,0
140,1,6,2.715856,38.211272,0.902908,1.000000,9.244812,0.721810,0.517203,43.2696,45.8858,-7.8100,-5.6750,2,0
141,0,3,2.813394,38.199663,0.902897,1.000000,9.230408,0.719830,0.638946,43.2696,45.8858,-7.8100,-5.6750,2,0
142,0,2,1.938008,38.268582,0.902583,1.000000,9.230408,0.717850,0.603312,43.2696,45.8858,-7.8100,-5.6750,2,0
143,2,6,2.300531,38.270918,0.903550,1.000000,9.288025,0.715870,0.416997,43.2696,45.8858,-7.8100,-5.6750,2,0
144,0,4,2.474026,38.209251,0.902090,1.000000,9.244812,0.713890,0.626700,43.2696,45.8858,-7.8100,-5.6750,2,0
145,0,5,2.526731,38.209721,0.902213,1.000000,9.302429,0.711910,0.486955,43.2696,45.8858,-7.8100,-5.6750,2,0
146,0,3,2.387373,38.192532,0.902749,1.000000,9.302429,0.709930,0.629784,43.2696,45.8858,-7.8100,-5.6750,2,0
147,0,5,2.337181,37.958775,0.903200,1.000000,9.259216,0.707950,0.452671,43.2696,45.8858,-7.8100,-5.6750,2,0
148,0,4,2.469428,37.975095,0.903193,1.000000,9.259216,0.705970,0.461779,43.2696,45.8858,-7.8100,-5.6750,2,0
149,0,5,2.752071,37.939737,0.903567,1.000000,9.259216,0.703990,0.410144,43.2696,45.8858,-7.8100,-5.6750,2,0
150,1,6,2.649273,37.793361,0.902971,1.000000,9.259216,0.702010,0.355795,43.2696,45.8858,-7.8100,-5.6750,2,0
151,0,3,2.357610,37.737636,0.902578,1.000000,9.244812,0.700030,0.675304,43.2696,45.8858,-7.8100,-5.6750,2,0
152,0,4,2.279380,37.581790,0.902537,1.000000,9.288025,0.698050,0.461950,43.2696,45.8858,-7.8100,-5.6750,2,0
153,0,3,2.362501,37.897840,0.902130,1.000000,9.302429,0.696070,0.603375,43.2696,45.8858,-7.8100,-5.6750,2,0
154,0,5,2.624228,37.964192,0.902176,1.000000,9.244812,0.694090,0.395872,43.2696,45.8858,-7.8100,-5.6750,2,0
155,0,4,2.520451,37.942266,0.902415,1.000000,9.230408,0.692110,0.464292,43.2696,45.8858,-7.8100,-5.6750,2,0
156,3,2,2.395820,37.859396,0.902790,1.000000,9.244812,0.690130,0.595397,43.2696,45.8858,-7.8100,-5.6750,2,0
157,0,5,2.687251,37.755411,0.902338,1.000000,9.244812,0.688150,0.344065,43.2696,45.8858,-7.8100,-5.6750,2,0
158,1,0,2.434814,37.717966,0.902842,1.000000,9.259216,0.686170,0.804473,43.2696,45.8858,-7.8100,-5.6750,2,0
159,1,1,2.248713,38.148038,0.902825,1.000000,9.244812,0.684190,0.570957,43.2696,45.8858,-7.8100,-5.6750,2,0
160,1,6,2.109627,38.091865,0.902174,1.000000,9.244812,0.682210,0.535137,43.2696,45.8858,-7.8100,-5.6750,2,0
161,0,5,2.217313,38.204521,0.903264,1.000000,9.244812,0.680230,0.352699,43.2696,45.8858,-7.8100,-5.6750,2,0
162,0,5,2.416373,38.434461,0.903268,1.000000,9.244812,0.678250,0.353431,43.2696,45.8858,-7.8100,-5.6750,2,0
163,1,6,2.466641,38.619637,0.902888,1.000000,9.230408,0.676270,0.565157,43.2696,45.8858,-7.8100,-5.6750,2,0
164,0,2,1.931882,38.765158,0.902896,1.000000,9.230408,0.674290,0.604327,43.2696,45.8858,-7.8100,-5.6750,2,0
165,0,5,2.290893,38.879040,0.902229,1.000000,9.288025,0.672310,0.428775,43.2696,45.8858,-7.8100,-5.6750,2,0
166,2,5,2.683619,38.686021,0.902542,1.000000,9.288025,0.670330,0.448099,43.2696,45.8858,-7.8100,-5.6750,2,0
167,3,1,2.790800,38.561091,0.902107,1.000000,9.230408,0.668350,0.613120,43.2696,45.8858,-7.8100,-5.6750,2,0
168,0,2,2.633150,38.596934,0.902100,1.000000,9.216003,0.666370,0.588942,43.2696,45.8858,-7.8100,-5.6750,2,0
169,0,5,2.290772,38.665089,0.902719,1.000000,9.259216,0.664390,0.447498,43.2696,45.8858,-7.8100,-5.6750,2,0
170,3,1,2.516752,38.643572,0.902823,1.000000,9.244812,0.662410,0.636239,43.2696,45.8858,-7.8100,-5.6750,2,0
171,3,1,2.504522,38.631246,0.902132,1.000000,9.259216,0.660430,0.638253,43.2696,45.8858,-7.8100,-5.6750,2,0
172,1,6,2.421855,38.499572,0.902571,1.000000,9.288025,0.658450,0.638833,43.2696,45.8858,-7.8100,-5.6750,2,0
173,1,1,2.205066,38.329148,0.902485,1.000000,9.259216,0.656470,0.659117,43.2696,45.8858,-7.8100,-5.6750,2,0
174,2,5,2.330563,38.339176,0.903316,1.000000,9.273621,0.654490,0.434219,43.2696,45.8858,-7.8100,-5.6750,2,0
175,1,0,2.932183,38.120857,0.902832,1.000000,9.216003,0.652510,0.821800,43.2696,45.8858,-7.8100,-5.6750,2,0
176,0,4,2.442495,38.448359,0.903235,1.000000,9.244812,0.650530,0.478656,43.2696,45.8858,-7.8100,-5.6750,2,0
177,0,5,2.693769,38.658141,0.903197,1.000000,9.216003,0.648550,0.527026,43.2696,45.8858,-7.8100,-5.6750,2,0
178,0,3,2.088920,38.899434,0.903342,1.000000,9.288025,0.646570,0.509536,43.2696,45.8858,-7.8100,-5.6750,2,0
179,0,3,2.315381,38.930385,0.903422,1.000000,9.288025,0.644590,0.531008,43.2696,45.8858,-7.8100,-5.6750,2,0
180,1,0,2.703798,39.112015,0.902965,1.000000,9.230408,0.642610,0.832599,43.2696,45.8858,-7.8100,-5.6750,2,0
181,0,4,2.622991,39.101968,0.902146,1.000000,9.259216,0.640630,0.606891,43.2696,45.8858,-7.8100,-5.6750,2,0
182,0,3,2.267257,39.055375,0.903530,1.000000,9.216003,0.638650,0.419320,43.2696,45.8858,-7.8100,-5.6750,2,0
183,0,2,2.416951,39.085819,0.902585,1.000000,9.259216,0.636670,0.592294,43.2696,45.8858,-7.8100,-5.6750,2,0
184,1,1,2.635053,39.452344,0.902116,1.000000,9.244812,0.634690,0.793591,43.2696,45.8858,-7.8100,-5.6750,2,0
185,1,0,2.093024,39.437275,0.902942,1.000000,9.288025,0.632710,0.797640,43.2696,45.8858,-7.8100,-5.6750,2,0
186,1,7,2.345792,39.296664,0.902418,1.000000,9.288025,0.630730,0.298360,43.2696,45.8858,-7.8100,-5.6750,2,0
187,0,5,2.430528,39.270063,0.903275,1.000000,9.230408,0.628750,0.478236,43.2696,45.8858,-7.8100,-5.6750,2,0
188,0,5,2.469900,39.509833,0.903598,1.000000,9.230408,0.626770,0.528238,43.2696,45.8858,-7.8100,-5.6750,2,0
189,2,5,2.425107,39.684255,0.902526,1.000000,9.187195,0.624790,0.596050,43.2696,45.8858,-7.8100,-5.6750,2,0
190,0,5,2.661173,39.861378,0.902823,1.000000,9.259216,0.622810,0.660776,43.2696,45.8858,-7.8100,-5.6750,2,0
191,1,6,2.272583,39.639943,0.903749,1.000000,9.273621,0.620830,0.645025,43.2696,45.8858,-7.8100,-5.6750,2,0
192,0,2,1.946299,39.813115,0.903277,1.000000,9.288025,0.618850,0.535361,43.2696,45.8858,-7.8100,-5.6750,2,0
193,3,1,2.742105,39.552047,0.902410,1.000000,9.244812,0.616870,0.761554,43.2696,45.8858,-7.8100,-5.6750,2,0
194,1,7,2.551634,39.449368,0.902445,1.000000,9.259216,0.614890,0.580802,43.2696,45.8858,-7.8100,-5.6750,2,0
195,1,7,2.557785,39.262357,0.902963,1.000000,9.244812,0.612910,0.559735,43.2696,45.8858,-7.8100,-5.6750,2,0
196,0,2,2.269665,39.279085,0.902903,1.000000,9.216003,0.610930,0.550432,43.2696,45.8858,-7.8100,-5.6750,2,0
197,0,4,2.196389,38.945404,0.902479,1.000000,9.230408,0.608950,0.854104,43.2696,45.8858,-7.8100,-5.6750,2,0
198,0,4,2.622832,39.037098,0.902466,1.000000,9.230408,0.606970,0.891587,43.2696,45.8858,-7.8100,-5.6750,2,0
199,0,4,1.919567,39.081431,0.902810,1.000000,9.302429,0.604990,0.848929,43.2696,45.8858,-7.8100,-5.6750,2,0
200,0,3,2.369310,39.230622,0.902818,1.000000,9.288025,0.603010,0.525176,43.2696,45.8858,-7.8100,-5.6750,2,0
201,0,4,2.777045,39.074953,0.902518,1.000000,9.259216,0.601030,0.744750,43.2696,45.8858,-7.8100,-5.6750,2,0
202,0,4,2.509111,39.006917,0.903296,1.000000,9.259216,0.599050,0.686819,43.2696,45.8858,-7.8100,-5.6750,2,0
203,0,5,2.671610,38.887232,0.902852,1.000000,9.216003,0.597070,0.438264,43.2696,45.8858,-7.8100,-5.6750,2,0
204,1,0,2.229729,38.983628,0.902226,1.000000,9.259216,0.595090,0.715547,43.2696,45.8858,-7.8100,-5.6750,2,0
205,3,1,2.005655,39.068043,0.902453,1.000000,9.230408,0.593110,0.739811,43.2696,45.8858,-7.8100,-5.6750,2,0
206,0,5,2.569856,39.258356,0.902694,1.000000,9.288025,0.591130,0.400193,43.2696,45.8858,-7.8100,-5.6750,2,0
207,0,2,2.671016,39.288943,0.903386,1.000000,9.288025,0.589150,0.612956,43.2696,45.8858,-7.8100,-5.6750,2,0
208,0,3,2.503920,39.283361,0.902670,1.000000,9.216003,0.587170,0.477916,43.2696,45.8858,-7.8100,-5.6750,2,0
209,0,4,2.437929,39.097265,0.902599,1.000000,9.244812,0.585190,0.751990,43.2696,45.8858,-7.8100,-5.6750,2,0
210,1,0,2.224809,38.866677,0.902454,1.000000,9.216003,0.583210,0.470016,43.2696,45.8858,-7.8100,-5.6750,2,0
211,0,4,2.660347,38.954963,0.902533,1.000000,9.259216,0.581230,0.711367,43.2696,45.8858,-7.8100,-5.6750,2,0
212,0,5,2.370152,38.839328,0.902478,1.000000,9.259216,0.579250,0.452998,43.2696,45.8858,-7.8100,-5.6750,2,0
213,0,4,2.606873,39.032013,0.902606,1.000000,9.273621,0.577270,0.705779,43.2696,45.8858,-7.8100,-5.6750,2,0
214,1,6,2.633962,39.149631,0.902537,1.000000,9.288025,0.575290,0.306019,43.2696,45.8858,-7.8100,-5.6750,2,0
215,1,1,2.099401,39.156991,0.902642,1.000000,9.230408,0.573310,0.793489,43.2696,45.8858,-7.8100,-5.6750,2,0
216,3,1,2.285445,38.925112,0.902473,1.000000,9.259216,0.571330,0.793860,43.2696,45.8858,-7.8100,-5.6750,2,0
217,1,1,2.731161,38.835281,0.902821,1.000000,9.216003,0.569350,0.813109,43.2696,45.8858,-7.8100,-5.6750,2,0
218,0,3,2.366380,38.695523,0.902826,1.000000,9.259216,0.567370,0.448423,43.2696,45.8858,-7.8100,-5.6750,2,0
219,1,1,2.443672,38.806680,0.902604,1.000000,9.302429,0.565390,0.814616,43.2696,45.8858,-7.8100,-5.6750,2,0
220,0,5,2.615605,38.669249,0.902879,1.000000,9.288025,0.563410,0.414465,43.2696,45.8858,-7.8100,-5.6750,2,0
221,3,1,2.606683,38.457655,0.902083,1.000000,9.244812,0.561430,0.821470,43.2696,45.8858,-7.8100,-5.6750,2,0
222,1,0,1.978897,38.277342,0.902478,1.000000,9.273621,0.559450,0.696613,43.2696,45.8858,-7.8100,-5.6750,2,0
223,1,6,1.920550,38.376426,0.902565,1.000000,9.259216,0.557470,0.670088,43.2696,45.8858,-7.8100,-5.6750,2,0
224,0,2,2.212754,38.129459,0.902834,1.000000,9.259216,0.555490,0.650869,43.2696,45.8858,-7.8100,-5.6750,2,0
225,0,4,2.733608,38.256522,0.902572,1.000000,9.259216,0.553510,0.567611,43.2696,45.8858,-7.8100,-5.6750,2,0
226,1,1,2.149991,38.203081,0.902498,1.000000,9.302429,0.551530,0.973869,43.2696,45.8858,-7.8100,-5.6750,2,0
227,3,2,2.850643,38.068395,0.902779,1.000000,9.288025,0.549550,0.629470,43.2696,45.8858,-7.8100,-5.6750,2,0
228,3,1,2.691731,38.091299,0.902218,1.000000,9.244812,0.547570,0.905686,43.2696,45.8858,-7.8100,-5.6750,2,0
229,3,1,2.476336,38.470245,0.903180,1.000000,9.288025,0.545590,0.686898,43.2696,45.8858,-7.8100,-5.6750,2,0
230,0,4,2.527258,38.385658,0.903088,1.000000,9.244812,0.543610,0.791698,43.2696,45.8858,-7.8100,-5.6750,2,0
231,1,7,2.622466,38.290831,0.903397,1.000000,9.244812,0.541630,0.414829,43.2696,45.8858,-7.8100,-5.6750,2,0
232,1,1,2.418281,38.357523,0.902824,1.000000,9.230408,0.539650,0.690215,43.2696,45.8858,-7.8100,-5.6750,2,0
233,0,4,2.658045,38.503983,0.902808,1.000000,9.288025,0.537670,0.638512,43.2696,45.8858,-7.8100,-5.6750,2,0
234,0,5,2.251955,38.326034,0.902959,1.000000,9.244812,0.535690,0.580921,43.2696,45.8858,-7.8100,-5.6750,2,0
235,0,3,2.324054,38.288144,0.902662,1.000000,9.259216,0.533710,0.592892,43.2696,45.8858,-7.8100,-5.6750,2,0
236,0,5,2.561364,38.133461,0.902512,1.000000,9.230408,0.531730,0.493617,43.2696,45.8858,-7.8100,-5.6750,2,0
237,1,0,2.544013,38.213066,0.902822,1.000000,9.259216,0.529750,0.604886,43.2696,45.8858,-7.8100,-5.6750,2,0
238,1,6,2.325729,38.026910,0.902394,1.000000,9.230408,0.527770,0.800638,43.2696,45.8858,-7.8100,-5.6750,2,0
239,0,3,2.269696,38.208830,0.902923,1.000000,9.230408,0.525790,0.510639,43.2696,45.8858,-7.8100,-5.6750,2,0
240,2,5,2.549210,38.056716,0.902224,1.000000,9.259216,0.523810,0.502251,43.2696,45.8858,-7.8100,-5.6750,2,0
241,1,1,2.305717,38.121547,0.902015,1.000000,9.302429,0.521830,0.760213,43.2696,45.8858,-7.8100,-5.6750,2,0
242,3,2,2.468907,38.173263,0.902201,1.000000,9.244812,0.519850,0.485708,43.2696,45.8858,-7.8100,-5.6750,2,0
243,1,1,2.412641,38.155955,0.902446,1.000000,9.216003,0.517870,0.737065,43.2696,45.8858,-7.8100,-5.6750,2,0
244,0,2,2.517904,38.168841,0.902583,1.000000,9.288025,0.515890,0.459615,43.2696,45.8858,-7.8100,-5.6750,2,0
245,1,1,2.737418,38.043915,0.902900,1.000000,9.288025,0.513910,0.568650,43.2696,45.8858,-7.8100,-5.6750,2,0
246,1,1,2.339002,37.892046,0.902977,1.000000,9.259216,0.511930,0.529217,43.2696,45.8858,-7.8100,-5.6750,2,0
247,0,2,2.691084,37.815456,0.902222,1.000000,9.244812,0.509950,0.300142,43.2696,45.8858,-7.8100,-5.6750,2,0
248,1,6,2.550740,38.154804,0.903295,1.000000,9.216003,0.507970,0.801012,43.2696,45.8858,-7.8100,-5.6750,2,0
249,1,0,2.670194,38.244086,0.902086,1.000000,9.230408,0.505990,0.571757,43.2696,45.8858,-7.8100,-5.6750,2,0
250,1,0,2.359024,38.192311,0.902469,1.000000,9.230408,0.504010,0.600411,43.2696,45.8858,-7.8100,-5.6750,2,0
251,0,4,2.544925,38.059638,0.903211,1.000000,9.302429,0.502030,0.584544,43.2696,45.8858,-7.8100,-5.6750,2,0
252,0,3,2.343468,38.093520,0.902380,1.000000,9.288025,0.500050,0.404724,43.2696,45.8858,-7.8100,-5.6750,2,0
253,0,5,2.568758,38.204087,0.902825,1.000000,9.259216,0.498070,0.602552,43.2696,45.8858,-7.8100,-5.6750,2,0
254,0,5,2.625011,37.989873,0.902465,1.000000,9.244812,0.496090,0.512057,43.2696,45.8858,-7.8100,-5.6750,2,0
255,0,5,2.336382,38.102905,0.902505,1.000000,9.302429,0.494110,0.454341,43.2696,45.8858,-7.8100,-5.6750,2,0
256,2,6,2.547136,38.068172,0.902446,1.000000,9.259216,0.492130,0.797525,43.2696,45.8858,-7.8100,-5.6750,2,0
257,3,2,2.324584,37.945060,0.902867,1.000000,9.230408,0.490150,0.405222,43.2696,45.8858,-7.8100,-5.6750,2,0
258,1,0,2.142916,38.154538,0.903031,1.000000,9.244812,0.488170,0.658024,43.2696,45.8858,-7.8100,-5.6750,2,0
259,2,6,2.333270,38.236150,0.903259,1.000000,9.244812,0.486190,0.758045,43.2696,45.8858,-7.8100,-5.6750,2,0
260,1,7,2.529887,38.154824,0.902758,1.000000,9.230408,0.484210,0.505609,43.2696,45.8858,-7.8100,-5.6750,2,0
261,0,3,2.357508,37.995751,0.902887,1.000000,9.259216,0.482230,0.437950,43.2696,45.8858,-7.8100,-5.6750,2,0
262,0,4,2.399064,38.238745,0.902490,1.000000,9.187195,0.480250,0.537513,43.2696,45.8858,-7.8100,-5.6750,2,0
263,1,6,2.654668,38.221347,0.902825,1.000000,9.288025,0.478270,0.610806,43.2696,45.8858,-7.8100,-5.6750,2,0
264,0,5,2.321084,38.313023,0.903006,1.000000,9.216003,0.476290,0.594611,43.2696,45.8858,-7.8100,-5.6750,2,0
265,2,6,2.355719,38.199234,0.903176,1.000000,9.273621,0.474310,0.498743,43.2696,45.8858,-7.8100,-5.6750,2,0
266,1,7,2.432193,38.305759,0.902435,1.000000,9.259216,0.472330,0.457841,43.2696,45.8858,-7.8100,-5.6750,2,0
267,1,6,2.675451,38.149874,0.902757,1.000000,9.288025,0.470350,0.396094,43.2696,45.8858,-7.8100,-5.6750,2,0
268,0,3,2.454132,38.256586,0.902084,1.000000,9.288025,0.468370,0.437707,43.2696,45.8858,-7.8100,-5.6750,2,0
269,0,3,2.265361,38.157679,0.902830,1.000000,9.216003,0.466390,0.318751,43.2696,45.8858,-7.8100,-5.6750,2,0
270,1,1,2.570887,37.938919,0.902567,1.000000,9.288025,0.464410,0.363066,43.2696,45.8858,-7.8100,-5.6750,2,0
271,1,6,2.622026,37.896199,0.902109,1.000000,9.288025,0.462430,0.345638,43.2696,45.8858,-7.8100,-5.6750,2,0
272,1,0,2.415928,37.624786,0.903413,1.000000,9.244812,0.460450,0.723697,43.2696,45.8858,-7.8100,-5.6750,2,0
273,0,5,2.624396,37.604391,0.902325,1.000000,9.244812,0.458470,0.495465,43.2696,45.8858,-7.8100,-5.6750,2,0
274,0,3,2.741413,37.755289,0.902552,1.000000,9.230408,0.456490,0.289105,43.2696,45.8858,-7.8100,-5.6750,2,0
275,1,0,2.255963,37.720140,0.902506,1.000000,9.259216,0.454510,0.608682,43.2696,45.8858,-7.8100,-5.6750,2,0
276,1,7,2.428752,37.653866,0.903073,1.000000,9.216003,0.452530,0.517068,43.2696,45.8858,-7.8100,-5.6750,2,0
277,0,5,2.472573,37.645371,0.903803,1.000000,9.288025,0.450550,0.511026,43.2696,45.8858,-7.8100,-5.6750,2,0
278,0,5,2.348085,37.936925,0.903334,1.000000,9.288025,0.448570,0.663775,43.2696,45.8858,-7.8100,-5.6750,2,0
279,0,2,2.223629,38.040746,0.902484,1.000000,9.244812,0.446590,0.398280,43.2696,45.8858,-7.8100,-5.6750,2,0
280,0,5,2.872840,37.880403,0.902563,1.000000,9.259216,0.444610,0.711844,43.2696,45.8858,-7.8100,-5.6750,2,0
281,0,4,2.581186,38.105871,0.902491,1.000000,9.216003,0.442630,0.502592,43.2696,45.8858,-7.8100,-5.6750,2,0
282,1,6,2.521708,38.172402,0.902755,1.000000,9.230408,0.440650,0.383499,43.2696,45.8858,-7.8100,-5.6750,2,0
283,1,0,2.590763,38.349905,0.902938,1.000000,9.216003,0.438670,0.690056,43.2696,45.8858,-7.8100,-5.6750,2,0
284,0,5,2.700618,38.282717,0.903162,1.000000,9.259216,0.436690,0.730996,43.2696,45.8858,-7.8100,-5.6750,2,0
285,0,3,2.337428,38.402208,0.902417,1.000000,9.259216,0.434710,0.299878,43.2696,45.8858,-7.8100,-5.6750,2,0
286,1,0,2.274198,38.523693,0.902963,1.000000,9.288025,0.432730,0.677557,43.2696,45.8858,-7.8100,-5.6750,2,0
287,1,1,2.153549,38.472302,0.902910,1.000000,9.288025,0.430750,0.482459,43.2696,45.8858,-7.8100,-5.6750,2,0
288,0,3,2.371559,38.907976,0.902058,1.000000,9.216003,0.428770,0.254368,43.2696,45.8858,-7.8100,-5.6750,2,0
289,0,2,2.232331,38.970984,0.902181,1.000000,9.302429,0.426790,0.430865,43.2696,45.8858,-7.8100,-5.6750,2,0
290,1,7,2.405381,39.135087,0.902790,1.000000,9.288025,0.424810,0.504626,43.2696,45.8858,-7.8100,-5.6750,2,0
291,3,2,2.663133,39.244913,0.903182,1.000000,9.230408,0.422830,0.581419,43.2696,45.8858,-7.8100,-5.6750,2,0
292,0,4,2.988839,39.139190,0.902890,1.000000,9.302429,0.420850,0.834051,43.2696,45.8858,-7.8100,-5.6750,2,0
293,1,6,2.665933,38.941496,0.902520,1.000000,9.244812,0.418870,0.521239,43.2696,45.8858,-7.8100,-5.6750,2,0
294,1,0,2.280058,38.748442,0.902554,1.000000,9.302429,0.416890,0.611199,43.2696,45.8858,-7.8100,-5.6750,2,0
295,0,2,2.772470,38.727705,0.903257,1.000000,9.244812,0.414910,0.664225,43.2696,45.8858,-7.8100,-5.6750,2,0
296,0,5,2.633598,38.721479,0.902190,1.000000,9.216003,0.412930,0.729252,43.2696,45.8858,-7.8100,-5.6750,2,0
297,1,1,2.172250,38.631168,0.903103,1.000000,9.187195,0.410950,0.445391,43.2696,45.8858,-7.8100,-5.6750,2,0
298,0,5,2.240525,38.444510,0.902785,1.000000,9.288025,0.408970,0.842325,43.2696,45.8858,-7.8100,-5.6750,2,0
299,1,0,2.135255,38.672645,0.903878,1.000000,9.259216,0.406990,0.536587,43.2696,45.8858,-7.8100,-5.6750,2,0
300,1,7,2.343346,38.456837,0.902973,1.000000,9.216003,0.405010,0.403912,43.2696,45.8858,-7.8100,-5.6750,2,0
301,0,5,2.371851,38.497424,0.902888,1.000000,9.288025,0.403030,0.831549,43.2696,45.8858,-7.8100,-5.6750,2,0
302,3,2,2.768095,38.794942,0.903247,1.000000,9.244812,0.401050,0.622472,43.2696,45.8858,-7.8100,-5.6750,2,0
303,1,7,2.713935,39.039918,0.902643,1.000000,9.230408,0.399070,0.551895,43.2696,45.8858,-7.8100,-5.6750,2,0
304,0,4,2.398084,38.931998,0.902509,1.000000,9.244812,0.397090,0.877719,43.2696,45.8858,-7.8100,-5.6750,2,0
305,0,3,2.679700,38.925362,0.902809,1.000000,9.302429,0.395110,0.487631,43.2696,45.8858,-7.8100,-5.6750,2,0
306,0,4,2.526615,38.889491,0.902494,1.000000,9.244812,0.393130,0.722088,43.2696,45.8858,-7.8100,-5.6750,2,0
307,0,3,2.160470,38.635804,0.903363,1.000000,9.302429,0.391150,0.464302,43.2696,45.8858,-7.8100,-5.6750,2,0
308,3,4,2.407705,38.664787,0.902855,1.000000,9.259216,0.389170,0.714569,43.2696,45.8858,-7.8100,-5.6750,2,0
309,0,4,2.674020,38.701172,0.902478,1.000000,9.244812,0.387190,0.689068,43.2696,45.8858,-7.8100,-5.6750,2,0
310,0,3,2.218044,38.617693,0.902386,1.000000,9.216003,0.385210,0.481162,43.2696,45.8858,-7.8100,-5.6750,2,0
311,2,5,2.774773,38.672961,0.901993,1.000000,9.288025,0.383230,0.665305,43.2696,45.8858,-7.8100,-5.6750,2,0
312,1,6,2.458126,38.694614,0.902957,1.000000,9.273621,0.381250,0.684150,43.2696,45.8858,-7.8100,-5.6750,2,0
313,0,4,2.563468,38.564886,0.903781,1.000000,9.288025,0.379270,0.596460,43.2696,45.8858,-7.8100,-5.6750,2,0
314,1,6,2.496975,38.689764,0.902055,1.000000,9.259216,0.377290,0.665865,43.2696,45.8858,-7.8100,-5.6750,2,0
315,0,4,2.642256,38.855519,0.903159,1.000000,9.259216,0.375310,0.387766,43.2696,45.8858,-7.8100,-5.6750,2,0
316,0,2,2.098125,38.665557,0.902090,1.000000,9.288025,0.373330,0.662472,43.2696,45.8858,-7.8100,-5.6750,2,0
317,1,6,2.481680,38.606253,0.903124,1.000000,9.230408,0.371350,0.674039,43.2696,45.8858,-7.8100,-5.6750,2,0
318,0,4,2.305354,38.604439,0.902806,1.000000,9.244812,0.369370,0.545845,43.2696,45.8858,-7.8100,-5.6750,2,0
319,0,3,2.360034,38.585574,0.902405,1.000000,9.216003,0.367390,0.474639,43.2696,45.8858,-7.8100,-5.6750,2,0
320,0,5,2.809092,38.202866,0.902449,1.000000,9.302429,0.365410,0.606633,43.2696,45.8858,-7.8100,-5.6750,2,0
321,0,4,2.918511,38.223242,0.902903,1.000000,9.244812,0.363430,0.536820,43.2696,45.8858,-7.8100,-5.6750,2,0
322,2,5,2.584082,38.161734,0.902777,1.000000,9.230408,0.361450,0.602374,43.2696,45.8858,-7.8100,-5.6750,2,0
323,0,4,2.391725,38.148606,0.902796,1.000000,9.216003,0.359470,0.552713,43.2696,45.8858,-7.8100,-5.6750,2,0
324,0,2,2.300542,38.562459,0.902083,1.000000,9.288025,0.357490,0.738974,43.2696,45.8858,-7.8100,-5.6750,2,0
325,0,5,2.554680,38.586206,0.902803,1.000000,9.259216,0.355510,0.524559,43.2696,45.8858,-7.8100,-5.6750,2,0
326,0,2,2.846748,38.470020,0.902934,1.000000,9.288025,0.353530,0.770728,43.2696,45.8858,-7.8100,-5.6750,2,0
327,1,6,1.977383,38.376599,0.902841,1.000000,9.273621,0.351550,0.804393,43.2696,45.8858,-7.8100,-5.6750,2,0
328,1,7,2.552292,38.431432,0.902056,1.000000,9.244812,0.349570,0.736887,43.2696,45.8858,-7.8100,-5.6750,2,0
329,1,6,2.670400,38.781471,0.902806,1.000000,9.302429,0.347590,0.812269,43.2696,45.8858,-7.8100,-5.6750,2,0
330,3,2,2.107637,38.900022,0.902803,1.000000,9.230408,0.345610,0.724323,43.2696,45.8858,-7.8100,-5.6750,2,0
331,2,5,2.653238,39.084754,0.902384,1.000000,9.244812,0.343630,0.500160,43.2696,45.8858,-7.8100,-5.6750,2,0
332,2,5,2.295295,38.905041,0.902808,1.000000,9.259216,0.341650,0.522613,43.2696,45.8858,-7.8100,-5.6750,2,0
333,3,2,2.705030,39.066933,0.902878,1.000000,9.230408,0.339670,0.752387,43.2696,45.8858,-7.8100,-5.6750,2,0
334,1,6,2.477833,38.954647,0.902164,1.000000,9.288025,0.337690,0.621927,43.2696,45.8858,-7.8100,-5.6750,2,0
335,1,7,2.491294,38.588362,0.902870,1.000000,9.288025,0.335710,0.833757,43.2696,45.8858,-7.8100,-5.6750,2,0
336,0,4,2.662778,38.939575,0.902460,1.000000,9.288025,0.333730,0.521588,43.2696,45.8858,-7.8100,-5.6750,2,0
337,0,5,2.842976,39.244685,0.902388,1.000000,9.259216,0.331750,0.588335,43.2696,45.8858,-7.8100,-5.6750,2,0
338,0,4,2.303988,39.223628,0.902253,1.000000,9.288025,0.329770,0.443370,43.2696,45.8858,-7.8100,-5.6750,2,0
339,1,7,2.450279,39.509681,0.903126,1.000000,9.288025,0.327790,0.829148,43.2696,45.8858,-7.8100,-5.6750,2,0
340,3,1,2.634411,39.585178,0.902873,1.000000,9.259216,0.325810,0.609513,43.2696,45.8858,-7.8100,-5.6750,2,0
341,0,3,2.556185,39.591964,0.902792,1.000000,9.244812,0.323830,0.554011,43.2696,45.8858,-7.8100,-5.6750,2,0
342,0,4,2.418155,39.358615,0.902093,1.000000,9.230408,0.321850,0.445717,43.2696,45.8858,-7.8100,-5.6750,2,0
343,0,3,2.474941,39.281051,0.902396,1.000000,9.187195,0.319870,0.583827,43.2696,45.8858,-7.8100,-5.6750,2,0
344,0,5,2.434511,39.312023,0.903294,1.000000,9.230408,0.317890,0.543407,43.2696,45.8858,-7.8100,-5.6750,2,0
345,1,1,2.655943,39.172361,0.902042,1.000000,9.259216,0.315910,0.672520,43.2696,45.8858,-7.8100,-5.6750,2,0
346,2,5,2.298441,39.156235,0.902874,1.000000,9.259216,0.313930,0.549913,43.2696,45.8858,-7.8100,-5.6750,2,0
347,0,3,2.774395,39.316505,0.902490,1.000000,9.288025,0.311950,0.677932,43.2696,45.8858,-7.8100,-5.6750,2,0
348,0,4,2.648214,39.497402,0.902823,1.000000,9.288025,0.309970,0.453480,43.2696,45.8858,-7.8100,-5.6750,2,0
349,0,5,2.135067,39.561599,0.902830,1.000000,9.244812,0.307990,0.444169,43.2696,45.8858,-7.8100,-5.6750,2,0
350,1,6,2.434389,39.730551,0.902420,1.000000,9.273621,0.306010,0.680294,43.2696,45.8858,-7.8100,-5.6750,2,0
351,0,4,2.416991,39.782172,0.902860,1.000000,9.288025,0.304030,0.434796,43.2696,45.8858,-7.8100,-5.6750,2,0
352,0,2,2.831642,40.090303,0.903193,1.000000,9.288025,0.302050,1.021763,43.2696,45.8858,-7.8100,-5.6750,2,0
353,0,3,2.790171,40.310646,0.902302,1.000000,9.302429,0.300070,0.901380,43.2696,45.8858,-7.8100,-5.6750,2,0
354,0,4,2.612155,40.245131,0.902418,1.000000,9.288025,0.298090,0.659290,43.2696,45.8858,-7.8100,-5.6750,2,0
355,1,7,2.685908,40.336153,0.902852,1.000000,9.230408,0.296110,1.022139,43.2696,45.8858,-7.8100,-5.6750,2,0
356,0,4,2.388464,40.180460,0.902401,1.000000,9.288025,0.294130,0.595156,43.2696,45.8858,-7.8100,-5.6750,2,0
357,0,4,2.740170,40.392479,0.903006,1.000000,9.302429,0.292150,0.678519,43.2696,45.8858,-7.8100,-5.6750,2,0
358,1,7,2.618321,40.603269,0.902579,1.000000,9.259216,0.290170,0.970749,43.2696,45.8858,-7.8100,-5.6750,2,0
359,1,6,2.546412,40.582589,0.902793,1.000000,9.244812,0.288190,0.876835,43.2696,45.8858,-7.8100,-5.6750,2,0
360,0,4,2.549247,40.521911,0.902516,1.000000,9.216003,0.286210,0.660621,43.2696,45.8858,-7.8100,-5.6750,2,0
361,0,2,2.469679,40.420797,0.902142,1.000000,9.302429,0.284230,1.038592,43.2696,45.8858,-7.8100,-5.6750,2,0
362,1,6,2.786038,40.417309,0.902497,1.000000,9.244812,0.282250,0.888344,43.2696,45.8858,-7.8100,-5.6750,2,0
363,0,2,2.430990,40.405137,0.902813,1.000000,9.259216,0.280270,0.951661,43.2696,45.8858,-7.8100,-5.6750,2,0
364,0,2,2.414284,40.695009,0.902775,1.000000,9.288025,0.278290,0.840553,43.2696,45.8858,-7.8100,-5.6750,2,0
365,0,4,2.713166,40.566110,0.903193,1.000000,9.216003,0.276310,0.735669,43.2696,45.8858,-7.8100,-5.6750,2,0
366,0,3,2.793319,40.444529,0.902914,1.000000,9.230408,0.274330,1.003390,43.2696,45.8858,-7.8100,-5.6750,2,0
367,1,7,2.365255,40.771385,0.902544,1.000000,9.259216,0.272350,0.987825,43.2696,45.8858,-7.8100,-5.6750,2,0
368,0,3,2.442434,40.835058,0.902213,1.000000,9.244812,0.270370,0.888945,43.2696,45.8858,-7.8100,-5.6750,2,0
369,3,3,2.312884,40.473605,0.902420,1.000000,9.288025,0.268390,0.867640,43.2696,45.8858,-7.8100,-5.6750,2,0
370,0,4,2.409574,40.524414,0.902399,1.000000,9.216003,0.266410,0.529523,43.2696,45.8858,-7.8100,-5.6750,2,0
371,1,6,2.700925,40.241679,0.902610,1.000000,9.259216,0.264430,0.838074,43.2696,45.8858,-7.8100,-5.6750,2,0
372,0,3,2.254189,40.253371,0.902872,1.000000,9.244812,0.262450,0.775889,43.2696,45.8858,-7.8100,-5.6750,2,0
373,0,4,2.121571,40.541206,0.902800,1.000000,9.244812,0.260470,0.567728,43.2696,45.8858,-7.8100,-5.6750,2,0
374,0,4,2.700536,40.588137,0.903413,1.000000,9.288025,0.258490,0.601768,43.2696,45.8858,-7.8100,-5.6750,2,0
375,1,1,2.329895,40.422387,0.902527,1.000000,9.259216,0.256510,0.767037,43.2696,45.8858,-7.8100,-5.6750,2,0
376,0,2,2.659035,40.521425,0.902601,1.000000,9.244812,0.254530,0.833240,43.2696,45.8858,-7.8100,-5.6750,2,0
377,0,4,2.290717,40.616977,0.903216,1.000000,9.302429,0.252550,0.499966,43.2696,45.8858,-7.8100,-5.6750,2,0
378,0,4,2.560505,40.493411,0.903045,1.000000,9.259216,0.250570,0.503623,43.2696,45.8858,-7.8100,-5.6750,2,0
379,2,6,2.467324,40.607106,0.902440,1.000000,9.216003,0.248590,0.567036,43.2696,45.8858,-7.8100,-5.6750,2,0
380,0,4,2.513366,40.740214,0.903374,1.000000,9.216003,0.246610,0.451478,43.2696,45.8858,-7.8100,-5.6750,2,0
381,2,6,2.544231,40.633137,0.902542,1.000000,9.288025,0.244630,0.470832,43.2696,45.8858,-7.8100,-5.6750,2,0
382,0,4,2.589350,40.460728,0.902811,1.000000,9.216003,0.242650,0.417033,43.2696,45.8858,-7.8100,-5.6750,2,0
383,0,5,2.639419,40.346435,0.902403,1.000000,9.259216,0.240670,0.607306,43.2696,45.8858,-7.8100,-5.6750,2,0
384,1,0,2.555478,40.360837,0.902802,1.000000,9.244812,0.238690,0.868507,43.2696,45.8858,-7.8100,-5.6750,2,0
385,0,4,2.339098,40.123687,0.902461,1.000000,9.259216,0.236710,0.476301,43.2696,45.8858,-7.8100,-5.6750,2,0
386,0,3,2.437026,39.884761,0.902353,1.000000,9.244812,0.234730,0.722454,43.2696,45.8858,-7.8100,-5.6750,2,0
387,1,7,2.357597,39.807726,0.902063,1.000000,9.259216,0.232750,0.789181,43.2696,45.8858,-7.8100,-5.6750,2,0
388,0,5,2.356311,39.683237,0.903223,1.000000,9.288025,0.230770,0.486358,43.2696,45.8858,-7.8100,-5.6750,2,0
389,0,4,2.538394,39.456606,0.903223,1.000000,9.259216,0.228790,0.514563,43.2696,45.8858,-7.8100,-5.6750,2,0
390,1,0,1.958259,39.539087,0.902451,1.000000,9.244812,0.226810,0.868760,43.2696,45.8858,-7.8100,-5.6750,2,0
391,0,5,2.508971,39.722171,0.902804,1.000000,9.288025,0.224830,0.371627,43.2696,45.8858,-7.8100,-5.6750,2,0
392,0,5,2.598044,39.399629,0.902643,1.000000,9.259216,0.222850,0.372076,43.2696,45.8858,-7.8100,-5.6750,2,0
393,0,5,2.825251,39.394624,0.902901,1.000000,9.288025,0.220870,0.360312,43.2696,45.8858,-7.8100,-5.6750,2,0
394,1,6,2.581227,39.256681,0.902772,1.000000,9.216003,0.218890,0.770076,43.2696,45.8858,-7.8100,-5.6750,2,0
395,1,6,2.590397,39.208542,0.902089,1.000000,9.302429,0.216910,0.731635,43.2696,45.8858,-7.8100,-5.6750,2,0
396,3,4,2.086949,39.135941,0.902821,1.000000,9.259216,0.214930,0.856278,43.2696,45.8858,-7.8100,-5.6750,2,0
397,1,7,2.286531,39.148577,0.902479,1.000000,9.230408,0.212950,0.782213,43.2696,45.8858,-7.8100,-5.6750,2,0
398,1,7,2.336863,39.292512,0.902491,1.000000,9.230408,0.210970,0.773280,43.2696,45.8858,-7.8100,-5.6750,2,0
399,2,5,2.336884,39.495103,0.903110,1.000000,9.259216,0.208990,0.490273,43.2696,45.8858,-7.8100,-5.6750,2,0
400,1,6,2.716777,39.315316,0.902434,1.000000,9.302429,0.207010,0.603877,43.2696,45.8858,-7.8100,-5.6750,2,0
401,1,1,2.740129,39.379637,0.902827,1.000000,9.216003,0.205030,0.793071,43.2696,45.8858,-7.8100,-5.6750,2,0
402,0,4,2.614024,39.332980,0.902758,1.000000,9.288025,0.203050,0.889674,43.2696,45.8858,-7.8100,-5.6750,2,0
403,1,0,2.351790,39.302307,0.903035,1.000000,9.302429,0.201070,0.830622,43.2696,45.8858,-7.8100,-5.6750,2,0
404,1,6,2.711159,39.144777,0.902889,1.000000,9.244812,0.199090,0.603295,43.2696,45.8858,-7.8100,-5.6750,2,0
405,0,5,2.457352,38.860626,0.903288,1.000000,9.216003,0.197110,0.516961,43.2696,45.8858,-7.8100,-5.6750,2,0
406,1,6,2.479238,38.975095,0.902162,1.000000,9.259216,0.195130,0.546482,43.2696,45.8858,-7.8100,-5.6750,2,0
407,1,7,2.364890,39.125677,0.902984,1.000000,9.259216,0.193150,0.804973,43.2696,45.8858,-7.8100,-5.6750,2,0
408,0,3,2.479563,39.126802,0.903232,1.000000,9.259216,0.191170,0.626331,43.2696,45.8858,-7.8100,-5.6750,2,0
409,0,5,2.209414,39.365675,0.902500,1.000000,9.230408,0.189190,0.647840,43.2696,45.8858,-7.8100,-5.6750,2,0
410,2,6,2.092912,39.452617,0.902369,1.000000,9.273621,0.187210,0.438625,43.2696,45.8858,-7.8100,-5.6750,2,0
411,2,6,2.156679,39.231647,0.902558,1.000000,9.230408,0.185230,0.441861,43.2696,45.8858,-7.8100,-5.6750,2,0
412,0,4,2.574418,39.121698,0.902430,1.000000,9.302429,0.183250,0.753168,43.2696,45.8858,-7.8100,-5.6750,2,0
413,0,5,2.391702,39.280829,0.902783,1.000000,9.244812,0.181270,0.648331,43.2696,45.8858,-7.8100,-5.6750,2,0
414,1,0,2.275752,39.252036,0.902593,1.000000,9.259216,0.179290,0.718031,43.2696,45.8858,-7.8100,-5.6750,2,0
415,2,5,2.786257,39.399525,0.902801,1.000000,9.230408,0.177310,0.618279,43.2696,45.8858,-7.8100,-5.6750,2,0
416,3,1,2.257909,39.290743,0.902059,1.000000,9.216003,0.175330,0.820637,43.2696,45.8858,-7.8100,-5.6750,2,0
417,0,2,2.409131,39.486755,0.902803,1.000000,9.244812,0.173350,0.770138,43.2696,45.8858,-7.8100,-5.6750,2,0
418,1,0,2.384620,39.462882,0.902537,1.000000,9.273621,0.171370,0.668983,43.2696,45.8858,-7.8100,-5.6750,2,0
419,3,1,2.155151,39.416498,0.902545,1.000000,9.230408,0.169390,0.733333,43.2696,45.8858,-7.8100,-5.6750,2,0
420,0,3,2.473278,39.294528,0.902449,1.000000,9.302429,0.167410,0.580473,43.2696,45.8858,-7.8100,-5.6750,2,0
421,0,4,2.734010,39.317296,0.903232,1.000000,9.244812,0.165430,0.645725,43.2696,45.8858,-7.8100,-5.6750,2,0
422,2,5,1.828246,39.269429,0.902848,1.000000,9.288025,0.163450,0.693399,43.2696,45.8858,-7.8100,-5.6750,2,0
423,1,0,2.333803,39.331608,0.902441,1.000000,9.302429,0.161470,0.639155,43.2696,45.8858,-7.8100,-5.6750,2,0
424,0,3,2.642183,39.640089,0.903220,1.000000,9.244812,0.159490,0.595656,43.2696,45.8858,-7.8100,-5.6750,2,0
425,0,4,2.597728,39.592161,0.902981,1.000000,9.273621,0.157510,0.633905,43.2696,45.8858,-7.8100,-5.6750,2,0
426,0,4,2.564053,39.657477,0.902008,1.000000,9.259216,0.155530,0.620667,43.2696,45.8858,-7.8100,-5.6750,2,0
427,1,0,2.195674,39.331828,0.902837,1.000000,9.244812,0.153550,0.670506,43.2696,45.8858,-7.8100,-5.6750,2,0
428,0,4,2.989700,39.349021,0.902789,1.000000,9.244812,0.151570,0.618440,43.2696,45.8858,-7.8100,-5.6750,2,0
429,0,4,2.395898,39.166615,0.903279,1.000000,9.259216,0.149590,0.461784,43.2696,45.8858,-7.8100,-5.6750,2,0
430,1,1,2.666682,38.968965,0.902563,1.000000,9.273621,0.147610,0.714794,43.2696,45.8858,-7.8100,-5.6750,2,0
431,2,5,2.801682,38.976386,0.902493,1.000000,9.288025,0.145630,0.708950,43.2696,45.8858,-7.8100,-5.6750,2,0
432,0,4,2.228843,39.080437,0.902825,1.000000,9.230408,0.143650,0.522614,43.2696,45.8858,-7.8100,-5.6750,2,0
433,3,1,2.230415,39.048146,0.902760,1.000000,9.288025,0.141670,0.690081,43.2696,45.8858,-7.8100,-5.6750,2,0
434,0,5,2.615688,38.817052,0.902864,1.000000,9.259216,0.139690,0.651414,43.2696,45.8858,-7.8100,-5.6750,2,0
435,0,4,2.049662,39.040951,0.902818,1.000000,9.230408,0.137710,0.760958,43.2696,45.8858,-7.8100,-5.6750,2,0
436,0,2,2.668400,39.227846,0.902838,1.000000,9.230408,0.135730,0.566754,43.2696,45.8858,-7.8100,-5.6750,2,0
437,0,4,2.229496,39.057768,0.902090,1.000000,9.230408,0.133750,0.789062,43.2696,45.8858,-7.8100,-5.6750,2,0
438,1,0,2.656309,39.011983,0.902807,1.000000,9.244812,0.131770,0.520306,43.2696,45.8858,-7.8100,-5.6750,2,0
439,3,1,2.568877,39.160714,0.902022,1.000000,9.244812,0.129790,0.606619,43.2696,45.8858,-7.8100,-5.6750,2,0
440,1,6,2.166078,39.229717,0.902463,1.000000,9.230408,0.127810,0.675868,43.2696,45.8858,-7.8100,-5.6750,2,0
441,2,6,2.984180,38.979527,0.902040,1.000000,9.302429,0.125830,0.682193,43.2696,45.8858,-7.8100,-5.6750,2,0
442,0,2,2.061461,39.166528,0.902483,1.000000,9.288025,0.123850,0.747450,43.2696,45.8858,-7.8100,-5.6750,2,0
443,0,5,2.396443,39.308674,0.902833,1.000000,9.259216,0.121870,0.634284,43.2696,45.8858,-7.8100,-5.6750,2,0
444,1,7,2.301069,39.239248,0.902105,1.000000,9.244812,0.119890,0.661305,43.2696,45.8858,-7.8100,-5.6750,2,0
445,3,2,2.506557,39.097646,0.902562,1.000000,9.273621,0.117910,0.750075,43.2696,45.8858,-7.8100,-5.6750,2,0
446,1,6,2.188073,39.184916,0.902577,1.000000,9.244812,0.115930,0.728646,43.2696,45.8858,-7.8100,-5.6750,2,0
447,0,4,2.370014,39.052005,0.902872,1.000000,9.259216,0.113950,0.634163,43.2696,45.8858,-7.8100,-5.6750,2,0
448,0,4,2.237655,39.040311,0.902316,1.000000,9.273621,0.111970,0.393841,43.2696,45.8858,-7.8100,-5.6750,2,0
449,0,4,2.482110,38.924512,0.902845,1.000000,9.244812,0.109990,0.386452,43.2696,45.8858,-7.8100,-5.6750,2,0
450,0,3,2.333843,38.854952,0.902102,1.000000,9.288025,0.108010,0.465689,43.2696,45.8858,-7.8100,-5.6750,2,0
451,1,0,2.138766,38.800336,0.902717,1.000000,9.259216,0.106030,0.460886,43.2696,45.8858,-7.8100,-5.6750,2,0
452,1,7,2.568570,39.052050,0.902526,1.000000,9.244812,0.104050,0.615400,43.2696,45.8858,-7.8100,-5.6750,2,0
453,0,3,2.447660,38.889233,0.902866,1.000000,9.244812,0.102070,0.460262,43.2696,45.8858,-7.8100,-5.6750,2,0
454,0,2,2.475714,38.937803,0.902439,1.000000,9.244812,0.100090,0.721861,43.2696,45.8858,-7.8100,-5.6750,2,0
455,2,5,2.445245,38.689473,0.902035,1.000000,9.216003,0.098110,0.608716,43.2696,45.8858,-7.8100,-5.6750,2,0
456,0,5,2.815363,38.769813,0.902778,1.000000,9.302429,0.096130,0.640408,43.2696,45.8858,-7.8100,-5.6750,2,0
457,1,7,2.578781,38.856712,0.902811,1.000000,9.288025,0.094150,0.621142,43.2696,45.8858,-7.8100,-5.6750,2,0
458,0,4,1.871953,39.067897,0.902366,1.000000,9.259216,0.092170,0.602077,43.2696,45.8858,-7.8100,-5.6750,2,0
459,0,2,2.090091,39.277377,0.902474,1.000000,9.230408,0.090190,0.622523,43.2696,45.8858,-7.8100,-5.6750,2,0
460,0,3,2.399570,39.192396,0.902839,1.000000,9.187195,0.088210,0.464360,43.2696,45.8858,-7.8100,-5.6750,2,0
461,0,4,2.662886,39.521381,0.902419,1.000000,9.259216,0.086230,0.725117,43.2696,45.8858,-7.8100,-5.6750,2,0
462,0,4,2.696657,39.552885,0.902953,1.000000,9.259216,0.084250,0.786753,43.2696,45.8858,-7.8100,-5.6750,2,0
463,3,2,2.520036,39.911180,0.902886,1.000000,9.244812,0.082270,0.830110,43.2696,45.8858,-7.8100,-5.6750,2,0
464,0,3,2.591753,39.902596,0.902906,1.000000,9.259216,0.080290,0.539379,43.2696,45.8858,-7.8100,-5.6750,2,0
465,1,0,2.490851,40.238825,0.902834,1.000000,9.230408,0.078310,0.736127,43.2696,45.8858,-7.8100,-5.6750,2,0
466,1,7,2.686058,40.527930,0.902458,1.000000,9.259216,0.076330,0.725442,43.2696,45.8858,-7.8100,-5.6750,2,0
467,0,4,2.633490,40.417568,0.902813,1.000000,9.230408,0.074350,1.025506,43.2696,45.8858,-7.8100,-5.6750,2,0
468,0,3,2.861267,40.464800,0.902820,1.000000,9.288025,0.072370,0.693873,43.2696,45.8858,-7.8100,-5.6750,2,0
469,0,5,2.362192,40.799747,0.903224,1.000000,9.259216,0.070390,0.782643,43.2696,45.8858,-7.8100,-5.6750,2,0
470,0,4,2.439497,40.675801,0.902605,1.000000,9.230408,0.068410,0.963381,43.2696,45.8858,-7.8100,-5.6750,2,0
471,1,7,2.476543,40.342017,0.902864,1.000000,9.273621,0.066430,0.807123,43.2696,45.8858,-7.8100,-5.6750,2,0
472,2,6,2.248412,40.302360,0.902838,1.000000,9.288025,0.064450,0.648889,43.2696,45.8858,-7.8100,-5.6750,2,0
473,0,4,2.471271,40.242078,0.903423,1.000000,9.288025,0.062470,0.858518,43.2696,45.8858,-7.8100,-5.6750,2,0
474,0,5,2.803748,40.168335,0.902870,1.000000,9.259216,0.060490,1.113551,43.2696,45.8858,-7.8100,-5.6750,2,0
475,0,3,2.286945,39.775915,0.902843,1.000000,9.259216,0.058510,0.688993,43.2696,45.8858,-7.8100,-5.6750,2,0
476,1,0,2.778557,39.832179,0.902900,1.000000,9.259216,0.056530,0.896639,43.2696,45.8858,-7.8100,-5.6750,2,0
477,0,4,2.813935,39.656007,0.902803,1.000000,9.216003,0.054550,0.863816,43.2696,45.8858,-7.8100,-5.6750,2,0
478,0,5,2.828573,39.546474,0.902821,1.000000,9.244812,0.052570,1.122563,43.2696,45.8858,-7.8100,-5.6750,2,0
479,0,3,2.376648,39.985326,0.902339,1.000000,9.273621,0.050590,0.685192,43.2696,45.8858,-7.8100,-5.6750,2,0
480,0,5,2.159528,40.005085,0.902567,1.000000,9.288025,0.048610,1.141484,43.2696,45.8858,-7.8100,-5.6750,2,0
481,1,6,2.442292,40.350074,0.902301,1.000000,9.259216,0.046630,0.608716,43.2696,45.8858,-7.8100,-5.6750,2,0
482,0,4,2.254089,40.592725,0.902438,1.000000,9.187195,0.044650,0.563824,43.2696,45.8858,-7.8100,-5.6750,2,0
483,1,7,2.299050,40.494418,0.902813,1.000000,9.288025,0.042670,0.759412,43.2696,45.8858,-7.8100,-5.6750,2,0
484,0,4,2.737439,40.333510,0.902749,1.000000,9.288025,0.040690,0.489463,43.2696,45.8858,-7.8100,-5.6750,2,0
485,0,3,2.422156,40.487273,0.902416,1.000000,9.216003,0.038710,0.693148,43.2696,45.8858,-7.8100,-5.6750,2,0
486,0,5,2.860901,40.441359,0.902073,1.000000,9.244812,0.036730,0.601993,43.2696,45.8858,-7.8100,-5.6750,2,0
487,0,4,2.395658,40.310265,0.902510,1.000000,9.244812,0.034750,0.555244,43.2696,45.8858,-7.8100,-5.6750,2,0
488,1,1,2.475527,40.148068,0.902082,1.000000,9.273621,0.032770,0.518412,43.2696,45.8858,-7.8100,-5.6750,2,0
489,0,4,2.009474,40.339998,0.902484,1.000000,9.288025,0.030790,0.606180,43.2696,45.8858,-7.8100,-5.6750,2,0
490,3,5,2.374129,40.225121,0.902890,1.000000,9.288025,0.028810,0.603232,43.2696,45.8858,-7.8100,-5.6750,2,0
491,2,6,2.194044,40.208642,0.903212,1.000000,9.244812,0.026830,0.581511,43.2696,45.8858,-7.8100,-5.6750,2,0
492,0,3,2.937158,40.302196,0.903267,1.000000,9.259216,0.024850,0.669143,43.2696,45.8858,-7.8100,-5.6750,2,0
493,0,4,2.090677,39.851588,0.902930,1.000000,9.244812,0.022870,0.607623,43.2696,45.8858,-7.8100,-5.6750,2,0
494,0,4,2.665634,40.082807,0.902724,1.000000,9.244812,0.020890,0.624635,43.2696,45.8858,-7.8100,-5.6750,2,0
495,0,5,2.989382,39.809043,0.902451,1.000000,9.288025,0.018910,0.610372,43.2696,45.8858,-7.8100,-5.6750,2,0
496,1,0,2.192951,40.033876,0.902864,1.000000,9.302429,0.016930,0.927928,43.2696,45.8858,-7.8100,-5.6750,2,0
497,0,3,1.832050,39.710709,0.903434,1.000000,9.230408,0.014950,0.826425,43.2696,45.8858,-7.8100,-5.6750,2,0
498,1,0,2.485672,39.674168,0.902436,1.000000,9.302429,0.012970,0.898474,43.2696,45.8858,-7.8100,-5.6750,2,0
499,0,5,2.593380,39.834568,0.902498,1.000000,9.259216,0.010990,0.517636,43.2696,45.8858,-7.8100,-5.6750,2,0
500,2,5,2.526115,39.790321,0.902444,1.000000,5.099609,0.010000,0.531542,43.2696,45.8858,-7.8100,-5.6750,2,1
501,2,5,2.614735,39.675099,0.903106,1.000000,5.142822,0.010000,0.432678,43.2696,45.8858,-7.8100,-5.6750,2,1
502,2,5,2.389474,39.596612,0.902600,1.000000,5.085205,0.010000,0.448224,43.2696,45.8858,-7.8100,-5.6750,2,1
503,1,7,2.577384,39.818179,0.902849,1.000000,5.070801,0.010000,0.501267,43.2696,45.8858,-7.8100,-5.6750,2,1
504,0,2,2.311527,40.018339,0.902307,1.000000,5.114014,0.010000,0.646925,43.2696,45.8858,-7.8100,-5.6750,2,1
505,1,7,2.398992,40.260904,0.902643,1.000000,5.099609,0.010000,0.445373,43.2696,45.8858,-7.8100,-5.6750,2,1
506,1,7,2.343655,40.050636,0.884591,1.000000,5.114014,0.010000,0.423244,43.2696,45.8858,-7.8100,-5.6750,2,1
507,0,3,2.770035,40.341178,0.902509,1.000000,5.099609,0.010000,0.767536,43.2696,45.8858,-7.8100,-5.6750,2,1
508,1,6,2.344104,40.258006,0.902959,1.000000,5.157227,0.010000,0.564379,43.2696,45.8858,-7.8100,-5.6750,2,1
509,1,1,2.697789,40.411000,0.902998,1.000000,5.142822,0.010000,0.589473,43.2696,45.8858,-7.8100,-5.6750,2,1
510,0,2,2.674353,40.446034,0.902934,1.000000,5.099609,0.010000,0.770232,43.2696,45.8858,-7.8100,-5.6750,2,1
511,0,3,2.539123,40.077288,0.902518,1.000000,5.085205,0.010000,0.750629,43.2696,45.8858,-7.8100,-5.6750,2,1
512,0,4,2.767343,39.884445,0.902616,1.000000,5.085205,0.010000,0.633792,43.2696,45.8858,-7.8100,-5.6750,2,1
513,1,7,2.281930,39.956234,0.902459,1.000000,5.157227,0.010000,0.474896,43.2696,45.8858,-7.8100,-5.6750,2,1
514,0,3,2.354002,39.718559,0.902534,1.000000,5.142822,0.010000,0.723519,43.2696,45.8858,-7.8100,-5.6750,2,1
515,0,5,2.475944,39.857884,0.902974,1.000000,5.099609,0.010000,0.475272,43.2696,45.8858,-7.8100,-5.6750,2,1
516,0,5,2.754320,39.794580,0.902382,1.000000,5.142822,0.010000,0.406461,43.2696,45.8858,-7.8100,-5.6750,2,1
517,0,4,2.597271,39.695625,0.902272,1.000000,5.099609,0.010000,0.557712,43.2696,45.8858,-7.8100,-5.6750,2,1
518,2,5,2.414351,39.670589,0.902575,1.000000,5.099609,0.010000,0.392287,43.2696,45.8858,-7.8100,-5.6750,2,1
519,0,4,2.851664,40.269209,0.902859,1.000000,5.114014,0.010000,0.618174,43.2696,45.8858,-7.8100,-5.6750,2,1
520,2,6,2.980582,40.236112,0.902589,1.000000,5.041992,0.010000,0.810742,43.2696,45.8858,-7.8100,-5.6750,2,1
521,1,7,2.674617,39.973616,0.902640,1.000000,5.157227,0.010000,0.387804,43.2696,45.8858,-7.8100,-5.6750,2,1
522,0,3,2.202420,40.052068,0.902286,1.000000,5.142822,0.010000,0.765981,43.2696,45.8858,-7.8100,-5.6750,2,1
523,0,2,2.615034,40.087365,0.902896,1.000000,5.114014,0.010000,0.828010,43.2696,45.8858,-7.8100,-5.6750,2,1
524,3,2,2.460120,40.053682,0.902878,1.000000,5.085205,0.010000,0.760756,43.2696,45.8858,-7.8100,-5.6750,2,1
525,0,4,2.414228,40.323815,0.902794,1.000000,5.099609,0.010000,0.601059,43.2696,45.8858,-7.8100,-5.6750,2,1
526,2,5,2.301006,40.136243,0.902516,1.000000,5.142822,0.010000,0.545601,43.2696,45.8858,-7.8100,-5.6750,2,1
527,0,4,2.427370,39.999679,0.902577,1.000000,5.128418,0.010000,0.628365,43.2696,45.8858,-7.8100,-5.6750,2,1
528,2,5,2.091582,39.882165,0.902071,1.000000,5.099609,0.010000,0.650358,43.2696,45.8858,-7.8100,-5.6750,2,1
529,0,4,2.506000,39.850899,0.902329,1.000000,5.142822,0.010000,0.569298,43.2696,45.8858,-7.8100,-5.6750,2,1
530,3,1,2.504894,39.894608,0.902530,1.000000,5.114014,0.010000,0.439636,43.2696,45.8858,-7.8100,-5.6750,2,1
531,1,6,2.656103,39.759193,0.902773,1.000000,5.128418,0.010000,0.824894,43.2696,45.8858,-7.8100,-5.6750,2,1
532,3,2,2.681414,39.690344,0.902592,1.000000,5.114014,0.010000,0.405149,43.2696,45.8858,-7.8100,-5.6750,2,1
533,0,5,2.416589,39.584481,0.902635,1.000000,5.157227,0.010000,0.629430,43.2696,45.8858,-7.8100,-5.6750,2,1
534,0,4,2.221393,39.773980,0.902863,1.000000,5.142822,0.010000,0.638581,43.2696,45.8858,-7.8100,-5.6750,2,1
535,0,5,2.417950,39.786456,0.902195,1.000000,5.085205,0.010000,0.518947,43.2696,45.8858,-7.8100,-5.6750,2,1
536,0,3,2.628889,39.550432,0.902658,1.000000,5.099609,0.010000,0.710006,43.2696,45.8858,-7.8100,-5.6750,2,1
537,0,5,2.426439,39.449600,0.902512,1.000000,5.070801,0.010000,0.519759,43.2696,45.8858,-7.8100,-5.6750,2,1
538,1,6,2.643318,39.487266,0.902594,1.000000,5.114014,0.010000,0.595529,43.2696,45.8858,-7.8100,-5.6750,2,1
539,0,3,2.278981,39.340881,0.902441,1.000000,5.070801,0.010000,0.586402,43.2696,45.8858,-7.8100,-5.6750,2,1
540,0,4,2.658233,39.464794,0.902559,1.000000,5.157227,0.010000,0.528883,43.2696,45.8858,-7.8100,-5.6750,2,1
541,0,5,2.096477,39.338996,0.902963,1.000000,5.069641,0.010000,0.475743,43.2696,45.8858,-7.8100,-5.6750,2,1
542,1,0,2.665101,39.429431,0.902895,1.000000,5.085205,0.010000,0.411019,43.2696,45.8858,-7.8100,-5.6750,2,1
543,0,2,2.028982,39.550458,0.902641,1.000000,5.114014,0.010000,0.634631,43.2696,45.8858,-7.8100,-5.6750,2,1
544,3,1,2.670613,39.629415,0.902814,1.000000,5.099609,0.010000,0.375002,43.2696,45.8858,-7.8100,-5.6750,2,1
545,2,5,2.728707,39.553552,0.902520,1.000000,5.099609,0.010000,0.509126,43.2696,45.8858,-7.8100,-5.6750,2,1
546,0,3,2.869892,39.675037,0.902253,1.000000,5.114014,0.010000,0.665804,43.2696,45.8858,-7.8100,-5.6750,2,1
547,3,1,2.298978,39.699929,0.902943,1.000000,5.085205,0.010000,0.369160,43.2696,45.8858,-7.8100,-5.6750,2,1
548,0,3,2.501941,39.730852,0.902268,1.000000,5.099609,0.010000,0.617237,43.2696,45.8858,-7.8100,-5.6750,2,1
549,0,4,2.537257,39.811485,0.884699,1.000000,3.429626,0.010000,0.477802,43.2696,45.8858,-7.8100,-5.6750,2,1
550,0,5,2.474220,39.773252,0.902971,1.000000,5.142822,0.010000,0.525241,43.2696,45.8858,-7.8100,-5.6750,2,1
551,0,4,2.651855,39.349138,0.902534,1.000000,5.157227,0.010000,0.496375,43.2696,45.8858,-7.8100,-5.6750,2,1
552,0,5,2.536815,39.168016,0.902504,1.000000,5.114014,0.010000,0.510295,43.2696,45.8858,-7.8100,-5.6750,2,1
553,1,0,2.282466,39.298643,0.902901,1.000000,5.114014,0.010000,0.522735,43.2696,45.8858,-7.8100,-5.6750,2,1
554,1,1,2.398324,39.291610,0.902898,1.000000,5.114014,0.010000,0.419140,43.2696,45.8858,-7.8100,-5.6750,2,1
555,0,2,1.683136,39.287530,0.902746,1.000000,5.099609,0.010000,0.919533,43.2696,45.8858,-7.8100,-5.6750,2,1
556,1,6,2.644085,39.138783,0.902908,1.000000,5.157227,0.010000,0.661403,43.2696,45.8858,-7.8100,-5.6750,2,1
557,2,6,2.796924,39.073080,0.902442,1.000000,5.070801,0.010000,0.661051,43.2696,45.8858,-7.8100,-5.6750,2,1
558,1,6,2.717968,39.195816,0.902796,1.000000,5.142822,0.010000,0.646195,43.2696,45.8858,-7.8100,-5.6750,2,1
559,0,3,2.779844,39.254680,0.884468,1.000000,5.157227,0.010000,0.598747,43.2696,45.8858,-7.8100,-5.6750,2,1
560,1,0,2.193643,39.321097,0.884279,1.000000,5.099609,0.010000,0.499807,43.2696,45.8858,-7.8100,-5.6750,2,1
561,0,5,2.048997,39.451727,0.902368,1.000000,5.085205,0.010000,0.591083,43.2696,45.8858,-7.8100,-5.6750,2,1
562,0,5,2.546692,39.395483,0.902801,1.000000,5.070801,0.010000,0.588647,43.2696,45.8858,-7.8100,-5.6750,2,1
563,0,5,2.683624,39.225310,0.902846,1.000000,5.142822,0.010000,0.527222,43.2696,45.8858,-7.8100,-5.6750,2,1
564,2,6,2.468801,39.490031,0.902161,1.000000,5.070801,0.010000,0.316827,43.2696,45.8858,-7.8100,-5.6750,2,1
565,0,3,2.522417,39.587333,0.902721,1.000000,5.085205,0.010000,0.550960,43.2696,45.8858,-7.8100,-5.6750,2,1
566,0,4,2.289454,39.306264,0.902614,1.000000,5.142822,0.010000,0.564017,43.2696,45.8858,-7.8100,-5.6750,2,1
567,0,4,2.546139,39.191469,0.902541,1.000000,5.114014,0.010000,0.537488,43.2696,45.8858,-7.8100,-5.6750,2,1
568,0,4,2.208151,39.251466,0.902524,1.000000,5.114014,0.010000,0.563174,43.2696,45.8858,-7.8100,-5.6750,2,1
569,0,5,2.733989,39.192276,0.902202,1.000000,5.114014,0.010000,0.527671,43.2696,45.8858,-7.8100,-5.6750,2,1
570,0,3,2.522900,39.173534,0.884526,1.000000,5.128418,0.010000,0.545549,43.2696,45.8858,-7.8100,-5.6750,2,1
571,1,1,2.613970,39.269885,0.884548,1.000000,5.070801,0.010000,0.546195,43.2696,45.8858,-7.8100,-5.6750,2,1
572,0,3,2.517938,39.186465,0.902520,1.000000,5.085205,0.010000,0.579278,43.2696,45.8858,-7.8100,-5.6750,2,1
573,1,7,2.444441,39.364579,0.902748,1.000000,5.114014,0.010000,0.645501,43.2696,45.8858,-7.8100,-5.6750,2,1
574,0,4,2.456784,39.184745,0.902293,1.000000,5.099609,0.010000,0.546827,43.2696,45.8858,-7.8100,-5.6750,2,1
575,0,4,2.621020,39.264345,0.902522,1.000000,5.085205,0.010000,0.513074,43.2696,45.8858,-7.8100,-5.6750,2,1
576,0,3,2.658231,39.072632,0.902837,1.000000,5.099609,0.010000,0.523869,43.2696,45.8858,-7.8100,-5.6750,2,1
577,0,3,2.423461,38.871167,0.902910,1.000000,5.099609,0.010000,0.524457,43.2696,45.8858,-7.8100,-5.6750,2,1
578,1,7,2.739971,38.660876,0.902192,1.000000,5.099609,0.010000,0.675019,43.2696,45.8858,-7.8100,-5.6750,2,1
579,1,7,2.308523,38.536989,0.902379,1.000000,5.070801,0.010000,0.583233,43.2696,45.8858,-7.8100,-5.6750,2,1
580,0,3,2.389788,38.554770,0.902663,1.000000,5.085205,0.010000,0.619515,43.2696,45.8858,-7.8100,-5.6750,2,1
581,0,5,2.312115,38.662033,0.902875,1.000000,5.070801,0.010000,0.576961,43.2696,45.8858,-7.8100,-5.6750,2,1
582,3,2,2.676532,39.004670,0.902520,1.000000,5.099609,0.010000,1.127733,43.2696,45.8858,-7.8100,-5.6750,2,1
583,2,5,2.305998,39.255100,0.902180,1.000000,5.114014,0.010000,0.551891,43.2696,45.8858,-7.8100,-5.6750,2,1
584,0,5,2.764427,39.136379,0.902459,1.000000,5.099609,0.010000,0.643260,43.2696,45.8858,-7.8100,-5.6750,2,1
585,3,5,2.337492,38.834217,0.902590,1.000000,5.114014,0.010000,0.687063,43.2696,45.8858,-7.8100,-5.6750,2,1
586,1,0,2.472775,38.837507,0.902810,1.000000,5.142822,0.010000,0.595134,43.2696,45.8858,-7.8100,-5.6750,2,1
587,1,7,2.755413,38.767631,0.902939,1.000000,5.099609,0.010000,0.464057,43.2696,45.8858,-7.8100,-5.6750,2,1
588,3,2,1.932460,39.035505,0.902658,1.000000,5.085205,0.010000,1.075309,43.2696,45.8858,-7.8100,-5.6750,2,1
589,0,3,2.517208,39.019586,0.902983,1.000000,5.085205,0.010000,0.764858,43.2696,45.8858,-7.8100,-5.6750,2,1
590,1,7,2.632380,38.836648,0.902593,1.000000,5.099609,0.010000,0.485453,43.2696,45.8858,-7.8100,-5.6750,2,1
591,0,5,2.403179,38.912525,0.902619,1.000000,5.099609,0.010000,0.642821,43.2696,45.8858,-7.8100,-5.6750,2,1
592,2,5,2.571475,39.010003,0.902963,1.000000,4.739502,0.010000,0.649113,43.2696,45.8858,-7.8100,-5.6750,2,1
593,1,0,2.326366,38.573019,0.902702,1.000000,5.099609,0.010000,0.644194,43.2696,45.8858,-7.8100,-5.6750,2,1
594,0,3,2.388815,38.537891,0.903050,1.000000,5.128418,0.010000,0.786973,43.2696,45.8858,-7.8100,-5.6750,2,1
595,1,1,2.390070,38.634024,0.902221,1.000000,5.070801,0.010000,0.648502,43.2696,45.8858,-7.8100,-5.6750,2,1
596,1,1,2.507816,38.651446,0.902625,1.000000,5.085205,0.010000,0.629198,43.2696,45.8858,-7.8100,-5.6750,2,1
597,0,5,2.013852,38.486080,0.903173,1.000000,5.099609,0.010000,0.699385,43.2696,45.8858,-7.8100,-5.6750,2,1
598,0,5,2.572732,38.697569,0.902967,1.000000,5.114014,0.010000,0.680829,43.2696,45.8858,-7.8100,-5.6750,2,1
599,0,2,3.042040,38.410095,0.902988,1.000000,5.114014,0.010000,0.832614,43.2696,45.8858,-7.8100,-5.6750,2,1
600,2,6,2.400469,38.629150,0.902546,1.000000,5.128418,0.010000,0.573218,43.2696,45.8858,-7.8100,-5.6750,2,1
601,1,6,2.491830,38.712469,0.902140,1.000000,5.099609,0.010000,0.500669,43.2696,45.8858,-7.8100,-5.6750,2,1
602,2,6,2.743481,38.684177,0.902116,1.000000,5.070801,0.010000,0.503490,43.2696,45.8858,-7.8100,-5.6750,2,1
603,0,3,2.743926,38.546742,0.902383,1.000000,5.041992,0.010000,0.729356,43.2696,45.8858,-7.8100,-5.6750,2,1
604,3,1,2.358862,38.385186,0.902528,1.000000,5.085205,0.010000,0.653034,43.2696,45.8858,-7.8100,-5.6750,2,1
605,1,6,2.547244,38.075389,0.902869,1.000000,5.099609,0.010000,0.434937,43.2696,45.8858,-7.8100,-5.6750,2,1
606,1,0,1.825827,38.092663,0.902713,1.000000,5.114014,0.010000,0.999314,43.2696,45.8858,-7.8100,-5.6750,2,1
607,1,6,2.609560,38.054320,0.902756,1.000000,5.114014,0.010000,0.418655,43.2696,45.8858,-7.8100,-5.6750,2,1
608,3,2,1.860418,38.058940,0.902645,1.000000,5.085205,0.010000,0.930893,43.2696,45.8858,-7.8100,-5.6750,2,1
609,1,6,2.510982,38.250488,0.903087,1.000000,5.157227,0.010000,0.378722,43.2696,45.8858,-7.8100,-5.6750,2,1
610,2,6,2.701894,38.389254,0.902556,1.000000,5.070801,0.010000,0.344140,43.2696,45.8858,-7.8100,-5.6750,2,1
611,3,7,2.536399,38.322327,0.902679,1.000000,5.142822,0.010000,0.569943,43.2696,45.8858,-7.8100,-5.6750,2,1
612,0,4,2.561339,38.371201,0.902745,1.000000,5.157227,0.010000,0.633907,43.2696,45.8858,-7.8100,-5.6750,2,1
613,1,0,2.511707,38.246763,0.884549,1.000000,5.070801,0.010000,0.920710,43.2696,45.8858,-7.8100,-5.6750,2,1
614,0,4,2.130109,38.243526,0.902517,1.000000,5.099609,0.010000,0.918219,43.2696,45.8858,-7.8100,-5.6750,2,1
615,1,7,2.707117,38.248620,0.902713,1.000000,5.099609,0.010000,0.568769,43.2696,45.8858,-7.8100,-5.6750,2,1
616,0,3,2.114495,38.552873,0.902726,1.000000,5.114014,0.010000,0.522803,43.2696,45.8858,-7.8100,-5.6750,2,1
617,2,6,2.563121,38.831966,0.902791,1.000000,5.142822,0.010000,0.470687,43.2696,45.8858,-7.8100,-5.6750,2,1
618,0,3,2.498946,38.828561,0.902698,1.000000,5.099609,0.010000,0.532571,43.2696,45.8858,-7.8100,-5.6750,2,1
619,0,2,2.610401,39.061507,0.902069,1.000000,5.114014,0.010000,1.062000,43.2696,45.8858,-7.8100,-5.6750,2,1
620,2,6,2.564760,38.962347,0.902599,1.000000,5.114014,0.010000,0.471640,43.2696,45.8858,-7.8100,-5.6750,2,1
621,0,4,2.252969,38.863449,0.902408,1.000000,5.099609,0.010000,0.834560,43.2696,45.8858,-7.8100,-5.6750,2,1
622,0,4,2.254806,38.799071,0.902627,1.000000,5.142822,0.010000,0.782565,43.2696,45.8858,-7.8100,-5.6750,2,1
623,2,6,2.403065,38.834459,0.902586,1.000000,5.114014,0.010000,0.415391,43.2696,45.8858,-7.8100,-5.6750,2,1
624,0,4,2.543833,38.715922,0.902634,1.000000,5.070801,0.010000,0.727871,43.2696,45.8858,-7.8100,-5.6750,2,1
625,0,4,2.545685,39.033665,0.902467,1.000000,5.142822,0.010000,0.559877,43.2696,45.8858,-7.8100,-5.6750,2,1
626,2,6,2.274078,39.040667,0.902729,1.000000,5.099609,0.010000,0.411040,43.2696,45.8858,-7.8100,-5.6750,2,1
627,0,4,2.545790,39.257379,0.902552,1.000000,5.114014,0.010000,0.599578,43.2696,45.8858,-7.8100,-5.6750,2,1
628,0,4,2.511020,39.260724,0.884262,1.000000,5.070801,0.010000,0.624429,43.2696,45.8858,-7.8100,-5.6750,2,1
629,1,7,2.615749,39.109017,0.902986,1.000000,5.085205,0.010000,0.571670,43.2696,45.8858,-7.8100,-5.6750,2,1
630,1,6,2.897382,38.944807,0.902147,1.000000,5.099609,0.010000,0.497678,43.2696,45.8858,-7.8100,-5.6750,2,1
631,0,5,2.786417,39.118598,0.902986,1.000000,5.114014,0.010000,0.588196,43.2696,45.8858,-7.8100,-5.6750,2,1
632,1,6,3.011103,38.989963,0.903040,1.000000,5.085205,0.010000,0.624982,43.2696,45.8858,-7.8100,-5.6750,2,1
633,0,3,2.657015,38.878626,0.902283,1.000000,5.114014,0.010000,0.356516,43.2696,45.8858,-7.8100,-5.6750,2,1
634,3,3,2.564075,39.050369,0.902786,1.000000,5.142822,0.010000,0.387040,43.2696,45.8858,-7.8100,-5.6750,2,1
635,0,5,2.798238,39.199813,0.903003,1.000000,5.070801,0.010000,0.535781,43.2696,45.8858,-7.8100,-5.6750,2,1
636,1,7,2.341464,39.554853,0.902561,1.000000,5.070801,0.010000,0.538151,43.2696,45.8858,-7.8100,-5.6750,2,1
637,0,3,2.387178,39.734830,0.902343,1.000000,5.114014,0.010000,0.437717,43.2696,45.8858,-7.8100,-5.6750,2,1
638,0,5,2.538793,39.938391,0.902524,1.000000,5.157227,0.010000,0.623462,43.2696,45.8858,-7.8100,-5.6750,2,1
639,1,7,2.873287,39.849443,0.902541,1.000000,5.099609,0.010000,0.723172,43.2696,45.8858,-7.8100,-5.6750,2,1
640,2,5,2.532502,39.802369,0.884606,1.000000,5.099609,0.010000,0.582021,43.2696,45.8858,-7.8100,-5.6750,2,1
641,1,7,2.559676,39.819365,0.884784,1.000000,5.070801,0.010000,0.762517,43.2696,45.8858,-7.8100,-5.6750,2,1
642,1,6,2.622246,39.966395,0.902968,1.000000,5.142822,0.010000,0.623956,43.2696,45.8858,-7.8100,-5.6750,2,1
643,0,5,2.686582,40.178953,0.902278,1.000000,5.099609,0.010000,0.631816,43.2696,45.8858,-7.8100,-5.6750,2,1
644,1,0,2.225338,40.291930,0.902573,1.000000,5.114014,0.010000,0.929820,43.2696,45.8858,-7.8100,-5.6750,2,1
645,1,6,2.650889,40.095596,0.902938,1.000000,5.070801,0.010000,0.684301,43.2696,45.8858,-7.8100,-5.6750,2,1
646,0,4,2.511379,39.867460,0.902725,1.000000,5.085205,0.010000,0.692785,43.2696,45.8858,-7.8100,-5.6750,2,1
647,0,4,2.359566,39.722188,0.902582,1.000000,5.070801,0.010000,0.598035,43.2696,45.8858,-7.8100,-5.6750,2,1
648,1,7,2.379137,39.376135,0.902932,1.000000,5.114014,0.010000,0.625391,43.2696,45.8858,-7.8100,-5.6750,2,1
649,1,6,2.562598,39.481187,0.902960,1.000000,5.099609,0.010000,0.657753,43.2696,45.8858,-7.8100,-5.6750,2,1
650,0,3,2.498566,39.494017,0.902247,1.000000,5.114014,0.010000,0.657452,43.2696,45.8858,-7.8100,-5.6750,2,1
651,1,0,2.604248,39.254036,0.903059,1.000000,5.157227,0.010000,0.898286,43.2696,45.8858,-7.8100,-5.6750,2,1
652,0,5,2.305029,39.512315,0.902232,1.000000,5.114014,0.010000,0.669040,43.2696,45.8858,-7.8100,-5.6750,2,1
653,1,7,2.383886,39.549573,0.902312,1.000000,5.099609,0.010000,0.616410,43.2696,45.8858,-7.8100,-5.6750,2,1
654,0,4,2.777685,39.748278,0.902547,1.000000,5.142822,0.010000,0.649228,43.2696,45.8858,-7.8100,-5.6750,2,1
655,0,2,2.037747,39.804094,0.902344,1.000000,5.114014,0.010000,1.094737,43.2696,45.8858,-7.8100,-5.6750,2,1
656,1,6,2.238810,39.550359,0.902822,1.000000,5.085205,0.010000,0.583857,43.2696,45.8858,-7.8100,-5.6750,2,1
657,0,3,2.653012,39.630120,0.902311,1.000000,5.142822,0.010000,0.612174,43.2696,45.8858,-7.8100,-5.6750,2,1
658,0,3,2.738649,39.698971,0.902624,1.000000,5.070801,0.010000,0.595784,43.2696,45.8858,-7.8100,-5.6750,2,1
659,2,6,2.249843,39.536512,0.902961,1.000000,5.070801,0.010000,0.599389,43.2696,45.8858,-7.8100,-5.6750,2,1
660,1,0,2.375182,39.554802,0.902662,1.000000,5.142822,0.010000,0.893991,43.2696,45.8858,-7.8100,-5.6750,2,1
661,0,4,2.610702,39.730295,0.903394,1.000000,5.114014,0.010000,0.556993,43.2696,45.8858,-7.8100,-5.6750,2,1
662,0,4,2.455295,39.886756,0.902788,1.000000,5.085205,0.010000,0.503251,43.2696,45.8858,-7.8100,-5.6750,2,1
663,1,0,2.868314,39.726081,0.884195,1.000000,5.099609,0.010000,0.901944,43.2696,45.8858,-7.8100,-5.6750,2,1
664,1,0,2.309943,39.760990,0.902270,1.000000,5.099609,0.010000,0.921652,43.2696,45.8858,-7.8100,-5.6750,2,1
665,3,1,2.478582,40.069809,0.902933,1.000000,5.070801,0.010000,0.783239,43.2696,45.8858,-7.8100,-5.6750,2,1
666,0,5,2.537252,39.812908,0.902970,1.000000,5.128418,0.010000,0.649435,43.2696,45.8858,-7.8100,-5.6750,2,1
667,1,7,2.344351,40.033382,0.902557,1.000000,4.104675,0.010000,0.595339,43.2696,45.8858,-7.8100,-5.6750,2,1
668,1,6,2.213699,39.637720,0.902767,1.000000,5.128418,0.010000,0.678660,43.2696,45.8858,-7.8100,-5.6750,2,1
669,2,5,2.786779,39.484086,0.902591,1.000000,5.070801,0.010000,0.628909,43.2696,45.8858,-7.8100,-5.6750,2,1
670,0,5,2.690127,39.353281,0.884878,1.000000,5.157227,0.010000,0.568063,43.2696,45.8858,-7.8100,-5.6750,2,1
671,0,3,2.554139,39.071732,0.902163,1.000000,5.070801,0.010000,0.495997,43.2696,45.8858,-7.8100,-5.6750,2,1
672,1,0,2.560859,38.958151,0.902621,1.000000,5.157227,0.010000,0.910246,43.2696,45.8858,-7.8100,-5.6750,2,1
673,0,5,1.984143,38.850761,0.902665,1.000000,5.085205,0.010000,0.779413,43.2696,45.8858,-7.8100,-5.6750,2,1
674,0,3,2.603064,38.804105,0.902096,1.000000,5.157227,0.010000,0.491615,43.2696,45.8858,-7.8100,-5.6750,2,1
675,2,5,2.693297,38.549461,0.902908,1.000000,5.070801,0.010000,0.772580,43.2696,45.8858,-7.8100,-5.6750,2,1
676,3,1,2.329836,38.527139,0.902273,1.000000,4.413635,0.010000,0.824961,43.2696,45.8858,-7.8100,-5.6750,2,1
677,2,5,2.466744,38.621420,0.902906,1.000000,5.070801,0.010000,0.804089,43.2696,45.8858,-7.8100,-5.6750,2,1
678,0,5,2.629357,38.534520,0.902904,1.000000,5.128418,0.010000,0.805467,43.2696,45.8858,-7.8100,-5.6750,2,1
679,1,6,2.405548,38.440130,0.903027,1.000000,5.114014,0.010000,0.851748,43.2696,45.8858,-7.8100,-5.6750,2,1
680,0,4,2.548848,38.377681,0.902131,1.000000,5.142822,0.010000,0.939731,43.2696,45.8858,-7.8100,-5.6750,2,1
681,1,1,2.498486,38.570412,0.902326,1.000000,5.114014,0.010000,0.813819,43.2696,45.8858,-7.8100,-5.6750,2,1
682,1,6,2.517987,38.675463,0.902832,1.000000,5.142822,0.010000,1.043071,43.2696,45.8858,-7.8100,-5.6750,2,1
683,2,6,2.432495,38.828750,0.902371,1.000000,5.099609,0.010000,1.051880,43.2696,45.8858,-7.8100,-5.6750,2,1
684,0,4,2.696093,38.847420,0.902767,1.000000,5.157227,0.010000,0.950023,43.2696,45.8858,-7.8100,-5.6750,2,1
685,2,6,2.367207,38.847784,0.902867,1.000000,5.085205,0.010000,0.939175,43.2696,45.8858,-7.8100,-5.6750,2,1
686,1,0,2.227909,38.723983,0.884189,1.000000,5.157227,0.010000,0.575835,43.2696,45.8858,-7.8100,-5.6750,2,1
687,0,2,2.657842,38.704463,0.902354,1.000000,5.085205,0.010000,0.501471,43.2696,45.8858,-7.8100,-5.6750,2,1
688,1,6,2.280495,38.882196,0.902706,1.000000,5.157227,0.010000,0.713078,43.2696,45.8858,-7.8100,-5.6750,2,1
689,0,5,2.449898,38.780297,0.902942,1.000000,5.070801,0.010000,0.735558,43.2696,45.8858,-7.8100,-5.6750,2,1
690,1,6,2.370128,38.974066,0.902605,1.000000,5.128418,0.010000,0.705467,43.2696,45.8858,-7.8100,-5.6750,2,1
691,1,7,2.170293,38.942874,0.902269,1.000000,5.070801,0.010000,0.694126,43.2696,45.8858,-7.8100,-5.6750,2,1
692,0,3,2.365531,38.901971,0.902364,1.000000,5.114014,0.010000,0.743470,43.2696,45.8858,-7.8100,-5.6750,2,1
693,0,5,2.543966,38.832581,0.903002,1.000000,5.070801,0.010000,0.540401,43.2696,45.8858,-7.8100,-5.6750,2,1
694,1,6,2.424507,38.986518,0.902378,1.000000,5.114014,0.010000,0.527268,43.2696,45.8858,-7.8100,-5.6750,2,1
695,1,6,2.363155,38.965686,0.903187,1.000000,5.070801,0.010000,0.468860,43.2696,45.8858,-7.8100,-5.6750,2,1
696,3,2,2.754502,38.784947,0.902422,1.000000,5.128418,0.010000,0.397879,43.2696,45.8858,-7.8100,-5.6750,2,1
697,0,5,2.331169,38.635732,0.902352,1.000000,5.114014,0.010000,0.554110,43.2696,45.8858,-7.8100,-5.6750,2,1
698,0,4,2.539323,38.764063,0.902448,1.000000,5.142822,0.010000,0.985387,43.2696,45.8858,-7.8100,-5.6750,2,1
699,3,1,2.145211,38.729808,0.903040,1.000000,5.114014,0.010000,0.832214,43.2696,45.8858,-7.8100,-5.6750,2,1
700,0,2,2.199592,39.244045,0.902524,1.000000,5.142822,0.010000,0.392234,43.2696,45.8858,-7.8100,-5.6750,2,1
701,1,6,2.690929,39.093053,0.902450,1.000000,5.099609,0.010000,0.400173,43.2696,45.8858,-7.8100,-5.6750,2,1
702,1,6,2.671470,39.021054,0.902218,1.000000,5.157227,0.010000,0.392765,43.2696,45.8858,-7.8100,-5.6750,2,1
703,0,3,2.555518,39.205982,0.903025,1.000000,5.085205,0.010000,0.684172,43.2696,45.8858,-7.8100,-5.6750,2,1
704,0,5,2.443911,39.146131,0.884399,1.000000,5.157227,0.010000,0.626329,43.2696,45.8858,-7.8100,-5.6750,2,1
705,0,4,2.591774,39.207638,0.902483,1.000000,5.085205,0.010000,0.719641,43.2696,45.8858,-7.8100,-5.6750,2,1
706,0,5,2.792602,39.307893,0.902738,1.000000,5.157227,0.010000,0.681194,43.2696,45.8858,-7.8100,-5.6750,2,1
707,0,3,2.315624,39.665984,0.902832,1.000000,5.070801,0.010000,0.669808,43.2696,45.8858,-7.8100,-5.6750,2,1
708,0,4,2.371656,39.671631,0.884251,1.000000,5.128418,0.010000,0.720586,43.2696,45.8858,-7.8100,-5.6750,2,1
709,1,7,2.327078,39.377665,0.902333,1.000000,5.070801,0.010000,0.584990,43.2696,45.8858,-7.8100,-5.6750,2,1
710,0,4,2.376048,39.413228,0.902450,1.000000,5.114014,0.010000,0.651568,43.2696,45.8858,-7.8100,-5.6750,2,1
711,2,5,2.249109,39.599688,0.902579,1.000000,5.070801,0.010000,0.662635,43.2696,45.8858,-7.8100,-5.6750,2,1
712,1,7,2.590642,39.555680,0.902972,1.000000,5.114014,0.010000,0.498431,43.2696,45.8858,-7.8100,-5.6750,2,1
713,0,5,2.661898,39.120196,0.902503,1.000000,5.070801,0.010000,0.847200,43.2696,45.8858,-7.8100,-5.6750,2,1
714,0,3,2.428485,39.039787,0.902167,1.000000,5.128418,0.010000,0.586619,43.2696,45.8858,-7.8100,-5.6750,2,1
715,1,0,2.363496,38.866375,0.884893,1.000000,5.114014,0.010000,0.540406,43.2696,45.8858,-7.8100,-5.6750,2,1
716,3,2,2.570859,38.789682,0.902484,1.000000,5.142822,0.010000,0.282364,43.2696,45.8858,-7.8100,-5.6750,2,1
717,0,4,3.038710,38.773781,0.902981,1.000000,5.114014,0.010000,0.640608,43.2696,45.8858,-7.8100,-5.6750,2,1
718,0,2,2.709797,38.737613,0.903033,1.000000,5.142822,0.010000,0.303610,43.2696,45.8858,-7.8100,-5.6750,2,1
719,3,2,2.475624,38.579509,0.902460,1.000000,5.099609,0.010000,0.354201,43.2696,45.8858,-7.8100,-5.6750,2,1
720,0,5,2.702612,38.708608,0.902760,1.000000,5.142822,0.010000,0.597201,43.2696,45.8858,-7.8100,-5.6750,2,1
721,1,6,2.518431,38.928536,0.902912,1.000000,5.114014,0.010000,0.521530,43.2696,45.8858,-7.8100,-5.6750,2,1
722,1,7,1.853035,38.579889,0.902537,1.000000,5.085205,0.010000,0.739963,43.2696,45.8858,-7.8100,-5.6750,2,1
723,1,0,2.152559,38.827612,0.902833,1.000000,5.114014,0.010000,0.711665,43.2696,45.8858,-7.8100,-5.6750,2,1
724,0,3,2.245329,38.625339,0.902570,1.000000,5.157227,0.010000,0.442288,43.2696,45.8858,-7.8100,-5.6750,2,1
725,0,4,3.117517,38.562197,0.902479,1.000000,5.157227,0.010000,0.486257,43.2696,45.8858,-7.8100,-5.6750,2,1
726,2,5,2.778785,38.339916,0.902546,1.000000,5.041992,0.010000,0.622376,43.2696,45.8858,-7.8100,-5.6750,2,1
727,1,0,2.444235,38.563824,0.903006,1.000000,5.114014,0.010000,0.736173,43.2696,45.8858,-7.8100,-5.6750,2,1
728,0,2,2.367866,38.727452,0.902494,1.000000,5.085205,0.010000,0.402984,43.2696,45.8858,-7.8100,-5.6750,2,1
729,0,3,2.085010,38.560635,0.902278,1.000000,5.070801,0.010000,0.567695,43.2696,45.8858,-7.8100,-5.6750,2,1
730,0,4,2.924619,38.739872,0.902418,1.000000,5.070801,0.010000,0.437990,43.2696,45.8858,-7.8100,-5.6750,2,1
731,0,4,2.257318,38.664627,0.902582,1.000000,5.128418,0.010000,0.638014,43.2696,45.8858,-7.8100,-5.6750,2,1
732,2,5,2.381046,38.497511,0.902022,1.000000,5.157227,0.010000,0.625144,43.2696,45.8858,-7.8100,-5.6750,2,1
733,1,6,2.391832,38.497879,0.902661,1.000000,5.085205,0.010000,0.673099,43.2696,45.8858,-7.8100,-5.6750,2,1
734,1,6,2.539139,38.691520,0.902520,1.000000,5.099609,0.010000,0.665768,43.2696,45.8858,-7.8100,-5.6750,2,1
735,1,7,2.276559,38.527154,0.884597,1.000000,5.114014,0.010000,0.776088,43.2696,45.8858,-7.8100,-5.6750,2,1
736,1,6,2.545019,38.517228,0.884491,1.000000,5.099609,0.010000,0.520941,43.2696,45.8858,-7.8100,-5.6750,2,1
737,0,4,2.764070,38.314572,0.884286,1.000000,5.099609,0.010000,0.585734,43.2696,45.8858,-7.8100,-5.6750,2,1
738,1,6,2.359943,38.394163,0.902076,1.000000,5.085205,0.010000,0.612410,43.2696,45.8858,-7.8100,-5.6750,2,1
739,3,6,2.380432,38.253072,0.902660,1.000000,5.142822,0.010000,0.391621,43.2696,45.8858,-7.8100,-5.6750,2,1
740,0,4,2.121793,38.259203,0.902357,1.000000,5.157227,0.010000,0.706938,43.2696,45.8858,-7.8100,-5.6750,2,1
741,0,4,2.293305,38.328069,0.902720,1.000000,5.056396,0.010000,0.790776,43.2696,45.8858,-7.8100,-5.6750,2,1
742,1,7,2.394633,38.444863,0.902773,1.000000,5.142822,0.010000,0.776090,43.2696,45.8858,-7.8100,-5.6750,2,1
743,3,1,2.201622,38.363058,0.902938,1.000000,5.070801,0.010000,0.870490,43.2696,45.8858,-7.8100,-5.6750,2,1
744,1,6,2.525102,38.384627,0.902677,1.000000,5.114014,0.010000,0.378086,43.2696,45.8858,-7.8100,-5.6750,2,1
745,1,7,2.589866,38.754102,0.902446,1.000000,5.099609,0.010000,0.780858,43.2696,45.8858,-7.8100,-5.6750,2,1
746,2,6,2.568155,38.644784,0.902307,1.000000,5.085205,0.010000,0.436427,43.2696,45.8858,-7.8100,-5.6750,2,1
747,3,6,2.779487,38.784348,0.903041,1.000000,5.099609,0.010000,0.451466,43.2696,45.8858,-7.8100,-5.6750,2,1
748,0,4,2.114232,38.919879,0.902819,1.000000,5.114014,0.010000,0.627600,43.2696,45.8858,-7.8100,-5.6750,2,1
749,0,5,2.568199,38.966793,0.902476,1.000000,5.041992,0.010000,0.487192,43.2696,45.8858,-7.8100,-5.6750,2,1
750,1,6,2.958355,38.916590,0.884680,1.000000,5.085205,0.010000,0.442852,43.2696,45.8858,-7.8100,-5.6750,2,1
751,1,6,2.426910,38.827048,0.902417,1.000000,5.099609,0.010000,0.425629,43.2696,45.8858,-7.8100,-5.6750,2,1
752,0,3,2.399724,38.592620,0.902810,1.000000,5.128418,0.010000,0.590099,43.2696,45.8858,-7.8100,-5.6750,2,1
753,2,6,2.578674,38.667844,0.884219,1.000000,5.142822,0.010000,0.435561,43.2696,45.8858,-7.8100,-5.6750,2,1
754,0,4,2.593964,38.821879,0.902510,1.000000,5.142822,0.010000,0.610796,43.2696,45.8858,-7.8100,-5.6750,2,1
755,1,7,2.258464,38.890101,0.902206,1.000000,5.085205,0.010000,0.655566,43.2696,45.8858,-7.8100,-5.6750,2,1
756,1,7,2.463062,39.125521,0.884568,1.000000,5.099609,0.010000,0.679154,43.2696,45.8858,-7.8100,-5.6750,2,1
757,1,6,2.535325,38.999677,0.902739,1.000000,5.142822,0.010000,0.447368,43.2696,45.8858,-7.8100,-5.6750,2,1
758,0,4,2.291583,39.026157,0.902338,1.000000,5.099609,0.010000,0.687649,43.2696,45.8858,-7.8100,-5.6750,2,1
759,1,6,2.722939,38.872943,0.902500,1.000000,5.114014,0.010000,0.422552,43.2696,45.8858,-7.8100,-5.6750,2,1
760,1,6,2.674260,38.922790,0.902921,1.000000,5.070801,0.010000,0.391584,43.2696,45.8858,-7.8100,-5.6750,2,1
761,0,5,2.639368,39.149961,0.902748,1.000000,5.099609,0.010000,0.533208,43.2696,45.8858,-7.8100,-5.6750,2,1
762,0,5,2.535653,39.123345,0.902769,1.000000,5.142822,0.010000,0.529970,43.2696,45.8858,-7.8100,-5.6750,2,1
763,0,4,2.564616,39.159116,0.903116,1.000000,5.128418,0.010000,0.675811,43.2696,45.8858,-7.8100,-5.6750,2,1
764,0,4,2.431105,39.195409,0.903054,1.000000,5.070801,0.010000,0.574327,43.2696,45.8858,-7.8100,-5.6750,2,1
765,1,6,1.861666,39.295816,0.902608,1.000000,5.099609,0.010000,0.507610,43.2696,45.8858,-7.8100,-5.6750,2,1
766,1,1,2.470404,39.304390,0.902339,1.000000,5.128418,0.010000,0.795078,43.2696,45.8858,-7.8100,-5.6750,2,1
767,1,6,2.618011,39.198872,0.902593,1.000000,5.128418,0.010000,0.551111,43.2696,45.8858,-7.8100,-5.6750,2,1
768,0,5,2.254365,39.209043,0.903061,1.000000,5.114014,0.010000,0.525341,43.2696,45.8858,-7.8100,-5.6750,2,1
769,2,5,2.339069,39.459695,0.902087,1.000000,5.157227,0.010000,0.488797,43.2696,45.8858,-7.8100,-5.6750,2,1
770,1,0,2.701219,39.572716,0.902522,1.000000,5.128418,0.010000,0.610911,43.2696,45.8858,-7.8100,-5.6750,2,1
771,1,1,2.158664,39.366053,0.902573,1.000000,5.142822,0.010000,0.749916,43.2696,45.8858,-7.8100,-5.6750,2,1
772,1,6,2.886431,39.231380,0.902756,1.000000,5.085205,0.010000,0.619049,43.2696,45.8858,-7.8100,-5.6750,2,1
773,0,5,2.321494,39.208856,0.903043,1.000000,5.114014,0.010000,0.388442,43.2696,45.8858,-7.8100,-5.6750,2,1
774,0,5,2.534399,39.214596,0.902193,1.000000,5.099609,0.010000,0.403005,43.2696,45.8858,-7.8100,-5.6750,2,1
775,2,5,2.748655,39.344350,0.902570,1.000000,5.056396,0.010000,0.182451,43.2696,45.8858,-7.8100,-5.6750,2,1
776,1,6,2.780472,39.625564,0.902623,1.000000,5.128418,0.010000,0.671880,43.2696,45.8858,-7.8100,-5.6750,2,1
777,1,0,2.623807,39.581702,0.902750,1.000000,5.099609,0.010000,0.704249,43.2696,45.8858,-7.8100,-5.6750,2,1
778,0,4,2.496483,39.661335,0.902596,1.000000,5.114014,0.010000,0.447548,43.2696,45.8858,-7.8100,-5.6750,2,1
779,1,6,2.340111,39.510693,0.902605,1.000000,5.041992,0.010000,0.693014,43.2696,45.8858,-7.8100,-5.6750,2,1
780,1,7,2.629656,39.532050,0.902717,1.000000,5.085205,0.010000,0.631956,43.2696,45.8858,-7.8100,-5.6750,2,1
781,0,4,2.108543,39.534966,0.902874,1.000000,5.114014,0.010000,0.417448,43.2696,45.8858,-7.8100,-5.6750,2,1
782,2,5,2.574238,39.284233,0.902617,1.000000,5.114014,0.010000,0.270388,43.2696,45.8858,-7.8100,-5.6750,2,1
783,0,5,2.039052,39.334346,0.902608,1.000000,5.142822,0.010000,0.393247,43.2696,45.8858,-7.8100,-5.6750,2,1
784,0,3,2.634834,39.617708,0.902510,1.000000,5.157227,0.010000,0.739280,43.2696,45.8858,-7.8100,-5.6750,2,1
785,1,7,2.883297,39.844063,0.902915,1.000000,5.085205,0.010000,0.727230,43.2696,45.8858,-7.8100,-5.6750,2,1
786,0,5,2.190892,39.882918,0.902126,1.000000,5.114014,0.010000,0.382569,43.2696,45.8858,-7.8100,-5.6750,2,1
787,0,4,2.248116,39.501800,0.902729,1.000000,5.157227,0.010000,0.405858,43.2696,45.8858,-7.8100,-5.6750,2,1
788,1,6,2.523396,39.211033,0.902263,1.000000,5.114014,0.010000,0.681035,43.2696,45.8858,-7.8100,-5.6750,2,1
789,1,6,2.454817,39.114944,0.902928,1.000000,5.099609,0.010000,0.646689,43.2696,45.8858,-7.8100,-5.6750,2,1
790,0,4,2.526454,38.978697,0.903097,1.000000,5.114014,0.010000,0.495219,43.2696,45.8858,-7.8100,-5.6750,2,1
791,0,5,2.830119,39.256743,0.902628,1.000000,5.099609,0.010000,0.427261,43.2696,45.8858,-7.8100,-5.6750,2,1
792,1,6,2.154176,39.384570,0.884945,1.000000,5.099609,0.010000,0.659851,43.2696,45.8858,-7.8100,-5.6750,2,1
793,0,5,2.453888,39.170191,0.902237,1.000000,5.085205,0.010000,0.427315,43.2696,45.8858,-7.8100,-5.6750,2,1
794,0,5,2.577439,39.105434,0.884917,1.000000,5.099609,0.010000,0.428342,43.2696,45.8858,-7.8100,-5.6750,2,1
795,1,6,2.699530,39.133303,0.902603,1.000000,5.099609,0.010000,0.613189,43.2696,45.8858,-7.8100,-5.6750,2,1
796,1,6,2.465797,39.096291,0.902763,1.000000,5.128418,0.010000,0.518846,43.2696,45.8858,-7.8100,-5.6750,2,1
797,0,4,2.502388,39.040448,0.902308,1.000000,5.128418,0.010000,0.376279,43.2696,45.8858,-7.8100,-5.6750,2,1
798,1,7,2.477376,39.009115,0.902182,1.000000,5.085205,0.010000,0.672506,43.2696,45.8858,-7.8100,-5.6750,2,1
799,0,5,2.501331,39.201260,0.902637,1.000000,5.157227,0.010000,0.451950,43.2696,45.8858,-7.8100,-5.6750,2,1
800,2,6,2.481951,39.318689,0.902299,1.000000,5.128418,0.010000,0.501826,43.2696,45.8858,-7.8100,-5.6750,2,1
801,1,6,2.549002,39.032638,0.902468,1.000000,5.142822,0.010000,0.487676,43.2696,45.8858,-7.8100,-5.6750,2,1
802,1,1,2.215736,39.005638,0.902325,1.000000,5.070801,0.010000,0.843902,43.2696,45.8858,-7.8100,-5.6750,2,1
803,0,5,2.575263,39.249877,0.902465,1.000000,5.114014,0.010000,0.403835,43.2696,45.8858,-7.8100,-5.6750,2,1
804,1,6,1.995182,39.399967,0.902578,1.000000,5.099609,0.010000,0.343624,43.2696,45.8858,-7.8100,-5.6750,2,1
805,2,6,2.259706,39.296732,0.902674,1.000000,5.070801,0.010000,0.323963,43.2696,45.8858,-7.8100,-5.6750,2,1
806,2,5,2.649408,39.271625,0.903037,1.000000,5.114014,0.010000,0.266144,43.2696,45.8858,-7.8100,-5.6750,2,1
807,2,6,2.523705,39.221091,0.902686,1.000000,5.114014,0.010000,0.323319,43.2696,45.8858,-7.8100,-5.6750,2,1
808,0,3,2.481882,39.034746,0.902505,1.000000,5.142822,0.010000,0.640070,43.2696,45.8858,-7.8100,-5.6750,2,1
809,0,5,2.131681,39.302017,0.902202,1.000000,5.070801,0.010000,0.433503,43.2696,45.8858,-7.8100,-5.6750,2,1
810,1,0,2.800052,39.178093,0.902513,1.000000,5.114014,0.010000,0.827107,43.2696,45.8858,-7.8100,-5.6750,2,1
811,0,5,2.740696,39.151234,0.903088,1.000000,5.099609,0.010000,0.403477,43.2696,45.8858,-7.8100,-5.6750,2,1
812,0,2,2.748809,39.110431,0.902747,1.000000,5.114014,0.010000,0.483141,43.2696,45.8858,-7.8100,-5.6750,2,1
813,1,6,2.194313,39.134041,0.902215,1.000000,5.157227,0.010000,0.284217,43.2696,45.8858,-7.8100,-5.6750,2,1
814,2,5,2.441213,39.100167,0.902635,1.000000,5.157227,0.010000,0.381154,43.2696,45.8858,-7.8100,-5.6750,2,1
815,1,1,2.431349,39.117318,0.902223,1.000000,4.322571,0.010000,0.769830,43.2696,45.8858,-7.8100,-5.6750,2,1
816,0,2,2.426264,39.015987,0.902268,1.000000,5.114014,0.010000,0.496043,43.2696,45.8858,-7.8100,-5.6750,2,1
817,0,4,2.194806,38.897112,0.902638,1.000000,5.157227,0.010000,0.665026,43.2696,45.8858,-7.8100,-5.6750,2,1
818,0,4,2.652334,38.904966,0.902648,1.000000,5.114014,0.010000,0.663994,43.2696,45.8858,-7.8100,-5.6750,2,1
819,0,3,2.175075,39.218362,0.902428,1.000000,5.099609,0.010000,0.596793,43.2696,45.8858,-7.8100,-5.6750,2,1
820,1,6,2.600803,39.395154,0.902248,1.000000,5.085205,0.010000,0.289757,43.2696,45.8858,-7.8100,-5.6750,2,1
821,0,3,2.605658,39.716139,0.902738,1.000000,5.114014,0.010000,0.596671,43.2696,45.8858,-7.8100,-5.6750,2,1
822,1,6,2.603160,39.800663,0.902187,1.000000,5.114014,0.010000,0.422410,43.2696,45.8858,-7.8100,-5.6750,2,1
823,2,5,2.233070,39.537873,0.902380,1.000000,5.085205,0.010000,0.485979,43.2696,45.8858,-7.8100,-5.6750,2,1
824,3,1,2.358884,39.507648,0.902415,1.000000,5.099609,0.010000,0.657050,43.2696,45.8858,-7.8100,-5.6750,2,1
825,2,6,2.624851,39.489360,0.902998,1.000000,5.099609,0.010000,0.380789,43.2696,45.8858,-7.8100,-5.6750,2,1
826,1,6,2.517265,39.430006,0.902829,1.000000,5.099609,0.010000,0.372046,43.2696,45.8858,-7.8100,-5.6750,2,1
827,0,4,2.270995,39.397517,0.902463,1.000000,5.142822,0.010000,0.676537,43.2696,45.8858,-7.8100,-5.6750,2,1
828,1,6,3.118971,39.237560,0.884168,1.000000,5.070801,0.010000,0.538836,43.2696,45.8858,-7.8100,-5.6750,2,1
829,0,3,2.222953,39.208917,0.902178,1.000000,5.070801,0.010000,0.652812,43.2696,45.8858,-7.8100,-5.6750,2,1
830,1,6,2.792022,39.186433,0.902919,1.000000,5.085205,0.010000,0.504720,43.2696,45.8858,-7.8100,-5.6750,2,1
831,1,6,2.634484,39.372885,0.903051,1.000000,5.142822,0.010000,0.467572,43.2696,45.8858,-7.8100,-5.6750,2,1
832,1,0,2.662851,39.534149,0.902579,1.000000,5.114014,0.010000,0.756094,43.2696,45.8858,-7.8100,-5.6750,2,1
833,1,1,2.918969,39.605871,0.902544,1.000000,5.099609,0.010000,0.773305,43.2696,45.8858,-7.8100,-5.6750,2,1
834,0,5,2.100161,39.611430,0.903115,1.000000,5.142822,0.010000,0.571969,43.2696,45.8858,-7.8100,-5.6750,2,1
835,1,7,2.269811,39.664710,0.902710,1.000000,5.114014,0.010000,0.532615,43.2696,45.8858,-7.8100,-5.6750,2,1
836,1,6,2.638647,39.523932,0.884510,1.000000,5.041992,0.010000,0.530250,43.2696,45.8858,-7.8100,-5.6750,2,1
837,0,5,2.302410,39.691943,0.902240,1.000000,5.070801,0.010000,0.587766,43.2696,45.8858,-7.8100,-5.6750,2,1
838,1,6,2.393611,39.680312,0.902528,1.000000,5.142822,0.010000,0.539624,43.2696,45.8858,-7.8100,-5.6750,2,1
839,3,6,2.589650,39.783729,0.902614,1.000000,5.128418,0.010000,0.555826,43.2696,45.8858,-7.8100,-5.6750,2,1
840,1,6,2.806047,39.928413,0.902887,1.000000,5.085205,0.010000,0.614928,43.2696,45.8858,-7.8100,-5.6750,2,1
841,0,3,2.379720,39.660855,0.902564,1.000000,5.114014,0.010000,0.569210,43.2696,45.8858,-7.8100,-5.6750,2,1
842,0,4,2.581529,39.475750,0.903068,1.000000,5.157227,0.010000,0.783297,43.2696,45.8858,-7.8100,-5.6750,2,1
843,0,5,2.451513,39.822237,0.902771,1.000000,5.070801,0.010000,0.545078,43.2696,45.8858,-7.8100,-5.6750,2,1
844,2,5,2.712086,40.042728,0.902407,1.000000,5.128418,0.010000,0.634127,43.2696,45.8858,-7.8100,-5.6750,2,1
845,2,5,2.213692,39.921612,0.903203,1.000000,5.142822,0.010000,0.612308,43.2696,45.8858,-7.8100,-5.6750,2,1
846,0,4,2.225142,39.991517,0.902516,1.000000,5.099609,0.010000,0.687055,43.2696,45.8858,-7.8100,-5.6750,2,1
847,0,5,2.749293,40.094573,0.902560,1.000000,5.114014,0.010000,0.665480,43.2696,45.8858,-7.8100,-5.6750,2,1
848,0,4,2.310977,40.295908,0.902929,1.000000,5.099609,0.010000,0.412141,43.2696,45.8858,-7.8100,-5.6750,2,1
849,1,6,2.487707,40.365863,0.902193,1.000000,5.142822,0.010000,0.744021,43.2696,45.8858,-7.8100,-5.6750,2,1
850,0,5,2.543413,40.404721,0.902605,1.000000,5.114014,0.010000,0.690077,43.2696,45.8858,-7.8100,-5.6750,2,1
851,0,3,2.377491,40.509730,0.903066,1.000000,5.128418,0.010000,0.621969,43.2696,45.8858,-7.8100,-5.6750,2,1
852,1,6,2.179202,40.579687,0.903071,1.000000,5.070801,0.010000,0.637344,43.2696,45.8858,-7.8100,-5.6750,2,1
853,2,5,1.996692,40.420394,0.902242,1.000000,5.157227,0.010000,0.575440,43.2696,45.8858,-7.8100,-5.6750,2,1
854,0,3,2.643084,40.243555,0.903059,1.000000,5.099609,0.010000,0.613218,43.2696,45.8858,-7.8100,-5.6750,2,1
855,3,2,2.471054,40.204553,0.902326,1.000000,5.114014,0.010000,0.575545,43.2696,45.8858,-7.8100,-5.6750,2,1
856,2,6,2.492542,39.756142,0.902672,1.000000,5.085205,0.010000,0.682126,43.2696,45.8858,-7.8100,-5.6750,2,1
857,1,7,2.891218,39.734331,0.902411,1.000000,5.142822,0.010000,0.603925,43.2696,45.8858,-7.8100,-5.6750,2,1
858,1,6,2.417004,39.535366,0.902939,1.000000,5.114014,0.010000,0.737837,43.2696,45.8858,-7.8100,-5.6750,2,1
859,1,0,2.900073,39.697838,0.902878,1.000000,5.128418,0.010000,0.922925,43.2696,45.8858,-7.8100,-5.6750,2,1
860,0,3,1.994505,39.717627,0.902688,1.000000,5.070801,0.010000,0.613494,43.2696,45.8858,-7.8100,-5.6750,2,1
861,0,5,2.382135,39.866439,0.902981,1.000000,5.114014,0.010000,0.627305,43.2696,45.8858,-7.8100,-5.6750,2,1
862,1,6,2.495743,39.889971,0.902861,1.000000,5.157227,0.010000,0.537532,43.2696,45.8858,-7.8100,-5.6750,2,1
863,1,6,2.620434,39.890759,0.902177,1.000000,5.085205,0.010000,0.544302,43.2696,45.8858,-7.8100,-5.6750,2,1
864,3,4,2.628473,39.874099,0.903023,1.000000,5.114014,0.010000,0.561760,43.2696,45.8858,-7.8100,-5.6750,2,1
865,3,4,2.353476,39.770992,0.902174,1.000000,5.142822,0.010000,0.637993,43.2696,45.8858,-7.8100,-5.6750,2,1
866,0,5,2.022048,40.010243,0.902352,1.000000,5.142822,0.010000,0.746576,43.2696,45.8858,-7.8100,-5.6750,2,1
867,0,2,2.216643,40.005110,0.902974,1.000000,5.099609,0.010000,0.508806,43.2696,45.8858,-7.8100,-5.6750,2,1
868,1,6,2.179996,40.144543,0.902792,1.000000,5.142822,0.010000,0.532567,43.2696,45.8858,-7.8100,-5.6750,2,1
869,0,3,2.411521,40.016085,0.902456,1.000000,5.099609,0.010000,0.589581,43.2696,45.8858,-7.8100,-5.6750,2,1
870,1,7,2.660309,40.271686,0.902488,1.000000,5.114014,0.010000,0.768078,43.2696,45.8858,-7.8100,-5.6750,2,1
871,2,6,2.637647,40.070215,0.903014,1.000000,5.035034,0.010000,0.525826,43.2696,45.8858,-7.8100,-5.6750,2,1
872,2,5,2.605143,40.161453,0.902491,1.000000,5.128418,0.010000,0.697380,43.2696,45.8858,-7.8100,-5.6750,2,1
873,3,2,2.581089,40.281079,0.902598,1.000000,5.070801,0.010000,0.549101,43.2696,45.8858,-7.8100,-5.6750,2,1
874,0,4,2.649346,40.632687,0.903010,1.000000,5.099609,0.010000,0.792265,43.2696,45.8858,-7.8100,-5.6750,2,1
875,1,6,2.461403,40.236479,0.902482,1.000000,5.114014,0.010000,0.342598,43.2696,45.8858,-7.8100,-5.6750,2,1
876,1,1,2.158847,40.349055,0.902467,1.000000,5.085205,0.010000,0.773764,43.2696,45.8858,-7.8100,-5.6750,2,1
877,1,1,2.026278,40.513471,0.902649,1.000000,5.142822,0.010000,0.773094,43.2696,45.8858,-7.8100,-5.6750,2,1
878,0,4,2.637375,40.799171,0.902630,1.000000,5.142822,0.010000,0.788894,43.2696,45.8858,-7.8100,-5.6750,2,1
879,0,5,2.687327,40.768079,0.902487,1.000000,5.099609,0.010000,0.848013,43.2696,45.8858,-7.8100,-5.6750,2,1
880,0,5,2.667685,40.559136,0.902452,1.000000,5.142822,0.010000,0.826720,43.2696,45.8858,-7.8100,-5.6750,2,1
881,0,5,2.608008,40.742950,0.902946,1.000000,5.099609,0.010000,0.696390,43.2696,45.8858,-7.8100,-5.6750,2,1
882,1,7,2.437693,40.773424,0.902588,1.000000,5.114014,0.010000,0.739881,43.2696,45.8858,-7.8100,-5.6750,2,1
883,1,7,2.291394,40.631912,0.903264,1.000000,5.099609,0.010000,0.745629,43.2696,45.8858,-7.8100,-5.6750,2,1
884,2,5,2.998239,40.545682,0.884550,1.000000,5.099609,0.010000,0.661270,43.2696,45.8858,-7.8100,-5.6750,2,1
885,0,5,2.611492,40.561920,0.903007,1.000000,5.070801,0.010000,0.479065,43.2696,45.8858,-7.8100,-5.6750,2,1
886,2,6,2.444534,40.776785,0.902837,1.000000,5.099609,0.010000,0.264291,43.2696,45.8858,-7.8100,-5.6750,2,1
887,0,3,2.835656,41.033045,0.902543,1.000000,5.114014,0.010000,0.865940,43.2696,45.8858,-7.8100,-5.6750,2,1
888,0,5,2.836729,41.337953,0.902670,1.000000,5.114014,0.010000,0.637575,43.2696,45.8858,-7.8100,-5.6750,2,1
889,1,7,2.490585,41.544488,0.902608,1.000000,5.099609,0.010000,0.826892,43.2696,45.8858,-7.8100,-5.6750,2,1
890,1,7,2.962414,41.940797,0.902572,1.000000,5.142822,0.010000,1.109224,43.2696,45.8858,-7.8100,-5.6750,2,1
891,0,4,2.618578,41.714063,0.902883,1.000000,5.128418,0.010000,0.968394,43.2696,45.8858,-7.8100,-5.6750,2,1
892,0,5,2.953040,41.561982,0.902636,1.000000,5.128418,0.010000,0.924569,43.2696,45.8858,-7.8100,-5.6750,2,1
893,0,3,2.404644,41.227575,0.902202,1.000000,5.041992,0.010000,1.065687,43.2696,45.8858,-7.8100,-5.6750,2,1
894,2,5,2.738972,41.060365,0.884497,1.000000,5.142822,0.010000,0.897730,43.2696,45.8858,-7.8100,-5.6750,2,1
895,1,6,3.043057,40.686200,0.902410,1.000000,5.114014,0.010000,0.723755,43.2696,45.8858,-7.8100,-5.6750,2,1
896,2,6,2.747535,40.344335,0.902244,1.000000,5.099609,0.010000,0.713534,43.2696,45.8858,-7.8100,-5.6750,2,1
897,2,5,2.576876,40.370356,0.902597,1.000000,5.070801,0.010000,0.835778,43.2696,45.8858,-7.8100,-5.6750,2,1
898,0,5,2.889990,40.074829,0.902952,1.000000,5.099609,0.010000,0.916412,43.2696,45.8858,-7.8100,-5.6750,2,1
899,0,4,2.579932,40.020264,0.902386,1.000000,5.114014,0.010000,0.892236,43.2696,45.8858,-7.8100,-5.6750,2,1
900,2,6,2.439040,40.373082,0.902618,1.000000,5.157227,0.010000,0.702230,43.2696,45.8858,-7.8100,-5.6750,2,1
901,1,7,2.555615,40.216338,0.902715,1.000000,5.099609,0.010000,1.109318,43.2696,45.8858,-7.8100,-5.6750,2,1
902,0,4,2.229973,40.039395,0.902761,1.000000,5.128418,0.010000,0.836961,43.2696,45.8858,-7.8100,-5.6750,2,1
903,0,4,2.601370,39.933787,0.884659,1.000000,5.041992,0.010000,0.764258,43.2696,45.8858,-7.8100,-5.6750,2,1
904,0,3,2.401026,40.011666,0.902758,1.000000,5.142822,0.010000,0.826726,43.2696,45.8858,-7.8100,-5.6750,2,1
905,1,0,2.344673,39.817232,0.902836,1.000000,5.157227,0.010000,0.645573,43.2696,45.8858,-7.8100,-5.6750,2,1
906,1,6,2.876839,39.868723,0.902478,1.000000,5.085205,0.010000,0.822681,43.2696,45.8858,-7.8100,-5.6750,2,1
907,0,5,2.449229,39.949365,0.902679,1.000000,5.114014,0.010000,0.993896,43.2696,45.8858,-7.8100,-5.6750,2,1
908,0,3,2.748100,39.818457,0.902580,1.000000,5.099609,0.010000,0.817006,43.2696,45.8858,-7.8100,-5.6750,2,1
909,1,7,2.800374,39.803283,0.902942,1.000000,5.114014,0.010000,1.079683,43.2696,45.8858,-7.8100,-5.6750,2,1
910,1,6,2.656651,39.830720,0.902223,1.000000,5.099609,0.010000,0.939861,43.2696,45.8858,-7.8100,-5.6750,2,1
911,3,2,2.378553,39.683582,0.902801,1.000000,5.114014,0.010000,0.561584,43.2696,45.8858,-7.8100,-5.6750,2,1
912,2,5,2.077028,39.657225,0.902634,1.000000,5.114014,0.010000,0.604121,43.2696,45.8858,-7.8100,-5.6750,2,1
913,1,7,2.624747,39.644263,0.884781,1.000000,5.041992,0.010000,0.936155,43.2696,45.8858,-7.8100,-5.6750,2,1
914,0,2,2.626235,39.597156,0.903013,1.000000,5.142822,0.010000,0.521897,43.2696,45.8858,-7.8100,-5.6750,2,1
915,0,5,2.358880,39.678202,0.902561,1.000000,5.157227,0.010000,0.519566,43.2696,45.8858,-7.8100,-5.6750,2,1
916,0,4,2.499001,39.636880,0.903031,1.000000,5.099609,0.010000,0.776525,43.2696,45.8858,-7.8100,-5.6750,2,1
917,1,6,2.657630,39.698924,0.902292,1.000000,5.142822,0.010000,0.851876,43.2696,45.8858,-7.8100,-5.6750,2,1
918,1,7,2.310853,39.254981,0.902294,1.000000,5.114014,0.010000,1.097148,43.2696,45.8858,-7.8100,-5.6750,2,1
919,1,1,2.669799,39.048843,0.902677,1.000000,5.114014,0.010000,0.650228,43.2696,45.8858,-7.8100,-5.6750,2,1
920,0,4,2.564098,39.165844,0.902539,1.000000,5.099609,0.010000,0.783475,43.2696,45.8858,-7.8100,-5.6750,2,1
921,0,3,2.319675,38.967313,0.902294,1.000000,5.099609,0.010000,0.871960,43.2696,45.8858,-7.8100,-5.6750,2,1
922,1,7,2.320154,38.996825,0.902184,1.000000,5.114014,0.010000,1.214126,43.2696,45.8858,-7.8100,-5.6750,2,1
923,2,5,2.724717,39.140941,0.902710,1.000000,5.099609,0.010000,0.529368,43.2696,45.8858,-7.8100,-5.6750,2,1
924,0,5,2.490288,39.382709,0.902610,1.000000,5.142822,0.010000,0.541900,43.2696,45.8858,-7.8100,-5.6750,2,1
925,0,4,2.428094,39.586366,0.903221,1.000000,5.157227,0.010000,0.805838,43.2696,45.8858,-7.8100,-5.6750,2,1
926,1,6,2.609497,39.673892,0.902578,1.000000,5.085205,0.010000,0.679836,43.2696,45.8858,-7.8100,-5.6750,2,1
927,0,2,2.405974,39.765179,0.902890,1.000000,5.128418,0.010000,0.351524,43.2696,45.8858,-7.8100,-5.6750,2,1
928,0,4,2.492921,39.745150,0.902504,1.000000,5.142822,0.010000,0.711098,43.2696,45.8858,-7.8100,-5.6750,2,1
929,1,1,2.440938,39.693968,0.902699,1.000000,5.099609,0.010000,0.612169,43.2696,45.8858,-7.8100,-5.6750,2,1
930,0,5,2.724456,39.711228,0.902526,1.000000,5.157227,0.010000,0.375908,43.2696,45.8858,-7.8100,-5.6750,2,1
931,3,2,2.334912,39.349934,0.902340,1.000000,5.114014,0.010000,0.499297,43.2696,45.8858,-7.8100,-5.6750,2,1
932,0,4,2.781242,39.108554,0.902633,1.000000,5.114014,0.010000,0.313410,43.2696,45.8858,-7.8100,-5.6750,2,1
933,0,5,2.422746,39.403739,0.902251,1.000000,5.070801,0.010000,0.440332,43.2696,45.8858,-7.8100,-5.6750,2,1
934,0,3,2.786276,39.113306,0.902963,1.000000,5.099609,0.010000,0.780567,43.2696,45.8858,-7.8100,-5.6750,2,1
935,1,6,2.418643,39.239779,0.902851,1.000000,5.114014,0.010000,0.826240,43.2696,45.8858,-7.8100,-5.6750,2,1
936,2,5,2.305913,39.150056,0.902994,1.000000,5.085205,0.010000,0.503824,43.2696,45.8858,-7.8100,-5.6750,2,1
937,0,4,2.592346,39.103334,0.902154,1.000000,5.142822,0.010000,0.399090,43.2696,45.8858,-7.8100,-5.6750,2,1
938,3,1,2.583287,39.198003,0.902651,1.000000,5.142822,0.010000,0.607898,43.2696,45.8858,-7.8100,-5.6750,2,1
939,0,5,2.264235,38.959158,0.902173,1.000000,5.099609,0.010000,0.688386,43.2696,45.8858,-7.8100,-5.6750,2,1
940,0,5,2.496263,38.958530,0.902718,1.000000,5.142822,0.010000,0.692036,43.2696,45.8858,-7.8100,-5.6750,2,1
941,1,6,2.556540,39.011317,0.902240,1.000000,5.099609,0.010000,0.931434,43.2696,45.8858,-7.8100,-5.6750,2,1
942,3,2,2.079394,39.107164,0.903020,1.000000,5.114014,0.010000,0.700300,43.2696,45.8858,-7.8100,-5.6750,2,1
943,0,5,2.431410,39.185444,0.902289,1.000000,5.099609,0.010000,0.661348,43.2696,45.8858,-7.8100,-5.6750,2,1
944,0,4,2.363954,39.434944,0.902574,1.000000,5.099609,0.010000,0.509924,43.2696,45.8858,-7.8100,-5.6750,2,1
945,1,6,2.203645,39.539185,0.902494,1.000000,5.070801,0.010000,0.768622,43.2696,45.8858,-7.8100,-5.6750,2,1
946,1,6,3.086092,39.597552,0.902995,1.000000,5.099609,0.010000,0.987602,43.2696,45.8858,-7.8100,-5.6750,2,1
947,1,6,2.222607,39.591707,0.902165,1.000000,5.114014,0.010000,0.954667,43.2696,45.8858,-7.8100,-5.6750,2,1
948,0,4,3.041984,39.755335,0.902562,1.000000,5.114014,0.010000,0.738827,43.2696,45.8858,-7.8100,-5.6750,2,1
949,0,5,2.364361,40.036633,0.902560,1.000000,5.099609,0.010000,0.647057,43.2696,45.8858,-7.8100,-5.6750,2,1
950,2,5,2.621067,40.526107,0.902587,1.000000,5.142822,0.010000,0.838417,43.2696,45.8858,-7.8100,-5.6750,2,1
951,2,5,2.237806,40.620864,0.903102,1.000000,5.114014,0.010000,0.837082,43.2696,45.8858,-7.8100,-5.6750,2,1
952,1,6,2.620727,40.405671,0.884234,1.000000,5.157227,0.010000,0.913054,43.2696,45.8858,-7.8100,-5.6750,2,1
953,1,7,2.405712,40.413211,0.902668,1.000000,5.099609,0.010000,1.130410,43.2696,45.8858,-7.8100,-5.6750,2,1
954,1,7,2.343179,40.476586,0.902695,1.000000,5.099609,0.010000,0.716615,43.2696,45.8858,-7.8100,-5.6750,2,1
955,0,5,2.100163,40.474268,0.902244,1.000000,5.157227,0.010000,0.865798,43.2696,45.8858,-7.8100,-5.6750,2,1
956,1,6,2.759412,40.438933,0.902882,1.000000,5.085205,0.010000,1.073354,43.2696,45.8858,-7.8100,-5.6750,2,1
957,3,1,2.360400,40.479844,0.902298,1.000000,5.085205,0.010000,0.739755,43.2696,45.8858,-7.8100,-5.6750,2,1
958,2,5,2.520653,40.459023,0.902200,1.000000,5.070801,0.010000,0.754195,43.2696,45.8858,-7.8100,-5.6750,2,1
959,1,6,2.655392,40.712871,0.902511,1.000000,5.085205,0.010000,1.086664,43.2696,45.8858,-7.8100,-5.6750,2,1
960,0,4,2.379683,40.670439,0.902503,1.000000,5.070801,0.010000,0.765093,43.2696,45.8858,-7.8100,-5.6750,2,1
961,0,3,2.296316,40.483974,0.902436,1.000000,5.085205,0.010000,0.715400,43.2696,45.8858,-7.8100,-5.6750,2,1
962,1,6,2.737953,40.351669,0.902615,1.000000,5.114014,0.010000,0.917529,43.2696,45.8858,-7.8100,-5.6750,2,1
963,2,5,2.329047,40.564213,0.902646,1.000000,5.114014,0.010000,0.562005,43.2696,45.8858,-7.8100,-5.6750,2,1
964,0,5,2.547838,40.544239,0.902577,1.000000,5.099609,0.010000,0.562186,43.2696,45.8858,-7.8100,-5.6750,2,1
965,1,1,2.133726,40.239740,0.902557,1.000000,5.142822,0.010000,0.624006,43.2696,45.8858,-7.8100,-5.6750,2,1
966,1,0,2.763889,40.320287,0.902838,1.000000,5.142822,0.010000,0.944423,43.2696,45.8858,-7.8100,-5.6750,2,1
967,0,5,3.151759,40.584886,0.902424,1.000000,5.114014,0.010000,0.702879,43.2696,45.8858,-7.8100,-5.6750,2,1
968,2,6,2.628481,40.479772,0.902628,1.000000,5.099609,0.010000,0.740982,43.2696,45.8858,-7.8100,-5.6750,2,1
969,1,0,2.252642,40.824189,0.902240,1.000000,5.157227,0.010000,0.784972,43.2696,45.8858,-7.8100,-5.6750,2,1
970,1,0,2.531229,40.602901,0.902885,1.000000,5.070801,0.010000,0.860038,43.2696,45.8858,-7.8100,-5.6750,2,1
971,3,1,2.062729,40.578586,0.902148,1.000000,5.085205,0.010000,0.665616,43.2696,45.8858,-7.8100,-5.6750,2,1
972,0,2,2.745739,40.437048,0.902215,1.000000,5.114014,0.010000,0.737905,43.2696,45.8858,-7.8100,-5.6750,2,1
973,0,5,2.592509,40.361755,0.884888,1.000000,5.114014,0.010000,0.684825,43.2696,45.8858,-7.8100,-5.6750,2,1
974,0,5,2.747658,40.071315,0.902303,1.000000,5.114014,0.010000,0.686112,43.2696,45.8858,-7.8100,-5.6750,2,1
975,0,4,2.402304,40.102759,0.902207,1.000000,5.085205,0.010000,0.755207,43.2696,45.8858,-7.8100,-5.6750,2,1
976,0,2,2.752278,39.908209,0.902497,1.000000,5.099609,0.010000,0.746094,43.2696,45.8858,-7.8100,-5.6750,2,1
977,0,4,2.245249,39.603693,0.902610,1.000000,5.157227,0.010000,0.719839,43.2696,45.8858,-7.8100,-5.6750,2,1
978,1,6,2.796873,39.558971,0.902622,1.000000,5.142822,0.010000,0.562637,43.2696,45.8858,-7.8100,-5.6750,2,1
979,0,5,2.639967,39.619718,0.884127,1.000000,5.114014,0.010000,0.709533,43.2696,45.8858,-7.8100,-5.6750,2,1
980,0,5,2.199977,39.568162,0.902398,1.000000,5.114014,0.010000,0.840213,43.2696,45.8858,-7.8100,-5.6750,2,1
981,0,3,2.148071,39.455876,0.902846,1.000000,5.128418,0.010000,0.675762,43.2696,45.8858,-7.8100,-5.6750,2,1
982,2,6,2.458788,39.270147,0.902958,1.000000,5.070801,0.010000,0.681777,43.2696,45.8858,-7.8100,-5.6750,2,1
983,1,7,2.695465,39.128486,0.902595,1.000000,5.070801,0.010000,0.658306,43.2696,45.8858,-7.8100,-5.6750,2,1
984,0,2,2.120967,39.209791,0.902340,1.000000,5.070801,0.010000,0.874410,43.2696,45.8858,-7.8100,-5.6750,2,1
985,1,1,2.355951,39.198100,0.902983,1.000000,5.085205,0.010000,0.823212,43.2696,45.8858,-7.8100,-5.6750,2,1
986,0,5,2.938926,39.205426,0.903028,1.000000,5.142822,0.010000,0.838498,43.2696,45.8858,-7.8100,-5.6750,2,1
987,0,5,2.664779,39.102144,0.902841,1.000000,5.157227,0.010000,0.548398,43.2696,45.8858,-7.8100,-5.6750,2,1
988,0,5,2.610405,39.166579,0.902960,1.000000,5.070801,0.010000,0.563268,43.2696,45.8858,-7.8100,-5.6750,2,1
989,3,2,2.390977,39.274269,0.902414,1.000000,5.099609,0.010000,0.837246,43.2696,45.8858,-7.8100,-5.6750,2,1
990,0,4,2.648194,39.318782,0.902648,1.000000,5.070801,0.010000,0.704034,43.2696,45.8858,-7.8100,-5.6750,2,1
991,0,5,2.787115,39.141706,0.902242,1.000000,5.142822,0.010000,0.558281,43.2696,45.8858,-7.8100,-5.6750,2,1
992,0,5,2.543586,39.197899,0.902658,1.000000,5.142822,0.010000,0.538269,43.2696,45.8858,-7.8100,-5.6750,2,1
993,3,0,2.286376,39.571575,0.902657,1.000000,5.099609,0.010000,0.872385,43.2696,45.8858,-7.8100,-5.6750,2,1
994,2,6,2.549277,39.780778,0.902902,1.000000,5.114014,0.010000,0.689375,43.2696,45.8858,-7.8100,-5.6750,2,1
995,0,5,2.621596,39.625715,0.902032,1.000000,5.099609,0.010000,0.376520,43.2696,45.8858,-7.8100,-5.6750,2,1
996,1,6,2.696567,40.028002,0.902548,1.000000,5.099609,0.010000,0.596549,43.2696,45.8858,-7.8100,-5.6750,2,1
997,1,7,2.240877,40.098101,0.902211,1.000000,5.142822,0.010000,0.526582,43.2696,45.8858,-7.8100,-5.6750,2,1
998,2,6,2.452113,40.241299,0.884469,1.000000,4.538147,0.010000,0.523765,43.2696,45.8858,-7.8100,-5.6750,2,1
999,0,4,2.329048,39.987733,0.902582,1.000000,5.157227,0.010000,0.714186,43.2696,45.8858,-7.8100,-5.6750,2,1
