step,action,action_vec_norm,obs_norm,free_energy,confidence,cycle_count,frame_mean,elapsed_ms
0,2,1.248425,0.516117,9.895697,0.896090,1,2.919800,16.413
1,2,1.501282,0.583705,26.910225,0.916552,2,2.875000,13.340
2,1,1.543809,0.475967,26.233707,0.916769,3,2.890564,13.129
3,1,1.426821,0.606013,23.603673,0.916834,4,2.902344,13.143
4,1,1.675511,0.654486,22.760433,0.917767,5,2.947144,29.717
5,3,1.296913,0.630979,19.880077,0.916825,6,2.921692,13.172
6,0,1.817144,0.581047,18.122563,0.916778,7,2.890564,13.384
7,3,1.668708,0.432962,17.554217,0.916802,8,2.890564,13.353
8,0,1.577334,0.610846,17.680281,0.916277,9,2.904236,13.178
9,0,1.608887,0.599189,17.876158,0.916202,10,2.890564,45.768
10,3,2.047352,0.640418,17.927786,0.916840,11,2.919800,13.565
11,3,1.899073,0.613203,18.009934,0.916377,12,2.892456,13.318
12,2,1.722673,0.601858,18.019090,0.916085,13,2.875000,13.161
13,3,1.457417,0.538232,17.449117,0.916861,14,2.902344,13.706
14,2,1.785090,0.648553,17.102591,0.915891,15,2.906128,13.368
15,0,1.403216,0.619744,16.669020,0.915456,16,2.875000,13.290
16,0,1.866929,0.466531,16.317702,0.916691,17,2.861328,13.349
17,2,1.362306,0.654603,16.570810,0.916645,18,2.904236,13.227
18,2,1.833498,0.531755,16.497422,0.917190,19,2.888672,46.370
19,3,1.148664,0.596187,16.134591,0.917117,20,2.847656,13.282
20,2,1.083298,0.367589,15.632461,0.917923,21,2.845764,13.375
21,3,1.727662,0.472091,15.504707,0.916158,22,2.904236,13.373
22,3,1.826889,0.468589,15.552955,0.919039,23,2.812744,13.316
23,3,2.006797,0.524465,15.588736,0.917862,24,2.904236,45.989
24,2,1.569087,0.430368,15.692437,0.917402,25,2.876892,13.326
25,2,1.609150,0.483791,15.380072,0.917492,26,2.863220,13.285
26,3,1.774382,0.500240,15.466713,0.916834,27,2.892456,13.846
27,3,1.832943,0.563106,15.342261,0.917178,28,2.853760,13.240
28,2,1.592739,0.649725,15.396416,0.917607,29,2.875000,45.973
29,3,2.037902,0.499966,15.273914,0.915824,30,2.847656,13.385
30,3,1.655024,0.539238,15.362101,0.917182,31,2.876892,13.291
31,2,1.550055,0.465394,15.329396,0.916826,32,2.933472,13.450
32,3,1.943349,0.469721,15.101183,0.916505,33,2.904236,13.257
33,3,1.299289,0.570766,15.014546,0.917415,34,2.933472,46.415
34,2,1.860330,0.655899,14.949105,0.917714,35,2.890564,13.339
35,3,1.758566,0.539976,14.858322,0.917908,36,2.890564,14.207
36,3,1.898692,0.496690,14.819626,0.917663,37,2.933472,13.360
37,2,1.646814,0.530527,14.882825,0.917414,38,2.921692,14.321
38,2,1.246091,0.574513,15.006214,0.917366,39,2.917908,47.168
39,2,1.805623,0.627099,15.165199,0.916753,40,2.876892,13.487
40,3,1.790071,0.732072,15.097833,0.917172,41,2.919800,13.414
41,3,1.448488,0.715854,15.063234,0.916433,42,2.904236,13.578
42,0,1.795540,0.755560,15.140443,0.916839,43,2.878784,13.555
43,2,1.318810,0.626358,15.306243,0.916560,44,2.890564,46.123
44,0,2.056321,0.506194,15.337109,0.917367,45,2.888672,13.576
45,0,1.602863,0.532145,15.619123,0.917365,46,2.890564,13.696
46,3,1.191138,0.495597,15.754761,0.917291,47,2.906128,13.571
47,2,1.523602,0.537308,16.289298,0.916851,48,2.892456,13.592
48,0,1.750275,0.507612,16.476847,0.917107,49,2.876892,46.069
49,1,1.971873,0.678894,16.330217,0.916821,50,2.826416,13.819
50,1,1.676399,0.669780,16.115143,0.917156,51,2.892456,14.954
51,1,2.568733,0.621136,16.214891,0.917359,52,2.900452,15.373
52,2,1.380586,0.625894,16.342536,0.916487,53,2.906128,50.014
53,0,1.096791,0.515367,16.505012,0.916742,54,2.904236,13.993
54,1,1.544242,0.355516,16.404589,0.916594,55,2.843872,13.518
55,3,1.221961,0.387106,16.566691,0.916229,56,2.904236,13.635
56,3,1.667397,0.489738,16.684149,0.916945,57,2.931580,13.499
57,1,1.469668,0.472445,17.251355,0.917147,58,2.906128,45.744
58,3,1.387329,0.591107,17.079931,0.916480,59,2.921692,13.381
59,2,1.146172,0.560044,17.395535,0.917850,60,2.785400,13.398
60,0,1.549454,0.546826,17.582286,0.917896,61,2.847656,13.477
61,0,1.821272,0.623669,17.756987,0.917427,62,2.904236,13.317
62,1,1.708267,0.563911,17.760776,0.918028,63,2.917908,45.979
63,1,2.125570,0.635598,17.932462,0.918062,64,2.876892,13.421
64,1,1.738759,0.675318,18.401979,0.917447,65,2.888672,13.287
65,2,1.336668,0.702274,18.293743,0.917280,66,2.863220,13.385
66,3,1.329994,0.630892,18.214643,0.916500,67,2.886780,13.298
67,1,1.657681,0.602192,18.313904,0.917849,68,2.875000,45.879
68,0,1.330009,0.568556,18.494163,0.917240,69,2.892456,13.434
69,3,1.496388,0.489317,18.962680,0.917450,70,2.857544,13.604
70,0,1.812324,0.467074,19.113712,0.917353,71,2.904236,14.292
71,2,1.450549,0.495712,18.957165,0.916836,72,2.917908,13.725
72,2,1.339476,0.501236,19.126776,0.916346,73,2.890564,45.983
73,2,1.693327,0.672400,19.090774,0.917156,74,2.904236,13.406
74,0,1.665721,0.588433,18.953252,0.917126,75,2.843872,13.321
75,3,1.640777,0.482829,18.777953,0.917000,76,2.904236,13.534
76,2,1.739706,0.505939,18.826301,0.917418,77,2.933472,55.470
77,0,1.452257,0.506588,18.602393,0.917232,78,2.904236,16.298
78,2,1.608717,0.556605,18.832364,0.917746,79,2.906128,15.998
79,2,1.712962,0.710601,18.578289,0.917062,80,2.826416,14.791
80,0,1.465741,0.641077,18.430794,0.917327,81,2.947144,13.307
81,3,1.451806,0.623943,18.378365,0.917463,82,2.919800,45.837
82,2,1.447046,0.611160,18.700754,0.916900,83,2.890564,44.083
83,3,1.203284,0.572430,18.678227,0.917892,84,2.919800,18.411
84,0,1.364529,0.514957,18.931149,0.917321,85,2.902344,18.311
85,0,1.511550,0.490583,18.800867,0.917188,86,2.890564,32.213
86,1,1.519178,0.414210,18.703954,0.917084,87,2.919800,26.483
87,2,1.679916,0.452535,18.657244,0.917960,88,2.919800,13.879
88,2,1.634674,0.520511,18.465623,0.917479,89,2.890564,16.125
89,1,1.693677,0.525422,18.383469,0.917801,90,2.904236,49.128
90,3,1.622244,0.469294,18.307575,0.917766,91,2.904236,18.296
91,3,1.622805,0.455384,18.481218,0.917913,92,2.919800,18.584
92,0,1.308270,0.515792,18.291226,0.917718,93,2.878784,14.293
93,3,1.970812,0.623194,18.212782,0.918355,94,2.917908,47.497
94,3,1.804660,0.645067,18.162676,0.918029,95,2.919800,13.552
95,3,1.648184,0.569127,17.983981,0.917154,96,2.892456,13.310
96,3,1.709048,0.489309,17.881414,0.917262,97,2.890564,13.290
97,3,1.591421,0.573248,18.253405,0.916885,98,2.892456,13.378
98,1,1.945589,0.578317,18.377866,0.917536,99,2.917908,45.826
99,3,1.836445,0.498348,18.305346,0.917085,100,2.888672,13.386
100,0,1.413457,0.479214,19.770984,0.916353,101,2.847656,14.995
101,2,1.261692,0.556645,19.667038,0.917525,102,2.800964,13.448
102,0,1.748675,0.484753,19.656451,0.916412,103,2.919800,13.538
103,1,1.768179,0.478694,19.674729,0.916893,104,2.890564,13.574
104,0,1.646479,0.552086,19.834626,0.916988,105,2.931580,13.648
105,1,1.432419,0.592443,19.893117,0.916081,106,2.888672,13.420
106,0,1.799532,0.610852,19.789947,0.916187,107,2.826416,47.312
107,2,0.965305,0.617966,19.612750,0.916210,108,2.904236,13.606
108,0,1.272576,0.616352,19.849221,0.916495,109,2.876892,14.582
109,0,1.461428,0.604687,19.752976,0.915870,110,2.916016,17.359
110,1,1.469915,0.515917,19.824613,0.916330,111,2.890564,52.515
111,1,1.199636,0.513732,20.158610,0.917091,112,2.826416,14.338
112,1,1.918083,0.498489,20.052059,0.915928,113,2.904236,14.791
113,0,1.592572,0.494876,20.246638,0.916759,114,2.892456,15.235
114,0,1.608989,0.614632,20.253729,0.916430,115,2.875000,15.450
115,2,1.553117,0.741655,20.118375,0.916085,116,2.875000,14.602
116,2,1.261245,0.642818,20.029856,0.916637,117,2.875000,13.766
117,3,1.441543,0.594232,19.765838,0.917360,118,2.919800,16.126
118,3,1.131199,0.506808,19.669287,0.916291,119,2.894348,15.104
119,3,1.624230,0.447276,19.685849,0.917381,120,2.904236,44.105
120,1,1.899547,0.460439,19.491921,0.917502,121,2.904236,13.346
121,0,1.647045,0.448423,19.438052,0.917822,122,2.890564,13.551
122,2,1.519782,0.588431,19.502298,0.917590,123,2.947144,13.595
123,3,1.400630,0.550006,19.396573,0.917744,124,2.906128,13.603
124,1,1.589241,0.518066,19.583766,0.917916,125,2.931580,42.115
125,0,1.488490,0.535042,19.563308,0.918352,126,2.859436,13.473
126,1,1.451699,0.581308,19.592677,0.917021,127,2.890564,13.547
127,0,1.501303,0.576786,19.311277,0.917391,128,2.933472,13.405
128,3,1.667315,0.536271,19.275700,0.917297,129,2.890564,13.431
129,2,1.402456,0.499001,19.531914,0.917624,130,2.933472,13.431
130,2,1.684967,0.517753,19.611401,0.917160,131,2.861328,13.451
131,1,1.524033,0.688360,19.530920,0.918104,132,2.832092,13.364
132,0,1.769396,0.656854,19.876026,0.917655,133,2.888672,13.351
133,1,1.418823,0.468884,19.719469,0.917678,134,2.900452,13.358
134,2,1.377944,0.525930,19.793646,0.918251,135,2.863220,46.188
135,3,1.033959,0.642810,19.799780,0.916604,136,2.904236,13.395
136,3,1.342049,0.597914,19.592720,0.916950,137,2.890564,13.459
137,2,1.560898,0.487389,19.520919,0.917051,138,2.947144,13.306
138,0,1.311784,0.429007,19.370392,0.916881,139,2.826416,13.442
139,0,1.139043,0.491623,19.519813,0.917099,140,2.812744,13.527
140,2,1.543967,0.556111,19.537263,0.917284,141,2.875000,13.542
141,0,1.433615,0.485080,19.595089,0.917277,142,2.888672,13.477
142,2,1.478878,0.468665,19.305664,0.917213,143,2.806641,13.567
143,1,1.548830,0.559247,19.225430,0.917134,144,2.906128,13.398
144,1,1.790500,0.589417,19.584958,0.916909,145,2.904236,13.821
145,2,1.631579,0.504440,19.436712,0.917099,146,2.906128,13.651
146,0,1.425815,0.756480,19.362809,0.914762,147,2.888672,13.449
147,0,1.259767,0.578893,19.475316,0.916541,148,2.917908,13.570
148,0,1.618541,0.612178,19.675115,0.917912,149,2.919800,13.318
149,1,1.530673,0.398761,19.924627,0.917580,150,2.935364,13.430
150,2,1.174746,0.561920,20.254300,0.917350,151,2.876892,13.461
151,3,1.436694,0.585364,19.959316,0.917052,152,2.869324,13.427
152,3,1.639706,0.615322,19.964523,0.917449,153,2.906128,13.403
153,0,1.477486,0.507291,19.826308,0.916949,154,2.892456,13.396
154,0,1.476694,0.642890,19.853527,0.916755,155,2.904236,13.426
155,1,1.477675,0.532513,19.951199,0.917330,156,2.947144,13.762
156,0,1.203825,0.467077,19.534755,0.917655,157,2.857544,13.493
157,0,1.880360,0.450558,19.400660,0.917194,158,2.888672,13.736
158,0,1.318997,0.525138,19.528466,0.917218,159,2.875000,13.699
159,3,1.758047,0.393239,19.827854,0.917276,160,2.890564,46.215
160,3,1.359971,0.519279,19.941452,0.917334,161,2.902344,13.802
161,2,1.584678,0.598701,19.719794,0.916716,162,2.875000,13.719
162,2,1.337663,0.565821,19.626519,0.915790,163,2.904236,13.654
163,1,1.402255,0.525122,19.354714,0.916534,164,2.861328,13.680
164,0,1.623374,0.696854,19.270551,0.915923,165,2.841980,13.535
165,0,1.291133,0.775705,19.106824,0.916144,166,2.890564,13.749
166,3,1.903767,0.675784,18.904154,0.916230,167,2.894348,13.776
167,1,1.597829,0.654599,18.796991,0.917733,168,2.919800,13.853
168,3,0.811178,0.732552,18.743118,0.916843,169,2.904236,13.673
169,0,1.862685,0.647368,18.888711,0.917006,170,2.873108,46.303
170,1,1.358929,0.550286,18.927017,0.918019,171,2.873108,13.692
171,2,1.429427,0.474071,18.733246,0.917931,172,2.861328,13.674
172,3,1.662802,0.485674,18.713622,0.916123,173,2.876892,13.662
173,3,1.465763,0.739224,18.719776,0.916566,174,2.873108,13.323
174,3,1.043566,0.631865,18.824988,0.916824,175,2.890564,13.506
175,0,1.703042,0.671876,18.884222,0.916375,176,2.916016,13.403
176,1,1.537124,0.621633,18.651913,0.917243,177,2.906128,13.517
177,0,1.748492,0.544068,18.693792,0.916642,178,2.863220,13.333
178,0,1.729735,0.678714,18.900193,0.916760,179,2.843872,13.248
179,3,1.464978,0.612249,18.985258,0.918028,180,2.890564,46.060
180,2,1.540929,0.572329,19.073387,0.917495,181,2.931580,13.280
181,1,1.879002,0.575257,18.898148,0.917505,182,2.906128,13.141
182,2,1.340916,0.610787,18.734744,0.916843,183,2.906128,13.214
183,1,1.394681,0.674104,19.105931,0.916758,184,2.830200,13.380
184,1,1.567361,0.569469,19.124654,0.918005,185,2.876892,13.182
185,2,1.178797,0.623749,19.238502,0.917563,186,2.904236,45.758
186,1,1.386302,0.603772,19.043318,0.917121,187,2.935364,13.214
187,1,1.528907,0.540482,19.016816,0.916942,188,2.890564,13.892
188,3,1.498851,0.559937,19.244665,0.916416,189,2.859436,13.328
189,0,1.264387,0.425922,19.198883,0.917974,190,2.908020,13.338
190,3,1.436778,0.619332,19.049465,0.917080,191,2.906128,13.376
191,2,1.529502,0.559607,19.100958,0.917417,192,2.919800,13.251
192,2,1.643251,0.495410,19.035285,0.917626,193,2.847656,13.295
193,0,1.368579,0.548651,19.010719,0.917227,194,2.812744,13.290
194,0,1.458290,0.450630,19.092131,0.917799,195,2.878784,13.241
195,1,1.343986,0.541493,19.166205,0.917159,196,2.902344,13.276
196,3,1.434293,0.529456,19.076794,0.916576,197,2.890564,13.235
197,0,1.617566,0.621334,19.228737,0.916448,198,2.875000,13.486
198,1,1.596011,0.661802,19.391123,0.917072,199,2.888672,13.281
199,1,1.209100,0.577819,19.265348,0.916765,200,2.890564,13.186
200,0,1.265685,0.529449,20.188289,0.917963,201,2.917908,13.553
201,2,1.594499,0.620717,20.174211,0.916807,202,2.847656,13.276
202,1,1.763543,0.484444,20.251307,0.917171,203,2.876892,13.233
203,0,1.593055,0.454899,20.011452,0.916580,204,2.828308,13.259
204,0,1.554198,0.569960,19.760130,0.917005,205,2.931580,17.737
205,1,1.393206,0.628946,19.939317,0.917144,206,2.933472,13.213
206,2,1.433387,0.524870,19.738832,0.916415,207,2.906128,13.247
207,3,1.251564,0.532253,19.554303,0.917259,208,2.812744,13.315
208,3,1.404200,0.602795,19.592578,0.916548,209,2.890564,13.287
209,1,1.360961,0.616728,19.587948,0.918156,210,2.853760,13.328
210,1,1.547509,0.585691,19.680904,0.916796,211,2.890564,13.238
211,0,1.511811,0.551408,19.721626,0.917558,212,2.875000,14.058
212,1,1.836144,0.555145,19.899534,0.917574,213,2.921692,14.661
213,0,1.240525,0.685300,19.825933,0.917896,214,2.904236,14.044
214,2,1.516897,0.639182,19.737013,0.917075,215,2.826416,13.833
215,2,1.830593,0.622869,20.015390,0.917829,216,2.906128,13.653
216,3,1.923561,0.592943,20.158469,0.917287,217,2.890564,13.560
217,2,1.254942,0.558631,20.228074,0.917299,218,2.919800,13.555
218,1,1.446197,0.624955,20.199185,0.917376,219,2.933472,46.127
219,3,1.565250,0.594105,20.092362,0.917343,220,2.812744,13.691
220,1,1.283478,0.473403,19.874343,0.916304,221,2.888672,13.628
221,0,1.298657,0.512363,19.526306,0.916526,222,2.863220,13.484
222,3,1.759056,0.488817,19.513137,0.915898,223,2.931580,13.520
223,2,1.377320,0.615770,19.360216,0.916457,224,2.919800,13.529
224,2,1.562054,0.623798,19.124241,0.916932,225,2.863220,13.640
225,1,1.345890,0.631196,18.947456,0.916674,226,2.892456,13.580
226,1,1.379415,0.724340,18.770321,0.918341,227,2.888672,13.540
227,1,1.552721,0.627077,18.922125,0.917150,228,2.890564,13.609
228,3,1.533161,0.632066,18.957430,0.916976,229,2.935364,45.376
229,2,1.561745,0.630138,18.934872,0.917090,230,2.908020,13.957
230,2,1.810411,0.602322,19.039347,0.917834,231,2.863220,13.973
231,1,1.642289,0.647179,19.081344,0.917400,232,2.916016,13.978
232,1,1.470756,0.585183,18.969537,0.917391,233,2.873108,13.408
233,1,1.716097,0.587395,18.938609,0.916979,234,2.931580,45.881
234,0,1.352693,0.509801,18.927385,0.917180,235,2.888672,13.304
235,1,1.791937,0.607236,19.053538,0.917812,236,2.906128,13.322
236,0,1.501037,0.548098,19.298941,0.917016,237,2.917908,13.535
237,2,1.551909,0.719534,19.313406,0.917382,238,2.863220,13.302
238,2,1.409802,0.591998,19.297200,0.917705,239,2.888672,45.771
239,3,1.297334,0.645145,19.304529,0.916943,240,2.799072,13.731
240,3,1.208361,0.517772,19.332270,0.918113,241,2.935364,13.627
241,3,1.890845,0.564362,19.472273,0.917372,242,2.906128,13.270
242,3,1.262123,0.548629,19.619805,0.916263,243,2.890564,13.220
243,3,1.875648,0.500202,19.697237,0.918126,244,2.904236,45.684
244,1,1.466690,0.466261,19.491510,0.917334,245,2.812744,13.310
245,3,1.462826,0.587861,19.343533,0.917338,246,2.904236,33.817
246,2,1.791980,0.508188,19.336452,0.917071,247,2.949036,104.021
247,0,1.541682,0.510142,19.512343,0.916398,248,2.863220,40.411
248,0,1.249783,0.497230,19.532754,0.917229,249,2.859436,20.358
249,1,1.633425,0.559067,19.340490,0.917224,250,2.921692,13.185
250,3,1.323181,0.417105,19.196788,0.917057,251,2.890564,13.273
251,0,1.734207,0.575723,19.200134,0.916829,252,2.814636,43.596
252,3,1.542415,0.512108,19.266786,0.916756,253,2.876892,13.554
253,2,1.424720,0.472149,19.262576,0.916851,254,2.904236,13.858
254,2,1.397527,0.547626,19.205789,0.916486,255,2.904236,13.429
255,0,1.477716,0.492639,19.101644,0.916792,256,2.861328,13.242
256,1,2.022505,0.574490,19.304288,0.916569,257,2.917908,13.258
257,1,1.718800,0.678462,19.402357,0.915790,258,2.871216,13.447
258,1,1.655264,0.541514,19.463869,0.914785,259,2.857544,13.308
259,2,1.697536,0.529885,19.719555,0.916761,260,2.917908,13.278
260,2,1.701468,0.726815,19.618709,0.916613,261,2.919800,13.203
261,2,1.532439,0.611133,19.578473,0.916167,262,2.890564,13.281
262,2,1.076531,0.493385,19.373855,0.917366,263,2.888672,13.351
263,0,1.786586,0.612936,19.520095,0.916410,264,2.902344,13.151
264,2,1.434808,0.549946,19.557263,0.917271,265,2.841980,13.233
265,2,1.381224,0.460722,19.425303,0.917508,266,2.888672,13.310
266,0,1.316963,0.623191,19.326640,0.917224,267,2.919800,13.217
267,2,1.486804,0.588907,19.308266,0.917919,268,2.931580,13.193
268,2,1.677941,0.628838,19.465737,0.917371,269,2.861328,13.203
269,2,1.588226,0.599635,19.221329,0.917198,270,2.890564,13.653
270,2,1.957795,0.589219,19.312649,0.917421,271,2.931580,13.685
271,2,1.222528,0.595988,19.562209,0.918241,272,2.888672,13.423
272,1,1.111530,0.704339,19.431700,0.916465,273,2.892456,13.229
273,3,1.563651,0.690090,19.385116,0.916871,274,2.921692,13.169
274,2,1.539035,0.547567,19.209176,0.916575,275,2.904236,13.223
275,1,1.659620,0.472118,19.188424,0.917315,276,2.947144,13.197
276,2,1.502153,0.566713,19.380133,0.918404,277,2.843872,13.588
277,0,1.344113,0.487067,19.343668,0.917484,278,2.888672,13.852
278,3,1.644755,0.534577,19.274984,0.916990,279,2.875000,13.542
279,0,1.471901,0.597615,19.054680,0.917357,280,2.890564,13.858
280,3,1.777638,0.435638,18.748401,0.917064,281,2.947144,13.529
281,0,1.382408,0.535693,19.110464,0.916862,282,2.906128,13.659
282,2,1.839757,0.527386,19.033261,0.916750,283,2.859436,13.649
283,1,1.520158,0.592674,19.063627,0.916622,284,2.892456,13.486
284,1,1.670316,0.636334,19.108559,0.916829,285,2.902344,13.451
285,2,1.746197,0.606143,19.199377,0.916810,286,2.931580,13.480
286,1,1.486768,0.645111,19.143408,0.916531,287,2.906128,46.286
287,1,1.153080,0.543949,19.132232,0.916046,288,2.890564,13.475
288,0,1.827218,0.526021,18.963269,0.916219,289,2.873108,13.569
289,0,1.379988,0.483107,19.167630,0.917472,290,2.861328,13.526
290,1,1.614191,0.485493,19.259236,0.917268,291,2.931580,13.873
291,3,1.416097,0.581704,19.054624,0.917302,292,2.906128,45.943
292,1,1.717529,0.582483,19.137919,0.916785,293,2.888672,13.130
293,0,1.584024,0.618097,19.331092,0.916897,294,2.917908,13.217
294,1,1.532834,0.505109,19.320212,0.917369,295,2.904236,13.234
295,1,1.574100,0.564586,19.237955,0.917684,296,2.884888,13.273
296,1,1.294485,0.538486,19.117846,0.917610,297,2.892456,13.236
297,3,1.331599,0.641524,19.146352,0.917134,298,2.890564,13.256
298,0,1.654041,0.752262,19.460167,0.916581,299,2.863220,13.190
299,3,1.799282,0.727166,19.719593,0.916681,300,2.890564,13.206
300,0,1.735588,0.616604,19.022431,0.917402,301,2.919800,13.437
301,3,1.779039,0.534632,18.941744,0.916887,302,2.906128,13.309
302,3,1.499353,0.660492,18.964159,0.917855,303,2.876892,13.172
303,2,1.424380,0.533892,19.174171,0.917173,304,2.855652,13.171
304,3,1.516155,0.517949,19.397931,0.917072,305,2.919800,13.219
305,0,1.956952,0.577749,19.395049,0.917126,306,2.904236,13.169
306,1,1.362934,0.608616,19.482737,0.917056,307,2.890564,37.639
307,1,1.167472,0.565936,19.456386,0.916755,308,2.890564,13.183
308,3,1.557949,0.537235,19.408054,0.916307,309,2.892456,13.175
309,1,1.089275,0.563871,19.522016,0.916009,310,2.890564,13.267
310,3,1.382738,0.607115,19.464085,0.916301,311,2.904236,13.235
311,1,1.622788,0.645217,19.622754,0.917087,312,2.843872,49.841
312,0,1.778486,0.585800,19.560120,0.916024,313,2.919800,13.282
313,1,1.414960,0.558747,19.638015,0.917002,314,2.917908,13.190
314,2,1.492392,0.566892,19.587056,0.916000,315,2.904236,13.155
315,0,1.607684,0.549935,19.620342,0.916085,316,2.863220,13.168
316,1,1.762426,0.558980,19.830660,0.916915,317,2.919800,13.165
317,2,1.590760,0.716075,19.688371,0.917238,318,2.890564,13.269
318,1,1.913108,0.504827,19.680166,0.917559,319,2.878784,13.210
319,0,1.649487,0.601696,19.561221,0.917580,320,2.855652,13.161
320,0,1.491188,0.525180,19.374363,0.917393,321,2.904236,13.232
321,3,1.493509,0.506161,19.418575,0.916580,322,2.875000,13.850
322,1,2.199064,0.525365,19.481854,0.916695,323,2.933472,13.215
323,2,1.453526,0.584834,19.559229,0.916420,324,2.904236,13.770
324,3,1.318660,0.477694,19.605594,0.917890,325,2.919800,13.406
325,1,1.726389,0.579521,19.639149,0.917940,326,2.863220,13.483
326,0,1.676385,0.498412,19.360553,0.916683,327,2.904236,53.751
327,1,2.037204,0.632725,19.200329,0.917245,328,2.812744,102.354
328,2,1.663508,0.629196,19.237145,0.917906,329,2.890564,60.985
329,1,1.072582,0.596022,19.351456,0.918369,330,2.876892,19.890
330,3,1.692899,0.496014,19.642648,0.915726,331,2.863220,19.705
331,2,1.640451,0.664941,19.774457,0.917112,332,2.931580,19.608
332,2,1.352747,0.502066,19.873366,0.917081,333,2.904236,19.644
333,0,1.650627,0.590220,19.828628,0.916904,334,2.875000,19.578
334,2,1.669658,0.589468,19.872102,0.916702,335,2.904236,19.476
335,3,1.539240,0.522194,19.738741,0.916711,336,2.841980,52.287
336,3,1.588162,0.566735,19.463996,0.916880,337,2.861328,19.814
337,3,1.524787,0.642228,19.355623,0.917587,338,2.931580,19.509
338,1,1.817614,0.620307,19.317617,0.917161,339,2.906128,52.083
339,1,1.420550,0.580119,19.218670,0.916851,340,2.859436,19.286
340,0,1.569814,0.490301,19.131233,0.917916,341,2.845764,19.287
341,1,1.496983,0.662820,19.289037,0.917098,342,2.855652,19.019
342,2,1.238900,0.641231,19.460684,0.917801,343,2.962708,42.043
343,1,1.593650,0.684722,19.471838,0.915847,344,2.906128,13.270
344,2,1.427066,0.627163,19.632476,0.916056,345,2.906128,13.625
345,1,1.563308,0.614446,19.684393,0.916586,346,2.875000,13.547
346,3,1.546719,0.543342,19.555788,0.917319,347,2.876892,13.233
347,2,1.493241,0.629140,19.482416,0.916020,348,2.962708,41.825
348,2,1.459367,0.667485,19.362434,0.915934,349,2.873108,13.369
349,1,1.622796,0.767954,19.426598,0.915433,350,2.890564,13.317
350,2,1.224822,0.605149,19.432023,0.917396,351,2.884888,13.303
351,1,1.634211,0.573083,19.566619,0.917564,352,2.904236,13.278
352,2,1.567279,0.584811,19.691046,0.915962,353,2.904236,51.953
353,1,1.398958,0.616793,19.638732,0.917441,354,2.812744,13.352
354,2,1.813929,0.575559,19.552884,0.917012,355,2.890564,13.395
355,2,1.454559,0.530380,19.659162,0.916905,356,2.863220,13.416
356,2,1.753652,0.612031,19.571583,0.916513,357,2.904236,13.335
357,3,1.574431,0.498816,19.404347,0.917538,358,2.904236,45.814
358,1,1.313595,0.451429,19.431211,0.916876,359,2.890564,13.433
359,1,1.693767,0.571053,19.416105,0.916537,360,2.890564,13.342
360,3,1.413903,0.502083,19.429625,0.917797,361,2.908020,13.325
361,2,1.066518,0.649027,19.132419,0.917686,362,2.876892,13.319
362,1,1.341259,0.485375,19.211610,0.917867,363,2.840088,49.784
363,2,1.336961,0.489817,19.239843,0.917282,364,2.888672,13.976
364,0,1.971802,0.618055,19.313589,0.917402,365,2.828308,13.215
365,0,1.820558,0.676729,19.275408,0.916430,366,2.904236,13.507
366,1,1.493196,0.492542,19.255082,0.917192,367,2.919800,13.853
367,3,1.387570,0.444287,19.334614,0.917047,368,2.876892,46.993
368,3,1.541351,0.525862,19.464125,0.917859,369,2.894348,13.248
369,2,1.401877,0.466473,19.602467,0.918144,370,2.917908,13.325
370,1,1.270882,0.456281,19.551177,0.914077,371,2.826416,13.387
371,3,1.876408,0.579723,19.652338,0.916429,372,2.892456,13.349
372,3,1.507069,0.624982,19.507692,0.917118,373,2.888672,13.457
373,0,1.636573,0.636292,19.400832,0.917805,374,2.904236,13.300
374,2,1.551562,0.545873,19.394494,0.917547,375,2.892456,13.580
375,2,1.198057,0.563986,19.409310,0.916183,376,2.878784,13.604
376,2,1.375967,0.490068,19.391118,0.918084,377,2.917908,13.722
377,3,1.176764,0.502713,19.328477,0.917634,378,2.890564,13.600
378,1,1.267522,0.479051,19.274542,0.916445,379,2.828308,13.593
379,3,1.448033,0.534730,19.271096,0.916528,380,2.933472,13.549
380,0,1.184932,0.499379,19.089733,0.917561,381,2.904236,13.541
381,0,1.396302,0.524424,19.128652,0.917644,382,2.875000,46.232
382,2,1.090342,0.628998,18.933855,0.916455,383,2.876892,13.591
383,2,1.192328,0.560646,18.984954,0.917073,384,2.902344,13.662
384,0,1.720816,0.503870,19.158509,0.916998,385,2.890564,15.041
385,0,1.731001,0.716360,19.043842,0.916742,386,2.904236,14.177
386,0,1.465772,0.509565,19.006618,0.917524,387,2.917908,46.684
387,3,1.574558,0.562516,18.937176,0.916979,388,2.863220,13.512
388,3,1.586129,0.677760,18.964796,0.916871,389,2.878784,13.795
389,2,1.412976,0.731998,19.084324,0.917216,390,2.873108,13.560
390,0,1.474857,0.599073,19.051338,0.916725,391,2.890564,13.509
391,2,1.461890,0.591587,19.224326,0.916607,392,2.888672,41.752
392,2,1.456176,0.614785,19.246271,0.917588,393,2.904236,13.354
393,2,1.335987,0.526312,19.449617,0.917594,394,2.902344,13.383
394,0,1.774062,0.384631,19.162079,0.917663,395,2.908020,13.247
395,2,1.643505,0.595114,19.357599,0.917090,396,2.861328,13.375
396,0,1.959894,0.534223,19.289762,0.917348,397,2.888672,50.217
397,0,1.500821,0.557787,19.544771,0.917171,398,2.890564,13.715
398,2,1.494197,0.725745,19.598420,0.916934,399,2.906128,13.309
399,3,1.990266,0.598762,19.409225,0.916505,400,2.933472,13.198
400,1,1.453243,0.575691,19.697012,0.916566,401,2.876892,20.202
401,3,1.778826,0.554584,19.874266,0.916477,402,2.812744,13.342
402,0,1.376206,0.636845,19.800919,0.917401,403,2.785400,13.368
403,1,1.391859,0.588679,19.817978,0.917297,404,2.906128,13.608
404,0,1.659029,0.546028,19.659146,0.916422,405,2.921692,29.977
405,2,1.671897,0.450250,19.613834,0.916702,406,2.890564,13.306
406,0,1.467299,0.632579,19.596227,0.917259,407,2.947144,13.403
407,1,1.419286,0.533860,19.592200,0.916991,408,2.863220,13.320
408,2,1.417854,0.457756,19.796417,0.917642,409,2.888672,13.309
409,3,1.338228,0.595060,19.723318,0.916949,410,2.878784,41.904
410,2,1.398498,0.621772,19.734943,0.917915,411,2.826416,13.331
411,3,1.448057,0.558275,19.481348,0.917914,412,2.890564,13.297
412,1,1.428829,0.601647,19.405998,0.916491,413,2.904236,13.267
413,1,1.533008,0.551544,19.757871,0.916077,414,2.843872,13.348
414,3,1.799508,0.474493,19.843594,0.917407,415,2.863220,45.923
415,3,1.456431,0.637807,19.671028,0.915819,416,2.785400,15.181
416,2,1.526910,0.584974,19.733984,0.916898,417,2.906128,13.285
417,1,1.282963,0.500781,19.654948,0.917372,418,2.892456,13.800
418,1,1.435286,0.467671,19.627560,0.917793,419,2.888672,13.705
419,3,1.309315,0.588402,19.613377,0.916835,420,2.902344,13.646
420,0,1.561610,0.499522,19.701400,0.917094,421,2.902344,13.630
421,2,1.432345,0.464979,19.715109,0.916817,422,2.919800,13.575
422,2,1.580711,0.637499,19.709855,0.917123,423,2.863220,13.505
423,0,1.386929,0.493340,20.085547,0.917641,424,2.890564,13.560
424,1,1.686917,0.557581,20.314872,0.916626,425,2.863220,46.179
425,2,1.594582,0.628310,20.495075,0.917183,426,2.878784,13.530
426,2,1.492292,0.694372,20.358360,0.917332,427,2.830200,13.601
427,2,1.398525,0.543550,20.610166,0.917427,428,2.890564,13.826
428,2,1.694069,0.659869,20.315022,0.915911,429,2.843872,13.618
429,1,1.404400,0.662782,20.282707,0.915594,430,2.919800,45.137
430,1,1.778161,0.698445,20.296275,0.916480,431,2.902344,14.100
431,1,1.706392,0.627567,20.281061,0.917044,432,2.890564,15.005
432,3,1.735178,0.719314,20.185995,0.916971,433,2.904236,13.673
433,0,1.671671,0.704066,19.970654,0.916831,434,2.935364,13.348
434,3,1.403227,0.429462,20.067132,0.917530,435,2.890564,45.904
435,0,1.449282,0.595254,19.799230,0.917418,436,2.890564,13.620
436,0,1.607963,0.592842,19.749335,0.916387,437,2.933472,13.319
437,3,1.614368,0.690588,19.891021,0.916393,438,2.843872,13.206
438,1,1.279839,0.720836,20.007756,0.916539,439,2.886780,13.643
439,2,1.549283,0.605750,20.040735,0.916222,440,2.873108,45.893
440,3,1.568960,0.668770,19.980684,0.916697,441,2.890564,13.320
441,1,1.806331,0.646311,19.962284,0.916441,442,2.931580,13.247
442,2,1.393977,0.655492,20.128032,0.916467,443,2.876892,13.334
443,0,1.620081,0.669306,20.388069,0.915945,444,2.863220,13.544
444,1,1.632366,0.610956,20.347566,0.916858,445,2.888672,46.008
445,1,1.407733,0.646692,20.350270,0.916831,446,2.931580,13.897
446,3,1.473620,0.508450,20.159954,0.917915,447,2.904236,16.613
447,1,1.555644,0.483181,20.187349,0.916733,448,2.890564,75.854
448,1,1.335808,0.599036,20.201865,0.917115,449,2.890564,21.847
449,3,1.600172,0.637423,20.089569,0.916483,450,2.875000,47.969
450,1,1.490108,0.579250,19.865735,0.917132,451,2.843872,24.025
451,1,1.387036,0.606990,19.704158,0.916301,452,2.894348,29.863
452,1,1.718979,0.541346,19.665666,0.916721,453,2.888672,46.190
453,3,1.375746,0.603025,19.671939,0.915914,454,2.845764,13.370
454,2,1.395752,0.551261,19.635624,0.917366,455,2.906128,13.872
455,2,1.212954,0.698130,19.337946,0.916896,456,2.857544,13.202
456,1,1.621775,0.548199,19.257143,0.917023,457,2.841980,13.811
457,1,1.685193,0.671141,19.321977,0.916284,458,2.921692,13.634
458,2,1.351749,0.642115,19.468904,0.916917,459,2.876892,13.856
459,3,1.552474,0.545352,19.224747,0.916870,460,2.799072,13.252
460,1,1.536779,0.632655,19.458278,0.917199,461,2.919800,13.283
461,3,1.240686,0.581937,19.347235,0.916573,462,2.812744,13.278
462,1,1.513758,0.563226,19.512238,0.916686,463,2.919800,13.390
463,2,1.597873,0.573131,19.519327,0.917276,464,2.892456,13.249
464,3,1.438245,0.726762,19.716354,0.916234,465,2.828308,13.220
465,2,1.138914,0.550155,19.794467,0.916598,466,2.921692,13.237
466,0,1.371630,0.561627,19.790878,0.917505,467,2.888672,50.009
467,2,1.197594,0.515308,19.923499,0.917231,468,2.871216,14.526
468,2,1.378512,0.554915,19.989627,0.917523,469,2.863220,14.211
469,0,1.505230,0.495413,20.038406,0.916970,470,2.875000,13.924
470,3,1.461969,0.557511,19.908683,0.917154,471,2.904236,13.969
471,2,1.589972,0.506624,19.768907,0.916374,472,2.904236,42.546
472,1,1.349524,0.564765,19.674388,0.916942,473,2.904236,13.577
473,3,1.605668,0.646065,19.635817,0.917031,474,2.873108,13.612
474,3,1.090834,0.552067,19.534903,0.917221,475,2.863220,13.660
475,3,1.574254,0.531231,19.414653,0.916471,476,2.890564,13.550
476,2,1.364735,0.665344,19.422224,0.916029,477,2.847656,42.213
477,2,1.604045,0.552387,19.550915,0.917148,478,2.906128,13.652
478,3,1.602832,0.579142,19.623751,0.916698,479,2.875000,14.062
479,3,1.640909,0.555470,19.648403,0.917257,480,2.890564,13.624
480,2,1.525272,0.544483,19.770757,0.917265,481,2.892456,13.650
481,3,1.617999,0.681665,19.835808,0.917183,482,2.875000,47.942
482,2,1.410762,0.640247,19.979992,0.916910,483,2.900452,13.552
483,1,1.533151,0.598348,20.033575,0.916955,484,2.933472,13.728
484,3,1.617254,0.651655,19.992681,0.917168,485,2.863220,13.812
485,1,1.213801,0.640990,19.956450,0.917662,486,2.908020,13.346
486,0,1.325492,0.588105,20.047598,0.916832,487,2.917908,41.942
487,3,1.519381,0.568232,20.327848,0.917821,488,2.890564,13.289
488,3,1.495462,0.622359,20.317279,0.917443,489,2.919800,13.370
489,3,1.367958,0.650924,20.531962,0.917557,490,2.904236,13.839
490,2,1.472855,0.603227,20.548401,0.916729,491,2.906128,13.383
491,3,1.496129,0.653553,20.587128,0.916891,492,2.904236,45.952
492,3,1.590169,0.790386,20.204560,0.915978,493,2.878784,13.390
493,2,1.330762,0.733896,20.035053,0.916279,494,2.931580,13.934
494,3,1.225927,0.571660,19.880383,0.915974,495,2.917908,13.487
495,3,1.559380,0.612859,19.695754,0.916581,496,2.906128,13.275
496,2,1.416308,0.508636,19.414673,0.917684,497,2.890564,13.405
497,1,1.462075,0.548518,19.400898,0.916633,498,2.919800,13.392
498,2,1.267765,0.556081,19.281023,0.917016,499,2.906128,13.399
499,1,1.444750,0.562403,19.305448,0.916101,500,2.919800,13.595
500,2,1.557087,0.642816,20.115947,0.916718,501,2.888672,13.556
501,2,1.381634,0.693919,19.977536,0.916570,502,2.875000,13.359
502,1,1.423369,0.615127,19.902608,0.915716,503,2.826416,13.357
503,2,1.486081,0.634784,19.940376,0.917363,504,2.906128,13.417
504,3,1.295237,0.567409,19.689539,0.915990,505,2.873108,13.310
505,2,2.039305,0.698277,19.486274,0.916921,506,2.917908,13.420
506,3,1.575432,0.674090,19.338267,0.916564,507,2.890564,41.775
507,2,1.402521,0.586201,19.596183,0.917608,508,2.843872,13.952
508,1,1.564786,0.601837,19.743909,0.917619,509,2.904236,13.892
509,0,1.543664,0.562995,19.698265,0.917113,510,2.875000,14.154
510,0,1.844426,0.545954,19.631715,0.916967,511,2.916016,14.104
511,0,1.503875,0.638411,19.658801,0.917015,512,2.917908,13.783
512,0,1.745878,0.639565,19.569707,0.916915,513,2.847656,13.697
513,3,1.342576,0.589626,19.554449,0.916883,514,2.888672,13.626
514,3,1.313578,0.572035,19.465206,0.916705,515,2.906128,13.716
515,2,1.285915,0.502800,19.719588,0.916285,516,2.917908,13.633
516,3,1.821510,0.755079,19.489946,0.916599,517,2.904236,13.758
517,2,1.424802,0.691035,19.541099,0.916412,518,2.890564,13.652
518,2,1.516636,0.562532,19.650510,0.916209,519,2.916016,13.563
519,1,1.518350,0.627270,19.448496,0.916526,520,2.876892,13.718
520,0,1.350894,0.589012,19.213509,0.915837,521,2.878784,13.692
521,0,1.554414,0.627357,19.221000,0.918275,522,2.919800,13.699
522,3,1.839681,0.728825,19.475619,0.915813,523,2.947144,13.684
523,2,1.623387,0.641146,19.430169,0.916631,524,2.888672,13.482
524,2,1.819859,0.663080,19.351939,0.916296,525,2.875000,13.625
525,1,1.582108,0.589634,19.202522,0.914541,526,2.921692,13.739
526,0,1.439320,0.633650,19.245541,0.916354,527,2.904236,13.373
527,0,1.469494,0.546372,19.107730,0.916115,528,2.906128,13.383
528,2,1.607057,0.579239,19.106659,0.916947,529,2.878784,13.529
529,1,1.762714,0.452613,18.828959,0.916078,530,2.890564,13.389
530,0,1.883451,0.615598,19.072471,0.917381,531,2.799072,45.986
531,0,1.641028,0.552020,19.201310,0.915712,532,2.906128,13.406
532,3,1.454122,0.620222,19.039145,0.914676,533,2.812744,13.354
533,1,1.427245,0.565686,19.195562,0.916999,534,2.919800,13.346
534,3,1.567759,0.688124,19.223907,0.916900,535,2.892456,13.283
535,0,1.610396,0.660789,19.281060,0.917062,536,2.845764,45.826
536,1,1.696573,0.596504,19.417596,0.917239,537,2.921692,13.341
537,3,1.240583,0.553508,19.410074,0.917159,538,2.888672,13.950
538,0,1.655561,0.553461,19.832837,0.916066,539,2.904236,13.347
539,3,1.759662,0.627361,19.824490,0.916117,540,2.890564,13.323
540,2,1.463447,0.490497,19.915071,0.917528,541,2.861328,45.878
541,3,1.147397,0.569937,19.700840,0.916705,542,2.888672,13.686
542,1,1.151960,0.580714,19.890034,0.916109,543,2.863220,13.434
543,2,1.449658,0.598479,19.875279,0.916405,544,2.890564,13.354
544,0,1.301521,0.578661,19.898402,0.918417,545,2.873108,13.331
545,3,1.182145,0.595390,19.835389,0.917083,546,2.906128,13.439
546,1,1.621378,0.515066,20.089962,0.917845,547,2.906128,13.444
547,0,1.439221,0.628784,19.950768,0.917734,548,2.888672,13.337
548,1,1.220405,0.616555,20.195596,0.915933,549,2.949036,13.373
549,3,1.652083,0.674327,19.893116,0.917392,550,2.845764,13.947
550,3,1.556199,0.554616,20.017177,0.917447,551,2.888672,13.474
551,3,1.463017,0.564185,20.099390,0.916668,552,2.933472,13.438
552,3,1.321368,0.667181,20.218100,0.915605,553,2.863220,13.359
553,2,1.590243,0.544456,20.345446,0.916592,554,2.904236,13.618
554,3,1.442985,0.536404,20.177586,0.917597,555,2.875000,13.460
555,1,1.758717,0.560151,19.963271,0.916838,556,2.890564,13.406
556,1,1.642635,0.551054,19.965414,0.917623,557,2.931580,13.372
557,0,1.151721,0.520862,20.110797,0.917539,558,2.919800,13.380
558,1,1.556317,0.554003,20.226798,0.916677,559,2.812744,13.348
559,3,1.407483,0.531799,20.242550,0.916914,560,2.843872,13.295
560,0,1.455059,0.615763,20.117200,0.917078,561,2.876892,13.503
561,1,1.432724,0.521303,20.462086,0.917005,562,2.890564,13.407
562,3,1.333649,0.630891,20.351561,0.917137,563,2.904236,31.456
563,1,1.020216,0.631918,20.141113,0.916191,564,2.863220,74.863
564,1,1.461972,0.718952,20.355212,0.916741,565,2.888672,32.652
565,2,1.531089,0.740221,20.075734,0.917692,566,2.890564,33.835
566,2,1.528972,0.583675,20.009337,0.917647,567,2.888672,23.552
567,3,1.467481,0.564880,20.050723,0.916853,568,2.906128,24.759
568,3,1.585671,0.508763,20.196350,0.916460,569,2.904236,58.351
569,1,1.679884,0.483417,20.161784,0.917242,570,2.916016,25.749
570,1,1.180090,0.543175,20.161115,0.916995,571,2.935364,16.466
571,2,1.337200,0.592462,20.059924,0.917191,572,2.919800,50.386
572,1,1.320472,0.574639,20.135054,0.916614,573,2.904236,13.572
573,1,1.463956,0.639754,20.145697,0.915814,574,2.826416,13.701
574,1,1.741891,0.564771,19.874843,0.917178,575,2.812744,13.634
575,1,1.516321,0.568287,19.555654,0.917088,576,2.890564,13.511
576,0,1.516877,0.671185,19.396739,0.917282,577,2.916016,50.345
577,2,1.736464,0.578305,19.511483,0.917260,578,2.876892,17.721
578,1,1.431231,0.547237,19.494382,0.917196,579,2.890564,17.862
579,3,1.428224,0.569195,19.779247,0.917472,580,2.845764,49.392
580,0,1.482484,0.512469,19.771764,0.916463,581,2.919800,14.630
581,1,1.179534,0.431928,20.022386,0.916717,582,2.933472,14.948
582,2,1.353162,0.670205,19.964175,0.918003,583,2.875000,13.847
583,3,1.717307,0.657080,19.838310,0.917468,584,2.904236,14.848
584,0,1.305650,0.560862,19.698064,0.916176,585,2.904236,47.014
585,0,1.517015,0.552349,19.411729,0.916981,586,2.890564,15.672
586,1,1.277880,0.543143,19.297993,0.917544,587,2.876892,16.789
587,0,1.696345,0.620130,19.409537,0.916073,588,2.890564,14.815
588,3,1.622639,0.516959,19.488459,0.917812,589,2.878784,50.772
589,1,1.515394,0.571741,19.554427,0.917422,590,2.935364,13.356
590,3,1.075985,0.503493,19.440926,0.916956,591,2.859436,13.382
591,2,1.648707,0.587062,19.451083,0.916392,592,2.875000,13.388
592,3,1.021064,0.596402,19.625081,0.917217,593,2.904236,13.333
593,1,1.808917,0.692643,19.580985,0.916731,594,2.919800,45.813
594,0,1.479013,0.479760,19.647355,0.917837,595,2.916016,13.280
595,1,1.756703,0.521351,19.793191,0.917145,596,2.840088,13.300
596,3,1.702613,0.587044,20.085505,0.917035,597,2.875000,13.330
597,0,1.604495,0.572445,20.059082,0.917184,598,2.890564,13.487
598,3,1.226977,0.589459,20.252572,0.915483,599,2.904236,45.950
599,3,1.874455,0.667353,20.139992,0.917116,600,2.890564,13.673
600,1,1.420562,0.512545,19.034827,0.916605,601,2.878784,13.514
601,0,1.395349,0.537347,18.929599,0.916547,602,2.890564,13.414
602,3,1.122254,0.665289,19.024713,0.917453,603,2.861328,13.385
603,2,1.607403,0.575641,18.924955,0.917580,604,2.826416,13.359
604,1,1.835154,0.537001,18.767836,0.916014,605,2.859436,13.408
605,3,1.300802,0.580163,18.643539,0.917116,606,2.904236,13.305
606,1,1.867214,0.632169,18.789419,0.917273,607,2.917908,13.604
607,2,1.502967,0.519455,18.762220,0.916945,608,2.888672,45.968
608,0,1.524057,0.493088,19.013642,0.917755,609,2.884888,13.433
609,2,1.099674,0.559763,19.038511,0.916315,610,2.841980,13.345
610,2,1.213159,0.540826,19.240797,0.917673,611,2.861328,13.360
611,0,1.568764,0.544449,19.190765,0.916321,612,2.917908,13.472
612,1,1.293510,0.630149,19.269425,0.916424,613,2.890564,13.282
613,3,1.634440,0.650432,19.317185,0.916111,614,2.863220,13.272
614,3,1.573164,0.580177,19.373664,0.916682,615,2.875000,13.387
615,2,1.529428,0.643730,19.520782,0.916599,616,2.906128,13.738
616,3,1.645729,0.546436,19.527988,0.917782,617,2.843872,47.271
617,2,1.747385,0.519134,19.523810,0.917672,618,2.861328,13.731
618,3,1.641270,0.623634,19.434868,0.917167,619,2.904236,13.598
619,3,1.391926,0.485617,19.527007,0.916870,620,2.931580,13.279
620,1,1.648575,0.655228,19.764853,0.915934,621,2.904236,13.420
621,3,1.619302,0.507462,19.503355,0.916977,622,2.890564,49.922
622,3,1.626508,0.518348,19.745208,0.917741,623,2.890564,13.491
623,0,1.682827,0.546271,19.990063,0.916978,624,2.921692,13.305
624,2,1.510931,0.766903,19.932197,0.916280,625,2.890564,13.494
625,0,1.549647,0.553905,20.010648,0.917769,626,2.890564,13.403
626,2,1.607606,0.471096,20.194601,0.917137,627,2.906128,45.805
627,2,1.693211,0.599910,20.099939,0.915744,628,2.904236,13.404
628,3,1.380989,0.568710,20.181208,0.916499,629,2.919800,13.521
629,3,1.673637,0.588853,20.344583,0.917343,630,2.876892,13.451
630,3,1.344042,0.498830,20.190940,0.916427,631,2.890564,13.447
631,1,1.693216,0.594417,20.166780,0.917021,632,2.894348,41.931
632,0,1.328205,0.559627,20.062673,0.916678,633,2.890564,13.374
633,3,1.469848,0.541182,20.055079,0.916890,634,2.849548,13.605
634,0,1.420926,0.576190,19.874374,0.917287,635,2.919800,13.423
635,2,1.389325,0.577917,19.815923,0.917052,636,2.847656,13.434
636,3,1.773360,0.479423,19.903174,0.917224,637,2.890564,46.046
637,0,1.525843,0.639615,19.975830,0.915375,638,2.785400,13.421
638,0,1.596429,0.617033,19.910655,0.917042,639,2.814636,13.817
639,1,1.678106,0.552492,19.917515,0.917747,640,2.875000,13.354
640,0,1.658728,0.547551,19.947613,0.917619,641,2.863220,13.341
641,3,1.444183,0.642844,19.958813,0.915970,642,2.904236,49.913
642,3,1.427060,0.515088,19.848934,0.917603,643,2.919800,13.387
643,2,1.603481,0.463723,20.204250,0.917787,644,2.890564,13.348
644,2,1.991688,0.643229,20.132169,0.916455,645,2.904236,13.448
645,0,1.813391,0.559489,19.918512,0.916952,646,2.906128,13.527
646,0,1.319856,0.587259,19.816656,0.917650,647,2.904236,42.166
647,1,1.524350,0.585487,19.697720,0.917368,648,2.904236,13.412
648,2,1.528570,0.510759,19.674137,0.917134,649,2.919800,13.464
649,0,1.464873,0.733727,19.638834,0.915540,650,2.906128,13.526
650,3,1.244759,0.568637,19.676554,0.916612,651,2.906128,13.396
651,1,1.565056,0.690897,19.764761,0.917036,652,2.875000,45.858
652,3,1.670150,0.685082,19.485411,0.916245,653,2.888672,13.343
653,2,1.817735,0.576187,19.625135,0.917056,654,2.919800,13.743
654,2,1.475610,0.517247,19.592614,0.916546,655,2.890564,13.367
655,2,1.605191,0.582469,19.312471,0.916518,656,2.917908,13.414
656,1,1.535670,0.450845,19.486762,0.917404,657,2.608521,45.841
657,0,1.630041,0.538593,19.482355,0.917461,658,2.863220,13.339
658,0,1.699272,0.625067,19.260374,0.916406,659,2.906128,13.359
659,1,1.359637,0.755728,19.400395,0.916750,660,2.878784,13.459
660,1,1.955748,0.620431,19.370926,0.916280,661,2.904236,13.412
661,2,1.367241,0.630324,19.291740,0.916650,662,2.888672,45.832
662,3,1.325797,0.782391,19.557644,0.916504,663,2.890564,13.329
663,1,1.688186,0.701916,19.523872,0.916070,664,2.906128,13.575
664,1,1.353187,0.596999,19.533369,0.916627,665,2.859436,13.666
665,1,1.685110,0.542671,19.726103,0.917005,666,2.890564,13.588
666,1,1.364136,0.544033,19.670688,0.916698,667,2.904236,50.366
667,1,1.661250,0.631874,19.912206,0.916839,668,2.888672,13.602
668,2,1.359239,0.682372,19.923130,0.917078,669,2.863220,13.621
669,2,1.483826,0.560602,20.046859,0.916874,670,2.812744,13.611
670,1,1.474923,0.580795,20.118621,0.916943,671,2.799072,50.360
671,3,1.673770,0.553843,20.187689,0.916072,672,2.906128,13.593
672,2,1.461710,0.601621,19.750383,0.917288,673,2.933472,13.611
673,2,1.660315,0.601150,19.886233,0.915864,674,2.890564,13.797
674,0,1.586975,0.497478,19.879657,0.916833,675,2.919800,13.597
675,1,1.594203,0.632704,19.945986,0.916905,676,2.904236,46.122
676,0,1.312924,0.667605,19.950544,0.917111,677,2.904236,13.464
677,2,1.551538,0.614181,19.847214,0.916114,678,2.894348,13.603
678,1,1.372695,0.568201,19.976442,0.916909,679,2.904236,13.556
679,3,1.355277,0.453685,19.848263,0.916848,680,2.863220,13.641
680,0,1.506167,0.495450,19.920676,0.917880,681,2.890564,45.820
681,2,1.462592,0.483689,19.952776,0.917563,682,2.875000,13.689
682,2,1.612527,0.473030,19.780860,0.916526,683,2.876892,13.587
683,0,1.617078,0.582635,19.775626,0.917185,684,2.826416,13.287
684,3,1.466918,0.551512,19.891165,0.917634,685,2.857544,13.345
685,3,1.604797,0.567527,19.612099,0.918246,686,2.888672,45.926
686,0,1.675691,0.663955,19.612135,0.916827,687,2.931580,13.320
687,3,1.581951,0.537356,19.747636,0.917071,688,2.904236,13.271
688,2,1.250393,0.573591,19.672136,0.917342,689,2.919800,13.273
689,3,1.530123,0.539014,19.652537,0.917302,690,2.904236,13.404
690,3,1.526224,0.535759,19.873862,0.917872,691,2.890564,45.818
691,3,1.714181,0.499354,20.013012,0.917725,692,2.894348,13.598
692,2,1.355191,0.497406,19.849064,0.916777,693,2.904236,13.962
693,2,1.932240,0.676076,19.991361,0.917200,694,2.876892,13.428
694,0,1.680802,0.683430,19.821611,0.916674,695,2.906128,13.497
695,2,1.631915,0.442102,19.805694,0.917943,696,2.861328,42.052
696,0,1.553018,0.606283,19.962555,0.916525,697,2.906128,13.297
697,2,1.055642,0.560529,19.899633,0.916662,698,2.902344,13.353
698,2,1.218744,0.600574,19.969279,0.916603,699,2.826416,13.385
699,2,1.066323,0.480630,19.590765,0.917761,700,2.843872,13.285
700,1,1.280419,0.558040,18.814809,0.918046,701,2.890564,13.797
701,3,1.509952,0.475845,18.690290,0.917695,702,2.875000,13.758
702,2,1.517345,0.645832,18.536441,0.916090,703,2.890564,13.563
703,0,1.778265,0.446503,18.401421,0.917084,704,2.876892,13.358
704,0,1.361864,0.562505,18.256939,0.917422,705,2.906128,13.333
705,2,1.343495,0.669312,18.103974,0.917072,706,2.890564,13.251
706,3,1.518252,0.643893,18.036097,0.916352,707,2.904236,13.878
707,1,1.699775,0.616005,18.037945,0.916656,708,2.892456,13.898
708,1,1.528057,0.687332,18.169718,0.916200,709,2.919800,46.491
709,0,1.423543,0.596246,18.431693,0.916369,710,2.892456,13.396
710,3,1.560790,0.500341,18.417208,0.917380,711,2.888672,13.384
711,3,1.262768,0.614785,18.340878,0.917718,712,2.890564,13.332
712,1,1.585057,0.508592,18.248512,0.917003,713,2.904236,13.458
713,3,1.805942,0.642874,18.372348,0.918323,714,2.832092,46.062
714,3,1.718259,0.522966,18.316415,0.917049,715,2.904236,14.675
715,1,1.632305,0.588119,18.265095,0.916516,716,2.863220,14.918
716,0,1.236521,0.650020,18.273866,0.917098,717,2.861328,13.605
717,2,1.674264,0.573277,18.259003,0.917262,718,2.863220,13.669
718,1,1.431552,0.639294,18.395097,0.917277,719,2.800964,47.915
719,0,1.891548,0.511270,18.400501,0.917111,720,2.853760,13.636
720,2,1.538703,0.490745,18.670753,0.917617,721,2.875000,13.609
721,3,1.522698,0.583138,18.714430,0.917450,722,2.919800,13.723
722,3,1.375338,0.621543,18.846231,0.917874,723,2.904236,13.705
723,2,1.228940,0.686299,18.843858,0.916991,724,2.875000,13.881
724,2,1.412233,0.534414,18.882839,0.917526,725,2.873108,13.676
725,3,1.387318,0.460650,18.756488,0.917709,726,2.933472,13.604
726,3,1.689007,0.432649,18.846003,0.917016,727,2.919800,13.570
727,0,1.564532,0.629843,19.111664,0.915969,728,2.906128,46.609
728,1,1.766624,0.515791,19.313851,0.918320,729,2.906128,13.651
729,0,1.672368,0.509053,18.987265,0.917001,730,2.890564,13.680
730,0,1.454975,0.594241,19.254836,0.914773,731,2.906128,13.788
731,0,1.603876,0.526586,19.220012,0.917294,732,2.921692,13.700
732,0,1.641098,0.630462,19.195407,0.917456,733,2.785400,13.571
733,1,1.682487,0.629494,19.105768,0.916953,734,2.916016,13.481
734,1,1.264255,0.574226,19.297087,0.916863,735,2.875000,16.003
735,0,1.488962,0.685257,19.307200,0.917387,736,2.878784,14.857
736,1,1.189436,0.658923,19.489305,0.917634,737,2.826416,13.429
737,2,1.645894,0.661510,19.464227,0.917709,738,2.812744,50.026
738,3,1.360514,0.610108,19.384046,0.916621,739,2.861328,13.567
739,1,1.330348,0.637386,19.392310,0.916909,740,2.904236,13.560
740,1,1.419462,0.566626,19.071368,0.916569,741,2.888672,14.002
741,0,1.272913,0.623128,18.875178,0.916283,742,2.919800,13.404
742,2,1.589041,0.636575,18.987006,0.917246,743,2.904236,13.499
743,1,1.345392,0.567815,19.202861,0.917501,744,2.890564,13.407
744,3,1.719052,0.599680,19.089168,0.916682,745,2.906128,13.995
745,0,1.519352,0.641527,19.093323,0.916865,746,2.931580,13.779
746,0,1.229296,0.636086,19.177887,0.916156,747,2.861328,46.047
747,2,1.500390,0.596921,19.256332,0.918057,748,2.890564,13.606
748,0,1.446765,0.658491,19.292721,0.917736,749,2.876892,13.555
749,3,1.375867,0.501387,19.133376,0.918364,750,2.904236,15.673
750,3,1.609015,0.710645,18.892649,0.917176,751,2.917908,13.344
751,2,1.613621,0.681254,18.904687,0.917399,752,2.890564,46.232
752,2,1.388297,0.540484,18.727609,0.917016,753,2.857544,13.411
753,3,1.149353,0.452769,18.694721,0.917160,754,2.888672,13.529
754,1,1.334493,0.571940,18.417629,0.917088,755,2.890564,13.907
755,3,1.651277,0.625084,18.559861,0.916642,756,2.876892,13.738
756,0,1.313331,0.540022,18.508470,0.917053,757,2.890564,50.391
757,2,1.847153,0.645412,18.401004,0.915391,758,2.863220,13.396
758,2,1.656585,0.665022,18.432502,0.917062,759,2.904236,13.384
759,1,1.288747,0.565883,18.328036,0.917616,760,2.875000,13.390
760,3,1.333864,0.514465,18.294311,0.917455,761,2.890564,13.463
761,1,1.502790,0.555460,18.426412,0.917640,762,2.904236,13.372
762,2,0.833761,0.610540,18.405422,0.917031,763,2.904236,13.956
763,2,1.668924,0.619257,18.490821,0.916276,764,2.853760,14.229
764,3,1.170186,0.424941,18.582951,0.917176,765,2.871216,13.903
765,0,1.277525,0.515707,18.727923,0.916279,766,2.890564,46.183
766,1,1.211813,0.487086,18.780442,0.917388,767,2.890564,13.353
767,3,1.547552,0.667851,18.850067,0.916702,768,2.919800,13.379
768,1,1.456286,0.746783,18.860246,0.916150,769,2.890564,13.416
769,0,1.709280,0.572056,18.816700,0.917548,770,2.878784,13.329
770,2,1.492330,0.782012,18.950789,0.917251,771,2.890564,13.399
771,2,1.257716,0.514473,19.116584,0.917091,772,2.876892,13.401
772,1,1.640320,0.618530,19.450805,0.917015,773,2.904236,13.458
773,3,1.564562,0.529142,19.440629,0.917196,774,2.906128,13.328
774,3,1.442453,0.528328,19.293513,0.916877,775,2.904236,13.358
775,0,1.593107,0.672168,19.352721,0.916575,776,2.917908,46.382
776,3,1.630332,0.576866,19.353412,0.917635,777,2.919800,13.616
777,3,1.565614,0.540620,19.430778,0.917422,778,2.890564,14.057
778,3,1.559061,0.567118,19.405482,0.915816,779,2.904236,13.600
779,3,1.036360,0.576947,19.450181,0.916785,780,2.906128,15.089
780,0,1.623643,0.656042,19.444440,0.917387,781,2.890564,46.136
781,2,1.552371,0.544845,19.513889,0.917393,782,2.904236,13.594
782,1,1.625978,0.629176,19.676784,0.917333,783,2.906128,13.655
783,2,1.761477,0.566539,19.596507,0.916730,784,2.904236,13.656
784,0,1.464564,0.588161,19.554472,0.917386,785,2.921692,13.615
785,0,1.525716,0.488520,19.584755,0.916040,786,2.863220,46.357
786,3,1.592211,0.562426,19.655373,0.916944,787,2.890564,14.061
787,3,1.207277,0.537500,19.682863,0.917233,788,2.816528,13.748
788,2,1.325167,0.622483,19.682277,0.916875,789,2.875000,13.674
789,0,1.128698,0.446274,19.606922,0.917738,790,2.863220,13.644
790,2,1.529991,0.594945,19.673227,0.916499,791,2.890564,46.788
791,1,1.590057,0.440827,19.902608,0.917372,792,2.876892,13.677
792,1,1.520037,0.594588,19.794602,0.916756,793,2.890564,13.298
793,3,1.306203,0.477423,19.868989,0.917224,794,2.863220,13.542
794,3,1.411350,0.532207,19.806849,0.917281,795,2.863220,14.254
795,3,1.587164,0.508641,19.576774,0.917631,796,2.890564,13.708
796,1,1.221855,0.492670,19.685739,0.917722,797,2.878784,13.948
797,1,1.787021,0.584771,19.707161,0.917707,798,2.904236,13.386
798,1,1.326891,0.610760,19.922411,0.917642,799,2.919800,13.599
799,1,1.608385,0.600784,20.030079,0.917028,800,2.890564,45.965
800,3,1.566821,0.460257,19.523851,0.917306,801,2.904236,13.559
801,3,1.718342,0.438503,19.576955,0.917066,802,2.906128,13.352
802,3,1.481072,0.620907,19.673000,0.916737,803,2.826416,13.435
803,2,1.468391,0.453485,19.804787,0.917424,804,2.843872,13.430
804,3,1.727905,0.568135,19.785015,0.917064,805,2.888672,13.382
805,3,1.545610,0.508701,19.849022,0.917330,806,2.878784,13.751
806,3,1.698567,0.515552,19.449635,0.916947,807,2.904236,13.438
807,3,1.391258,0.732844,19.742432,0.917494,808,2.906128,13.345
808,3,1.660446,0.521220,19.357400,0.917198,809,2.890564,42.073
809,1,1.269163,0.626767,19.456971,0.915930,810,2.902344,13.404
810,1,1.462030,0.495991,19.541445,0.916975,811,2.863220,13.493
811,1,1.659766,0.432273,19.415791,0.917503,812,2.904236,13.432
812,0,1.665193,0.547293,19.347104,0.917333,813,2.890564,13.351
813,3,1.244801,0.495777,19.222267,0.917193,814,2.890564,13.430
814,1,1.707201,0.578046,19.378253,0.917342,815,2.917908,13.584
815,1,1.066855,0.615293,19.024655,0.917989,816,2.904236,13.418
816,2,1.393136,0.566175,19.084581,0.917461,817,2.888672,13.440
817,0,1.465588,0.590330,19.436396,0.917981,818,2.890564,13.620
818,2,1.594618,0.620305,19.467261,0.917331,819,2.906128,46.971
819,0,1.758617,0.570522,19.524135,0.916530,820,2.859436,13.697
820,0,1.323790,0.656498,19.568096,0.917082,821,2.890564,13.496
821,0,1.408317,0.590481,19.583509,0.916903,822,2.890564,13.435
822,2,1.796406,0.614896,19.775811,0.916621,823,2.890564,13.367
823,1,1.714158,0.598349,19.782135,0.916536,824,2.888672,45.876
824,0,1.438835,0.662240,19.892663,0.917138,825,2.878784,13.378
825,2,1.601999,0.626242,19.764925,0.917157,826,2.906128,13.651
826,3,1.658665,0.481430,19.701252,0.917350,827,2.847656,13.378
827,0,1.509600,0.495393,19.506853,0.917716,828,2.890564,13.602
828,1,1.491112,0.690368,19.359598,0.915810,829,2.917908,46.080
829,2,1.335273,0.622526,19.429070,0.915718,830,2.906128,13.498
830,3,1.597312,0.552032,19.383917,0.917264,831,2.888672,13.503
831,2,1.459273,0.569202,19.334529,0.917271,832,2.904236,13.393
832,2,1.865829,0.618928,19.431031,0.917577,833,2.904236,13.643
833,1,1.430896,0.658524,19.159369,0.917295,834,2.863220,48.058
834,0,1.844699,0.558260,19.165754,0.916405,835,2.906128,13.703
835,1,1.067662,0.633721,19.088928,0.917177,836,2.863220,13.657
836,3,1.893658,0.508703,18.822329,0.917294,837,2.890564,13.551
837,3,1.250908,0.562769,18.606812,0.918035,838,2.919800,14.522
838,2,1.593208,0.482838,18.776251,0.916510,839,2.876892,46.254
839,1,1.554996,0.599641,18.777887,0.915749,840,2.904236,13.883
840,1,1.433466,0.572923,19.074293,0.915900,841,2.919800,13.601
841,0,1.724223,0.544550,19.040016,0.917350,842,2.904236,13.656
842,2,1.462717,0.435260,18.802848,0.917202,843,2.917908,13.913
843,1,1.535742,0.650840,18.742965,0.916849,844,2.904236,15.684
844,1,1.270531,0.599649,18.599402,0.917018,845,2.935364,13.969
845,2,1.417492,0.578860,18.763603,0.916802,846,2.840088,13.761
846,0,1.368500,0.558532,18.572061,0.916633,847,2.890564,13.849
847,1,1.605757,0.509303,18.841710,0.916484,848,2.847656,44.845
848,3,1.299856,0.570393,18.618161,0.916875,849,2.919800,13.778
849,2,1.333731,0.602609,18.704874,0.917277,850,2.906128,13.416
850,1,1.484469,0.576315,18.824294,0.916576,851,2.890564,13.411
851,2,1.678502,0.626259,18.793634,0.916107,852,2.876892,13.352
852,3,1.414738,0.534774,18.856915,0.916749,853,2.919800,46.303
853,2,1.512840,0.524119,18.960332,0.917580,854,2.902344,13.519
854,3,1.675345,0.527514,18.946498,0.917317,855,2.904236,13.503
855,1,1.320867,0.544364,19.014176,0.916976,856,2.890564,13.394
856,3,1.488243,0.354515,19.056273,0.917982,857,2.843872,13.317
857,0,1.862539,0.622970,18.980531,0.916441,858,2.875000,46.157
858,2,1.122638,0.547470,19.084073,0.917302,859,2.904236,16.585
859,0,1.370146,0.667848,19.243949,0.917964,860,2.890564,13.464
860,2,1.457457,0.578650,19.292736,0.916640,861,2.890564,13.393
861,3,1.602954,0.769091,19.177381,0.916986,862,2.947144,13.505
862,3,1.582571,0.603169,19.117371,0.918012,863,2.884888,46.010
863,3,1.373859,0.709616,19.033890,0.917102,864,2.876892,13.427
864,0,1.882463,0.593308,18.898112,0.917424,865,2.904236,13.458
865,3,1.579744,0.688432,19.155417,0.916714,866,2.931580,13.376
866,1,1.321686,0.555110,19.084628,0.917083,867,2.832092,13.392
867,1,1.515788,0.585664,19.191320,0.917059,868,2.921692,41.965
868,2,1.520485,0.550022,19.566489,0.916919,869,2.812744,13.590
869,3,1.451966,0.498126,19.705461,0.917593,870,2.888672,13.619
870,1,1.573088,0.574721,19.598054,0.916442,871,2.890564,13.432
871,2,1.604682,0.453482,19.563277,0.917249,872,2.890564,13.317
872,0,1.745132,0.536594,19.364695,0.917049,873,2.906128,47.416
873,2,1.530882,0.484643,19.216782,0.915845,874,2.890564,15.559
874,1,1.346131,0.573771,19.431497,0.917271,875,2.812744,13.572
875,3,1.231523,0.562243,19.262053,0.916744,876,2.816528,13.454
876,1,1.748266,0.577581,19.439279,0.917845,877,2.931580,13.415
877,0,1.608259,0.651615,19.537842,0.916868,878,2.875000,49.797
878,0,1.142654,0.522258,19.479757,0.916941,879,2.878784,13.614
879,3,1.305475,0.577529,19.580598,0.916914,880,2.917908,13.627
880,0,1.654051,0.582246,19.727884,0.915777,881,2.931580,13.556
881,2,1.505373,0.641485,19.764101,0.915765,882,2.888672,45.912
882,2,1.117661,0.525241,19.481471,0.917254,883,2.892456,13.535
883,3,1.385681,0.631255,19.377969,0.917569,884,2.906128,13.408
884,1,1.424857,0.534167,19.215524,0.917140,885,2.875000,13.369
885,1,1.507328,0.670818,19.041353,0.917567,886,2.878784,13.394
886,1,1.535900,0.639441,19.033595,0.916205,887,2.921692,13.502
887,0,1.684314,0.593749,18.848092,0.916881,888,2.888672,13.460
888,3,1.221129,0.543920,18.915050,0.917237,889,2.876892,15.571
889,2,1.421345,0.820297,18.956892,0.917495,890,2.890564,13.658
890,0,1.486356,0.502100,18.943064,0.916793,891,2.904236,13.943
891,1,1.782123,0.581799,18.945178,0.917025,892,2.904236,46.230
892,3,1.449229,0.638800,18.935157,0.917720,893,2.904236,13.570
893,0,1.294811,0.666159,19.110387,0.916982,894,2.933472,13.681
894,2,1.017315,0.512611,19.022977,0.917157,895,2.947144,13.692
895,2,1.262475,0.587051,19.288337,0.917844,896,2.828308,13.664
896,1,1.440042,0.491058,19.354280,0.917927,897,2.863220,46.319
897,0,1.898097,0.384909,19.274297,0.917188,898,2.847656,13.558
898,2,1.526400,0.593521,19.205053,0.916498,899,2.890564,13.729
899,2,1.581449,0.541900,19.159089,0.916801,900,2.890564,13.624
900,1,1.447598,0.558467,20.102756,0.916982,901,2.843872,13.768
901,1,1.665383,0.482964,20.177017,0.917254,902,2.869324,13.496
902,2,1.265039,0.507287,19.897015,0.917132,903,2.876892,13.397
903,0,1.537429,0.610658,20.098213,0.915657,904,2.876892,13.465
904,0,1.558740,0.540006,20.372677,0.917331,905,2.919800,13.342
905,1,1.577598,0.555263,19.940727,0.915937,906,2.904236,13.558
906,1,1.365039,0.668775,19.941875,0.917474,907,2.933472,13.620
907,3,1.299090,0.649063,19.737309,0.916683,908,2.890564,13.493
908,3,1.543630,0.707509,19.719574,0.917327,909,2.904236,15.632
909,1,1.521417,0.649013,20.135443,0.916397,910,2.921692,13.729
910,2,1.466460,0.457136,19.896342,0.916589,911,2.875000,13.585
911,1,1.403975,0.445550,19.577358,0.916495,912,2.906128,13.575
912,1,1.700844,0.469288,19.414545,0.917727,913,2.904236,13.385
913,1,1.305974,0.598264,19.350565,0.916556,914,2.888672,13.430
914,2,1.417255,0.612659,19.347446,0.916767,915,2.875000,13.380
915,0,1.527585,0.633587,19.225324,0.916764,916,2.826416,13.487
916,1,1.375304,0.558107,19.180235,0.916886,917,2.814636,13.454
917,3,1.338462,0.602972,19.276878,0.916394,918,2.890564,13.432
918,2,1.361517,0.669935,19.268820,0.916807,919,2.947144,13.487
919,2,1.248703,0.535064,19.489315,0.917234,920,2.875000,46.015
920,3,1.509559,0.546891,19.399571,0.917249,921,2.875000,13.753
921,2,1.415587,0.553416,19.636684,0.917012,922,2.947144,13.402
922,3,1.494579,0.486137,19.697026,0.917704,923,2.906128,13.331
923,1,1.380670,0.472045,19.608151,0.917216,924,2.904236,13.320
924,3,1.490473,0.529391,19.528266,0.917371,925,2.904236,52.240
925,3,1.276117,0.666707,19.536500,0.915578,926,2.876892,13.435
926,2,1.533727,0.508376,19.399293,0.917265,927,2.785400,13.395
927,3,1.284276,0.580954,19.392861,0.916975,928,2.917908,13.374
928,0,1.853316,0.630030,19.446109,0.916138,929,2.919800,13.444
929,1,1.797536,0.701198,19.318911,0.915296,930,2.921692,45.831
930,0,1.570076,0.506057,19.223067,0.917450,931,2.875000,13.374
931,1,1.340862,0.631394,18.920757,0.916334,932,2.863220,13.459
932,3,1.544420,0.670572,18.995345,0.917094,933,2.908020,13.376
933,0,1.384799,0.614371,18.847973,0.917113,934,2.919800,13.456
934,3,1.332807,0.544105,18.943045,0.916691,935,2.888672,41.982
935,0,1.595783,0.468722,18.747168,0.917611,936,2.902344,13.308
936,1,1.275975,0.561962,18.648720,0.916794,937,2.876892,13.393
937,1,1.654719,0.646808,18.815275,0.915801,938,2.876892,13.683
938,1,1.522515,0.514016,19.070815,0.916935,939,2.890564,13.371
939,0,1.319469,0.540819,19.212263,0.918073,940,2.890564,47.281
940,1,1.351776,0.498063,19.283659,0.917370,941,2.812744,13.553
941,0,1.395926,0.567165,19.337959,0.917376,942,2.859436,13.700
942,2,1.398218,0.629091,19.415815,0.916507,943,2.904236,13.357
943,3,1.231704,0.534105,19.578989,0.917007,944,2.843872,13.385
944,3,1.507406,0.522190,19.514519,0.917476,945,2.906128,49.844
945,1,1.281722,0.522610,19.458885,0.917489,946,2.878784,13.636
946,3,1.794438,0.644283,19.442533,0.917058,947,2.876892,13.643
947,1,1.696106,0.585186,19.306251,0.916849,948,2.917908,13.615
948,1,1.641943,0.571198,19.247749,0.916989,949,2.876892,13.560
949,3,1.320035,0.644177,19.229527,0.917806,950,2.890564,13.708
950,1,1.501077,0.506989,19.011432,0.917412,951,2.861328,13.642
951,3,1.753103,0.663649,18.909552,0.916826,952,2.876892,13.755
952,1,1.563317,0.588305,19.028345,0.916233,953,2.890564,13.708
953,0,1.793802,0.594780,18.841131,0.915886,954,2.875000,46.424
954,2,1.054195,0.724575,18.956810,0.916137,955,2.876892,13.699
955,3,1.422313,0.514679,18.768712,0.916912,956,2.919800,13.761
956,3,1.664868,0.687539,18.775972,0.916183,957,2.878784,13.644
957,0,1.588989,0.594426,18.826792,0.916471,958,2.816528,13.707
958,0,1.690236,0.578135,19.019896,0.917745,959,2.906128,13.644
959,1,1.472759,0.414848,18.879308,0.918376,960,2.904236,13.719
960,1,1.176394,0.483565,18.646442,0.918168,961,2.875000,13.719
961,1,1.623721,0.534792,18.931486,0.917201,962,2.878784,13.377
962,1,1.426678,0.511765,18.847391,0.917294,963,2.875000,13.659
963,0,1.600921,0.598070,19.132057,0.917203,964,2.904236,49.895
964,1,1.407649,0.668803,19.001260,0.917164,965,2.919800,13.323
965,0,1.685644,0.584513,19.139124,0.916824,966,2.919800,13.409
966,1,1.492321,0.713938,19.288326,0.915443,967,2.890564,13.314
967,2,1.578712,0.601337,19.351668,0.916583,968,2.904236,13.322
968,3,1.513657,0.683255,19.361645,0.917214,969,2.935364,45.981
969,3,1.515578,0.514871,19.156808,0.916564,970,2.908020,13.349
970,3,1.466992,0.593005,19.119226,0.915885,971,2.876892,13.384
971,1,1.421213,0.549490,19.265112,0.917959,972,2.812744,13.390
972,2,1.821529,0.553511,19.279127,0.916950,973,2.875000,13.573
973,0,1.282142,0.550308,19.123253,0.917334,974,2.890564,41.978
974,0,1.655327,0.648862,19.326660,0.916727,975,2.873108,13.388
975,0,1.777854,0.521059,19.203524,0.917197,976,2.863220,13.542
976,0,1.467907,0.706160,19.276567,0.915799,977,2.847656,13.342
977,2,1.388097,0.641734,19.408904,0.917343,978,2.933472,13.366
978,0,1.507955,0.580466,19.480826,0.916427,979,2.876892,45.904
979,0,1.686598,0.404246,19.630262,0.916354,980,2.919800,13.367
980,0,1.260603,0.596064,19.578115,0.916494,981,2.861328,13.410
981,1,1.742966,0.517994,19.645702,0.916382,982,2.892456,13.425
982,3,1.374426,0.489872,19.887419,0.916741,983,2.904236,13.667
983,0,1.456812,0.593285,19.649854,0.916286,984,2.890564,50.046
984,3,1.210943,0.503351,19.443207,0.917675,985,2.890564,13.337
985,1,1.567605,0.519852,19.615337,0.916606,986,2.904236,13.303
986,3,1.763641,0.568450,19.565150,0.917071,987,2.832092,13.697
987,0,0.971126,0.519043,19.593583,0.916475,988,2.863220,13.542
988,0,1.495187,0.553476,19.672945,0.916759,989,2.873108,49.996
989,0,1.382567,0.650278,19.563595,0.916111,990,2.906128,13.350
990,1,1.723936,0.518299,19.335299,0.917330,991,2.828308,13.459
991,1,1.658470,0.653107,19.461448,0.915595,992,2.875000,13.310
992,0,1.758856,0.546859,19.579921,0.916826,993,2.875000,49.951
993,2,1.489015,0.560051,19.339664,0.916854,994,2.853760,13.396
994,1,1.523650,0.608046,19.335443,0.916693,995,2.906128,13.417
995,2,1.571233,0.551591,19.384127,0.917538,996,2.919800,13.477
996,0,1.521416,0.442009,19.105966,0.917349,997,2.890564,13.388
997,1,1.765088,0.487830,18.956739,0.917525,998,2.892456,13.420
998,2,1.362139,0.563576,18.832391,0.916715,999,2.863220,13.365
999,1,1.317055,0.587966,18.742144,0.917107,1000,2.904236,13.694
1000,3,1.830295,0.484915,18.455062,0.917110,1001,2.919800,13.579
1001,0,1.281764,0.629831,18.541405,0.916997,1002,2.812744,13.346
1002,1,1.617317,0.521709,18.464462,0.916839,1003,2.904236,13.594
1003,1,1.682564,0.708246,18.476914,0.917317,1004,2.878784,13.315
1004,1,1.709313,0.598930,18.578375,0.916736,1005,2.875000,33.848
1005,3,1.281415,0.381546,18.737593,0.916845,1006,2.919800,13.309
1006,2,1.597452,0.517475,18.911613,0.916578,1007,2.904236,13.401
1007,0,1.459705,0.491645,19.138009,0.917437,1008,2.902344,13.353
1008,3,1.441277,0.576151,19.351374,0.916734,1009,2.843872,13.495
1009,1,1.559999,0.599313,19.624174,0.917078,1010,2.904236,49.877
1010,2,1.717963,0.568151,19.725652,0.917366,1011,2.861328,13.482
1011,3,1.348287,0.609201,20.031220,0.916365,1012,2.876892,13.361
1012,1,1.330852,0.641912,19.828153,0.918056,1013,2.888672,13.453
1013,3,1.398053,0.628347,19.767056,0.917411,1014,2.841980,13.430
1014,3,1.407801,0.531204,19.713713,0.916454,1015,2.890564,41.821
1015,3,1.418605,0.586418,19.704539,0.917014,1016,2.949036,13.414
1016,2,1.614357,0.488420,19.737585,0.917389,1017,2.878784,13.342
1017,1,1.430507,0.542713,19.950017,0.917293,1018,2.863220,13.428
1018,1,1.605550,0.496544,20.095122,0.917696,1019,2.904236,13.492
1019,0,1.276321,0.500768,20.009166,0.916438,1020,2.919800,49.739
1020,0,1.393879,0.590730,20.058402,0.917750,1021,2.935364,13.380
1021,2,1.768473,0.575376,20.151204,0.917098,1022,2.917908,13.791
1022,1,1.571107,0.463109,20.349243,0.917196,1023,2.812744,13.299
1023,2,1.454763,0.555803,20.245664,0.916571,1024,2.906128,50.029
1024,0,1.918081,0.580633,20.271626,0.917324,1025,2.890564,13.562
1025,0,1.611479,0.594857,20.415633,0.915564,1026,2.916016,13.386
1026,0,1.326741,0.454819,20.462554,0.917820,1027,2.892456,13.403
1027,2,1.307819,0.588463,20.467996,0.916830,1028,2.921692,13.364
1028,3,1.508269,0.548658,20.435721,0.916815,1029,2.890564,49.872
1029,0,1.720797,0.556675,20.434855,0.916820,1030,2.841980,13.308
1030,0,1.436654,0.512075,20.541749,0.916051,1031,2.847656,13.321
1031,3,1.704536,0.633079,20.489122,0.916783,1032,2.947144,13.430
1032,3,1.347716,0.641064,20.404833,0.916994,1033,2.859436,13.457
1033,3,1.288793,0.544189,20.472086,0.918173,1034,2.904236,41.843
1034,3,1.204357,0.547961,20.409968,0.916939,1035,2.875000,13.303
1035,0,1.607685,0.594050,20.512380,0.916865,1036,2.931580,13.341
1036,3,1.467540,0.538498,20.666107,0.917160,1037,2.863220,13.332
1037,0,1.699307,0.567965,20.661651,0.916164,1038,2.904236,13.329
1038,0,1.542505,0.562980,20.466566,0.916096,1039,2.919800,50.140
1039,3,1.447698,0.559730,20.589173,0.917101,1040,2.906128,13.413
1040,1,1.532098,0.550515,20.245916,0.917146,1041,2.875000,13.399
1041,0,1.764356,0.618741,20.096054,0.916417,1042,2.947144,13.704
1042,2,1.582532,0.655005,19.948929,0.917310,1043,2.875000,49.979
1043,3,1.010478,0.644540,19.841409,0.917763,1044,2.904236,13.494
1044,0,1.454989,0.721603,19.934216,0.917838,1045,2.890564,13.411
1045,0,1.297182,0.551005,19.768601,0.916963,1046,2.892456,13.297
1046,3,1.585605,0.595240,19.582713,0.916783,1047,2.878784,13.299
1047,2,1.548391,0.579052,19.619172,0.916988,1048,2.904236,50.268
1048,1,1.432292,0.534789,19.627479,0.917142,1049,2.841980,13.350
1049,0,1.683261,0.588152,19.367569,0.916616,1050,2.859436,13.408
1050,1,1.489553,0.737637,19.127710,0.917659,1051,2.919800,13.365
1051,2,1.455568,0.710974,19.217149,0.917284,1052,2.816528,13.595
1052,0,0.974713,0.586534,19.136452,0.917022,1053,2.890564,41.967
1053,3,1.298831,0.657682,19.182889,0.916803,1054,2.888672,13.377
1054,1,1.477019,0.622198,19.163144,0.916844,1055,2.904236,13.518
1055,3,1.876541,0.465739,19.127160,0.917803,1056,2.904236,13.541
1056,3,1.530186,0.498987,19.154525,0.917708,1057,2.906128,13.400
1057,3,1.518302,0.511190,19.194576,0.917305,1058,2.904236,13.748
1058,2,1.565385,0.653540,19.179236,0.916644,1059,2.875000,13.667
1059,2,1.510588,0.624695,19.143604,0.916645,1060,2.892456,13.897
1060,0,1.541934,0.580880,19.335268,0.916772,1061,2.892456,16.213
1061,0,1.263404,0.531175,19.369834,0.917111,1062,2.892456,14.054
1062,3,1.622997,0.617585,19.316346,0.918796,1063,2.933472,50.101
1063,1,1.263259,0.519058,19.372149,0.917520,1064,2.935364,13.767
1064,1,1.323371,0.637900,19.286073,0.916430,1065,2.800964,13.607
1065,0,1.661727,0.719590,19.250510,0.916897,1066,2.890564,13.655
1066,1,1.408586,0.623166,19.390515,0.917567,1067,2.890564,50.322
1067,3,1.735541,0.664187,19.322525,0.916872,1068,2.902344,13.907
1068,1,1.881874,0.528548,19.230634,0.916824,1069,2.906128,13.786
1069,1,1.652051,0.608712,19.142837,0.917307,1070,2.832092,13.731
1070,2,1.415771,0.470699,19.250617,0.917578,1071,2.919800,13.628
1071,0,1.633166,0.542749,18.755352,0.916701,1072,2.904236,52.402
1072,2,1.545366,0.653878,18.849466,0.917730,1073,2.919800,13.748
1073,1,1.471753,0.570272,18.860296,0.916197,1074,2.904236,13.327
1074,1,1.635060,0.657164,18.883297,0.915951,1075,2.904236,13.442
1075,3,1.914539,0.559437,18.807393,0.917127,1076,2.906128,13.452
1076,1,1.292771,0.526112,18.910287,0.917921,1077,2.904236,41.994
1077,3,1.406017,0.507192,19.014657,0.917534,1078,2.894348,13.357
1078,1,1.584228,0.516580,19.185877,0.916205,1079,2.892456,13.455
1079,0,1.432201,0.617444,19.193115,0.916824,1080,2.904236,13.409
1080,0,1.423076,0.616529,19.112586,0.916583,1081,2.859436,52.935
1081,2,1.800940,0.531448,19.200079,0.917613,1082,2.904236,13.640
1082,1,1.363010,0.573233,19.375339,0.917298,1083,2.904236,13.457
1083,0,1.551036,0.539734,19.352813,0.917916,1084,2.861328,13.574
1084,1,1.561496,0.600353,19.594267,0.917198,1085,2.863220,13.618
1085,3,1.556181,0.585296,19.593118,0.916763,1086,2.840088,13.549
1086,1,1.864946,0.632209,19.578981,0.916865,1087,2.890564,13.490
1087,3,1.259424,0.561189,19.721502,0.917545,1088,2.919800,13.545
1088,3,1.374903,0.545475,19.625577,0.917003,1089,2.894348,13.580
1089,3,1.462012,0.684995,19.618515,0.917324,1090,2.876892,13.502
1090,3,1.725471,0.530199,19.725725,0.916158,1091,2.904236,46.187
1091,3,1.306693,0.474192,19.458495,0.917479,1092,2.904236,13.763
1092,2,1.563922,0.517672,19.329921,0.917068,1093,2.843872,13.439
1093,3,1.347118,0.617115,19.296593,0.916871,1094,2.933472,13.308
1094,3,1.395837,0.632578,19.214592,0.916434,1095,2.876892,13.516
1095,1,1.536315,0.669984,19.223527,0.917415,1096,2.863220,50.022
1096,0,1.303938,0.503553,19.329572,0.916462,1097,2.904236,13.355
1097,1,1.488999,0.527173,19.496414,0.916628,1098,2.888672,13.433
1098,1,1.102404,0.627791,19.610330,0.917314,1099,2.904236,13.872
1099,1,1.441015,0.473514,19.615259,0.916809,1100,2.917908,13.429
1100,2,1.752724,0.521218,19.677983,0.917322,1101,2.904236,13.694
1101,0,1.660329,0.531909,19.820992,0.916982,1102,2.812744,13.441
1102,1,1.690014,0.413449,19.941260,0.917144,1103,2.917908,13.465
1103,0,1.626641,0.618016,19.903825,0.917018,1104,2.876892,13.418
1104,1,1.395634,0.560855,19.643669,0.917275,1105,2.845764,13.432
1105,2,1.628033,0.647678,19.392869,0.916619,1106,2.875000,13.592
1106,1,1.456381,0.588151,19.294658,0.916524,1107,2.904236,13.512
1107,0,1.625641,0.567036,19.472492,0.917851,1108,2.904236,13.407
1108,3,1.236073,0.578220,19.329565,0.917334,1109,2.906128,41.966
1109,3,1.388859,0.611531,19.186660,0.916568,1110,2.904236,13.718
1110,2,1.602975,0.490580,19.046012,0.917165,1111,2.785400,13.652
1111,3,1.402340,0.493454,18.957615,0.916272,1112,2.876892,13.968
1112,3,1.166546,0.673349,19.018518,0.915923,1113,2.890564,13.908
1113,3,1.568251,0.671444,19.043104,0.915369,1114,2.904236,47.785
1114,0,1.717328,0.533820,18.923955,0.916922,1115,2.888672,13.665
1115,1,1.274378,0.553107,18.741703,0.917775,1116,2.919800,13.709
1116,1,1.205942,0.556848,18.846337,0.917621,1117,2.904236,13.746
1117,3,1.690447,0.638662,18.971197,0.916965,1118,2.892456,13.652
1118,1,1.588581,0.562313,18.836454,0.917185,1119,2.878784,46.381
1119,0,1.543306,0.639538,18.869182,0.916979,1120,2.847656,13.688
1120,2,1.530823,0.613854,19.046466,0.916453,1121,2.878784,13.543
1121,1,1.621121,0.660667,19.121423,0.915402,1122,2.861328,13.704
1122,0,1.560896,0.505295,19.063880,0.917100,1123,2.904236,50.646
1123,0,1.273609,0.454666,18.995791,0.917320,1124,2.904236,13.731
1124,2,1.491100,0.697217,18.773805,0.916788,1125,2.906128,13.669
1125,2,1.574504,0.586316,18.632668,0.917061,1126,2.890564,13.551
1126,0,1.643310,0.532101,18.615753,0.916428,1127,2.832092,13.321
1127,2,1.562085,0.682785,18.506014,0.916277,1128,2.894348,50.217
1128,2,1.525865,0.602227,18.558142,0.916287,1129,2.861328,15.293
1129,3,1.331621,0.610493,18.471148,0.917257,1130,2.888672,13.337
1130,0,1.665514,0.623533,18.363932,0.917596,1131,2.906128,13.371
1131,2,1.397401,0.632623,18.589630,0.917028,1132,2.875000,13.470
1132,3,1.535811,0.543975,18.863321,0.915869,1133,2.906128,41.911
1133,0,1.728894,0.693116,18.684060,0.916024,1134,2.876892,13.228
1134,2,1.421454,0.493318,18.715314,0.917796,1135,2.892456,13.325
1135,3,1.476324,0.567027,18.769747,0.916334,1136,2.878784,13.257
1136,1,1.607783,0.648733,18.868332,0.916719,1137,2.878784,13.300
1137,3,1.851837,0.521456,19.052574,0.917256,1138,2.890564,45.861
1138,0,1.711589,0.488771,19.038497,0.916640,1139,2.826416,13.240
1139,1,1.514254,0.563415,18.976056,0.917500,1140,2.919800,13.250
1140,1,1.424909,0.549543,19.065832,0.916914,1141,2.857544,13.385
1141,2,1.330823,0.554244,19.076478,0.916727,1142,2.904236,13.813
1142,0,1.428907,0.463757,19.186718,0.917120,1143,2.876892,45.976
1143,0,1.764498,0.429611,19.302136,0.917450,1144,2.847656,15.581
1144,1,1.384086,0.457249,19.186269,0.917216,1145,2.876892,13.300
1145,3,1.688990,0.653146,19.115416,0.916417,1146,2.888672,13.694
1146,3,1.524745,0.472513,19.214899,0.916504,1147,2.888672,13.311
1147,2,1.149159,0.474970,19.064677,0.917387,1148,2.888672,50.060
1148,3,1.550940,0.558028,19.028134,0.918224,1149,2.921692,13.330
1149,1,1.846147,0.641185,19.028531,0.916710,1150,2.799072,13.234
1150,1,1.363915,0.686380,18.861295,0.916063,1151,2.863220,13.288
1151,2,1.715838,0.508922,18.667161,0.916926,1152,2.863220,49.762
1152,3,1.689363,0.664861,18.464599,0.916990,1153,2.845764,13.293
1153,3,1.650929,0.543733,18.300009,0.917107,1154,2.875000,13.253
1154,0,1.687079,0.531889,18.429486,0.916963,1155,2.904236,13.957
1155,0,1.493290,0.642091,18.541103,0.916174,1156,2.904236,13.390
1156,3,1.729394,0.664273,18.731962,0.916710,1157,2.890564,49.792
1157,0,1.577643,0.653585,19.022353,0.917748,1158,2.904236,13.275
1158,1,1.550830,0.622886,19.046976,0.917194,1159,2.832092,13.290
1159,0,1.157776,0.628060,18.874612,0.916661,1160,2.876892,13.266
1160,3,1.270822,0.631437,18.699211,0.916309,1161,2.890564,13.439
1161,3,1.837417,0.564565,18.775822,0.915966,1162,2.904236,106.138
1162,3,1.355782,0.544654,18.802051,0.917183,1163,2.904236,42.211
1163,0,1.091893,0.509189,18.864202,0.916482,1164,2.933472,29.714
1164,1,1.739373,0.612568,18.823999,0.917638,1165,2.904236,55.016
1165,2,1.931290,0.619567,18.931524,0.916868,1166,2.847656,13.593
1166,3,1.432324,0.577706,18.749846,0.916967,1167,2.888672,13.309
1167,0,1.083199,0.664079,18.718113,0.917344,1168,2.890564,13.338
1168,0,1.584100,0.469303,18.759504,0.917286,1169,2.863220,13.228
1169,1,1.358852,0.529838,18.820959,0.917979,1170,2.812744,50.580
1170,1,1.361616,0.625579,18.824923,0.917202,1171,2.906128,13.609
1171,1,1.325790,0.571051,18.807438,0.917201,1172,2.890564,13.425
1172,0,1.637870,0.638979,18.715292,0.916822,1173,2.861328,13.594
1173,1,1.490091,0.654062,18.560280,0.916016,1174,2.916016,13.507
1174,1,1.375117,0.592985,18.533334,0.917858,1175,2.921692,49.994
1175,1,1.560759,0.564929,18.695800,0.917219,1176,2.843872,13.470
1176,0,1.514940,0.617404,18.856432,0.917395,1177,2.902344,13.398
1177,1,1.533460,0.449016,18.705242,0.917805,1178,2.919800,13.462
1178,2,1.491528,0.500893,18.867250,0.916237,1179,2.919800,13.807
1179,2,1.526706,0.527145,18.894248,0.917366,1180,2.875000,14.390
1180,1,1.529580,0.720599,18.922772,0.916610,1181,2.888672,13.547
1181,1,1.451410,0.608801,18.926511,0.917266,1182,2.933472,13.510
1182,1,1.635794,0.696956,18.994232,0.917508,1183,2.933472,13.536
1183,3,1.476748,0.617420,19.054427,0.917276,1184,2.857544,50.067
1184,2,1.346483,0.644989,18.912531,0.915647,1185,2.875000,13.444
1185,3,1.699582,0.576738,19.076441,0.917167,1186,2.890564,13.554
1186,1,1.644637,0.658832,19.062148,0.917356,1187,2.843872,13.114
1187,1,1.713041,0.635673,19.005116,0.916555,1188,2.906128,13.254
1188,0,1.115113,0.599523,18.787283,0.917949,1189,2.843872,49.919
1189,1,1.882785,0.513577,18.557643,0.916887,1190,2.902344,13.929
1190,1,1.249047,0.598304,18.528541,0.917131,1191,2.890564,13.228
1191,0,1.832362,0.574286,18.780814,0.917672,1192,2.900452,13.226
1192,0,1.623662,0.697921,18.749319,0.917430,1193,2.933472,49.737
1193,1,1.624038,0.507712,18.764954,0.917272,1194,2.884888,13.182
1194,1,1.566390,0.518403,18.727723,0.917905,1195,2.859436,13.245
1195,1,1.359795,0.602420,18.640028,0.918272,1196,2.876892,13.381
1196,3,1.649032,0.467495,18.619405,0.917673,1197,2.933472,13.344
1197,0,1.641839,0.508042,18.715315,0.917026,1198,2.873108,49.832
1198,1,1.279553,0.513440,18.911774,0.917360,1199,2.855652,13.546
1199,0,1.451979,0.586864,18.942190,0.916564,1200,2.890564,13.599
1200,0,1.503245,0.647295,19.025579,0.917296,1201,2.904236,13.378
1201,1,1.742805,0.564088,19.104753,0.916630,1202,2.812744,13.253
1202,1,1.428802,0.489894,19.221395,0.916818,1203,2.933472,13.239
1203,0,1.587284,0.606976,19.620660,0.917087,1204,2.919800,13.231
1204,3,1.025604,0.570685,19.705427,0.916809,1205,2.906128,13.269
1205,1,0.992701,0.587408,19.610240,0.917287,1206,2.785400,13.200
1206,3,1.697964,0.578706,19.765836,0.917024,1207,2.892456,13.351
1207,1,1.341569,0.547985,19.853551,0.916778,1208,2.876892,45.711
1208,2,0.913571,0.595829,19.506714,0.917647,1209,2.785400,13.335
1209,2,1.432647,0.535950,19.470610,0.918148,1210,2.890564,13.206
1210,0,1.401275,0.522244,19.380893,0.917554,1211,2.902344,13.210
1211,0,1.374690,0.624077,19.613754,0.916543,1212,2.857544,13.278
1212,1,1.643074,0.520971,19.607179,0.917439,1213,2.890564,45.812
1213,0,1.391956,0.439593,19.521831,0.917508,1214,2.812744,13.241
1214,1,1.137259,0.338173,19.533635,0.917430,1215,2.904236,13.361
1215,0,1.203238,0.628642,19.661654,0.916642,1216,2.906128,13.263
1216,1,1.382845,0.624049,19.626338,0.916952,1217,2.812744,13.343
1217,1,1.517228,0.605264,19.658269,0.917070,1218,2.890564,49.802
1218,2,1.496444,0.693477,19.648224,0.915974,1219,2.878784,13.324
1219,1,1.235947,0.591064,19.903169,0.917014,1220,2.933472,13.284
1220,2,1.329048,0.647556,20.020570,0.916782,1221,2.904236,13.356
1221,3,1.563986,0.624202,20.134421,0.918292,1222,2.906128,49.871
1222,1,1.684076,0.532301,19.966098,0.917740,1223,2.828308,13.222
1223,2,1.353110,0.584536,19.645974,0.917475,1224,2.904236,13.248
1224,2,1.594571,0.455628,19.777897,0.917955,1225,2.826416,13.308
1225,1,1.514210,0.568822,19.934226,0.917073,1226,2.904236,13.429
1226,0,1.236703,0.640378,20.030754,0.917916,1227,2.878784,50.160
1227,1,1.750686,0.530922,20.094628,0.916462,1228,2.878784,13.410
1228,2,1.358914,0.624044,20.255043,0.917307,1229,2.933472,13.495
1229,2,0.915716,0.693345,20.219717,0.917251,1230,2.919800,13.505
1230,3,1.803600,0.685873,20.065011,0.916022,1231,2.863220,13.671
1231,0,1.451573,0.671419,19.990742,0.917219,1232,2.921692,50.010
1232,2,1.002432,0.592417,20.127192,0.917426,1233,2.863220,13.548
1233,0,1.459346,0.652567,20.212176,0.916296,1234,2.826416,13.529
1234,1,1.352670,0.565288,20.184000,0.917827,1235,2.904236,13.493
1235,1,1.615979,0.546744,19.930265,0.917318,1236,2.888672,50.068
1236,3,1.473343,0.560718,19.875343,0.916780,1237,2.906128,13.474
1237,3,1.513765,0.572305,19.894578,0.916778,1238,2.906128,13.503
1238,3,1.640909,0.563432,19.904987,0.916465,1239,2.906128,13.566
1239,2,1.393563,0.358071,19.979987,0.917748,1240,2.873108,13.659
1240,0,1.493932,0.574273,20.347315,0.916108,1241,2.876892,50.089
1241,3,1.566570,0.571169,20.292673,0.916618,1242,2.890564,13.205
1242,0,1.580206,0.575129,20.533923,0.916418,1243,2.785400,13.266
1243,0,1.584156,0.489811,20.399622,0.916522,1244,2.890564,13.120
1244,3,1.254822,0.561433,20.376822,0.917653,1245,2.902344,13.222
1245,0,1.834438,0.523426,20.356329,0.917359,1246,2.933472,49.769
1246,3,1.350977,0.661037,20.406680,0.916938,1247,2.904236,13.367
1247,0,1.628947,0.544797,20.600055,0.916396,1248,2.890564,13.240
1248,0,1.514881,0.550821,20.322018,0.916874,1249,2.890564,13.183
1249,0,1.324413,0.673821,20.436857,0.918055,1250,2.841980,13.215
1250,1,1.164445,0.614400,20.546147,0.916555,1251,2.890564,49.834
1251,2,1.722451,0.490391,20.479787,0.916776,1252,2.916016,13.204
1252,3,1.358230,0.550604,20.310112,0.916748,1253,2.875000,13.263
1253,3,1.236885,0.582050,20.320397,0.916798,1254,2.919800,13.142
1254,0,1.790861,0.585909,20.586756,0.916542,1255,2.919800,13.405
1255,3,1.616188,0.674240,20.566420,0.917074,1256,2.890564,13.225
1256,0,1.455273,0.697038,20.396086,0.916651,1257,2.947144,13.162
1257,1,1.483672,0.547236,20.286988,0.916843,1258,2.890564,13.157
1258,0,1.607527,0.654949,20.077730,0.917219,1259,2.841980,13.158
1259,2,1.319918,0.592890,20.049022,0.917271,1260,2.917908,49.946
1260,1,1.822208,0.529806,19.980398,0.916587,1261,2.906128,13.450
1261,2,1.355891,0.627381,20.175424,0.917178,1262,2.890564,13.216
1262,1,1.580960,0.511028,20.229357,0.917121,1263,2.906128,13.226
1263,2,1.556065,0.494500,20.259022,0.917347,1264,2.892456,13.261
1264,1,1.334408,0.544976,20.114066,0.916443,1265,2.888672,49.682
1265,1,1.788223,0.588210,19.892671,0.916804,1266,2.892456,13.244
1266,3,1.746610,0.486080,19.984054,0.917504,1267,2.890564,13.160
1267,1,1.533941,0.506398,20.306005,0.916665,1268,2.800964,13.217
1268,1,1.430019,0.514523,20.335824,0.917762,1269,2.904236,13.223
1269,2,1.756398,0.524554,20.414816,0.917615,1270,2.917908,49.592
1270,1,1.313354,0.669193,20.650070,0.916507,1271,2.947144,13.778
1271,2,1.590336,0.583860,20.691924,0.917331,1272,2.904236,13.209
1272,0,1.390318,0.698429,20.661898,0.916763,1273,2.876892,13.189
1273,1,1.607485,0.458468,20.844655,0.916819,1274,2.876892,49.848
1274,0,1.317530,0.587169,20.487934,0.917496,1275,2.906128,13.799
1275,2,1.737362,0.664624,20.194043,0.916159,1276,2.799072,13.825
1276,1,1.525395,0.689537,20.154723,0.917295,1277,2.900452,13.768
1277,3,1.444579,0.617134,20.000990,0.917764,1278,2.890564,14.052
1278,3,1.624460,0.546139,19.929761,0.918184,1279,2.888672,50.281
1279,3,1.603003,0.662495,19.854052,0.916630,1280,2.904236,13.234
1280,2,1.536343,0.644565,20.015816,0.917173,1281,2.888672,13.208
1281,2,1.471824,0.573911,20.029363,0.915977,1282,2.876892,13.221
1282,2,1.562913,0.548822,19.980000,0.917289,1283,2.812744,13.574
1283,0,1.622663,0.525544,19.957616,0.918139,1284,2.857544,50.065
1284,0,1.475544,0.641472,19.831094,0.917652,1285,2.904236,13.468
1285,1,1.251961,0.678367,19.751239,0.916883,1286,2.826416,13.529
1286,0,1.819931,0.501754,19.460935,0.917514,1287,2.917908,13.508
1287,1,1.475052,0.599383,19.572015,0.917110,1288,2.888672,50.137
1288,2,1.503801,0.607977,19.469505,0.917717,1289,2.906128,13.518
1289,2,1.779577,0.567910,19.431066,0.917689,1290,2.888672,13.542
1290,2,1.681817,0.445991,19.843215,0.917142,1291,2.890564,13.531
1291,3,1.532323,0.509089,19.771300,0.916618,1292,2.919800,13.487
1292,1,1.528976,0.500706,19.668764,0.917190,1293,2.906128,50.142
1293,3,1.291407,0.538422,19.458941,0.916936,1294,2.875000,13.728
1294,3,1.299464,0.643906,19.568642,0.917028,1295,2.890564,13.402
1295,1,1.392562,0.575929,19.762123,0.917411,1296,2.875000,13.454
1296,0,1.382943,0.523403,19.526048,0.918420,1297,2.904236,13.566
1297,0,1.384726,0.672897,19.569091,0.916234,1298,2.906128,13.522
1298,1,1.649750,0.569817,19.596605,0.916790,1299,2.919800,13.163
1299,0,1.418900,0.559679,19.529117,0.917298,1300,2.919800,13.470
1300,2,1.561517,0.508078,19.343855,0.915928,1301,2.875000,13.411
1301,1,1.149109,0.658379,19.301360,0.916841,1302,2.840088,13.202
1302,2,1.562677,0.628525,19.421785,0.917240,1303,2.890564,13.237
1303,3,1.313431,0.626998,19.336255,0.916638,1304,2.863220,13.498
1304,2,1.526528,0.517149,19.298127,0.916539,1305,2.906128,13.193
1305,1,1.672516,0.621294,19.290996,0.917105,1306,2.890564,37.952
1306,1,1.343259,0.623750,19.295976,0.916853,1307,2.890564,13.332
1307,1,1.767017,0.641164,19.253239,0.917476,1308,2.892456,13.135
1308,2,1.492253,0.680133,19.284675,0.914289,1309,2.828308,13.207
1309,1,1.787310,0.586965,19.175217,0.916965,1310,2.917908,50.364
1310,0,1.262949,0.551163,19.008873,0.917273,1311,2.904236,13.280
1311,1,1.435524,0.607862,19.444436,0.917209,1312,2.906128,13.224
1312,1,1.481391,0.464549,19.504278,0.917238,1313,2.863220,13.157
1313,3,1.585804,0.524687,19.645251,0.917514,1314,2.919800,13.477
1314,2,1.769062,0.633527,19.877974,0.916994,1315,2.875000,49.746
1315,1,1.808182,0.632430,19.848314,0.916756,1316,2.878784,13.209
1316,2,1.638368,0.596958,19.861446,0.917309,1317,2.840088,13.282
1317,0,1.659019,0.581185,19.828477,0.917813,1318,2.875000,13.210
1318,3,1.478295,0.732821,19.948195,0.916017,1319,2.890564,49.845
1319,1,1.569270,0.653412,20.055686,0.916730,1320,2.890564,13.321
1320,0,1.488330,0.543120,20.039996,0.917120,1321,2.919800,13.237
1321,0,1.632025,0.549876,20.056567,0.917661,1322,2.902344,13.347
1322,1,1.582725,0.599262,20.284041,0.916104,1323,2.906128,13.184
1323,1,1.371460,0.592191,20.175878,0.917431,1324,2.826416,50.022
1324,3,1.677760,0.532159,20.280328,0.916605,1325,2.904236,13.332
1325,0,1.069573,0.622857,20.035330,0.916696,1326,2.875000,13.219
1326,1,1.085990,0.633854,20.160182,0.917652,1327,2.933472,13.276
1327,3,1.682411,0.558587,20.036205,0.916472,1328,2.890564,13.307
1328,0,1.697254,0.572096,20.026568,0.916826,1329,2.890564,49.769
1329,3,1.426370,0.482176,20.067479,0.917114,1330,2.904236,13.347
1330,2,1.073714,0.479648,19.952128,0.916974,1331,2.828308,13.255
1331,3,1.384107,0.649745,19.829749,0.917507,1332,2.917908,13.244
1332,1,1.439698,0.609123,19.811431,0.916335,1333,2.904236,13.269
1333,3,1.369917,0.604471,19.508359,0.917761,1334,2.906128,49.791
1334,0,1.585646,0.487237,19.238674,0.916308,1335,2.906128,13.197
1335,0,1.573143,0.665557,19.383872,0.917051,1336,2.888672,13.167
1336,2,1.363070,0.615883,19.594692,0.916859,1337,2.906128,13.234
1337,3,1.728072,0.616622,19.648356,0.915628,1338,2.826416,50.544
1338,1,1.233444,0.591855,19.451956,0.916639,1339,2.888672,13.644
1339,3,1.387727,0.569543,19.444190,0.917742,1340,2.931580,13.547
1340,0,1.529827,0.632187,19.434771,0.916258,1341,2.904236,13.541
1341,2,1.551524,0.555810,19.475423,0.916949,1342,2.906128,13.560
1342,2,1.429134,0.604380,19.494952,0.917049,1343,2.861328,50.132
1343,2,1.368362,0.627726,19.517747,0.916298,1344,2.906128,13.773
1344,3,1.214339,0.604095,19.400955,0.917193,1345,2.826416,13.646
1345,2,1.464836,0.649173,19.287149,0.916606,1346,2.847656,13.622
1346,3,1.563681,0.539134,19.402004,0.917487,1347,2.902344,13.650
1347,0,1.233562,0.527664,19.595333,0.917890,1348,2.892456,42.091
1348,3,1.605238,0.474774,19.623457,0.917543,1349,2.906128,13.526
1349,1,1.517521,0.532572,19.719982,0.917628,1350,2.917908,13.565
1350,0,1.175531,0.576158,19.758055,0.917356,1351,2.917908,13.586
1351,2,1.639104,0.562598,19.467721,0.916892,1352,2.888672,13.581
1352,2,1.367342,0.636298,19.311444,0.917410,1353,2.875000,50.488
1353,2,1.628867,0.520328,19.380730,0.917597,1354,2.875000,13.598
1354,1,1.224570,0.639610,19.136154,0.916335,1355,2.832092,13.232
1355,2,1.544768,0.522311,19.043864,0.916886,1356,2.816528,13.352
1356,0,1.785327,0.589320,19.032760,0.917082,1357,2.812744,13.431
1357,3,1.441965,0.604918,19.313156,0.916948,1358,2.875000,13.363
1358,3,1.424481,0.614457,19.434086,0.916932,1359,2.878784,13.151
1359,2,1.311982,0.510270,19.414064,0.917456,1360,2.812744,13.186
1360,3,1.400832,0.411103,19.512126,0.917707,1361,2.890564,13.158
1361,1,1.777874,0.569689,19.387046,0.916561,1362,2.904236,49.810
1362,3,1.681845,0.522728,19.547848,0.917120,1363,2.904236,13.222
1363,3,1.518319,0.627210,19.494646,0.916996,1364,2.812744,13.178
1364,3,1.606959,0.540452,19.680260,0.917702,1365,2.878784,13.858
1365,3,1.496123,0.578961,19.755931,0.917627,1366,2.832092,13.202
1366,0,1.478335,0.667819,19.994007,0.917579,1367,2.917908,13.242
1367,1,1.618587,0.633455,20.006414,0.916265,1368,2.888672,13.388
1368,3,1.602030,0.531470,19.787762,0.917260,1369,2.904236,13.269
1369,1,1.173670,0.472055,19.845320,0.916499,1370,2.906128,13.473
1370,3,1.311119,0.671793,19.921301,0.915521,1371,2.917908,13.275
1371,1,1.734953,0.594827,20.052256,0.916424,1372,2.890564,50.035
1372,0,1.770146,0.694918,20.172476,0.916879,1373,2.906128,13.237
1373,2,1.610642,0.490644,20.177932,0.916957,1374,2.816528,13.221
1374,3,1.839173,0.629565,20.150345,0.916657,1375,2.892456,13.216
1375,1,1.357846,0.448103,19.886288,0.916765,1376,2.902344,13.249
1376,3,1.763411,0.478804,20.168400,0.916111,1377,2.875000,46.015
1377,2,1.746371,0.584461,20.185256,0.917317,1378,2.875000,13.230
1378,3,1.394767,0.548282,20.403669,0.916963,1379,2.919800,13.334
1379,0,1.557120,0.621850,20.231887,0.916985,1380,2.876892,13.193
1380,1,1.853693,0.694215,20.186380,0.916889,1381,2.906128,13.192
1381,0,1.449777,0.459530,20.199301,0.916692,1382,2.875000,50.456
1382,2,1.642569,0.464666,20.121767,0.916754,1383,2.947144,13.403
1383,3,1.650739,0.609118,20.143087,0.917235,1384,2.843872,13.655
1384,1,1.252540,0.571119,20.182546,0.917377,1385,2.906128,13.258
1385,1,1.677231,0.539480,20.133409,0.916826,1386,2.888672,13.259
1386,2,1.538182,0.454868,20.172723,0.915224,1387,2.888672,49.933
1387,3,1.762006,0.576039,20.236721,0.917658,1388,2.888672,13.322
1388,0,1.555255,0.567993,19.864531,0.916893,1389,2.878784,13.278
1389,3,1.440234,0.614613,19.588495,0.918261,1390,2.890564,13.323
1390,0,1.120586,0.611188,19.782466,0.916685,1391,2.919800,13.348
1391,1,1.493279,0.617059,19.516305,0.917470,1392,2.888672,13.324
1392,2,1.559933,0.717415,19.364308,0.916828,1393,2.906128,13.461
1393,3,1.087679,0.689191,19.299457,0.917539,1394,2.843872,13.942
1394,2,1.273904,0.559992,19.189625,0.916696,1395,2.906128,13.282
1395,3,1.362043,0.561517,19.289356,0.916934,1396,2.888672,104.345
1396,0,1.642630,0.535425,19.446784,0.917422,1397,2.875000,38.482
1397,3,1.247452,0.642956,19.232493,0.916554,1398,2.847656,21.260
1398,2,1.480272,0.599955,19.329272,0.917194,1399,2.812744,25.107
1399,1,1.674383,0.699761,19.310875,0.916627,1400,2.904236,49.386
1400,2,1.509127,0.452379,19.113683,0.917771,1401,2.890564,17.193
1401,0,1.496792,0.568581,18.846866,0.917329,1402,2.845764,13.311
1402,2,1.532530,0.507310,18.644966,0.917436,1403,2.919800,13.556
1403,3,1.365222,0.469328,18.752171,0.916211,1404,2.888672,13.702
1404,2,1.449936,0.500435,18.623440,0.917371,1405,2.890564,13.309
1405,1,1.272108,0.554874,18.756029,0.916657,1406,2.904236,13.384
1406,2,1.479502,0.634398,18.805745,0.918118,1407,2.812744,41.819
1407,2,1.188955,0.697012,19.125311,0.916851,1408,2.876892,13.551
1408,0,1.377933,0.494448,19.120821,0.916901,1409,2.904236,13.304
1409,3,1.635275,0.606269,18.953508,0.917952,1410,2.875000,13.905
1410,1,1.325928,0.551856,18.789934,0.917116,1411,2.847656,14.388
1411,3,1.723633,0.721363,18.759030,0.916201,1412,2.890564,49.795
1412,3,1.330664,0.606843,18.692012,0.917297,1413,2.888672,13.367
1413,3,1.091997,0.431635,18.757917,0.916508,1414,2.876892,13.411
1414,1,1.295343,0.612602,19.095497,0.916872,1415,2.890564,13.254
1415,1,1.710058,0.465443,19.171718,0.917172,1416,2.841980,13.380
1416,1,1.425919,0.646254,18.919978,0.916855,1417,2.906128,45.883
1417,0,1.322273,0.694374,18.554352,0.915924,1418,2.890564,13.340
1418,0,1.554762,0.458247,18.718672,0.917793,1419,2.890564,13.353
1419,1,1.741905,0.587290,18.715491,0.916674,1420,2.888672,13.319
1420,3,1.354168,0.617898,18.850346,0.916543,1421,2.876892,49.827
1421,1,1.341624,0.564399,18.662684,0.916119,1422,2.919800,13.418
1422,1,1.623721,0.638948,18.690030,0.916471,1423,2.892456,17.267
1423,0,1.812222,0.610340,18.886021,0.916176,1424,2.890564,13.258
1424,2,1.740664,0.603279,18.714952,0.916830,1425,2.876892,13.402
1425,2,1.369805,0.608469,18.610395,0.917113,1426,2.888672,45.922
1426,2,1.479084,0.617704,18.710464,0.916890,1427,2.890564,14.200
1427,2,1.250523,0.515166,18.879887,0.916695,1428,2.890564,13.584
1428,2,1.522800,0.655000,18.987429,0.915833,1429,2.875000,13.717
1429,1,1.582723,0.546814,19.019549,0.917003,1430,2.890564,14.516
1430,2,1.685869,0.536388,19.163168,0.916363,1431,2.904236,13.522
1431,2,1.441526,0.703405,19.019864,0.915607,1432,2.890564,13.333
1432,3,1.278686,0.542979,18.991319,0.917175,1433,2.876892,13.292
1433,3,1.611593,0.656960,18.830853,0.917586,1434,2.888672,13.456
1434,2,1.499256,0.618331,19.035849,0.916685,1435,2.890564,50.817
1435,0,1.421876,0.570036,18.708236,0.916875,1436,2.863220,13.974
1436,0,1.728726,0.561134,18.877202,0.916273,1437,2.812744,13.379
1437,3,1.523926,0.611110,18.937613,0.917076,1438,2.919800,13.683
1438,2,1.554675,0.504888,18.975701,0.917823,1439,2.845764,13.354
1439,2,1.512008,0.622017,18.787793,0.917326,1440,2.890564,49.764
1440,0,1.532738,0.510927,18.856988,0.917741,1441,2.902344,13.481
1441,0,1.539627,0.637505,18.863379,0.916087,1442,2.875000,13.263
1442,3,1.629653,0.538248,18.970446,0.917307,1443,2.890564,13.314
1443,0,1.404243,0.558416,18.872626,0.916980,1444,2.890564,13.414
1444,3,1.609127,0.590978,19.166562,0.916639,1445,2.906128,46.123
1445,0,1.607331,0.563505,19.310923,0.916695,1446,2.878784,13.380
1446,0,1.551923,0.658029,19.207726,0.917510,1447,2.847656,13.289
1447,3,1.611057,0.664440,19.196725,0.916824,1448,2.921692,13.290
1448,1,1.618280,0.519942,19.099488,0.917732,1449,2.859436,13.290
1449,2,1.719392,0.644162,19.304961,0.917777,1450,2.890564,13.507
1450,1,1.467174,0.707526,19.123146,0.916780,1451,2.904236,14.727
1451,1,1.640148,0.634457,19.062358,0.916735,1452,2.906128,13.662
1452,0,1.292282,0.484845,19.026591,0.917392,1453,2.876892,13.556
1453,2,1.399706,0.626432,18.907387,0.915783,1454,2.904236,46.270
1454,1,1.422177,0.509656,18.773688,0.917295,1455,2.875000,13.685
1455,3,1.437329,0.454732,18.669345,0.917522,1456,2.847656,13.474
1456,3,1.378127,0.552395,18.770081,0.916572,1457,2.890564,13.449
1457,0,1.289034,0.652249,18.904888,0.916273,1458,2.919800,13.542
1458,3,1.427429,0.525274,18.814278,0.917392,1459,2.845764,50.044
1459,3,1.449211,0.610617,18.635478,0.917607,1460,2.890564,13.634
1460,0,1.704385,0.620026,18.491118,0.917074,1461,2.890564,13.498
1461,3,1.412277,0.569041,18.461748,0.917664,1462,2.906128,13.466
1462,2,1.361209,0.598765,18.528363,0.916475,1463,2.919800,13.496
1463,0,1.769345,0.632017,18.635067,0.916235,1464,2.904236,50.297
1464,0,1.268989,0.462847,18.323559,0.917331,1465,2.904236,13.889
1465,3,1.767816,0.603844,18.567539,0.917305,1466,2.892456,14.074
1466,1,1.172793,0.528048,18.708310,0.917834,1467,2.904236,13.906
1467,2,1.250294,0.738986,18.871966,0.916553,1468,2.814636,50.007
1468,2,1.566424,0.473949,18.825972,0.917577,1469,2.892456,13.309
1469,3,1.420358,0.523254,18.818273,0.917243,1470,2.814636,13.291
1470,2,1.212100,0.594785,18.846395,0.916683,1471,2.873108,13.211
1471,0,1.826382,0.580557,19.241510,0.915820,1472,2.892456,13.175
1472,3,1.485884,0.602799,19.184101,0.917020,1473,2.890564,45.927
1473,1,1.629761,0.516252,19.253613,0.916915,1474,2.904236,13.291
1474,2,1.459475,0.471382,19.225557,0.916425,1475,2.875000,13.411
1475,2,1.459919,0.561072,19.331128,0.917784,1476,2.919800,13.235
1476,1,1.388352,0.542678,19.247604,0.917180,1477,2.875000,13.266
1477,1,1.466342,0.647525,19.208124,0.916004,1478,2.908020,49.880
1478,2,1.195467,0.593403,19.427739,0.916667,1479,2.841980,13.344
1479,0,1.564100,0.554361,19.346849,0.917174,1480,2.904236,13.764
1480,1,1.570203,0.592448,19.349592,0.917138,1481,2.863220,13.323
1481,2,1.765110,0.551802,19.373048,0.916385,1482,2.875000,50.360
1482,1,1.418416,0.499312,19.586125,0.917462,1483,2.904236,13.410
1483,1,1.347221,0.553452,19.732891,0.916348,1484,2.876892,13.408
1484,3,1.663381,0.596992,19.786597,0.917129,1485,2.875000,13.284
1485,3,1.425694,0.552891,19.845548,0.917026,1486,2.904236,13.677
1486,2,1.392888,0.591998,19.900402,0.917032,1487,2.904236,49.829
1487,3,1.265891,0.583536,19.979823,0.916475,1488,2.826416,13.250
1488,0,1.450685,0.591990,19.918549,0.916886,1489,2.906128,13.448
1489,1,1.505371,0.551191,19.755842,0.918026,1490,2.812744,13.316
1490,1,1.130827,0.511259,19.773437,0.917788,1491,2.878784,13.317
1491,2,1.789930,0.495329,19.633038,0.917140,1492,2.904236,50.396
1492,3,1.304138,0.585128,19.752416,0.916986,1493,2.906128,13.355
1493,3,1.808918,0.660383,19.892966,0.915723,1494,2.861328,13.837
1494,1,1.629897,0.626912,19.814418,0.916739,1495,2.876892,13.192
1495,0,1.763256,0.609729,19.952295,0.917772,1496,2.904236,13.339
1496,0,1.576674,0.462803,20.094830,0.917275,1497,2.892456,13.557
1497,2,1.289744,0.593643,19.956246,0.917367,1498,2.873108,13.312
1498,0,1.369386,0.623534,19.799875,0.916864,1499,2.888672,13.284
1499,3,1.826026,0.510603,19.970481,0.915582,1500,2.892456,13.194
1500,1,1.484235,0.774466,18.338934,0.916032,1501,2.904236,20.769
1501,3,1.609848,0.547006,18.444687,0.917233,1502,2.876892,13.525
1502,1,1.482792,0.550137,18.403481,0.917785,1503,2.890564,13.453
1503,2,1.620648,0.673482,18.413486,0.916725,1504,2.890564,13.426
1504,2,1.701118,0.527299,18.485458,0.916511,1505,2.919800,13.277
1505,3,1.332007,0.597695,18.646595,0.917430,1506,2.863220,13.427
1506,3,1.150923,0.505454,18.569128,0.917013,1507,2.906128,13.244
1507,2,1.670374,0.727127,18.672982,0.916835,1508,2.890564,43.330
1508,0,1.388892,0.605345,18.500028,0.916938,1509,2.890564,13.414
1509,1,1.623209,0.559870,18.517074,0.917649,1510,2.890564,13.367
1510,0,1.990096,0.514951,18.461062,0.917438,1511,2.919800,13.218
1511,0,1.461346,0.476531,18.582610,0.918218,1512,2.906128,49.999
1512,1,1.615157,0.598071,18.569172,0.917377,1513,2.828308,13.327
1513,0,1.394717,0.607430,18.599064,0.917038,1514,2.906128,13.846
1514,1,1.400661,0.675333,18.702543,0.916589,1515,2.843872,13.233
1515,0,1.539116,0.441712,18.697815,0.917213,1516,2.863220,13.305
1516,2,1.613145,0.625338,18.811936,0.917017,1517,2.919800,45.734
1517,3,1.684283,0.459471,18.788174,0.916975,1518,2.890564,13.704
1518,1,1.600881,0.739204,18.810485,0.916317,1519,2.878784,13.492
1519,0,1.684878,0.610552,18.919454,0.917213,1520,2.890564,13.201
1520,3,1.623718,0.630633,18.867926,0.916903,1521,2.888672,13.222
1521,0,1.353030,0.576912,19.045464,0.916652,1522,2.843872,45.994
1522,1,1.692965,0.645283,19.254755,0.917687,1523,2.906128,13.285
1523,2,1.560767,0.536199,19.361658,0.916790,1524,2.816528,13.176
1524,0,1.470645,0.546020,19.289859,0.916757,1525,2.931580,13.202
1525,2,1.114314,0.598186,19.342470,0.917418,1526,2.875000,13.211
1526,1,1.014398,0.459590,19.334241,0.917303,1527,2.888672,45.934
1527,1,1.342538,0.521024,19.274089,0.917263,1528,2.906128,13.600
1528,0,1.366621,0.688012,19.610930,0.916570,1529,2.888672,13.878
1529,1,1.657635,0.535571,19.465300,0.917526,1530,2.875000,13.256
1530,2,1.845919,0.577783,19.526102,0.916890,1531,2.863220,13.181
1531,1,1.538929,0.682024,19.553490,0.918348,1532,2.917908,49.824
1532,0,1.889200,0.544304,19.520910,0.917488,1533,2.875000,13.383
1533,3,1.478277,0.563345,19.520152,0.917094,1534,2.876892,13.292
1534,2,1.492335,0.574763,19.842278,0.917010,1535,2.888672,13.213
1535,2,1.596926,0.663767,19.973742,0.916959,1536,2.904236,13.168
1536,0,1.499827,0.635376,19.904086,0.917656,1537,2.876892,49.870
1537,0,1.463563,0.645234,19.663964,0.917347,1538,2.919800,13.536
1538,3,1.817964,0.558415,19.606748,0.916699,1539,2.857544,13.862
1539,2,1.321683,0.550770,19.380549,0.917259,1540,2.890564,13.317
1540,0,1.511517,0.628219,19.508544,0.917069,1541,2.875000,13.476
1541,1,1.357467,0.620025,19.366212,0.916703,1542,2.847656,42.009
1542,3,1.519421,0.524230,19.090907,0.917812,1543,2.917908,13.297
1543,3,1.538931,0.458800,19.083864,0.917610,1544,2.875000,13.439
1544,1,1.546954,0.637465,19.221180,0.917423,1545,2.845764,13.292
1545,1,1.414148,0.514408,19.252310,0.917635,1546,2.904236,13.238
1546,2,1.845278,0.568917,19.227722,0.916721,1547,2.933472,45.881
1547,1,1.699762,0.548255,19.290060,0.917075,1548,2.892456,13.372
1548,1,1.237303,0.575817,19.196902,0.916127,1549,2.873108,13.676
1549,1,1.780954,0.595728,19.154513,0.917894,1550,2.812744,13.186
1550,1,1.673424,0.416645,19.110048,0.917075,1551,2.906128,13.253
1551,3,1.055315,0.429919,19.222276,0.916843,1552,2.890564,45.901
1552,2,1.633809,0.700989,19.229797,0.916737,1553,2.863220,13.353
1553,0,1.359030,0.497585,19.266184,0.917439,1554,2.933472,13.284
1554,1,1.175213,0.458414,19.175583,0.917749,1555,2.890564,13.410
1555,1,1.559639,0.673509,19.128174,0.917630,1556,2.875000,13.264
1556,2,1.629119,0.618202,19.209010,0.917343,1557,2.904236,49.991
1557,3,1.146738,0.554152,19.315103,0.916865,1558,2.917908,13.363
1558,0,1.481443,0.595051,19.531080,0.917007,1559,2.917908,13.289
1559,0,1.572741,0.538869,19.660879,0.918261,1560,2.875000,13.215
1560,0,1.597432,0.662521,19.623761,0.917258,1561,2.890564,13.251
1561,1,1.529889,0.625543,19.639217,0.916548,1562,2.894348,49.898
1562,1,1.452091,0.508742,19.673451,0.917481,1563,2.906128,13.219
1563,2,1.844343,0.580168,19.691420,0.916697,1564,2.888672,13.635
1564,0,1.532248,0.641593,19.714445,0.917700,1565,2.871216,13.613
1565,3,1.134131,0.603435,19.594126,0.916030,1566,2.919800,13.776
1566,0,1.695274,0.549657,19.390281,0.915741,1567,2.876892,13.819
1567,2,1.411880,0.651081,19.271592,0.916560,1568,2.904236,13.634
1568,1,1.308468,0.677249,19.105298,0.916569,1569,2.873108,13.653
1569,1,1.363792,0.464078,19.308626,0.917093,1570,2.812744,13.857
1570,2,1.540333,0.445572,19.145733,0.917529,1571,2.812744,50.216
1571,0,1.162458,0.597991,19.365491,0.917246,1572,2.902344,13.732
1572,1,1.461450,0.576430,19.407909,0.916324,1573,2.876892,13.633
1573,3,1.523184,0.563494,19.455705,0.917105,1574,2.875000,13.644
1574,2,1.305884,0.506661,19.536375,0.916985,1575,2.919800,13.750
1575,1,1.734372,0.558213,19.815920,0.917528,1576,2.871216,50.191
1576,1,1.765413,0.433000,19.605955,0.916791,1577,2.861328,13.667
1577,1,1.546008,0.632902,19.730070,0.916708,1578,2.863220,13.624
1578,1,1.646748,0.628251,19.674520,0.917063,1579,2.904236,13.615
1579,0,1.266769,0.673810,19.744724,0.916707,1580,2.919800,13.364
1580,3,1.539088,0.599818,20.037931,0.918316,1581,2.812744,13.542
1581,0,1.249982,0.708114,20.012676,0.916719,1582,2.875000,13.445
1582,3,1.217454,0.637768,20.083318,0.917892,1583,2.904236,13.381
1583,3,1.515033,0.620836,20.052471,0.917784,1584,2.892456,13.401
1584,0,1.833358,0.582464,20.174903,0.916865,1585,2.812744,13.582
1585,0,1.254506,0.599150,19.962260,0.917089,1586,2.892456,14.400
1586,3,1.588657,0.415232,20.114511,0.917231,1587,2.917908,13.751
1587,2,1.969517,0.583498,20.427792,0.917007,1588,2.876892,13.382
1588,2,1.250108,0.606112,20.265487,0.916721,1589,2.863220,13.543
1589,0,1.557999,0.569234,20.159852,0.917203,1590,2.857544,14.280
1590,0,1.452700,0.624010,19.972101,0.917073,1591,2.917908,14.440
1591,3,1.287684,0.543472,19.857845,0.917574,1592,2.876892,13.575
1592,1,1.602823,0.603793,19.923847,0.915958,1593,2.906128,13.382
1593,2,1.359257,0.468080,19.785006,0.916737,1594,2.919800,13.370
1594,3,1.454474,0.713020,19.890286,0.917578,1595,2.812744,49.985
1595,2,1.660873,0.634928,19.963512,0.915883,1596,2.906128,13.400
1596,2,1.288851,0.537667,20.054476,0.917717,1597,2.876892,13.402
1597,0,1.214274,0.464142,19.835211,0.917305,1598,2.917908,13.342
1598,2,1.667021,0.550699,19.763792,0.916962,1599,2.863220,13.429
1599,2,1.480317,0.517771,19.992147,0.917573,1600,2.847656,50.044
1600,0,1.540061,0.580370,20.067833,0.917298,1601,2.919800,13.636
1601,1,1.574720,0.627433,20.060011,0.917139,1602,2.933472,13.360
1602,2,1.596270,0.670313,20.082224,0.916301,1603,2.876892,13.484
1603,0,0.978851,0.537718,19.961802,0.918139,1604,2.875000,13.380
1604,1,1.565230,0.567432,19.895016,0.917360,1605,2.873108,13.505
1605,3,1.150520,0.660638,19.783468,0.916712,1606,2.890564,13.347
1606,2,1.315466,0.609867,19.792730,0.917165,1607,2.906128,14.086
1607,3,1.769557,0.547473,19.867505,0.917595,1608,2.876892,46.070
1608,0,1.704599,0.532892,19.724698,0.917708,1609,2.933472,14.398
1609,0,1.296963,0.564766,19.683456,0.917254,1610,2.816528,13.407
1610,1,1.790134,0.510503,19.808671,0.916666,1611,2.863220,14.136
1611,2,1.458052,0.635111,19.745053,0.915894,1612,2.888672,13.528
1612,3,1.559801,0.665776,19.794965,0.916468,1613,2.840088,13.487
1613,1,1.631593,0.524889,19.806612,0.917501,1614,2.906128,13.520
1614,1,1.663567,0.669508,19.757551,0.916815,1615,2.888672,13.486
1615,2,1.549554,0.652607,19.751929,0.916301,1616,2.875000,13.394
1616,2,1.417477,0.576764,19.693422,0.916737,1617,2.904236,13.391
1617,3,1.406158,0.555630,19.583809,0.916747,1618,2.916016,46.549
1618,2,1.707707,0.550582,19.613843,0.916969,1619,2.917908,13.666
1619,2,1.537134,0.545721,19.658253,0.917214,1620,2.906128,13.750
1620,3,1.170975,0.633772,19.642560,0.916939,1621,2.908020,13.727
1621,2,1.331079,0.583691,19.727638,0.915629,1622,2.828308,13.783
1622,2,1.339959,0.563352,19.686172,0.916029,1623,2.906128,46.320
1623,3,1.483715,0.637205,19.445311,0.916832,1624,2.873108,13.796
1624,1,1.545884,0.561287,19.487479,0.917017,1625,2.863220,13.555
1625,3,1.475868,0.601764,19.271386,0.916418,1626,2.863220,13.654
1626,2,1.645609,0.447846,19.351208,0.916608,1627,2.875000,13.580
1627,2,1.136076,0.550322,19.268132,0.917580,1628,2.902344,50.229
1628,3,1.387110,0.476570,19.363813,0.917969,1629,2.878784,13.613
1629,1,1.776028,0.585607,19.214429,0.916834,1630,2.919800,13.593
1630,2,1.664847,0.562287,19.156293,0.917764,1631,2.919800,13.649
1631,2,1.488355,0.517221,19.136490,0.917842,1632,2.841980,50.170
1632,0,1.211958,0.741781,19.256228,0.916568,1633,2.884888,13.831
1633,0,1.704715,0.597975,19.106224,0.917229,1634,2.962708,13.677
1634,3,1.358979,0.629272,19.138989,0.916131,1635,2.890564,13.314
1635,2,1.106768,0.655683,19.446170,0.916829,1636,2.812744,13.357
1636,0,1.793372,0.628878,19.179376,0.917208,1637,2.906128,13.502
1637,0,1.773007,0.673235,19.174377,0.916678,1638,2.902344,13.571
1638,0,1.515826,0.542635,19.310786,0.915899,1639,2.861328,16.664
1639,1,1.807287,0.579634,19.310140,0.916387,1640,2.861328,78.840
1640,3,1.185322,0.651833,19.545520,0.917663,1641,2.878784,19.798
1641,0,1.210811,0.534833,19.438785,0.916839,1642,2.875000,66.059
1642,2,1.344845,0.594085,19.517520,0.916739,1643,2.875000,24.331
1643,1,1.538024,0.752800,19.509435,0.917592,1644,2.906128,22.536
1644,1,1.145281,0.626074,19.736870,0.917025,1645,2.876892,55.331
1645,2,1.873689,0.580988,19.626063,0.915572,1646,2.875000,13.407
1646,0,1.500973,0.616321,19.571131,0.917115,1647,2.812744,13.404
1647,2,1.755121,0.678916,19.691441,0.916709,1648,2.902344,13.363
1648,2,1.455507,0.674754,19.641263,0.915868,1649,2.884888,46.259
1649,1,1.755223,0.496433,19.655288,0.917236,1650,2.875000,13.434
1650,3,1.301049,0.488538,19.765894,0.916507,1651,2.919800,13.413
1651,3,1.576286,0.658219,19.778852,0.915749,1652,2.800964,13.516
1652,1,1.660822,0.473424,19.932346,0.917734,1653,2.919800,13.395
1653,2,1.604279,0.556437,19.992157,0.916568,1654,2.847656,43.124
1654,1,1.333908,0.636179,20.173158,0.916755,1655,2.888672,13.393
1655,2,1.434041,0.583068,20.284705,0.916815,1656,2.906128,13.552
1656,2,1.706001,0.688834,20.348751,0.917486,1657,2.919800,13.399
1657,0,1.667804,0.606941,20.341921,0.917027,1658,2.919800,13.457
1658,3,1.311084,0.516303,20.406195,0.917359,1659,2.890564,46.044
1659,2,1.840036,0.515457,20.524089,0.915258,1660,2.890564,13.646
1660,0,1.521211,0.630582,20.268453,0.917255,1661,2.904236,13.369
1661,0,1.681100,0.641149,20.441876,0.917103,1662,2.875000,13.320
1662,0,1.249336,0.576556,20.445562,0.916856,1663,2.917908,13.936
1663,0,1.457910,0.603984,20.275079,0.918096,1664,2.876892,46.024
1664,0,1.879073,0.660364,20.333835,0.916567,1665,2.904236,13.453
1665,0,1.341056,0.532733,20.445306,0.916885,1666,2.921692,13.341
1666,3,1.455408,0.490833,20.615003,0.917656,1667,2.904236,13.423
1667,0,1.318102,0.591060,20.116804,0.916811,1668,2.884888,13.391
1668,3,1.500285,0.537755,20.086789,0.917198,1669,2.917908,52.334
1669,2,1.471708,0.580555,20.203059,0.917780,1670,2.906128,13.442
1670,2,1.495236,0.609797,20.121321,0.916955,1671,2.799072,13.421
1671,1,1.611588,0.555333,20.051814,0.917237,1672,2.812744,13.338
1672,2,1.592366,0.574403,19.870674,0.917982,1673,2.906128,49.929
1673,1,1.373124,0.632247,19.851438,0.917539,1674,2.904236,13.511
1674,0,0.987785,0.613540,19.945088,0.917119,1675,2.847656,13.361
1675,2,1.384850,0.566246,20.018245,0.916892,1676,2.863220,13.335
1676,1,1.254860,0.656563,19.895070,0.916589,1677,2.890564,13.673
1677,1,1.496035,0.482389,20.006709,0.917425,1678,2.917908,50.169
1678,1,1.462270,0.657445,20.050519,0.916468,1679,2.863220,13.622
1679,2,1.475095,0.504408,19.967812,0.917063,1680,2.935364,13.585
1680,1,1.340363,0.494382,19.971408,0.917060,1681,2.904236,13.567
1681,1,1.351920,0.674276,20.090891,0.917004,1682,2.904236,50.198
1682,0,1.453651,0.577747,19.816521,0.918501,1683,2.931580,15.430
1683,1,1.607287,0.509898,19.951343,0.915830,1684,2.931580,14.542
1684,3,1.823316,0.648385,19.779849,0.917500,1685,2.843872,13.661
1685,1,1.275933,0.652020,19.748295,0.916712,1686,2.890564,13.599
1686,0,1.555054,0.537027,19.769843,0.917798,1687,2.843872,50.364
1687,2,1.579754,0.521693,19.877513,0.917871,1688,2.902344,13.763
1688,2,1.113674,0.670527,19.808079,0.916703,1689,2.876892,13.657
1689,0,1.151393,0.684792,19.870953,0.917711,1690,2.830200,13.527
1690,1,1.506868,0.507750,19.694979,0.916586,1691,2.863220,13.577
1691,3,1.452822,0.477661,19.601514,0.917895,1692,2.890564,46.099
1692,0,1.586255,0.512550,19.728899,0.917289,1693,2.890564,13.422
1693,1,1.692417,0.602517,19.547119,0.917315,1694,2.890564,13.284
1694,3,1.756392,0.569802,19.402488,0.916736,1695,2.892456,13.460
1695,3,1.616404,0.487032,19.122986,0.917427,1696,2.906128,49.978
1696,2,1.622012,0.600997,18.895133,0.917121,1697,2.890564,13.605
1697,0,1.866383,0.615063,19.023181,0.916435,1698,2.902344,15.513
1698,2,1.624210,0.522634,18.910950,0.916824,1699,2.947144,13.518
1699,0,1.204516,0.447673,18.983950,0.917203,1700,2.890564,13.506
1700,2,1.305704,0.563805,20.612819,0.916106,1701,2.904236,17.053
1701,1,1.429822,0.606928,20.557244,0.917127,1702,2.847656,13.354
1702,1,1.351763,0.489436,20.760322,0.916466,1703,2.919800,13.331
1703,0,1.652775,0.557667,20.838076,0.918114,1704,2.800964,18.025
1704,0,1.570960,0.592892,20.917080,0.916014,1705,2.919800,14.022
1705,1,1.195920,0.614069,20.947088,0.917062,1706,2.906128,13.992
1706,3,1.468793,0.664634,20.794262,0.916908,1707,2.857544,13.605
1707,2,1.395862,0.583967,20.702703,0.917153,1708,2.919800,13.389
1708,1,1.731506,0.620550,20.444597,0.916192,1709,2.888672,45.827
1709,1,1.724561,0.498963,20.415140,0.917568,1710,2.847656,13.375
1710,1,1.573428,0.578332,20.319361,0.917275,1711,2.878784,13.407
1711,2,1.642942,0.583542,20.000705,0.917249,1712,2.906128,13.342
1712,2,1.652864,0.591247,19.893026,0.916066,1713,2.919800,13.401
1713,2,1.757608,0.666708,19.940383,0.917431,1714,2.890564,49.794
1714,1,1.653032,0.457950,19.720442,0.916825,1715,2.890564,13.284
1715,3,1.436212,0.444458,19.582200,0.916671,1716,2.890564,13.528
1716,1,1.377034,0.543811,19.219088,0.916676,1717,2.861328,13.250
1717,0,1.454957,0.618318,19.394120,0.916657,1718,2.919800,13.395
1718,1,1.745163,0.630065,19.591936,0.916610,1719,2.876892,45.916
1719,2,1.632695,0.669078,19.502402,0.916914,1720,2.919800,13.326
1720,1,1.350433,0.687490,19.584857,0.915985,1721,2.919800,13.594
1721,1,1.380897,0.602239,19.896627,0.916091,1722,2.935364,13.324
1722,0,1.766438,0.681316,19.639787,0.917035,1723,2.855652,13.409
1723,0,1.767026,0.497488,19.466486,0.917298,1724,2.906128,13.599
1724,1,1.496024,0.512916,19.226600,0.917591,1725,2.859436,13.439
1725,2,1.783418,0.573113,19.238592,0.916122,1726,2.863220,13.411
1726,2,1.382871,0.670928,19.272453,0.917294,1727,2.890564,13.359
1727,3,1.530868,0.550021,19.191540,0.917233,1728,2.875000,49.919
1728,0,1.661394,0.588501,19.281610,0.916607,1729,2.888672,13.395
1729,3,1.435402,0.629220,19.667738,0.917696,1730,2.876892,18.590
1730,1,1.530343,0.546410,19.656916,0.916666,1731,2.861328,13.872
1731,1,1.442735,0.549075,19.759522,0.917645,1732,2.888672,13.451
1732,0,1.517452,0.583056,19.654586,0.916575,1733,2.962708,42.087
1733,0,1.755162,0.428688,19.614238,0.917633,1734,2.863220,13.670
1734,3,1.476100,0.481644,19.714109,0.917643,1735,2.890564,13.568
1735,0,1.588378,0.698869,19.550103,0.916838,1736,2.904236,13.553
1736,2,1.618246,0.567303,19.693638,0.917764,1737,2.919800,13.614
1737,0,1.454352,0.540152,19.874164,0.917375,1738,2.884888,50.043
1738,0,1.659462,0.647046,19.976173,0.917207,1739,2.921692,13.914
1739,3,1.192193,0.684171,19.813788,0.916794,1740,2.812744,13.681
1740,0,1.315915,0.613807,19.867854,0.917607,1741,2.919800,13.617
1741,2,1.468801,0.553850,19.834427,0.916852,1742,2.890564,13.559
1742,3,1.583024,0.542042,19.878110,0.917579,1743,2.886780,13.794
1743,0,1.435652,0.614786,19.949519,0.916911,1744,2.876892,13.626
1744,2,1.218943,0.599053,19.901815,0.917336,1745,2.904236,13.619
1745,3,1.640479,0.782866,19.900756,0.915951,1746,2.890564,13.614
1746,3,1.175356,0.682337,19.922274,0.915984,1747,2.904236,46.815
1747,0,1.680627,0.574442,19.982887,0.915603,1748,2.962708,13.602
1748,3,1.682429,0.566028,20.125765,0.916405,1749,2.902344,13.291
1749,3,1.138410,0.510795,20.120019,0.917157,1750,2.859436,13.317
1750,1,1.530601,0.564646,19.981586,0.917012,1751,2.876892,13.476
1751,1,1.526806,0.571450,20.371766,0.916919,1752,2.890564,50.641
1752,1,1.297209,0.542373,20.030512,0.916806,1753,2.890564,13.382
1753,0,1.657080,0.519563,19.765151,0.916774,1754,2.826416,13.384
1754,1,1.435709,0.588557,19.898735,0.917695,1755,2.847656,13.335
1755,1,1.464433,0.508541,20.098998,0.917544,1756,2.816528,13.374
1756,0,1.515319,0.552610,19.882909,0.917771,1757,2.875000,49.844
1757,1,1.547706,0.545203,19.719494,0.916939,1758,2.933472,13.410
1758,3,1.659029,0.715880,19.609680,0.914935,1759,2.800964,13.312
1759,3,1.472707,0.607777,19.546665,0.917507,1760,2.857544,13.294
1760,3,1.603532,0.671017,19.431740,0.917831,1761,2.904236,50.493
1761,0,1.537057,0.484235,19.221098,0.917192,1762,2.904236,13.443
1762,3,1.590152,0.492874,19.165441,0.917078,1763,2.931580,13.423
1763,3,1.143481,0.595065,19.121544,0.916545,1764,2.916016,13.360
1764,0,1.245018,0.550600,18.946325,0.916394,1765,2.906128,13.768
1765,3,1.384329,0.631135,18.972089,0.917458,1766,2.875000,50.055
1766,3,1.460899,0.490354,18.833618,0.917345,1767,2.906128,14.240
1767,2,1.231091,0.511675,19.035187,0.916703,1768,2.917908,14.009
1768,2,1.675257,0.645922,18.768849,0.916701,1769,2.876892,13.813
1769,2,1.818014,0.501945,18.657707,0.918081,1770,2.876892,13.692
1770,1,1.521863,0.623240,18.605479,0.916283,1771,2.816528,50.173
1771,3,1.441322,0.639601,18.594647,0.916911,1772,2.890564,13.362
1772,0,1.575006,0.598454,18.650184,0.916881,1773,2.843872,13.403
1773,2,1.482638,0.496263,18.676040,0.917705,1774,2.875000,13.297
1774,1,1.280138,0.560576,18.649594,0.916456,1775,2.799072,45.922
1775,0,1.374307,0.546474,18.827526,0.916720,1776,2.890564,13.353
1776,1,1.388703,0.558650,18.973262,0.917038,1777,2.890564,13.348
1777,2,0.979134,0.582384,18.931964,0.916561,1778,2.902344,13.481
1778,1,1.431108,0.616829,18.832163,0.916273,1779,2.931580,13.310
1779,3,1.377880,0.500636,18.745232,0.917453,1780,2.890564,49.866
1780,2,1.098667,0.548270,18.675248,0.916411,1781,2.888672,13.356
1781,3,1.843680,0.555983,18.799585,0.914375,1782,2.878784,13.371
1782,0,1.341955,0.498535,18.725886,0.916326,1783,2.904236,13.422
1783,0,1.507589,0.480877,18.629568,0.916241,1784,2.847656,13.311
1784,2,1.286335,0.484569,18.729626,0.916957,1785,2.919800,45.145
1785,2,1.236214,0.512250,18.770420,0.915136,1786,2.890564,13.544
1786,0,1.664877,0.397773,18.728212,0.916727,1787,2.857544,13.423
1787,3,1.287525,0.585998,18.588442,0.917260,1788,2.904236,13.945
1788,3,1.458188,0.566237,18.769420,0.917071,1789,2.919800,13.906
1789,1,1.957184,0.813790,18.872491,0.915924,1790,2.785400,50.100
1790,2,1.518415,0.616389,18.862642,0.917092,1791,2.785400,13.697
1791,0,1.620984,0.477728,18.916692,0.917379,1792,2.906128,13.732
1792,2,1.386484,0.745874,19.111297,0.917796,1793,2.904236,13.557
1793,3,1.563475,0.586395,18.949865,0.917382,1794,2.875000,50.119
1794,1,1.887050,0.538881,18.892811,0.917874,1795,2.890564,13.626
1795,1,1.329704,0.499148,19.068522,0.917836,1796,2.890564,13.725
1796,1,1.860102,0.421270,19.271708,0.917530,1797,2.876892,13.671
1797,0,1.769274,0.604556,19.355296,0.917226,1798,2.904236,13.745
1798,0,1.403437,0.510932,19.383769,0.917176,1799,2.908020,47.835
1799,0,1.650588,0.508581,19.464827,0.917781,1800,2.919800,13.616
1800,1,1.197615,0.683081,19.331196,0.917323,1801,2.919800,13.569
1801,3,1.600505,0.530660,19.296558,0.917775,1802,2.935364,13.511
1802,2,1.644453,0.692439,19.555297,0.917485,1803,2.855652,13.375
1803,3,1.488839,0.489900,19.529858,0.917140,1804,2.906128,13.386
1804,0,1.523478,0.662105,19.681057,0.917153,1805,2.859436,13.493
1805,2,1.727473,0.592857,19.672866,0.916890,1806,2.863220,13.678
1806,1,1.638132,0.681348,19.638517,0.915873,1807,2.890564,13.519
1807,2,1.423622,0.619526,19.604826,0.917320,1808,2.875000,41.984
1808,1,1.759742,0.574772,19.754984,0.917386,1809,2.888672,13.375
1809,0,1.371597,0.541361,19.959810,0.916937,1810,2.892456,13.467
1810,0,1.649857,0.538517,19.975234,0.917251,1811,2.892456,13.413
1811,3,1.293814,0.591926,19.994379,0.916521,1812,2.919800,13.335
1812,0,1.614198,0.732090,20.132437,0.916634,1813,2.884888,41.999
1813,3,1.391567,0.578213,19.726974,0.918199,1814,2.863220,13.287
1814,3,1.524568,0.667566,19.577839,0.916184,1815,2.828308,13.447
1815,2,1.222269,0.636773,19.531201,0.916846,1816,2.904236,13.351
1816,0,1.422572,0.639871,19.187479,0.915680,1817,2.919800,14.027
1817,0,1.397075,0.597937,18.996624,0.917915,1818,2.853760,45.903
1818,2,1.623430,0.619405,19.093072,0.917286,1819,2.890564,13.492
1819,0,1.172837,0.565401,19.049477,0.916716,1820,2.875000,13.403
1820,1,1.494907,0.667946,19.056003,0.918143,1821,2.904236,13.382
1821,3,1.732041,0.643376,19.190391,0.916489,1822,2.890564,13.378
1822,1,1.371808,0.566053,19.382272,0.916883,1823,2.902344,45.795
1823,3,1.398977,0.568755,19.415998,0.917014,1824,2.861328,13.452
1824,1,1.512965,0.716366,19.537889,0.916429,1825,2.935364,13.647
1825,1,1.953738,0.606748,19.811583,0.916030,1826,2.890564,13.354
1826,2,1.365039,0.518887,19.786220,0.918121,1827,2.873108,13.735
1827,3,1.574654,0.691693,19.691470,0.916795,1828,2.916016,46.017
1828,0,1.462144,0.550146,19.625877,0.916667,1829,2.933472,13.396
1829,1,1.596558,0.571746,19.609023,0.917489,1830,2.828308,13.445
1830,3,1.683715,0.571011,19.671256,0.916216,1831,2.799072,13.404
1831,3,1.407956,0.568674,19.664330,0.917170,1832,2.890564,13.399
1832,3,1.188955,0.652847,19.687297,0.916215,1833,2.890564,45.883
1833,3,1.501084,0.581989,19.721755,0.917378,1834,2.888672,13.344
1834,1,1.698083,0.557386,19.673876,0.917447,1835,2.863220,13.398
1835,2,1.620525,0.526692,19.726195,0.917359,1836,2.863220,13.561
1836,0,1.378347,0.511681,19.498064,0.916922,1837,2.875000,13.379
1837,1,1.812534,0.643942,19.425670,0.917114,1838,2.933472,45.887
1838,2,1.552465,0.670789,19.432605,0.916242,1839,2.816528,14.032
1839,0,1.358570,0.534286,19.276739,0.916739,1840,2.799072,14.927
1840,0,1.351259,0.611131,19.205994,0.916789,1841,2.875000,13.279
1841,3,1.415592,0.687803,19.333427,0.916257,1842,2.863220,13.340
1842,3,1.342441,0.483401,19.378759,0.916741,1843,2.904236,45.795
1843,1,1.256715,0.501331,19.473110,0.917130,1844,2.919800,13.415
1844,0,1.751404,0.575001,19.383079,0.916382,1845,2.832092,13.865
1845,1,1.426083,0.605793,19.758226,0.917098,1846,2.902344,13.693
1846,1,1.294169,0.497616,19.754337,0.917550,1847,2.962708,13.634
1847,2,0.824878,0.543989,19.771828,0.916552,1848,2.873108,46.210
1848,0,1.108237,0.629093,20.007818,0.916748,1849,2.875000,13.684
1849,1,1.205470,0.602616,20.054004,0.917515,1850,2.892456,13.688
1850,3,1.429499,0.621359,20.131891,0.916960,1851,2.906128,13.682
1851,1,1.528926,0.484000,20.256843,0.917266,1852,2.892456,13.802
1852,2,1.704660,0.669194,20.283154,0.916055,1853,2.904236,50.027
1853,0,1.660929,0.478687,20.174054,0.916679,1854,2.890564,13.660
1854,2,1.754893,0.502185,20.086679,0.917276,1855,2.800964,13.660
1855,2,1.638925,0.465599,20.079971,0.916865,1856,2.947144,13.666
1856,0,1.604294,0.643126,20.083424,0.917053,1857,2.931580,13.609
1857,1,1.718352,0.526908,20.010486,0.916860,1858,2.892456,13.613
1858,3,1.487673,0.648478,20.105001,0.917820,1859,2.890564,13.891
1859,2,1.151221,0.708536,19.836947,0.917129,1860,2.906128,13.646
1860,2,1.571360,0.513862,20.023565,0.917263,1861,2.812744,13.679
1861,2,1.627422,0.649716,20.192016,0.916942,1862,2.876892,13.867
1862,1,1.338990,0.585009,20.139891,0.917265,1863,2.863220,13.470
1863,2,1.407800,0.612025,20.193347,0.916666,1864,2.875000,13.332
1864,2,1.422526,0.537318,20.191862,0.917713,1865,2.799072,13.354
1865,2,1.388871,0.520730,20.174289,0.916859,1866,2.830200,13.375
1866,3,1.602973,0.471391,20.065530,0.916050,1867,2.890564,45.904
1867,0,1.426461,0.706437,19.875149,0.917514,1868,2.904236,13.339
1868,2,1.305593,0.664040,19.886656,0.917315,1869,2.859436,13.524
1869,3,1.177563,0.504156,19.704340,0.916914,1870,2.902344,13.472
1870,3,1.339697,0.535967,19.673040,0.917007,1871,2.916016,13.445
1871,1,1.329697,0.621814,19.774063,0.917950,1872,2.904236,46.578
1872,2,1.638300,0.538797,19.787798,0.917334,1873,2.875000,13.304
1873,1,1.300190,0.613939,19.490859,0.917799,1874,2.840088,13.481
1874,3,1.499376,0.562980,19.367142,0.917570,1875,2.826416,13.326
1875,0,1.767443,0.514316,19.199922,0.918056,1876,2.890564,13.403
1876,3,1.013325,0.605680,19.039537,0.917071,1877,2.904236,13.594
1877,0,1.377755,0.540443,18.855325,0.917401,1878,2.863220,13.346
1878,3,1.640114,0.664858,19.056099,0.918440,1879,2.892456,13.347
1879,2,1.478388,0.673880,18.931381,0.916472,1880,2.890564,13.642
1880,3,1.165089,0.527541,18.745942,0.918002,1881,2.904236,13.387
1881,3,1.439159,0.548893,18.802409,0.916577,1882,2.853760,13.449
1882,0,1.361431,0.563256,18.745842,0.916632,1883,2.875000,13.417
1883,0,1.450245,0.546563,18.705251,0.916949,1884,2.890564,13.347
1884,2,1.305350,0.671053,18.460515,0.917195,1885,2.888672,13.449
1885,3,1.373980,0.595071,18.610098,0.916940,1886,2.875000,13.464
1886,2,1.501890,0.559169,18.780518,0.917211,1887,2.873108,13.477
1887,2,1.695079,0.586973,18.895847,0.916714,1888,2.890564,13.359
1888,0,1.665659,0.601859,18.664288,0.916748,1889,2.888672,13.427
1889,1,1.420866,0.566761,18.512224,0.917025,1890,2.876892,13.358
1890,0,1.264061,0.591344,18.306046,0.917891,1891,2.888672,13.605
1891,0,1.682103,0.702135,18.435777,0.918164,1892,2.931580,13.449
1892,3,1.613851,0.614090,18.341738,0.916228,1893,2.917908,13.441
1893,0,1.182320,0.488820,18.312500,0.916930,1894,2.873108,13.541
1894,3,1.541923,0.588138,18.296266,0.917129,1895,2.931580,13.362
1895,2,1.328104,0.660732,18.348602,0.917144,1896,2.906128,13.396
1896,2,1.367218,0.590307,18.490625,0.917090,1897,2.888672,46.056
1897,0,1.870872,0.468953,18.693490,0.917438,1898,2.904236,13.384
1898,1,1.644538,0.629372,18.729479,0.917592,1899,2.904236,13.420
1899,3,1.484239,0.674838,18.597412,0.916722,1900,2.890564,13.303
1900,3,1.670869,0.592807,18.707965,0.916784,1901,2.949036,13.561
1901,1,1.323845,0.629978,19.040944,0.917420,1902,2.875000,13.431
1902,2,1.502049,0.527297,18.992105,0.917067,1903,2.917908,13.530
1903,0,1.484364,0.662910,18.802442,0.917471,1904,2.904236,13.471
1904,3,1.140186,0.529452,18.632385,0.917116,1905,2.917908,13.415
1905,2,1.606325,0.458716,18.530410,0.916178,1906,2.917908,41.997
1906,1,1.539087,0.568556,18.656383,0.916307,1907,2.902344,13.414
1907,0,1.739955,0.484579,18.724730,0.917985,1908,2.876892,13.535
1908,0,1.424279,0.630760,18.682633,0.916544,1909,2.875000,13.465
1909,0,1.547875,0.696073,18.498296,0.916109,1910,2.904236,13.434
1910,0,1.403944,0.720707,18.713008,0.916929,1911,2.859436,13.564
1911,1,1.376431,0.640008,18.812756,0.915824,1912,2.931580,13.609
1912,2,1.479527,0.554433,18.697009,0.917008,1913,2.931580,13.439
1913,1,1.155714,0.503304,19.154835,0.917332,1914,2.904236,13.412
1914,3,1.520798,0.576256,19.430172,0.917439,1915,2.935364,13.414
1915,1,1.529501,0.559229,19.443102,0.916670,1916,2.886780,13.625
1916,1,1.274572,0.729867,19.271285,0.916973,1917,2.888672,13.444
1917,3,1.656289,0.471484,19.316499,0.917052,1918,2.906128,13.382
1918,2,1.157820,0.562605,19.333405,0.917736,1919,2.904236,13.508
1919,1,1.359660,0.478865,19.335334,0.917438,1920,2.878784,13.392
1920,0,1.603194,0.575479,19.405846,0.917431,1921,2.799072,13.394
1921,1,1.436724,0.604500,19.539515,0.916580,1922,2.890564,13.549
1922,2,1.744238,0.692192,19.665881,0.916302,1923,2.847656,13.545
1923,0,1.141139,0.528139,19.907144,0.917520,1924,2.888672,13.410
1924,1,1.524290,0.798240,19.886572,0.915450,1925,2.890564,13.396
1925,1,1.457753,0.604240,19.949143,0.917296,1926,2.902344,13.437
1926,3,1.464425,0.597717,19.828819,0.917143,1927,2.875000,13.957
1927,1,1.405500,0.565612,19.962846,0.915709,1928,2.785400,13.477
1928,0,1.725734,0.650093,20.018565,0.916276,1929,2.890564,13.418
1929,1,1.507059,0.611259,19.869120,0.917321,1930,2.892456,13.421
1930,2,1.465068,0.607139,20.219245,0.916124,1931,2.906128,45.892
1931,3,1.871462,0.569743,20.104240,0.917541,1932,2.812744,13.392
1932,0,1.405158,0.674546,20.146765,0.916988,1933,2.919800,13.510
1933,3,1.749912,0.595686,19.945841,0.917974,1934,2.876892,13.518
1934,1,1.232140,0.541456,19.995121,0.917291,1935,2.949036,13.471
1935,1,1.720787,0.569003,20.111216,0.916463,1936,2.863220,13.485
1936,2,1.478841,0.569616,20.420942,0.916112,1937,2.892456,13.350
1937,0,1.461348,0.547398,20.464127,0.917439,1938,2.826416,13.410
1938,1,1.691433,0.515743,20.525109,0.917498,1939,2.904236,13.482
1939,1,1.550525,0.550182,20.483964,0.917227,1940,2.919800,13.458
1940,2,1.535564,0.556406,20.494744,0.917088,1941,2.962708,13.582
1941,1,1.754908,0.545586,20.423252,0.917742,1942,2.863220,13.344
1942,2,1.453182,0.575526,20.534594,0.917611,1943,2.904236,13.442
1943,3,1.233962,0.628037,20.734356,0.916236,1944,2.812744,13.679
1944,0,1.260780,0.607003,20.657023,0.916372,1945,2.906128,13.505
1945,1,1.550222,0.627450,20.589281,0.916792,1946,2.890564,13.450
1946,0,1.353469,0.563760,20.364360,0.917655,1947,2.921692,13.392
1947,1,1.397560,0.715996,20.375055,0.916995,1948,2.876892,13.427
1948,1,1.216531,0.561709,20.368639,0.916722,1949,2.906128,13.344
1949,3,1.407173,0.598560,20.120105,0.916919,1950,2.826416,13.441
1950,1,1.273254,0.664840,20.041721,0.917075,1951,2.876892,13.359
1951,1,1.220771,0.550712,20.219563,0.915786,1952,2.919800,13.392
1952,1,1.443454,0.492758,20.269173,0.916184,1953,2.799072,13.477
1953,1,1.462190,0.506056,20.511198,0.916460,1954,2.890564,13.374
1954,1,1.578362,0.486212,20.515695,0.917370,1955,2.933472,13.490
1955,2,1.727840,0.608962,20.407261,0.916870,1956,2.904236,13.458
1956,1,1.511302,0.677624,20.603780,0.917792,1957,2.906128,13.421
1957,3,1.538857,0.522568,20.561885,0.917803,1958,2.904236,13.583
1958,1,1.420640,0.549813,20.721157,0.917030,1959,2.812744,13.713
1959,0,1.362997,0.540786,20.666534,0.917187,1960,2.875000,13.581
1960,3,1.612441,0.595490,20.544964,0.917663,1961,2.892456,48.940
1961,1,1.306231,0.594991,20.567789,0.916602,1962,2.812744,13.620
1962,3,1.337553,0.634787,20.441266,0.917734,1963,2.873108,13.667
1963,0,1.948071,0.567218,20.319779,0.916887,1964,2.904236,13.633
1964,0,1.531370,0.517441,20.386881,0.917419,1965,2.890564,13.694
1965,0,1.546229,0.534025,20.268268,0.917307,1966,2.785400,46.274
1966,0,1.705904,0.629254,20.187051,0.917413,1967,2.875000,13.572
1967,1,1.194157,0.560110,20.071442,0.917143,1968,2.812744,13.698
1968,0,1.559689,0.588679,20.029499,0.917756,1969,2.919800,13.659
1969,3,1.431389,0.475305,20.068392,0.917066,1970,2.904236,13.652
1970,2,1.397090,0.540186,20.093378,0.917372,1971,2.921692,46.046
1971,0,1.638616,0.671583,20.151567,0.916802,1972,2.876892,13.619
1972,2,1.809256,0.681581,20.061378,0.917797,1973,2.919800,13.714
1973,0,1.689086,0.596704,20.291021,0.916384,1974,2.876892,13.382
1974,0,1.447407,0.533622,20.147701,0.916220,1975,2.919800,13.532
1975,3,1.604294,0.537770,20.318361,0.917135,1976,2.931580,45.881
1976,3,1.547346,0.600574,20.543343,0.916896,1977,2.812744,13.443
1977,2,1.282187,0.473551,20.415863,0.916816,1978,2.861328,13.395
1978,1,1.417705,0.644508,20.339044,0.917742,1979,2.919800,13.422
1979,2,1.626958,0.550665,20.214573,0.917319,1980,2.906128,13.620
1980,0,1.432690,0.702116,20.246414,0.915784,1981,2.878784,41.876
1981,0,1.595650,0.594058,20.385638,0.916978,1982,2.890564,13.375
1982,0,1.323808,0.579299,20.214274,0.917203,1983,2.799072,13.455
1983,1,1.653684,0.612603,20.100161,0.916337,1984,2.890564,13.378
1984,1,1.725174,0.644180,20.031729,0.917179,1985,2.906128,13.465
1985,3,1.242039,0.538956,19.881061,0.916514,1986,2.890564,46.187
1986,2,1.840263,0.634917,19.799446,0.917235,1987,2.906128,13.414
1987,2,0.984546,0.554289,19.766502,0.916855,1988,2.904236,13.399
1988,3,1.359812,0.612081,19.486564,0.916021,1989,2.799072,13.407
1989,1,1.498981,0.476771,19.458449,0.917394,1990,2.902344,13.394
1990,3,1.559333,0.479355,19.652495,0.917218,1991,2.785400,41.897
1991,0,1.624896,0.499986,19.559777,0.917542,1992,2.876892,13.317
1992,0,1.749873,0.562213,19.638153,0.917681,1993,2.919800,13.379
1993,3,1.542149,0.525582,19.590256,0.916940,1994,2.935364,13.399
1994,0,1.371578,0.421165,19.654637,0.916008,1995,2.919800,13.446
1995,3,1.634080,0.648771,19.871974,0.916570,1996,2.947144,48.481
1996,1,1.452176,0.635072,19.975646,0.917115,1997,2.878784,13.573
1997,3,1.254932,0.621972,19.765960,0.917162,1998,2.904236,13.401
1998,1,1.601754,0.705996,19.862564,0.916505,1999,2.812744,13.999
1999,3,1.309249,0.476840,20.017109,0.917593,2000,2.890564,13.463
2000,3,1.389709,0.504705,18.895743,0.916320,2001,2.812744,13.864
2001,0,1.460550,0.455410,18.998616,0.917268,2002,2.906128,13.861
2002,0,1.230781,0.538418,18.960684,0.917922,2003,2.876892,13.723
2003,1,1.578102,0.687848,19.061002,0.917427,2004,2.921692,13.665
2004,2,1.706683,0.684494,18.987231,0.916401,2005,2.904236,18.199
2005,3,1.626319,0.537681,18.805813,0.917521,2006,2.892456,14.100
2006,2,1.304195,0.638884,18.611143,0.916743,2007,2.919800,13.727
2007,3,1.521471,0.553500,18.828777,0.916438,2008,2.876892,13.728
2008,2,1.491782,0.539017,19.142383,0.916808,2009,2.828308,13.731
2009,2,1.620993,0.557319,19.368649,0.917024,2010,2.917908,13.704
2010,1,1.476682,0.516351,19.151289,0.917818,2011,2.904236,13.727
2011,3,1.477733,0.601270,19.365791,0.917296,2012,2.906128,13.646
2012,2,1.759351,0.637981,19.406457,0.917034,2013,2.904236,13.643
2013,0,1.081553,0.577511,19.519507,0.917091,2014,2.812744,13.756
2014,1,1.094454,0.520196,19.527958,0.917399,2015,2.875000,13.415
2015,1,1.500323,0.663004,19.721307,0.916140,2016,2.799072,13.399
2016,2,1.657188,0.653873,19.311318,0.916220,2017,2.878784,13.735
2017,3,1.702577,0.612208,19.215920,0.916869,2018,2.906128,13.849
2018,2,1.447202,0.548259,19.356798,0.917655,2019,2.921692,50.133
2019,0,1.365175,0.699023,19.018008,0.916860,2020,2.890564,13.640
2020,3,1.447236,0.644981,18.804792,0.915680,2021,2.947144,13.663
2021,2,1.644909,0.476659,18.807006,0.917013,2022,2.906128,13.641
2022,3,1.531362,0.664864,18.942216,0.917746,2023,2.890564,13.658
2023,3,1.459077,0.466900,19.157862,0.917276,2024,2.841980,46.012
2024,0,1.331409,0.515346,19.014005,0.916464,2025,2.890564,13.613
2025,1,1.204684,0.456472,18.908049,0.917595,2026,2.876892,13.346
2026,2,1.568886,0.610321,19.019444,0.917078,2027,2.906128,13.332
2027,3,1.714932,0.590335,19.222291,0.917211,2028,2.863220,13.452
2028,1,1.754124,0.564558,19.412718,0.917399,2029,2.812744,41.797
2029,2,1.333041,0.653104,19.376096,0.916926,2030,2.847656,13.389
2030,0,1.495161,0.387806,19.705523,0.916792,2031,2.826416,13.369
2031,2,1.911583,0.608475,19.718938,0.917561,2032,2.906128,13.414
2032,2,1.601842,0.608303,19.762508,0.916441,2033,2.919800,13.381
2033,1,1.396785,0.475931,19.825560,0.916850,2034,2.935364,45.738
2034,3,1.253697,0.699425,19.872202,0.916939,2035,2.904236,13.366
2035,2,1.505033,0.533916,19.959217,0.917173,2036,2.799072,13.405
2036,0,1.280665,0.514988,19.974917,0.917381,2037,2.906128,13.456
2037,0,1.506364,0.614673,20.020566,0.917403,2038,2.906128,13.350
2038,1,1.623985,0.520681,20.134766,0.918119,2039,2.890564,45.945
2039,2,1.154278,0.574354,20.065936,0.917163,2040,2.863220,13.410
2040,1,1.910391,0.706156,19.858407,0.916784,2041,2.890564,13.309
2041,2,1.424619,0.494386,19.544505,0.917634,2042,2.892456,13.369
2042,3,1.693984,0.658504,19.722697,0.917247,2043,2.904236,13.500
2043,2,1.752823,0.749716,19.872283,0.916429,2044,2.799072,45.718
2044,3,1.317568,0.570296,19.990273,0.916671,2045,2.888672,13.326
2045,0,1.538965,0.540228,19.857032,0.916786,2046,2.853760,13.313
2046,0,1.337057,0.602149,19.855302,0.918126,2047,2.906128,13.298
2047,2,1.810453,0.572956,19.736548,0.917036,2048,2.892456,13.357
2048,2,1.762315,0.601890,20.106598,0.915822,2049,2.904236,45.799
2049,3,1.215702,0.692511,20.345265,0.916544,2050,2.890564,13.393
2050,0,1.377554,0.583887,20.349034,0.917242,2051,2.863220,13.617
2051,1,1.684212,0.532511,20.462120,0.917469,2052,2.906128,13.411
2052,2,1.740189,0.541927,20.752464,0.916892,2053,2.876892,13.466
2053,1,1.507012,0.476417,20.912634,0.916954,2054,2.812744,13.451
2054,2,1.877459,0.544462,20.929819,0.916877,2055,2.875000,13.334
2055,1,1.438260,0.688647,20.542841,0.916477,2056,2.812744,13.476
2056,0,1.652657,0.589826,20.733089,0.917706,2057,2.906128,13.483
2057,3,1.460627,0.567118,20.962556,0.916946,2058,2.919800,13.394
2058,3,1.358501,0.621357,20.838857,0.917361,2059,2.876892,45.913
2059,2,1.398617,0.522546,20.500099,0.916928,2060,2.917908,13.508
2060,1,1.603508,0.510976,20.731010,0.916852,2061,2.863220,13.565
2061,2,1.058282,0.453355,20.819904,0.916976,2062,2.892456,13.431
2062,1,1.107211,0.636060,20.661136,0.918278,2063,2.904236,13.506
2063,3,1.488496,0.498035,20.644408,0.917365,2064,2.826416,13.395
2064,1,1.618886,0.545267,20.436877,0.917139,2065,2.904236,13.620
2065,3,1.409209,0.612923,20.463888,0.917193,2066,2.931580,13.413
2066,3,1.471735,0.579862,20.316201,0.917083,2067,2.878784,13.395
2067,0,1.659426,0.625623,20.338503,0.916878,2068,2.904236,13.435
2068,1,1.657832,0.640296,20.446702,0.917071,2069,2.812744,14.056
2069,0,1.526880,0.597571,20.451271,0.917666,2070,2.875000,20.461
2070,2,1.441135,0.545058,20.440311,0.916897,2071,2.812744,19.879
2071,2,1.314126,0.542806,20.515944,0.917021,2072,2.906128,19.631
2072,3,1.532163,0.577355,21.043498,0.917092,2073,2.892456,68.054
2073,0,1.327756,0.555318,21.272731,0.915974,2074,2.921692,14.380
2074,1,1.520466,0.583233,21.106770,0.917265,2075,2.904236,15.032
2075,2,1.355451,0.574064,20.935284,0.916738,2076,2.799072,48.381
2076,3,1.527535,0.469762,20.961249,0.917159,2077,2.919800,23.185
2077,2,1.482777,0.446976,20.690768,0.918136,2078,2.892456,30.002
2078,0,1.189627,0.698623,20.481400,0.917606,2079,2.890564,13.731
2079,1,1.594747,0.558146,20.677127,0.916691,2080,2.917908,13.623
2080,0,1.232471,0.478656,20.548759,0.917428,2081,2.904236,13.724
2081,1,1.510351,0.573578,20.453132,0.918307,2082,2.906128,13.612
2082,1,1.775843,0.483787,20.261894,0.917107,2083,2.904236,13.593
2083,2,1.605600,0.534507,20.389907,0.917050,2084,2.812744,13.787
2084,3,1.571594,0.550065,20.353670,0.916492,2085,2.875000,13.658
2085,0,1.517327,0.630792,20.278427,0.916014,2086,2.799072,13.611
2086,0,1.505444,0.465027,20.300705,0.917053,2087,2.863220,13.817
2087,1,1.671242,0.553852,20.302248,0.917858,2088,2.906128,45.932
2088,0,1.482315,0.553554,20.212234,0.916897,2089,2.890564,13.566
2089,0,1.574866,0.721967,20.206623,0.917002,2090,2.890564,13.626
2090,3,1.539392,0.463009,20.150821,0.916909,2091,2.931580,14.328
2091,0,1.603777,0.512208,20.312929,0.918190,2092,2.812744,13.411
2092,3,1.233587,0.572661,20.317013,0.916991,2093,2.906128,46.064
2093,0,1.574209,0.546292,20.353468,0.918497,2094,2.904236,13.498
2094,0,1.515344,0.527742,20.138331,0.917301,2095,2.921692,13.680
2095,3,1.548609,0.512952,20.326647,0.916857,2096,2.876892,13.449
2096,2,1.333622,0.609448,20.467530,0.917648,2097,2.906128,13.457
2097,3,1.519353,0.497694,20.419777,0.916556,2098,2.785400,13.469
2098,1,1.572118,0.506670,20.549787,0.917800,2099,2.890564,21.209
2099,2,1.207460,0.537857,20.423604,0.916785,2100,2.878784,13.752
2100,2,1.524076,0.583367,19.654223,0.917346,2101,2.935364,13.530
2101,3,1.711338,0.474811,19.584794,0.917834,2102,2.890564,13.392
2102,3,1.734210,0.678398,19.452412,0.916399,2103,2.919800,13.460
2103,1,1.578886,0.527781,19.579721,0.916870,2104,2.919800,13.467
2104,3,1.511323,0.518589,19.453644,0.917039,2105,2.919800,13.486
2105,3,1.670233,0.568595,19.436731,0.917112,2106,2.876892,41.869
2106,3,1.437051,0.725560,19.536196,0.917456,2107,2.890564,13.469
2107,2,1.386100,0.514765,19.502689,0.916911,2108,2.890564,13.362
2108,3,1.341807,0.528884,19.354050,0.917452,2109,2.906128,14.091
2109,2,1.509777,0.439084,19.756753,0.917209,2110,2.863220,13.477
2110,1,1.486960,0.477383,19.831640,0.916577,2111,2.812744,42.694
2111,1,1.544434,0.591840,19.536923,0.917755,2112,2.861328,13.910
2112,3,1.682381,0.546270,19.658792,0.917613,2113,2.826416,13.692
2113,0,1.743129,0.477696,19.626074,0.915937,2114,2.876892,13.317
2114,0,1.682587,0.577406,19.677378,0.916493,2115,2.919800,13.465
2115,3,1.646255,0.520465,19.655710,0.916993,2116,2.962708,45.879
2116,0,1.389456,0.532656,19.729975,0.916939,2117,2.906128,13.364
2117,2,1.466452,0.575613,19.531891,0.916669,2118,2.892456,13.471
2118,0,1.579275,0.652733,19.514877,0.916737,2119,2.919800,13.490
2119,1,1.295930,0.453283,19.539690,0.917144,2120,2.890564,13.612
2120,0,1.646966,0.640755,19.652487,0.916491,2121,2.785400,46.420
2121,2,1.715925,0.589089,19.647394,0.916587,2122,2.890564,13.647
2122,2,1.304141,0.517416,19.569905,0.916949,2123,2.799072,13.745
2123,1,1.417972,0.698428,19.483126,0.916258,2124,2.906128,13.725
2124,2,1.577503,0.591932,19.387683,0.917669,2125,2.890564,13.620
2125,3,1.896704,0.669551,19.345313,0.915582,2126,2.921692,46.183
2126,2,1.643824,0.567327,19.339027,0.916875,2127,2.890564,13.577
2127,3,1.523853,0.537772,19.174589,0.917355,2128,2.919800,13.709
2128,0,1.585473,0.603287,19.194175,0.917192,2129,2.892456,13.644
2129,1,1.284385,0.559017,19.163104,0.916337,2130,2.863220,13.712
2130,1,1.859673,0.570305,19.169680,0.917383,2131,2.859436,42.397
2131,3,1.493438,0.729680,19.041052,0.916641,2132,2.919800,13.726
2132,0,1.284232,0.523582,18.961790,0.914960,2133,2.890564,13.699
2133,0,1.763282,0.621644,19.007341,0.917313,2134,2.890564,13.758
2134,0,1.430795,0.576769,19.065899,0.917903,2135,2.933472,13.615
2135,3,1.630269,0.570029,19.012529,0.917248,2136,2.904236,46.238
2136,3,1.496712,0.498319,19.248368,0.917139,2137,2.812744,13.603
2137,1,1.624049,0.589795,19.368116,0.916459,2138,2.888672,13.403
2138,2,1.648160,0.618907,19.308499,0.917278,2139,2.892456,13.476
2139,0,1.217123,0.398043,19.446003,0.917218,2140,2.906128,13.352
2140,2,1.284865,0.732573,19.482473,0.916368,2141,2.906128,46.112
2141,2,1.640708,0.533676,19.160015,0.917081,2142,2.890564,13.747
2142,0,1.584336,0.646824,19.120960,0.917136,2143,2.799072,13.701
2143,0,1.442254,0.608078,19.378420,0.917076,2144,2.890564,13.501
2144,2,1.547392,0.615130,19.346119,0.917428,2145,2.826416,13.600
2145,0,1.551562,0.595602,19.505417,0.917176,2146,2.892456,42.021
2146,0,1.479678,0.582972,19.489890,0.917651,2147,2.904236,13.346
2147,3,1.683267,0.524686,19.582503,0.916920,2148,2.908020,13.404
2148,3,1.649351,0.592814,19.706684,0.917178,2149,2.890564,13.530
2149,1,1.587282,0.583024,19.589185,0.916418,2150,2.933472,13.446
2150,3,1.946572,0.610399,19.549374,0.917331,2151,2.906128,13.437
2151,3,1.454236,0.639926,19.538523,0.917233,2152,2.890564,13.679
2152,0,1.495643,0.622801,19.465478,0.916787,2153,2.873108,14.255
2153,2,1.457993,0.544781,19.538520,0.917088,2154,2.812744,13.557
2154,0,1.300671,0.536795,19.639057,0.917283,2155,2.890564,13.453
2155,0,1.199186,0.576003,19.911757,0.916715,2156,2.876892,13.588
2156,1,1.448278,0.654854,20.060450,0.916635,2157,2.890564,13.553
2157,3,1.428180,0.535465,20.211491,0.916660,2158,2.812744,13.494
2158,3,1.475899,0.488556,20.147919,0.916925,2159,2.876892,13.361
2159,1,1.330978,0.614925,20.208602,0.916675,2160,2.785400,13.382
2160,3,1.569310,0.432109,20.083757,0.916410,2161,2.890564,45.924
2161,0,1.311311,0.587341,20.022283,0.917118,2162,2.892456,13.401
2162,3,1.192212,0.487694,20.047286,0.916748,2163,2.921692,13.577
2163,1,1.761815,0.495833,20.150358,0.916925,2164,2.890564,13.523
2164,1,1.570015,0.536840,19.913799,0.917528,2165,2.812744,13.487
2165,3,1.544368,0.464835,19.636196,0.917144,2166,2.947144,13.477
2166,2,1.184141,0.686000,19.433262,0.917449,2167,2.861328,13.667
2167,3,1.880414,0.730208,19.311550,0.916995,2168,2.863220,13.486
2168,3,1.670769,0.544263,19.129974,0.917020,2169,2.890564,14.050
2169,0,1.696820,0.562215,19.126158,0.917623,2170,2.863220,13.443
2170,1,1.379164,0.495964,19.089536,0.917073,2171,2.888672,13.535
2171,1,1.484051,0.649771,18.885244,0.917433,2172,2.875000,13.392
2172,3,1.808415,0.754985,18.909261,0.915078,2173,2.888672,13.432
2173,2,1.750377,0.409170,19.107147,0.916790,2174,2.919800,13.580
2174,1,1.344289,0.461894,19.229623,0.918021,2175,2.888672,13.480
2175,3,1.761992,0.549263,19.036743,0.916987,2176,2.861328,46.104
2176,0,1.242167,0.659292,18.986735,0.917024,2177,2.906128,13.300
2177,0,1.437944,0.586916,18.897339,0.917279,2178,2.890564,13.423
2178,3,1.513666,0.537923,18.931621,0.917109,2179,2.890564,13.300
2179,1,1.421822,0.527062,18.706807,0.917999,2180,2.863220,13.618
2180,0,1.513098,0.492653,18.656844,0.917137,2181,2.906128,13.413
2181,1,1.358775,0.642114,18.717222,0.917365,2182,2.876892,13.465
2182,0,1.597596,0.690891,18.828819,0.916704,2183,2.826416,13.647
2183,2,1.568965,0.490660,18.847676,0.916921,2184,2.861328,13.717
2184,2,1.130269,0.525679,18.840613,0.917726,2185,2.826416,13.854
2185,1,1.657371,0.494032,18.826286,0.917733,2186,2.931580,46.469
2186,0,1.525995,0.602030,18.827244,0.916333,2187,2.906128,13.701
2187,3,1.422517,0.490128,18.632932,0.917191,2188,2.799072,13.589
2188,0,1.423067,0.549339,18.487247,0.916402,2189,2.904236,13.740
2189,0,1.583922,0.633380,18.282029,0.916817,2190,2.812744,13.668
2190,1,1.622890,0.533212,18.512685,0.917295,2191,2.878784,13.671
2191,1,1.224863,0.588887,18.501915,0.916325,2192,2.890564,13.725
2192,0,1.633931,0.418955,18.404974,0.917168,2193,2.908020,13.833
2193,1,1.646501,0.457306,18.575200,0.918476,2194,2.890564,13.760
2194,3,1.441533,0.613758,18.650257,0.916865,2195,2.906128,13.812
2195,3,1.341313,0.615154,18.867984,0.917330,2196,2.906128,46.086
2196,3,1.207141,0.530941,19.102196,0.916984,2197,2.890564,13.592
2197,3,1.392158,0.567985,19.249080,0.917640,2198,2.841980,13.584
2198,1,1.531036,0.494783,19.125982,0.916372,2199,2.876892,13.359
2199,1,1.783288,0.492400,19.381474,0.916582,2200,2.917908,13.309
2200,3,1.453275,0.629797,20.533876,0.917721,2201,2.878784,13.420
2201,1,1.534632,0.613626,20.371979,0.916287,2202,2.876892,13.304
2202,0,1.692527,0.592203,20.032573,0.917504,2203,2.826416,13.331
2203,3,1.235500,0.537194,20.046855,0.917514,2204,2.888672,13.233
2204,3,1.624302,0.504291,20.135142,0.917146,2205,2.826416,15.203
2205,1,1.577383,0.490211,20.028525,0.917336,2206,2.947144,13.250
2206,2,1.142570,0.627405,19.951545,0.917780,2207,2.878784,13.341
2207,0,1.465053,0.626223,19.832089,0.916825,2208,2.935364,13.261
2208,3,1.640902,0.590327,19.759453,0.916302,2209,2.890564,46.585
2209,2,1.954496,0.604909,19.750470,0.915836,2210,2.812744,13.280
2210,1,1.762988,0.535001,19.515370,0.917905,2211,2.906128,13.302
2211,1,1.390732,0.657702,19.389348,0.916815,2212,2.906128,13.256
2212,2,1.254747,0.663491,19.403896,0.916328,2213,2.876892,13.273
2213,3,1.303147,0.657323,19.661176,0.918060,2214,2.890564,13.237
2214,1,1.459318,0.591045,19.731520,0.916858,2215,2.904236,13.367
2215,2,1.419260,0.524818,19.806963,0.917677,2216,2.892456,13.233
2216,2,1.526324,0.605626,19.828037,0.915881,2217,2.904236,13.271
2217,0,1.641501,0.472434,19.827181,0.917705,2218,2.799072,13.335
2218,1,1.144182,0.704730,19.838194,0.917220,2219,2.890564,13.334
2219,0,1.252739,0.650356,19.717594,0.916324,2220,2.917908,13.637
2220,3,1.715659,0.594803,19.812748,0.917639,2221,2.919800,13.824
2221,2,1.233421,0.620651,19.884485,0.916621,2222,2.890564,13.302
2222,1,1.556877,0.526203,19.600047,0.916392,2223,2.826416,13.215
2223,2,1.081228,0.411404,19.656485,0.917675,2224,2.875000,47.444
2224,2,1.520923,0.557357,19.476427,0.917214,2225,2.812744,13.225
2225,1,1.673048,0.701904,19.477057,0.917380,2226,2.917908,13.202
2226,1,1.500372,0.552957,19.365713,0.915940,2227,2.863220,13.175
2227,0,1.549862,0.504413,19.454037,0.917227,2228,2.826416,13.209
2228,3,1.561822,0.525430,19.591092,0.917170,2229,2.890564,49.701
2229,0,1.557730,0.484613,19.623750,0.917488,2230,2.812744,13.199
2230,0,1.881439,0.587409,19.456545,0.917402,2231,2.878784,13.401
2231,1,1.852157,0.598053,19.353293,0.917152,2232,2.876892,13.430
2232,2,1.788573,0.589061,19.187180,0.916720,2233,2.935364,13.265
2233,2,1.422001,0.515121,19.167637,0.917874,2234,2.876892,45.889
2234,1,1.529795,0.686753,19.410310,0.918855,2235,2.906128,13.291
2235,2,1.246677,0.705931,19.212110,0.916614,2236,2.845764,13.405
2236,3,1.271223,0.755371,19.105445,0.916377,2237,2.888672,13.902
2237,1,1.437486,0.588478,19.173324,0.916667,2238,2.816528,13.306
2238,1,1.133052,0.582914,19.348880,0.917762,2239,2.890564,42.014
2239,2,1.585627,0.592477,19.504841,0.917331,2240,2.878784,13.566
2240,3,1.175573,0.675038,19.426964,0.917472,2241,2.904236,13.610
2241,0,1.066525,0.552571,19.474457,0.916846,2242,2.812744,13.692
2242,3,1.768078,0.480677,19.335940,0.916583,2243,2.904236,13.551
2243,3,1.663644,0.654971,19.487978,0.916881,2244,2.919800,45.941
2244,0,1.245454,0.488902,19.397625,0.916292,2245,2.904236,13.575
2245,2,1.577918,0.553387,19.211804,0.916787,2246,2.799072,13.575
2246,3,1.338307,0.503179,19.191275,0.917413,2247,2.812744,13.743
2247,0,1.766714,0.523662,19.141754,0.917426,2248,2.906128,13.538
2248,1,1.537468,0.570156,19.237515,0.917179,2249,2.906128,46.115
2249,3,1.527528,0.466269,19.120426,0.915884,2250,2.863220,13.681
2250,0,1.379513,0.544503,19.216883,0.918196,2251,2.812744,13.659
2251,1,0.966210,0.585778,19.252083,0.917852,2252,2.892456,13.785
2252,2,1.238126,0.475121,19.348161,0.917382,2253,2.904236,13.511
2253,1,1.415605,0.591810,19.373755,0.916481,2254,2.908020,50.101
2254,0,1.349025,0.573583,19.500569,0.917116,2255,2.904236,13.164
2255,2,1.621363,0.467721,19.376886,0.917930,2256,2.931580,13.227
2256,3,1.865388,0.548494,19.304286,0.917210,2257,2.906128,13.193
2257,0,1.414004,0.526618,19.545691,0.917146,2258,2.876892,13.177
2258,2,1.651401,0.540651,19.363427,0.917353,2259,2.826416,45.734
2259,3,1.698172,0.558172,19.237373,0.917661,2260,2.875000,13.141
2260,1,1.582195,0.531577,19.129485,0.916270,2261,2.785400,13.201
2261,3,1.774347,0.525201,18.896481,0.916520,2262,2.906128,13.280
2262,1,1.140761,0.663485,18.919319,0.918066,2263,2.892456,13.205
2263,3,1.205118,0.561825,19.142778,0.917082,2264,2.890564,48.311
2264,3,1.799021,0.399763,19.295339,0.917192,2265,2.890564,13.879
2265,3,1.162064,0.585843,19.370356,0.916949,2266,2.890564,13.164
2266,2,1.573097,0.523857,19.538274,0.917031,2267,2.906128,13.314
2267,1,1.618575,0.573621,19.639776,0.916881,2268,2.904236,13.344
2268,3,1.193587,0.690455,19.621988,0.916300,2269,2.799072,13.333
2269,0,1.502324,0.574095,19.522993,0.917041,2270,2.933472,13.258
2270,2,1.282643,0.559509,19.431651,0.916708,2271,2.878784,13.320
2271,3,1.183099,0.535636,19.366823,0.917772,2272,2.876892,13.405
2272,0,1.399892,0.617587,19.278347,0.917146,2273,2.826416,49.926
2273,1,1.471801,0.607155,18.877369,0.917274,2274,2.904236,13.280
2274,1,1.799724,0.648464,18.842217,0.916672,2275,2.826416,13.272
2275,2,1.151048,0.476589,18.851524,0.916745,2276,2.947144,13.457
2276,1,0.959036,0.516943,18.727532,0.916802,2277,2.863220,13.279
2277,2,1.462375,0.596059,18.492381,0.916807,2278,2.888672,50.098
2278,2,1.328195,0.586251,18.375129,0.916996,2279,2.919800,13.429
2279,3,1.792926,0.563201,18.309503,0.916733,2280,2.890564,13.334
2280,0,1.489551,0.697864,18.287233,0.916922,2281,2.890564,13.278
2281,3,1.088683,0.657667,18.333605,0.916205,2282,2.917908,13.214
2282,0,1.523368,0.576843,18.153639,0.917482,2283,2.859436,41.843
2283,1,1.160969,0.654385,18.286242,0.916378,2284,2.875000,13.397
2284,3,1.496015,0.616138,18.158494,0.917433,2285,2.904236,13.243
2285,2,1.297978,0.494894,18.083575,0.917255,2286,2.931580,13.285
2286,1,1.929803,0.529937,18.123572,0.917267,2287,2.843872,13.218
2287,2,1.896368,0.537850,18.179995,0.917023,2288,2.919800,13.276
2288,2,1.803630,0.545236,18.320998,0.918232,2289,2.900452,13.286
2289,0,1.584009,0.676590,18.088658,0.916359,2290,2.917908,13.319
2290,1,1.762766,0.618443,18.235339,0.916769,2291,2.863220,13.287
2291,2,1.536352,0.451555,18.251781,0.917680,2292,2.890564,13.239
2292,3,1.444364,0.652541,18.429581,0.916693,2293,2.917908,13.394
2293,0,1.542606,0.590707,18.564086,0.917190,2294,2.890564,14.040
2294,0,1.673881,0.709378,18.660489,0.916623,2295,2.890564,13.256
2295,2,1.729855,0.601303,18.660514,0.916877,2296,2.931580,13.550
2296,0,1.357938,0.580583,18.654587,0.917418,2297,2.906128,13.573
2297,3,1.492436,0.674088,18.789675,0.916917,2298,2.853760,46.067
2298,3,1.489611,0.605116,18.509702,0.917136,2299,2.826416,13.485
2299,0,1.291821,0.574643,18.784481,0.917086,2300,2.904236,13.538
2300,1,1.347253,0.550473,19.295372,0.917599,2301,2.888672,13.419
2301,3,1.393370,0.554387,19.018442,0.916306,2302,2.919800,13.321
2302,0,1.742445,0.562550,19.048080,0.916522,2303,2.861328,13.175
2303,1,1.811510,0.536520,18.865626,0.917900,2304,2.919800,13.277
2304,2,1.603891,0.756886,19.075581,0.916376,2305,2.933472,13.317
2305,3,1.638078,0.520924,19.201462,0.917798,2306,2.919800,13.276
2306,1,1.287022,0.574284,19.222725,0.916890,2307,2.875000,13.259
2307,3,1.470783,0.569656,19.244085,0.917300,2308,2.917908,41.798
2308,0,1.394420,0.721783,19.337871,0.916006,2309,2.906128,13.327
2309,2,1.474382,0.631314,19.440142,0.916441,2310,2.902344,13.311
2310,1,1.606361,0.627381,19.650419,0.916397,2311,2.875000,13.264
2311,2,1.288974,0.585230,19.663867,0.917408,2312,2.859436,13.788
2312,2,1.543773,0.596474,19.584589,0.917313,2313,2.931580,49.679
2313,1,1.440974,0.611816,19.310526,0.917211,2314,2.886780,13.274
2314,0,1.002608,0.645466,19.336238,0.916657,2315,2.863220,13.263
2315,2,1.316855,0.557616,19.520355,0.916933,2316,2.812744,13.286
2316,3,1.418177,0.615156,19.513223,0.916672,2317,2.871216,13.350
2317,2,1.673146,0.608631,19.329085,0.917257,2318,2.919800,13.340
2318,1,1.642609,0.597877,19.464104,0.916862,2319,2.859436,13.272
2319,3,1.415664,0.614914,19.423173,0.916385,2320,2.931580,13.312
2320,1,1.501330,0.550179,19.233417,0.917509,2321,2.904236,13.270
2321,3,1.603681,0.571458,19.329924,0.917186,2322,2.931580,13.228
2322,2,1.438633,0.597508,19.477282,0.917112,2323,2.890564,13.321
2323,3,1.570279,0.659202,19.556104,0.917371,2324,2.904236,13.241
2324,3,1.357186,0.534278,19.516615,0.916822,2325,2.900452,13.307
2325,3,1.222775,0.559247,19.538326,0.917515,2326,2.933472,13.521
2326,1,1.557804,0.500282,19.639548,0.916611,2327,2.863220,49.739
2327,2,1.467935,0.651828,19.763076,0.916916,2328,2.843872,13.387
2328,1,1.637788,0.518925,20.023436,0.918022,2329,2.902344,25.954
2329,1,1.621309,0.600063,19.706826,0.917670,2330,2.857544,121.951
2330,1,1.557719,0.509154,19.557739,0.917198,2331,2.890564,22.587
2331,1,0.862750,0.606113,19.482806,0.916944,2332,2.892456,33.239
2332,3,1.192664,0.462716,19.386696,0.916669,2333,2.878784,23.332
2333,1,1.451990,0.581703,19.619105,0.917026,2334,2.919800,13.629
2334,1,1.331035,0.635335,19.585043,0.917113,2335,2.919800,46.340
2335,1,1.527993,0.622251,19.743406,0.917937,2336,2.861328,13.338
2336,3,1.275314,0.555238,19.735522,0.916967,2337,2.919800,13.327
2337,0,1.356090,0.549418,19.851283,0.914374,2338,2.863220,13.236
2338,1,1.600607,0.632680,20.009396,0.917496,2339,2.904236,13.269
2339,1,1.586448,0.587374,19.919001,0.916949,2340,2.847656,13.284
2340,0,1.789105,0.684980,19.553788,0.915941,2341,2.888672,13.255
2341,0,1.444787,0.583839,19.622955,0.916593,2342,2.916016,13.212
2342,1,1.623305,0.594900,19.532079,0.917289,2343,2.890564,13.423
2343,0,1.596089,0.616371,19.458663,0.916570,2344,2.919800,13.175
2344,2,1.406855,0.746959,19.691698,0.917845,2345,2.800964,13.264
2345,0,1.053812,0.509306,19.561567,0.916828,2346,2.890564,13.316
2346,0,1.346003,0.547040,19.565954,0.917369,2347,2.888672,13.395
2347,2,1.355627,0.646999,19.464508,0.916829,2348,2.875000,13.187
2348,3,1.578720,0.598130,19.556762,0.917434,2349,2.835876,13.195
2349,1,1.485592,0.458610,19.723914,0.916125,2350,2.888672,13.432
2350,0,1.625275,0.608378,19.634859,0.916897,2351,2.904236,13.332
2351,2,2.032414,0.540693,19.442607,0.916592,2352,2.888672,13.554
2352,0,1.165930,0.630722,19.629007,0.916899,2353,2.892456,13.489
2353,1,1.228214,0.655513,19.889201,0.917163,2354,2.888672,45.904
2354,0,1.794316,0.513802,19.725717,0.917245,2355,2.919800,13.473
2355,2,1.640345,0.488673,19.477627,0.917400,2356,2.904236,13.510
2356,2,1.466309,0.643712,19.671014,0.917136,2357,2.878784,13.481
2357,3,1.140818,0.565265,19.592127,0.917165,2358,2.876892,13.421
2358,0,1.579988,0.706601,19.589681,0.916228,2359,2.888672,47.237
2359,0,1.391918,0.475566,19.668553,0.917372,2360,2.799072,13.493
2360,1,1.598988,0.538736,19.475728,0.917682,2361,2.890564,13.498
2361,3,1.562929,0.656573,19.408013,0.917169,2362,2.863220,13.503
2362,3,1.319785,0.572323,19.333702,0.917529,2363,2.904236,13.508
2363,3,1.694887,0.463320,19.238560,0.916310,2364,2.931580,13.435
2364,0,1.484167,0.537675,19.059857,0.916708,2365,2.892456,13.746
2365,3,1.497160,0.537717,18.912028,0.917142,2366,2.890564,14.574
2366,2,1.352681,0.664953,18.909698,0.916611,2367,2.906128,13.531
2367,1,1.490125,0.745717,18.941513,0.916208,2368,2.894348,13.622
2368,3,1.335544,0.622798,19.138854,0.916768,2369,2.904236,13.386
2369,1,1.478676,0.651583,18.977108,0.917479,2370,2.904236,13.209
2370,3,1.616672,0.412297,18.947741,0.917889,2371,2.861328,13.447
2371,3,1.677436,0.610112,19.075143,0.916671,2372,2.888672,13.177
2372,2,1.337412,0.438723,19.120654,0.916695,2373,2.863220,13.299
2373,2,1.518901,0.482833,18.890826,0.917743,2374,2.904236,13.171
2374,1,1.444318,0.709880,18.859083,0.915859,2375,2.785400,13.240
2375,2,1.500363,0.581194,18.689606,0.916740,2376,2.888672,13.160
2376,2,1.432812,0.560974,18.718840,0.916196,2377,2.916016,13.188
2377,3,1.428604,0.606180,18.808766,0.916478,2378,2.890564,13.120
2378,1,1.415579,0.563312,18.721437,0.916931,2379,2.904236,49.742
2379,1,1.537744,0.709245,18.894856,0.916536,2380,2.785400,13.271
2380,1,1.549510,0.496020,18.696983,0.916772,2381,2.890564,13.201
2381,3,1.680034,0.510381,18.663959,0.917479,2382,2.919800,13.758
2382,1,1.489311,0.679006,18.790060,0.916896,2383,2.906128,13.199
2383,1,1.563008,0.599775,19.152717,0.917383,2384,2.835876,13.425
2384,2,1.803760,0.568126,18.908200,0.917716,2385,2.919800,13.260
2385,0,1.632319,0.549050,18.801890,0.917302,2386,2.904236,13.393
2386,1,1.241114,0.620757,18.827338,0.913894,2387,2.935364,13.194
2387,3,1.643427,0.667520,18.816474,0.916946,2388,2.876892,13.205
2388,3,1.315108,0.645898,18.697997,0.917080,2389,2.919800,13.148
2389,1,1.653743,0.579615,18.607229,0.917161,2390,2.826416,13.183
2390,2,1.392176,0.540229,18.568262,0.917048,2391,2.904236,13.177
2391,1,1.595630,0.600074,18.556590,0.916328,2392,2.863220,13.192
2392,2,1.429380,0.553084,18.448298,0.917509,2393,2.876892,13.530
2393,3,1.532299,0.542378,18.574314,0.916896,2394,2.904236,49.824
2394,2,1.524819,0.586057,18.637165,0.916938,2395,2.892456,13.532
2395,0,1.718316,0.546227,18.756160,0.916500,2396,2.890564,13.203
2396,2,1.276529,0.362099,18.647310,0.917356,2397,2.878784,13.199
2397,1,1.120209,0.594717,18.813703,0.916743,2398,2.935364,13.185
2398,0,1.408663,0.424250,18.879800,0.917357,2399,2.931580,49.605
2399,0,1.231938,0.567084,18.990624,0.916985,2400,2.876892,13.197
2400,1,1.382120,0.579229,18.931588,0.917664,2401,2.875000,13.309
2401,3,1.924675,0.630675,19.157852,0.917109,2402,2.875000,13.229
2402,3,1.487708,0.658567,19.304285,0.916258,2403,2.863220,13.268
2403,0,1.720891,0.430940,19.354066,0.917981,2404,2.904236,13.482
2404,1,1.470766,0.586920,19.301243,0.916673,2405,2.826416,13.241
2405,1,1.225207,0.507893,19.057835,0.916985,2406,2.876892,13.250
2406,0,1.593809,0.599563,19.119206,0.916958,2407,2.919800,13.362
2407,3,1.562611,0.543291,18.941468,0.916640,2408,2.878784,45.679
2408,2,1.585552,0.678962,18.990084,0.916671,2409,2.904236,13.228
2409,2,1.442384,0.472688,19.317775,0.917284,2410,2.878784,13.286
2410,0,1.561552,0.582622,19.213941,0.916553,2411,2.904236,13.264
2411,1,1.497893,0.525006,19.178419,0.917908,2412,2.947144,14.245
2412,0,1.337317,0.484627,19.132516,0.917877,2413,2.890564,13.308
2413,3,1.712946,0.635308,19.095302,0.916694,2414,2.904236,13.265
2414,3,1.333052,0.654426,19.126562,0.916374,2415,2.847656,13.238
2415,0,1.721581,0.623158,19.081169,0.917078,2416,2.875000,13.206
2416,0,1.203879,0.519531,19.183459,0.918205,2417,2.888672,13.215
2417,3,1.153218,0.508966,19.060114,0.917472,2418,2.890564,13.407
2418,3,1.468407,0.630189,19.220401,0.917706,2419,2.851440,13.210
2419,3,1.265974,0.709355,19.233995,0.915928,2420,2.841980,13.290
2420,1,1.255838,0.630118,19.345229,0.917529,2421,2.888672,13.303
2421,1,1.161460,0.502515,19.541589,0.917203,2422,2.888672,13.247
2422,3,1.459912,0.570184,19.467666,0.916025,2423,2.876892,15.704
2423,1,1.894964,0.590824,19.592908,0.917504,2424,2.904236,20.412
2424,1,1.754874,0.584858,19.440789,0.917294,2425,2.826416,20.532
2425,3,1.599443,0.461394,19.223135,0.916775,2426,2.904236,49.123
2426,3,1.414115,0.629103,19.322122,0.917012,2427,2.878784,20.637
2427,3,1.537927,0.639530,19.541645,0.915306,2428,2.892456,20.702
2428,3,1.206274,0.537036,19.625987,0.916222,2429,2.904236,21.485
2429,3,1.271625,0.522620,19.489923,0.916851,2430,2.861328,47.024
2430,0,1.844072,0.591393,19.514068,0.916536,2431,2.890564,82.105
2431,3,1.537214,0.597717,19.494458,0.917378,2432,2.847656,20.577
2432,3,1.614532,0.557681,19.466211,0.917132,2433,2.919800,23.228
2433,3,1.765170,0.593923,19.267018,0.916306,2434,2.916016,35.780
2434,0,1.545619,0.482586,19.166748,0.917724,2435,2.892456,23.237
2435,1,1.617706,0.522228,19.296083,0.917238,2436,2.875000,13.172
2436,3,1.616357,0.522742,19.447339,0.917125,2437,2.875000,45.790
2437,2,1.266883,0.577247,19.531115,0.917237,2438,2.863220,13.247
2438,1,1.327480,0.658275,19.503495,0.916930,2439,2.904236,13.281
2439,1,1.519607,0.575096,19.651219,0.917745,2440,2.826416,13.230
2440,0,1.531539,0.598474,19.535434,0.917212,2441,2.876892,13.231
2441,1,1.566492,0.647675,19.568359,0.916994,2442,2.919800,13.156
2442,3,1.315585,0.450329,19.532539,0.916482,2443,2.878784,13.196
2443,1,1.289332,0.560516,19.657155,0.918345,2444,2.904236,13.347
2444,2,1.593381,0.661042,19.546327,0.917424,2445,2.863220,13.247
2445,3,1.488201,0.543277,19.373787,0.916620,2446,2.904236,13.177
2446,1,1.439423,0.444274,19.397368,0.916823,2447,2.947144,13.354
2447,3,1.640643,0.523382,19.651680,0.917342,2448,2.890564,13.261
2448,0,1.546528,0.389384,19.770387,0.917362,2449,2.904236,13.209
2449,1,1.568548,0.648653,19.810698,0.916590,2450,2.785400,13.612
2450,3,1.754500,0.499180,19.891888,0.916932,2451,2.890564,15.607
2451,3,1.631050,0.609733,19.873751,0.917123,2452,2.904236,13.712
2452,3,1.664186,0.682048,19.487815,0.917145,2453,2.890564,13.267
2453,3,1.472545,0.588650,19.469063,0.916820,2454,2.835876,13.243
2454,0,1.434754,0.643196,19.529914,0.916821,2455,2.919800,13.318
2455,3,1.523331,0.597991,19.352070,0.917387,2456,2.904236,13.200
2456,3,1.591592,0.562145,19.382326,0.914649,2457,2.919800,13.226
2457,2,1.577120,0.528342,19.583461,0.917202,2458,2.876892,13.302
2458,2,1.485861,0.589361,19.485870,0.917446,2459,2.904236,13.246
2459,3,0.855546,0.647578,19.366626,0.917192,2460,2.888672,13.231
2460,2,1.555264,0.463554,18.964889,0.916852,2461,2.888672,13.178
2461,1,1.729275,0.628241,19.142555,0.916563,2462,2.847656,50.482
2462,0,1.111782,0.564707,19.354335,0.916580,2463,2.876892,13.261
2463,1,1.412963,0.706943,19.487473,0.917436,2464,2.919800,13.398
2464,2,1.381809,0.527272,19.345538,0.917377,2465,2.799072,13.659
2465,0,0.925676,0.616108,19.694675,0.916831,2466,2.890564,16.558
2466,1,1.394215,0.601281,19.688797,0.916784,2467,2.863220,46.020
2467,0,1.554625,0.520424,19.476481,0.916804,2468,2.904236,13.638
2468,3,1.648277,0.552419,19.414826,0.917962,2469,2.931580,13.531
2469,3,1.701872,0.573645,19.549756,0.917387,2470,2.892456,13.564
2470,3,1.250196,0.532828,19.534026,0.917275,2471,2.890564,13.479
2471,1,1.877811,0.514304,19.356955,0.917559,2472,2.906128,45.990
2472,3,1.537613,0.512894,19.500981,0.916435,2473,2.878784,13.666
2473,2,1.415225,0.642253,19.323444,0.917345,2474,2.904236,13.486
2474,1,1.382959,0.584027,19.342193,0.916571,2475,2.904236,13.554
2475,3,1.517234,0.581471,19.455396,0.917288,2476,2.876892,13.458
2476,1,1.699429,0.554993,19.205244,0.917168,2477,2.919800,45.979
2477,0,1.434973,0.622304,19.307332,0.917094,2478,2.863220,13.433
2478,1,1.617608,0.744132,19.357112,0.917562,2479,2.904236,13.677
2479,1,1.586766,0.486988,19.158546,0.916719,2480,2.785400,13.264
2480,0,0.927867,0.677947,19.174238,0.916554,2481,2.904236,13.690
2481,3,1.605528,0.702065,19.287382,0.917301,2482,2.947144,13.326
2482,2,1.463944,0.596511,18.995823,0.915724,2483,2.890564,13.470
2483,2,1.711476,0.622753,18.912660,0.917251,2484,2.904236,13.297
2484,2,1.496488,0.805572,19.131845,0.917052,2485,2.847656,13.349
2485,3,1.696865,0.623703,18.846668,0.916243,2486,2.875000,13.208
2486,3,1.225744,0.494851,18.801477,0.917254,2487,2.888672,13.233
2487,3,1.586161,0.672258,18.876184,0.916716,2488,2.890564,13.373
2488,0,1.663216,0.539549,18.918652,0.916823,2489,2.851440,13.291
2489,1,1.407651,0.646362,19.015312,0.917281,2490,2.888672,13.793
2490,2,1.184040,0.592934,19.064935,0.916168,2491,2.826416,45.720
2491,3,1.840584,0.549289,19.231781,0.916872,2492,2.904236,13.165
2492,3,1.691329,0.593121,19.682762,0.916519,2493,2.876892,13.304
2493,3,1.530628,0.586400,19.699824,0.917591,2494,2.904236,13.365
2494,1,1.444677,0.606041,19.483946,0.916127,2495,2.904236,13.215
2495,2,1.802683,0.505933,19.373826,0.918075,2496,2.919800,13.376
2496,1,1.616600,0.530228,19.389670,0.917270,2497,2.863220,14.034
2497,2,1.548904,0.562002,19.266079,0.917105,2498,2.892456,13.894
2498,0,1.635850,0.687405,19.584315,0.915648,2499,2.935364,13.714
2499,3,1.598202,0.652035,19.477388,0.917477,2500,2.876892,13.250
2500,1,1.580120,0.531669,18.524047,0.916418,2501,2.812744,13.514
2501,3,1.441879,0.683282,18.415974,0.917016,2502,2.863220,13.352
2502,0,1.516312,0.632966,18.667095,0.917276,2503,2.904236,13.465
2503,2,1.398666,0.444125,18.469251,0.916609,2504,2.931580,13.328
2504,1,1.640335,0.480845,18.341726,0.917625,2505,2.876892,25.791
2505,0,1.298367,0.442001,18.424239,0.916881,2506,2.906128,13.347
2506,2,1.758700,0.576347,18.323358,0.918218,2507,2.890564,13.270
2507,0,1.431698,0.693912,18.547406,0.917503,2508,2.878784,13.259
2508,2,1.499711,0.731153,18.447654,0.916619,2509,2.935364,13.219
2509,3,1.665068,0.672556,18.387034,0.917163,2510,2.904236,49.981
2510,2,1.624635,0.619774,18.349780,0.917437,2511,2.876892,13.334
2511,2,1.431114,0.662137,18.735547,0.916083,2512,2.888672,13.319
2512,1,1.488914,0.533858,18.972879,0.917779,2513,2.878784,13.231
2513,3,1.436140,0.627471,18.981229,0.918020,2514,2.904236,13.454
2514,1,1.288728,0.645078,18.975432,0.917359,2515,2.863220,14.656
2515,3,1.540293,0.533371,19.071936,0.917253,2516,2.888672,15.520
2516,2,1.571223,0.654868,19.059340,0.917201,2517,2.916016,13.644
2517,3,1.574395,0.576639,19.108025,0.917075,2518,2.875000,13.492
2518,0,1.679508,0.479561,19.387334,0.917623,2519,2.904236,13.531
2519,0,1.478461,0.524239,19.372347,0.917784,2520,2.878784,13.540
2520,2,1.683159,0.493029,19.336044,0.916597,2521,2.828308,13.533
2521,1,1.492816,0.550369,19.843245,0.916642,2522,2.904236,13.650
2522,1,1.725835,0.684160,19.922775,0.916870,2523,2.875000,13.423
2523,3,1.192787,0.619801,19.777649,0.916814,2524,2.820312,13.746
2524,3,1.597156,0.543098,19.894358,0.917349,2525,2.904236,13.505
2525,0,1.618414,0.616567,19.941102,0.917486,2526,2.888672,13.573
2526,1,1.511087,0.432947,19.953654,0.916599,2527,2.904236,13.573
2527,2,1.496002,0.631611,20.052458,0.916222,2528,2.861328,13.525
2528,0,1.545071,0.628504,19.971254,0.917122,2529,2.919800,46.127
2529,3,1.377715,0.613459,19.723510,0.917141,2530,2.888672,13.485
2530,1,1.523659,0.628625,19.891568,0.917848,2531,2.919800,16.185
2531,0,1.481585,0.527464,19.876480,0.917648,2532,2.863220,13.554
2532,3,1.379909,0.600015,19.690449,0.916958,2533,2.892456,13.258
2533,0,1.794104,0.663778,19.700952,0.916691,2534,2.904236,44.396
2534,3,1.375389,0.541544,19.574462,0.917932,2535,2.861328,13.334
2535,1,0.997113,0.616328,19.765577,0.916401,2536,2.828308,13.220
2536,3,1.683019,0.596017,19.613751,0.917164,2537,2.863220,13.236
2537,3,1.467880,0.548599,19.617491,0.916967,2538,2.919800,13.445
2538,1,1.868938,0.572713,19.736170,0.917491,2539,2.947144,13.820
2539,1,1.319476,0.626607,19.652768,0.916567,2540,2.876892,13.282
2540,0,1.366966,0.515650,19.687341,0.917507,2541,2.890564,13.242
2541,3,1.217838,0.737476,19.831215,0.916763,2542,2.890564,13.218
2542,1,1.182601,0.547662,19.856665,0.917327,2543,2.878784,13.224
2543,1,1.381740,0.519595,19.571309,0.918077,2544,2.876892,13.281
2544,2,1.228790,0.580798,19.579233,0.917417,2545,2.906128,13.270
2545,2,1.631553,0.560785,19.649479,0.917268,2546,2.875000,13.433
2546,3,1.508134,0.509334,19.621471,0.916264,2547,2.904236,15.682
2547,0,1.528881,0.685547,19.414430,0.916481,2548,2.863220,13.798
2548,3,1.224726,0.668151,19.442142,0.916497,2549,2.931580,13.238
2549,2,1.496790,0.643224,19.631407,0.916844,2550,2.933472,13.275
2550,1,1.553194,0.619157,19.447731,0.916324,2551,2.890564,13.190
2551,2,1.422774,0.520824,19.688673,0.916819,2552,2.919800,13.693
2552,3,1.215375,0.559325,19.708596,0.916675,2553,2.919800,13.268
2553,2,1.261421,0.529807,19.406924,0.916570,2554,2.935364,64.278
2554,0,1.624295,0.556234,19.296646,0.916665,2555,2.906128,87.118
2555,3,1.646358,0.431207,19.483634,0.916547,2556,2.876892,19.805
2556,3,1.169459,0.536159,19.370722,0.916533,2557,2.906128,22.641
2557,2,1.787052,0.690000,19.410748,0.917039,2558,2.890564,56.295
2558,0,1.394177,0.603536,19.330835,0.917003,2559,2.902344,18.387
2559,0,1.325438,0.693143,19.366151,0.916507,2560,2.947144,25.303
2560,2,1.447352,0.416828,19.183580,0.916676,2561,2.919800,13.317
2561,3,1.939023,0.657684,19.089851,0.917073,2562,2.906128,13.268
2562,2,1.639398,0.648467,18.769093,0.916988,2563,2.906128,13.203
2563,0,1.414019,0.519292,18.836880,0.917900,2564,2.906128,13.476
2564,2,1.658863,0.555238,18.659839,0.916780,2565,2.906128,13.180
2565,3,1.401065,0.603754,18.570664,0.916351,2566,2.785400,41.630
2566,3,1.712280,0.528174,18.540820,0.917670,2567,2.812744,13.205
2567,3,1.491822,0.592790,18.658114,0.917226,2568,2.843872,13.261
2568,2,1.402683,0.544899,18.682958,0.917424,2569,2.826416,13.284
2569,3,1.349690,0.462619,18.754061,0.918609,2570,2.840088,13.209
2570,2,1.554749,0.644139,18.652254,0.916777,2571,2.875000,45.733
2571,3,1.381545,0.621005,18.605457,0.917995,2572,2.875000,13.252
2572,3,1.318630,0.633759,18.466962,0.916092,2573,2.888672,13.312
2573,2,1.688131,0.546240,18.554790,0.917313,2574,2.904236,13.217
2574,0,1.594267,0.619892,18.483364,0.917397,2575,2.890564,13.564
2575,3,1.496523,0.544816,18.700047,0.917210,2576,2.876892,46.028
2576,1,1.018497,0.551670,18.630253,0.916653,2577,2.906128,13.497
2577,2,1.297187,0.633110,18.604755,0.916539,2578,2.890564,13.541
2578,1,1.308785,0.513345,18.584333,0.917498,2579,2.947144,13.516
2579,3,1.552436,0.737331,18.736648,0.916743,2580,2.947144,13.510
2580,3,1.611128,0.638408,18.871532,0.916297,2581,2.935364,46.074
2581,2,1.224658,0.478156,19.028942,0.916986,2582,2.890564,13.523
2582,1,1.636583,0.557907,18.977365,0.916712,2583,2.890564,13.485
2583,0,1.315821,0.614714,18.981615,0.917407,2584,2.919800,13.435
2584,0,1.266044,0.624429,19.175363,0.916053,2585,2.904236,13.429
2585,3,1.552025,0.535250,19.394216,0.917871,2586,2.888672,50.029
2586,1,1.359008,0.611266,19.471565,0.917283,2587,2.933472,13.539
2587,2,1.516111,0.645850,19.243050,0.917677,2588,2.919800,13.508
2588,2,1.270862,0.595289,19.137978,0.917272,2589,2.919800,13.440
2589,0,1.476451,0.475593,19.171173,0.917964,2590,2.933472,13.499
2590,0,1.489282,0.680491,19.212997,0.917229,2591,2.906128,13.532
2591,3,1.442652,0.570719,19.529676,0.916312,2592,2.878784,13.522
2592,3,1.389097,0.615458,19.628031,0.916671,2593,2.890564,13.318
2593,1,1.603192,0.539519,19.758425,0.916998,2594,2.863220,13.227
2594,3,1.280896,0.674957,19.874868,0.916842,2595,2.890564,13.234
2595,0,1.495425,0.644934,19.844373,0.917366,2596,2.904236,13.193
2596,3,1.461785,0.619754,20.023296,0.917160,2597,2.875000,13.365
2597,1,1.638539,0.509621,20.196390,0.917290,2598,2.875000,13.213
2598,1,1.362935,0.711949,20.098046,0.917298,2599,2.857544,13.237
2599,3,1.371952,0.523143,20.117866,0.916566,2600,2.871216,13.191
2600,2,1.513515,0.551099,19.923469,0.917623,2601,2.812744,13.331
2601,0,1.501203,0.626035,19.728153,0.916546,2602,2.812744,13.445
2602,3,1.245936,0.580706,19.657357,0.917430,2603,2.857544,13.202
2603,3,1.366734,0.527915,19.627248,0.917648,2604,2.826416,13.386
2604,2,1.278519,0.739599,19.787452,0.916643,2605,2.812744,21.904
2605,0,1.449216,0.524552,19.788219,0.917812,2606,2.830200,13.258
2606,2,1.142849,0.627906,19.836481,0.916452,2607,2.812744,13.610
2607,3,1.446736,0.715196,19.840344,0.917253,2608,2.812744,13.359
2608,2,1.252003,0.546262,19.689594,0.917055,2609,2.916016,13.226
2609,2,1.789643,0.512939,19.609782,0.915725,2610,2.916016,13.225
2610,2,1.618856,0.649937,19.642096,0.915984,2611,2.888672,13.240
2611,2,1.444448,0.502318,19.576866,0.917851,2612,2.890564,13.241
2612,3,1.709026,0.542352,19.577492,0.916653,2613,2.890564,13.205
2613,2,1.309566,0.555649,19.403119,0.917408,2614,2.904236,13.292
2614,0,1.077657,0.494102,19.349725,0.916987,2615,2.919800,13.395
2615,0,1.260133,0.544345,19.300678,0.915898,2616,2.904236,13.280
2616,1,1.298448,0.576663,19.255365,0.916454,2617,2.933472,13.193
2617,0,1.517513,0.572239,19.407747,0.916659,2618,2.919800,13.542
2618,0,1.513024,0.612363,19.681791,0.917389,2619,2.935364,13.257
2619,0,1.409882,0.624742,19.767207,0.916985,2620,2.917908,13.284
2620,0,1.307238,0.589094,19.716823,0.916791,2621,2.875000,13.237
2621,1,1.372023,0.529461,19.603045,0.918135,2622,2.931580,13.222
2622,1,1.721798,0.512481,19.813517,0.917132,2623,2.826416,13.327
2623,1,1.299025,0.534425,19.771702,0.916869,2624,2.890564,13.241
2624,3,1.303983,0.621149,19.864301,0.917083,2625,2.933472,13.175
2625,3,1.165406,0.640628,20.255687,0.916442,2626,2.875000,13.201
2626,1,1.140886,0.678945,20.204087,0.917032,2627,2.906128,13.338
2627,0,1.714930,0.690389,20.097552,0.917733,2628,2.859436,13.404
2628,2,1.415505,0.539850,20.075773,0.917848,2629,2.861328,13.260
2629,1,1.503454,0.617168,20.151640,0.915770,2630,2.904236,45.750
2630,3,1.266103,0.557553,20.064215,0.916830,2631,2.875000,13.273
2631,2,0.917162,0.548054,20.164333,0.916887,2632,2.890564,13.877
2632,2,1.832406,0.600491,20.053474,0.917396,2633,2.916016,13.647
2633,0,1.434304,0.667149,20.289611,0.917383,2634,2.890564,46.865
2634,1,1.782580,0.738103,20.109756,0.916958,2635,2.890564,13.530
2635,3,1.307488,0.588865,19.693837,0.917257,2636,2.841980,13.656
2636,1,1.730948,0.572553,19.446502,0.917309,2637,2.876892,13.558
2637,2,1.398958,0.492898,19.446277,0.917012,2638,2.876892,13.641
2638,0,1.488591,0.570667,19.459075,0.917036,2639,2.875000,13.773
2639,2,1.487403,0.677281,19.680439,0.917607,2640,2.890564,13.577
2640,3,1.605241,0.555884,19.813973,0.916353,2641,2.853760,13.592
2641,0,1.340089,0.563961,19.775794,0.916716,2642,2.859436,13.591
2642,0,1.220593,0.565656,19.641470,0.917237,2643,2.904236,13.610
2643,0,1.384653,0.680769,19.426626,0.916453,2644,2.890564,13.684
2644,0,1.755590,0.654593,19.434469,0.917410,2645,2.863220,13.483
2645,3,1.394068,0.568682,19.554112,0.917161,2646,2.863220,13.584
2646,0,1.537615,0.623226,19.525830,0.916315,2647,2.917908,13.684
2647,3,1.528170,0.592558,19.558772,0.916390,2648,2.890564,13.563
2648,2,1.700886,0.481696,19.518034,0.915529,2649,2.841980,13.514
2649,0,1.752716,0.677709,19.268869,0.917038,2650,2.863220,13.511
2650,1,1.101602,0.500564,19.152250,0.917800,2651,2.873108,13.363
2651,3,1.715305,0.510776,19.192670,0.917000,2652,2.785400,13.339
2652,3,1.315427,0.620248,19.231512,0.916341,2653,2.878784,13.403
2653,2,1.414474,0.726706,19.347912,0.916510,2654,2.904236,13.353
2654,2,1.284546,0.631059,19.175365,0.916948,2655,2.904236,13.589
2655,1,1.573428,0.662621,19.077278,0.917837,2656,2.890564,13.365
2656,1,1.459508,0.562541,19.289554,0.916513,2657,2.947144,13.347
2657,0,1.751005,0.570586,19.222491,0.916532,2658,2.906128,13.368
2658,0,1.276603,0.418484,19.259596,0.916460,2659,2.828308,45.861
2659,2,1.502565,0.593124,19.342308,0.916710,2660,2.904236,13.313
2660,0,1.424799,0.671554,19.365743,0.916999,2661,2.890564,13.402
2661,0,1.587763,0.477174,19.227283,0.916843,2662,2.890564,13.619
2662,1,1.701647,0.599992,19.109187,0.917367,2663,2.812744,13.560
2663,2,1.674639,0.676082,19.223806,0.917037,2664,2.906128,47.626
2664,2,1.745470,0.606099,19.464712,0.916920,2665,2.931580,13.683
2665,3,1.464204,0.674396,19.450872,0.917712,2666,2.890564,13.420
2666,2,1.384265,0.576006,19.814024,0.917570,2667,2.904236,13.383
2667,3,1.478915,0.575793,19.774423,0.917025,2668,2.890564,13.323
2668,0,1.309858,0.600258,19.854181,0.918087,2669,2.847656,13.400
2669,1,1.291959,0.560010,19.853768,0.916853,2670,2.799072,13.363
2670,2,1.703092,0.593365,19.650966,0.917181,2671,2.875000,13.310
2671,0,1.372256,0.651243,19.659111,0.917643,2672,2.935364,13.578
2672,2,1.573082,0.642328,19.759255,0.917499,2673,2.931580,13.324
2673,3,1.326001,0.652593,19.739162,0.916315,2674,2.892456,45.911
2674,1,1.486214,0.678754,19.696993,0.915299,2675,2.888672,13.396
2675,0,1.534032,0.602645,19.833672,0.917077,2676,2.919800,13.410
2676,1,1.372414,0.645087,19.674939,0.917759,2677,2.800964,13.719
2677,0,1.431275,0.531299,19.454024,0.917331,2678,2.785400,13.535
2678,3,1.421592,0.497229,19.506472,0.917188,2679,2.917908,13.349
2679,0,1.180117,0.593324,19.486206,0.917567,2680,2.890564,13.330
2680,1,1.302392,0.551430,19.486965,0.917204,2681,2.904236,13.389
2681,3,1.588106,0.541558,19.412887,0.916820,2682,2.863220,13.412
2682,1,1.341943,0.543114,19.481571,0.916701,2683,2.933472,13.555
2683,0,1.571156,0.622000,19.367141,0.917205,2684,2.919800,45.887
2684,3,1.742603,0.488233,19.018288,0.917339,2685,2.814636,13.352
2685,3,1.384092,0.532695,18.967588,0.916301,2686,2.876892,13.426
2686,3,1.392286,0.395987,18.920477,0.916315,2687,2.917908,13.367
2687,2,1.177434,0.555929,19.063995,0.916990,2688,2.904236,13.820
2688,0,1.557228,0.584290,18.885858,0.917580,2689,2.935364,13.729
2689,2,1.358490,0.676151,18.834790,0.916323,2690,2.890564,13.702
2690,1,1.490869,0.506211,18.696212,0.917515,2691,2.947144,13.615
2691,2,1.584454,0.663434,18.660769,0.917841,2692,2.875000,13.619
2692,3,1.429594,0.582732,18.658847,0.916816,2693,2.890564,13.718
2693,1,1.376144,0.608496,18.901927,0.916452,2694,2.859436,46.258
2694,1,1.330450,0.616065,19.008314,0.916506,2695,2.902344,13.610
2695,0,1.431776,0.584483,19.005674,0.917588,2696,2.906128,13.722
2696,0,1.553710,0.650116,18.771042,0.917528,2697,2.890564,13.701
2697,1,1.598924,0.640561,18.687471,0.916442,2698,2.890564,13.590
2698,2,1.271296,0.686896,18.762089,0.917227,2699,2.931580,46.112
2699,0,1.715883,0.531036,19.101237,0.917431,2700,2.828308,13.677
2700,0,1.722294,0.597732,19.025141,0.916916,2701,2.890564,13.477
2701,1,1.293212,0.607085,18.850368,0.916786,2702,2.875000,13.558
2702,0,1.314815,0.486442,18.497971,0.915891,2703,2.904236,13.481
2703,0,1.526111,0.566615,18.427309,0.917663,2704,2.906128,13.388
2704,2,1.382722,0.615281,18.516263,0.916470,2705,2.906128,13.458
2705,0,1.396952,0.593230,18.399371,0.916194,2706,2.890564,13.458
2706,0,1.573145,0.715307,18.425469,0.915954,2707,2.931580,13.375
2707,0,1.458637,0.519432,18.414478,0.917333,2708,2.847656,13.443
2708,2,1.659518,0.486943,18.811355,0.917771,2709,2.919800,42.292
2709,0,1.275329,0.579622,18.767533,0.916036,2710,2.828308,13.488
2710,0,1.465554,0.626038,19.075948,0.917305,2711,2.917908,13.329
2711,0,1.181586,0.583992,19.165573,0.916802,2712,2.873108,13.350
2712,2,1.314356,0.580993,19.338177,0.917742,2713,2.863220,13.418
2713,2,1.327849,0.624183,19.425365,0.916295,2714,2.919800,13.558
2714,2,1.386307,0.557584,19.786951,0.916149,2715,2.904236,13.375
2715,1,1.769423,0.570948,19.903125,0.917680,2716,2.890564,13.601
2716,1,1.147982,0.498136,20.037691,0.916435,2717,2.904236,13.628
2717,0,1.455068,0.449856,19.906370,0.917118,2718,2.904236,13.679
2718,1,1.426178,0.640880,19.927012,0.916645,2719,2.919800,13.465
2719,2,1.673049,0.561224,19.914351,0.916731,2720,2.894348,13.401
2720,3,1.878105,0.553880,19.732907,0.917285,2721,2.919800,13.403
2721,0,1.766534,0.554874,19.794307,0.916606,2722,2.861328,13.362
2722,0,1.440819,0.552394,19.991209,0.916402,2723,2.855652,50.104
2723,0,1.593690,0.601553,19.906357,0.916916,2724,2.843872,13.629
2724,2,1.392335,0.527935,19.950564,0.917601,2725,2.859436,13.371
2725,0,1.182090,0.690719,19.752153,0.917051,2726,2.843872,13.307
2726,3,1.451881,0.567336,19.788371,0.917026,2727,2.873108,13.562
2727,1,1.327682,0.526529,19.475221,0.917296,2728,2.933472,46.474
2728,3,1.556567,0.582330,19.384354,0.916488,2729,2.935364,13.558
2729,3,1.232487,0.639473,19.423540,0.917227,2730,2.921692,13.415
2730,1,1.555716,0.640022,19.530360,0.916623,2731,2.919800,13.354
2731,2,1.561336,0.493935,19.439953,0.917319,2732,2.890564,17.197
2732,0,1.334267,0.639475,19.419158,0.917168,2733,2.919800,13.395
2733,2,1.559431,0.629703,19.601105,0.916696,2734,2.906128,13.347
2734,2,1.322276,0.597629,19.546288,0.916299,2735,2.904236,13.644
2735,3,1.453004,0.413440,19.445649,0.917446,2736,2.863220,13.570
2736,1,1.825760,0.640111,19.237770,0.917553,2737,2.828308,13.396
2737,2,1.566328,0.737371,19.310378,0.916358,2738,2.800964,13.364
2738,3,1.824083,0.554268,19.237746,0.917079,2739,2.902344,13.374
2739,1,1.195113,0.598400,19.247616,0.916399,2740,2.857544,13.340
2740,0,1.484734,0.515371,19.063398,0.916946,2741,2.857544,13.389
2741,0,1.623146,0.646315,19.086283,0.916751,2742,2.875000,13.351
2742,2,1.361717,0.676075,19.028780,0.916153,2743,2.919800,13.316
2743,3,1.465488,0.570847,18.938894,0.917119,2744,2.935364,17.762
2744,2,1.318679,0.609527,18.899314,0.917708,2745,2.921692,13.892
2745,2,1.339863,0.657660,19.104076,0.917276,2746,2.861328,13.693
2746,1,1.590585,0.621813,18.978115,0.917051,2747,2.919800,42.091
2747,2,1.381784,0.665879,18.908624,0.916669,2748,2.906128,13.664
2748,3,1.125208,0.493699,18.912911,0.917573,2749,2.904236,13.698
2749,1,1.488092,0.656235,18.831284,0.916724,2750,2.890564,13.573
2750,3,1.337134,0.548211,18.900273,0.917182,2751,2.888672,13.557
2751,3,1.550477,0.520648,18.730977,0.917211,2752,2.785400,13.599
2752,3,1.582180,0.597496,18.837608,0.915514,2753,2.812744,13.652
2753,3,1.510903,0.594917,18.818579,0.916794,2754,2.800964,13.641
2754,1,1.568595,0.559621,18.577123,0.917029,2755,2.840088,13.652
2755,0,1.457766,0.474525,18.733770,0.917230,2756,2.841980,13.805
2756,1,1.251233,0.581058,18.860603,0.917161,2757,2.919800,50.465
2757,0,1.193942,0.659143,19.103546,0.916587,2758,2.921692,13.635
2758,3,1.221451,0.540060,19.030857,0.917202,2759,2.906128,13.627
2759,1,1.775112,0.373290,19.089528,0.917187,2760,2.919800,13.669
2760,0,1.669977,0.609047,19.112683,0.916761,2761,2.875000,13.372
2761,2,1.649673,0.684499,19.218874,0.916559,2762,2.816528,45.869
2762,2,1.274883,0.549435,19.272790,0.916556,2763,2.855652,13.375
2763,0,1.733359,0.676245,19.340044,0.917639,2764,2.888672,13.340
2764,0,1.322810,0.523008,19.487451,0.916846,2765,2.919800,13.500
2765,0,1.844418,0.483623,19.308582,0.915752,2766,2.935364,13.526
2766,3,1.285170,0.504161,19.585614,0.917271,2767,2.935364,41.890
2767,1,1.549042,0.496004,19.507645,0.917936,2768,2.919800,13.359
2768,3,1.442331,0.495971,19.820930,0.917560,2769,2.906128,16.598
2769,3,1.230672,0.504116,20.073966,0.917031,2770,2.894348,13.323
2770,1,1.410822,0.629994,20.059725,0.916618,2771,2.917908,13.943
2771,3,1.593759,0.653864,19.807256,0.915947,2772,2.888672,41.834
2772,1,1.807046,0.596691,19.843000,0.916000,2773,2.888672,13.384
2773,3,1.542110,0.550025,19.828734,0.916729,2774,2.843872,13.394
2774,2,1.688708,0.536018,19.830595,0.916743,2775,2.812744,13.483
2775,2,1.756399,0.536082,19.890844,0.917434,2776,2.843872,13.399
2776,1,1.312155,0.525776,20.177050,0.917521,2777,2.812744,46.829
2777,0,1.520111,0.661514,20.083926,0.917558,2778,2.847656,13.344
2778,0,1.583950,0.660303,20.197554,0.916541,2779,2.904236,13.414
2779,1,1.482152,0.663415,19.986595,0.916310,2780,2.904236,13.449
2780,2,1.135479,0.600535,20.036522,0.916099,2781,2.906128,13.309
2781,1,1.250484,0.523713,20.000988,0.915839,2782,2.904236,42.046
2782,0,1.488682,0.623979,19.939481,0.915579,2783,2.919800,13.445
2783,2,1.653929,0.596646,20.286484,0.917064,2784,2.904236,13.379
2784,0,1.540248,0.493267,20.129726,0.917169,2785,2.876892,13.403
2785,0,1.615749,0.626957,19.957447,0.917579,2786,2.863220,13.929
2786,3,1.751674,0.618863,19.723169,0.916989,2787,2.917908,45.966
2787,3,1.492718,0.635421,19.504195,0.916884,2788,2.890564,13.497
2788,2,1.554302,0.532044,19.537375,0.916289,2789,2.875000,13.409
2789,3,1.443305,0.616425,19.097776,0.916923,2790,2.904236,13.286
2790,3,1.409301,0.672525,19.210183,0.916762,2791,2.875000,13.365
2791,2,1.728376,0.609152,19.082871,0.917570,2792,2.890564,46.288
2792,0,1.363056,0.646246,19.151842,0.917830,2793,2.904236,19.526
2793,3,1.771701,0.664703,19.106358,0.917648,2794,2.878784,13.337
2794,2,1.630342,0.624325,19.027430,0.917379,2795,2.904236,13.366
2795,1,1.506017,0.692580,18.877285,0.916688,2796,2.873108,13.220
2796,2,1.391145,0.539028,18.958492,0.917179,2797,2.890564,41.817
2797,1,1.347851,0.622864,19.165015,0.916622,2798,2.904236,13.429
2798,3,1.267458,0.666980,18.976500,0.916738,2799,2.888672,13.532
2799,0,1.613484,0.619582,19.220488,0.916667,2800,2.888672,13.376
2800,2,1.262672,0.605732,19.451647,0.917464,2801,2.892456,13.449
2801,1,1.516901,0.723267,19.130943,0.917630,2802,2.863220,13.323
2802,1,1.535845,0.584594,18.935498,0.917488,2803,2.933472,13.407
2803,0,1.568869,0.611136,18.989353,0.915812,2804,2.904236,13.317
2804,0,1.540358,0.566819,18.967406,0.917068,2805,2.906128,13.303
2805,3,1.558973,0.512692,18.869469,0.916516,2806,2.906128,37.847
2806,0,1.444649,0.547319,18.682791,0.917270,2807,2.906128,13.305
2807,2,1.734409,0.627960,18.435677,0.917871,2808,2.888672,13.416
2808,2,1.733628,0.626838,18.481589,0.917217,2809,2.888672,13.583
2809,0,1.496261,0.669295,18.119748,0.917503,2810,2.847656,13.382
2810,3,1.708369,0.522661,18.097773,0.917562,2811,2.919800,13.397
2811,2,1.490250,0.736616,18.334299,0.916327,2812,2.890564,13.564
2812,3,1.300932,0.656413,18.242885,0.917428,2813,2.892456,13.492
2813,1,1.446141,0.657267,18.303307,0.916397,2814,2.906128,13.406
2814,2,1.279456,0.663541,18.446351,0.916002,2815,2.919800,13.307
2815,2,1.482435,0.576479,18.344151,0.916374,2816,2.906128,13.440
2816,2,1.255067,0.618703,18.315733,0.915733,2817,2.892456,13.505
2817,0,1.295398,0.576877,18.524309,0.917296,2818,2.876892,13.347
2818,1,1.572680,0.484529,18.923779,0.916330,2819,2.917908,13.390
2819,0,1.571803,0.519577,18.976096,0.917024,2820,2.888672,13.537
2820,0,1.218073,0.605506,19.010736,0.917421,2821,2.906128,48.667
2821,0,1.357996,0.580500,19.247433,0.916269,2822,2.890564,13.427
2822,2,1.634071,0.619419,19.161631,0.917596,2823,2.904236,13.343
2823,3,1.670805,0.556999,19.169433,0.917073,2824,2.904236,13.412
2824,2,1.537779,0.463593,19.206083,0.917356,2825,2.904236,13.362
2825,0,1.671601,0.587695,19.238468,0.916749,2826,2.863220,42.635
2826,1,1.557441,0.496796,19.471901,0.917139,2827,2.904236,13.499
2827,3,1.407883,0.520407,19.526745,0.917527,2828,2.894348,13.344
2828,1,1.490105,0.609881,19.424761,0.915908,2829,2.892456,13.366
2829,3,1.483922,0.616407,19.415753,0.916576,2830,2.861328,13.381
2830,1,1.955886,0.617676,19.265762,0.916514,2831,2.919800,46.085
2831,2,1.308346,0.518941,19.357738,0.917631,2832,2.878784,13.374
2832,0,1.500153,0.521436,19.463674,0.916730,2833,2.890564,13.485
2833,3,1.279076,0.467404,19.672082,0.917093,2834,2.904236,13.321
2834,2,1.731938,0.479853,19.850196,0.917395,2835,2.917908,13.458
2835,2,1.631314,0.557047,19.828819,0.917102,2836,2.906128,45.896
2836,3,1.692717,0.590891,19.810132,0.918024,2837,2.863220,13.302
2837,0,0.811128,0.574549,19.799906,0.916918,2838,2.890564,13.354
2838,3,1.430198,0.575252,19.864034,0.916844,2839,2.933472,13.306
2839,2,1.636061,0.507781,19.880832,0.917263,2840,2.902344,13.359
2840,3,1.614808,0.426919,19.871035,0.917308,2841,2.845764,45.981
2841,3,1.350523,0.552257,19.813061,0.917645,2842,2.890564,13.537
2842,3,1.471812,0.441001,19.867237,0.916989,2843,2.919800,13.352
2843,2,1.357502,0.479690,19.634133,0.917062,2844,2.906128,13.303
2844,2,1.578362,0.582557,19.564743,0.917822,2845,2.935364,13.568
2845,2,1.369409,0.485531,19.278053,0.917164,2846,2.892456,13.370
2846,0,1.403998,0.567541,19.053521,0.918028,2847,2.906128,13.421
2847,2,1.313568,0.488342,19.208460,0.916448,2848,2.863220,13.375
2848,3,1.628290,0.471985,19.448793,0.916920,2849,2.875000,13.340
2849,2,1.633487,0.516872,19.215476,0.916748,2850,2.888672,13.351
2850,3,1.517313,0.516540,19.201466,0.917726,2851,2.917908,46.093
2851,2,1.778107,0.674284,19.211623,0.917145,2852,2.890564,13.545
2852,3,1.204745,0.508208,19.072394,0.917531,2853,2.876892,13.573
2853,2,1.350545,0.605737,18.907995,0.915901,2854,2.906128,13.426
2854,0,1.455120,0.588950,19.051689,0.916694,2855,2.904236,13.424
2855,3,1.274230,0.673860,19.296247,0.918262,2856,2.888672,45.923
2856,1,1.535412,0.606991,19.265737,0.917595,2857,2.859436,13.611
2857,1,1.235360,0.714984,19.103935,0.916484,2858,2.812744,13.761
2858,2,1.531356,0.630959,18.923569,0.915843,2859,2.841980,13.634
2859,3,1.542435,0.580343,18.821148,0.916359,2860,2.826416,13.642
2860,0,1.343703,0.681317,19.006932,0.916551,2861,2.826416,46.184
2861,2,1.544042,0.651322,19.115290,0.916910,2862,2.830200,13.821
2862,0,1.385040,0.587026,19.216659,0.917020,2863,2.875000,13.641
2863,0,1.426844,0.610057,19.275112,0.916898,2864,2.863220,13.900
2864,3,1.989415,0.640570,19.286179,0.917479,2865,2.906128,13.579
2865,2,1.044177,0.654866,19.119518,0.916907,2866,2.904236,42.370
2866,2,1.560077,0.553917,19.144210,0.917311,2867,2.917908,13.761
2867,2,1.766823,0.581067,19.232882,0.916531,2868,2.906128,13.647
2868,1,1.593954,0.562510,19.441997,0.916872,2869,2.876892,13.631
2869,1,1.533315,0.639130,19.490024,0.916487,2870,2.890564,13.567
2870,3,1.180501,0.519552,19.514480,0.916748,2871,2.904236,46.309
2871,0,1.316497,0.538145,19.852605,0.916953,2872,2.888672,13.673
2872,0,1.229127,0.560605,19.670738,0.916784,2873,2.890564,13.596
2873,0,1.180666,0.688605,19.834759,0.916833,2874,2.875000,13.528
2874,1,1.547992,0.604811,19.986841,0.916507,2875,2.904236,13.359
2875,0,0.918855,0.524017,20.250057,0.916657,2876,2.888672,45.835
2876,1,1.540233,0.537316,20.364434,0.916561,2877,2.890564,13.314
2877,2,1.752619,0.582197,20.451784,0.916346,2878,2.890564,13.341
2878,3,1.413546,0.639904,20.548788,0.916194,2879,2.906128,13.358
2879,3,1.425086,0.494595,20.433354,0.916712,2880,2.832092,13.342
2880,1,1.522592,0.500895,20.231419,0.918162,2881,2.904236,46.196
2881,2,1.369497,0.657800,20.488493,0.917804,2882,2.890564,13.518
2882,3,1.339651,0.438397,20.338959,0.917534,2883,2.902344,13.519
2883,0,1.396420,0.520931,20.413289,0.917340,2884,2.888672,13.434
2884,0,1.601581,0.559354,20.426655,0.917684,2885,2.861328,13.566
2885,3,1.108552,0.426272,20.401474,0.915717,2886,2.890564,58.586
2886,2,1.423906,0.526515,19.996644,0.917798,2887,2.904236,61.988
2887,0,1.307467,0.541182,20.042865,0.917690,2888,2.919800,25.608
2888,3,1.615939,0.561079,20.153055,0.917213,2889,2.935364,27.370
2889,2,1.471707,0.557217,20.411571,0.917639,2890,2.906128,14.748
2890,1,1.478429,0.526627,20.539261,0.916830,2891,2.933472,14.106
2891,2,1.717984,0.610087,20.766829,0.917529,2892,2.890564,14.057
2892,3,1.674367,0.598503,20.367651,0.917452,2893,2.875000,13.946
2893,2,1.778500,0.586211,20.223045,0.917094,2894,2.888672,42.581
2894,1,1.477212,0.574077,20.268625,0.917115,2895,2.906128,13.488
2895,2,1.671857,0.572521,20.303975,0.917153,2896,2.878784,13.392
2896,3,1.457998,0.558707,20.090987,0.917885,2897,2.904236,13.367
2897,2,1.082427,0.643104,20.136655,0.916268,2898,2.892456,13.371
2898,1,1.363231,0.547274,20.082173,0.916776,2899,2.917908,13.420
2899,3,1.597654,0.594609,20.147588,0.916464,2900,2.859436,14.550
2900,3,1.678687,0.494404,20.251499,0.917972,2901,2.890564,13.789
2901,1,1.855722,0.606871,20.300434,0.916909,2902,2.812744,13.641
2902,2,1.519737,0.438769,20.412371,0.917460,2903,2.826416,13.642
2903,0,1.782822,0.491399,20.417270,0.917572,2904,2.857544,13.642
2904,2,1.302535,0.561105,20.660484,0.917289,2905,2.826416,14.140
2905,1,1.692053,0.523630,20.359950,0.916856,2906,2.843872,14.525
2906,2,1.800584,0.522550,20.502083,0.917995,2907,2.888672,13.700
2907,2,1.177291,0.647370,20.739823,0.918154,2908,2.906128,42.134
2908,0,1.695949,0.531619,20.551902,0.917389,2909,2.906128,13.613
2909,3,1.387982,0.626749,20.473961,0.916143,2910,2.919800,13.683
2910,2,1.520801,0.528740,20.712704,0.916620,2911,2.931580,13.563
2911,1,1.547733,0.669706,20.648040,0.916580,2912,2.876892,13.425
2912,2,1.680209,0.524577,20.665866,0.917063,2913,2.919800,41.803
2913,2,1.460851,0.661520,20.634015,0.916669,2914,2.919800,13.402
2914,1,1.301984,0.596773,20.462949,0.917122,2915,2.828308,13.601
2915,0,1.108394,0.546691,20.139318,0.917398,2916,2.906128,13.402
2916,0,1.413485,0.502196,20.283644,0.917445,2917,2.892456,13.637
2917,2,1.377773,0.559481,20.145417,0.916568,2918,2.826416,13.639
2918,2,1.203955,0.587660,20.353977,0.917031,2919,2.904236,13.646
2919,1,1.705821,0.506287,20.654000,0.917202,2920,2.933472,13.642
2920,1,1.399090,0.565230,20.517758,0.916576,2921,2.828308,13.673
2921,3,1.122953,0.678755,20.399658,0.917224,2922,2.906128,14.939
2922,3,1.418808,0.577542,20.080559,0.917397,2923,2.919800,46.154
2923,3,1.543852,0.536202,20.003591,0.916561,2924,2.826416,13.650
2924,2,1.686369,0.610143,19.828401,0.917223,2925,2.904236,13.637
2925,1,1.712037,0.547664,19.780729,0.916741,2926,2.892456,13.380
2926,0,1.626692,0.533211,19.721290,0.916831,2927,2.800964,13.315
2927,2,1.329366,0.657363,19.948980,0.916446,2928,2.947144,13.356
2928,1,1.375779,0.539222,19.800490,0.916611,2929,2.906128,13.304
2929,1,1.361732,0.604316,19.666614,0.917667,2930,2.816528,13.525
2930,3,1.460746,0.551395,19.758621,0.917283,2931,2.812744,13.330
2931,1,1.490656,0.575762,19.480089,0.916518,2932,2.919800,13.444
2932,1,1.666891,0.467224,19.319255,0.917715,2933,2.906128,45.962
2933,1,1.260816,0.583767,19.657700,0.915933,2934,2.855652,13.375
2934,0,1.565608,0.638016,19.635943,0.917949,2935,2.917908,13.295
2935,2,1.461796,0.641773,19.529810,0.915931,2936,2.876892,13.306
2936,0,1.737171,0.638945,19.381925,0.917599,2937,2.843872,13.939
2937,2,1.472489,0.518232,19.459359,0.917719,2938,2.799072,14.168
2938,1,1.693068,0.430068,19.380845,0.915704,2939,2.919800,13.382
2939,3,1.608016,0.636535,19.402861,0.916898,2940,2.906128,13.404
2940,0,1.605076,0.535958,19.584697,0.917789,2941,2.857544,13.489
2941,0,1.594297,0.575890,19.738820,0.917042,2942,2.917908,13.366
2942,2,1.189981,0.469481,19.672970,0.916840,2943,2.892456,46.067
2943,3,1.409412,0.629039,19.766474,0.917403,2944,2.857544,13.348
2944,1,1.642585,0.594395,19.472326,0.917797,2945,2.853760,13.364
2945,1,1.720818,0.546872,19.531195,0.917370,2946,2.917908,13.327
2946,2,1.485392,0.564198,19.471770,0.917196,2947,2.892456,13.320
2947,1,1.298254,0.534960,19.310617,0.917741,2948,2.828308,45.983
2948,0,1.495003,0.412785,19.161902,0.916692,2949,2.947144,13.378
2949,3,1.324616,0.602491,19.160613,0.917570,2950,2.892456,13.375
2950,1,1.587405,0.498823,18.873614,0.916754,2951,2.812744,13.407
2951,0,1.540248,0.503789,18.904512,0.917330,2952,2.906128,13.387
2952,0,1.356576,0.648211,19.022671,0.916610,2953,2.919800,14.354
2953,1,1.822593,0.603296,19.098386,0.917472,2954,2.812744,13.503
2954,3,1.684876,0.494876,19.116261,0.917318,2955,2.917908,13.425
2955,2,1.317421,0.656555,19.379083,0.916972,2956,2.919800,13.359
2956,2,1.320032,0.536595,19.464613,0.917243,2957,2.828308,13.363
2957,3,1.256415,0.524908,19.459934,0.917781,2958,2.785400,45.905
2958,3,1.415759,0.594258,19.532302,0.916154,2959,2.876892,13.374
2959,2,1.095160,0.643635,19.563092,0.916245,2960,2.906128,13.345
2960,2,1.386111,0.502762,19.611989,0.917845,2961,2.841980,13.361
2961,3,1.945390,0.458423,19.538844,0.916628,2962,2.906128,13.348
2962,2,1.483481,0.566017,19.461190,0.916593,2963,2.906128,46.087
2963,3,1.320251,0.491859,19.491915,0.917253,2964,2.812744,13.423
2964,1,1.483998,0.567698,19.593807,0.917112,2965,2.876892,13.464
2965,3,1.733906,0.619382,19.457224,0.917323,2966,2.947144,13.397
2966,0,1.383539,0.514223,19.415252,0.917606,2967,2.871216,13.370
2967,2,1.498753,0.574462,19.399760,0.917047,2968,2.904236,13.609
2968,2,1.500031,0.569522,19.471088,0.916983,2969,2.919800,13.423
2969,3,1.580310,0.738907,19.461775,0.917628,2970,2.826416,13.711
2970,2,1.308591,0.546223,19.501954,0.916869,2971,2.906128,13.599
2971,1,1.718111,0.538198,19.463543,0.917844,2972,2.906128,13.632
2972,2,1.601903,0.450361,19.382563,0.917121,2973,2.800964,46.163
2973,0,1.565248,0.485381,19.530415,0.918052,2974,2.904236,13.665
2974,2,1.477202,0.498008,19.658737,0.917630,2975,2.890564,13.740
2975,2,1.595222,0.504799,19.472483,0.916909,2976,2.812744,13.823
2976,2,1.482252,0.573105,19.751027,0.917076,2977,2.933472,13.615
2977,1,1.566228,0.772073,19.796903,0.916404,2978,2.919800,46.163
2978,0,1.493195,0.414219,19.755408,0.917949,2979,2.828308,13.610
2979,3,1.683586,0.521513,20.087021,0.917540,2980,2.919800,13.618
2980,3,1.525645,0.577048,20.045380,0.917294,2981,2.906128,13.656
2981,0,1.763315,0.556116,20.378647,0.917117,2982,2.826416,13.587
2982,2,1.608156,0.690485,20.627030,0.916116,2983,2.863220,42.282
2983,1,1.625899,0.592338,20.363476,0.917200,2984,2.919800,13.573
2984,2,1.478937,0.558724,20.490791,0.917482,2985,2.814636,13.672
2985,0,1.549839,0.686849,20.548725,0.917199,2986,2.892456,13.321
2986,2,1.327909,0.522359,20.619934,0.916859,2987,2.828308,13.542
2987,3,1.523175,0.670949,20.341291,0.917488,2988,2.917908,48.554
2988,3,1.430289,0.626642,20.382470,0.917304,2989,2.919800,13.502
2989,2,1.450228,0.432083,20.287274,0.917298,2990,2.828308,13.325
2990,1,1.512200,0.487877,20.344449,0.916863,2991,2.906128,13.356
2991,2,1.340616,0.484895,20.371051,0.916955,2992,2.826416,13.311
2992,0,1.347313,0.596221,20.138065,0.916693,2993,2.890564,45.848
2993,0,1.407963,0.600997,20.137782,0.917041,2994,2.892456,13.283
2994,3,1.327480,0.647550,20.100077,0.916883,2995,2.857544,13.371
2995,1,1.499864,0.492239,20.279144,0.917207,2996,2.876892,13.458
2996,0,1.385832,0.673677,20.109976,0.916176,2997,2.919800,13.929
2997,2,1.479426,0.520783,20.093500,0.917518,2998,2.812744,46.345
2998,3,0.975851,0.524858,20.245992,0.918367,2999,2.906128,13.286
2999,3,1.474083,0.634938,20.658886,0.917380,3000,2.919800,13.406
3000,1,1.340131,0.590075,18.934744,0.917413,3001,2.841980,13.595
3001,0,1.494132,0.563720,18.919409,0.916482,3002,2.904236,13.397
3002,2,1.445825,0.605834,19.143886,0.917021,3003,2.799072,14.331
3003,1,1.736090,0.436378,19.056553,0.916800,3004,2.863220,13.385
3004,0,1.421579,0.690347,19.291798,0.916412,3005,2.947144,13.370
3005,0,1.428028,0.533259,19.223941,0.918412,3006,2.828308,13.392
3006,0,1.642747,0.607213,19.009433,0.917116,3007,2.878784,42.073
3007,1,1.505147,0.578960,18.837263,0.917544,3008,2.906128,13.416
3008,1,1.424305,0.609466,18.863393,0.917035,3009,2.826416,13.425
3009,1,1.668684,0.608228,18.999772,0.916520,3010,2.890564,13.345
3010,3,1.248861,0.626706,18.923904,0.916089,3011,2.933472,13.376
3011,2,1.644410,0.500462,18.932142,0.917183,3012,2.855652,45.914
3012,0,1.469999,0.576017,19.147580,0.917518,3013,2.892456,13.407
3013,3,1.394598,0.501285,19.097113,0.917490,3014,2.906128,13.419
3014,3,1.384254,0.632341,19.011283,0.916768,3015,2.814636,13.431
3015,1,1.593540,0.601209,19.052239,0.916155,3016,2.904236,13.348
3016,2,1.500431,0.680839,18.918254,0.917532,3017,2.906128,42.057
3017,3,1.618009,0.502491,19.005903,0.916594,3018,2.841980,13.537
3018,2,1.420338,0.520526,18.979135,0.915996,3019,2.933472,14.321
3019,1,1.154080,0.651702,18.820046,0.916542,3020,2.892456,13.434
3020,1,1.757737,0.529782,18.999446,0.916774,3021,2.826416,14.135
3021,3,1.738886,0.624756,19.391998,0.916019,3022,2.935364,46.975
3022,2,1.805983,0.579884,19.567559,0.916696,3023,2.919800,13.907
3023,0,1.641667,0.503514,19.598622,0.917269,3024,2.876892,13.707
3024,3,1.725019,0.583365,19.625515,0.917574,3025,2.799072,13.641
3025,0,1.146346,0.575061,19.659908,0.916725,3026,2.919800,13.620
3026,2,1.623265,0.527404,19.850108,0.917230,3027,2.812744,46.085
3027,2,1.747160,0.776058,19.805010,0.916259,3028,2.876892,13.826
3028,3,1.231835,0.547539,19.853143,0.916478,3029,2.947144,13.588
3029,3,1.343883,0.562506,19.823922,0.917425,3030,2.855652,13.631
3030,1,2.017802,0.473176,20.020186,0.917196,3031,2.878784,13.556
3031,3,1.209415,0.634449,19.965397,0.917643,3032,2.919800,46.144
3032,2,1.423942,0.603136,20.212713,0.917324,3033,2.826416,13.543
3033,2,1.190355,0.646024,20.450582,0.917161,3034,2.890564,14.552
3034,1,1.066150,0.405431,20.210982,0.917297,3035,2.878784,13.596
3035,3,1.489748,0.506827,20.264095,0.917440,3036,2.888672,13.694
3036,0,1.785884,0.626129,20.038958,0.916313,3037,2.919800,13.687
3037,0,1.566473,0.612778,20.148536,0.917460,3038,2.933472,13.805
3038,3,1.875199,0.571945,20.220699,0.917618,3039,2.904236,13.825
3039,3,1.477666,0.664826,20.302990,0.917325,3040,2.904236,13.416
3040,2,1.454007,0.603109,20.116385,0.916698,3041,2.919800,47.521
3041,3,1.502592,0.606703,20.227298,0.914898,3042,2.814636,13.445
3042,0,1.251198,0.576769,20.282888,0.918460,3043,2.947144,13.327
3043,0,1.559571,0.577745,20.486426,0.916053,3044,2.840088,13.342
3044,2,1.472429,0.560785,20.376290,0.916855,3045,2.904236,13.392
3045,1,1.694882,0.674221,20.412661,0.917365,3046,2.919800,13.338
3046,0,1.365336,0.563867,20.579550,0.917593,3047,2.841980,13.376
3047,1,1.502242,0.618872,20.653226,0.916810,3048,2.906128,13.300
3048,3,1.668167,0.539459,20.731201,0.916558,3049,2.906128,14.220
3049,3,1.793959,0.483623,20.594278,0.916947,3050,2.785400,14.027
3050,2,1.572720,0.559386,20.419317,0.917492,3051,2.904236,48.392
3051,2,1.690786,0.595523,20.290779,0.917343,3052,2.906128,13.936
3052,2,1.533661,0.546237,20.132597,0.915864,3053,2.828308,13.382
3053,2,1.618848,0.552876,20.072198,0.916081,3054,2.933472,13.339
3054,3,1.806282,0.769030,20.104277,0.916674,3055,2.826416,13.283
3055,2,1.660710,0.645694,20.244702,0.915511,3056,2.890564,42.098
3056,1,0.883550,0.468863,20.194476,0.917602,3057,2.919800,13.270
3057,0,1.660161,0.529573,20.286393,0.916770,3058,2.828308,13.370
3058,0,1.722153,0.472543,20.132283,0.917669,3059,2.919800,13.314
3059,3,1.227764,0.552420,20.054018,0.916690,3060,2.785400,13.460
3060,1,1.336053,0.444340,20.054891,0.917412,3061,2.919800,45.961
3061,3,1.611634,0.511863,19.566226,0.916799,3062,2.892456,13.372
3062,2,1.590386,0.734770,19.465497,0.916559,3063,2.814636,13.372
3063,0,1.363312,0.493814,19.341304,0.917481,3064,2.906128,13.304
3064,3,1.576410,0.663920,19.223185,0.916351,3065,2.840088,14.231
3065,0,1.575275,0.550446,19.037771,0.916713,3066,2.919800,45.987
3066,1,1.420801,0.545311,18.975731,0.917112,3067,2.906128,13.368
3067,3,1.601877,0.539897,18.779526,0.917477,3068,2.843872,13.467
3068,3,1.286698,0.536566,18.858227,0.917310,3069,2.904236,13.379
3069,3,1.626620,0.540630,18.907060,0.917054,3070,2.812744,13.563
3070,2,1.263659,0.594212,18.772364,0.917189,3071,2.892456,13.604
3071,3,1.345719,0.509045,18.628547,0.917480,3072,2.919800,13.413
3072,2,1.626404,0.584353,18.697396,0.916312,3073,2.814636,13.349
3073,2,1.341522,0.553731,18.857439,0.917846,3074,2.904236,13.320
3074,1,1.300589,0.519299,19.109472,0.916861,3075,2.812744,13.335
3075,2,1.384071,0.550414,19.112812,0.917519,3076,2.890564,46.086
3076,2,1.486162,0.685819,19.190365,0.916794,3077,2.919800,13.305
3077,2,1.283064,0.558808,19.300346,0.916145,3078,2.828308,13.341
3078,0,1.199391,0.553195,19.092441,0.916841,3079,2.904236,13.385
3079,3,1.441169,0.403724,19.039615,0.917394,3080,2.828308,13.712
3080,0,1.863825,0.594328,19.024649,0.917433,3081,2.906128,14.482
3081,2,1.673771,0.501933,18.947820,0.916619,3082,2.919800,13.427
3082,1,1.464873,0.678382,18.948861,0.917265,3083,2.876892,13.664
3083,3,1.473811,0.650742,19.072693,0.916400,3084,2.800964,13.618
3084,3,1.184388,0.645341,18.968427,0.916848,3085,2.919800,13.590
3085,0,1.558750,0.609207,18.836971,0.917395,3086,2.906128,50.374
3086,0,1.869036,0.716731,18.819610,0.917060,3087,2.890564,13.603
3087,2,1.526448,0.502357,18.808402,0.917446,3088,2.828308,13.636
3088,1,1.588096,0.555388,18.846601,0.916991,3089,2.904236,13.617
3089,3,1.641611,0.546420,18.916857,0.917452,3090,2.935364,13.571
3090,2,1.447035,0.609640,19.003501,0.917142,3091,2.904236,46.376
3091,3,1.667728,0.603212,19.099912,0.916794,3092,2.855652,13.619
3092,2,1.628263,0.656720,19.288953,0.917315,3093,2.904236,17.929
3093,0,1.413689,0.604265,19.509401,0.917590,3094,2.908020,13.702
3094,0,1.778432,0.571056,19.644260,0.917583,3095,2.904236,14.577
3095,0,1.387359,0.616910,19.586072,0.917504,3096,2.828308,46.172
3096,3,1.579450,0.512869,19.598244,0.916526,3097,2.931580,13.526
3097,3,1.635868,0.541324,19.789380,0.916937,3098,2.921692,13.568
3098,3,1.372457,0.631753,19.680393,0.917464,3099,2.890564,13.339
3099,3,1.337670,0.577753,19.705333,0.916510,3100,2.814636,46.037
3100,2,1.094327,0.404754,19.084011,0.917721,3101,2.890564,13.555
3101,3,1.391252,0.551890,19.080586,0.916666,3102,2.935364,13.436
3102,1,1.303320,0.585094,19.001225,0.916871,3103,2.876892,17.148
3103,2,1.750166,0.660357,19.094382,0.916666,3104,2.812744,13.512
3104,2,1.643780,0.573878,18.808844,0.917005,3105,2.863220,13.650
3105,3,1.408624,0.529784,18.833532,0.916457,3106,2.921692,42.397
3106,1,1.233179,0.578252,18.448711,0.917953,3107,2.904236,13.340
3107,1,1.152795,0.602553,18.476312,0.917715,3108,2.812744,13.351
3108,2,1.435195,0.598112,18.529894,0.916717,3109,2.904236,13.340
3109,3,1.637315,0.466545,18.634310,0.917203,3110,2.894348,13.344
3110,0,1.381557,0.523859,18.660176,0.917207,3111,2.876892,46.027
3111,0,1.638805,0.564563,18.575257,0.917229,3112,2.826416,13.426
3112,3,1.559288,0.536742,18.560045,0.917639,3113,2.826416,13.774
3113,3,1.372378,0.657790,18.813856,0.916697,3114,2.890564,14.322
3114,1,1.838414,0.541182,18.872086,0.917225,3115,2.875000,13.737
3115,0,1.445312,0.556344,18.847029,0.917770,3116,2.890564,46.539
3116,3,1.487922,0.642833,18.675173,0.916785,3117,2.935364,13.410
3117,1,1.574833,0.581857,18.766826,0.917277,3118,2.890564,13.679
3118,0,1.582568,0.677309,18.772182,0.917361,3119,2.812744,13.346
3119,3,1.823576,0.566916,18.935144,0.917666,3120,2.876892,13.945
3120,1,0.961886,0.513735,18.997586,0.916495,3121,2.888672,45.903
3121,2,1.341064,0.374562,18.962254,0.918062,3122,2.904236,13.775
3122,3,1.253737,0.631446,19.312823,0.917224,3123,2.908020,13.390
3123,1,1.469044,0.549374,19.194429,0.916730,3124,2.876892,13.369
3124,0,1.713472,0.592345,18.983135,0.916997,3125,2.826416,13.299
3125,2,1.275635,0.551756,18.941923,0.916561,3126,2.890564,41.988
3126,0,1.619670,0.592214,18.864740,0.915563,3127,2.904236,13.487
3127,0,1.297063,0.730212,18.991365,0.916059,3128,2.892456,18.443
3128,0,1.646893,0.604224,19.146604,0.916283,3129,2.890564,13.427
3129,1,1.573260,0.513779,18.968823,0.917751,3130,2.847656,13.311
3130,3,1.278116,0.576739,18.969917,0.917262,3131,2.861328,41.909
3131,0,2.099584,0.623405,19.068233,0.916623,3132,2.919800,13.389
3132,2,1.228190,0.559172,18.925089,0.917677,3133,2.931580,13.449
3133,2,1.230179,0.538541,18.959949,0.917353,3134,2.861328,13.421
3134,3,1.325414,0.420015,19.020811,0.917326,3135,2.857544,13.356
3135,2,1.551812,0.536519,18.828635,0.916868,3136,2.904236,45.825
3136,3,1.485236,0.576031,19.146549,0.917348,3137,2.904236,13.668
3137,3,1.303853,0.522387,18.889412,0.916789,3138,2.785400,13.597
3138,2,1.517379,0.598707,18.885780,0.918066,3139,2.890564,13.706
3139,0,1.700901,0.535988,18.920175,0.917462,3140,2.875000,13.639
3140,0,1.793704,0.653571,18.757501,0.916744,3141,2.890564,13.693
3141,0,1.421343,0.552256,18.847751,0.916930,3142,2.826416,13.649
3142,0,1.618444,0.525113,18.776817,0.917555,3143,2.876892,13.707
3143,1,1.573440,0.639514,18.813050,0.916467,3144,2.847656,13.627
3144,2,1.145641,0.589903,18.999768,0.916290,3145,2.904236,13.612
3145,2,1.439637,0.634844,18.886324,0.917225,3146,2.812744,46.363
3146,1,1.770367,0.643289,18.931225,0.917086,3147,2.890564,13.867
3147,2,1.276579,0.527131,18.985734,0.916666,3148,2.875000,13.796
3148,3,1.595900,0.594120,19.172047,0.917065,3149,2.744385,13.636
3149,0,1.251634,0.621020,18.953555,0.917135,3150,2.888672,13.627
3150,0,1.472285,0.568595,18.927005,0.918247,3151,2.873108,13.541
3151,3,1.342042,0.590172,18.801182,0.917007,3152,2.890564,13.651
3152,1,1.713839,0.616177,18.718593,0.915974,3153,2.876892,13.684
3153,3,1.368840,0.629846,18.843408,0.916351,3154,2.890564,13.587
3154,3,1.562245,0.456077,18.989597,0.916934,3155,2.875000,13.399
3155,1,1.323544,0.520890,18.944241,0.917288,3156,2.916016,45.878
3156,0,1.687508,0.484801,19.236286,0.916437,3157,2.837769,13.339
3157,1,1.471132,0.608176,19.401276,0.917980,3158,2.904236,13.385
3158,0,1.516387,0.557957,19.434825,0.917025,3159,2.906128,14.027
3159,0,1.259248,0.666263,19.483027,0.917217,3160,2.876892,13.348
3160,3,1.556775,0.563573,19.143893,0.917807,3161,2.904236,45.868
3161,1,1.495368,0.713291,19.181305,0.916913,3162,2.888672,13.383
3162,1,1.452082,0.498785,19.140330,0.917092,3163,2.873108,13.445
3163,0,1.345767,0.568268,19.111488,0.917636,3164,2.859436,13.298
3164,3,1.369808,0.641626,19.378458,0.916874,3165,2.888672,13.401
3165,3,1.412064,0.638035,19.515452,0.915642,3166,2.785400,13.441
3166,2,1.507205,0.622802,19.536888,0.915746,3167,2.841980,13.952
3167,1,1.245625,0.563971,19.559130,0.917828,3168,2.826416,13.319
3168,1,1.896303,0.556078,19.318547,0.917928,3169,2.873108,13.703
3169,0,1.742014,0.592420,19.426245,0.916990,3170,2.841980,13.408
3170,0,1.581070,0.628979,19.787642,0.917247,3171,2.843872,47.013
3171,3,1.327081,0.525096,19.776854,0.916904,3172,2.828308,13.360
3172,1,1.623295,0.558210,19.962379,0.917020,3173,2.873108,13.768
3173,1,1.193449,0.648578,20.022825,0.916918,3174,2.826416,13.377
3174,1,1.435137,0.641758,19.912848,0.916877,3175,2.919800,13.436
3175,0,1.669885,0.440712,19.715140,0.916846,3176,2.917908,46.013
3176,2,1.403487,0.660295,19.695547,0.917051,3177,2.863220,13.870
3177,3,1.503524,0.577167,20.016465,0.917644,3178,2.892456,13.854
3178,3,1.756747,0.550640,20.205099,0.917482,3179,2.890564,14.076
3179,2,1.318893,0.554093,20.182004,0.917237,3180,2.916016,14.036
3180,3,1.515871,0.548778,19.984735,0.917368,3181,2.847656,47.537
3181,1,1.555462,0.630495,19.936156,0.916631,3182,2.859436,13.366
3182,1,1.720047,0.536244,19.943058,0.917733,3183,2.847656,13.325
3183,0,1.496930,0.694238,19.943562,0.917598,3184,2.785400,13.450
3184,3,1.714930,0.608685,19.946828,0.917940,3185,2.759949,13.371
3185,3,1.292947,0.579438,19.656163,0.916336,3186,2.785400,41.889
3186,3,1.591040,0.648195,19.309581,0.917911,3187,2.875000,13.388
3187,3,1.666435,0.619659,19.344725,0.917297,3188,2.816528,13.350
3188,3,1.461754,0.542090,19.271425,0.917633,3189,2.832092,13.411
3189,0,1.255051,0.536538,19.452477,0.917749,3190,2.785400,13.530
3190,3,1.609429,0.552580,19.528345,0.916556,3191,2.832092,13.527
3191,1,1.164898,0.531539,19.688459,0.917378,3192,2.785400,13.432
3192,3,1.607477,0.477504,20.092343,0.915497,3193,2.890564,13.347
3193,3,1.547397,0.750527,20.089984,0.916921,3194,2.875000,13.382
3194,0,1.381161,0.601525,20.227923,0.917027,3195,2.890564,13.633
3195,2,1.332487,0.520549,20.183291,0.917824,3196,2.826416,46.161
3196,2,1.176891,0.559944,19.707859,0.917004,3197,2.861328,13.570
3197,1,1.582832,0.556997,19.461188,0.918010,3198,2.906128,13.662
3198,1,1.638207,0.668116,19.510572,0.917628,3199,2.875000,13.582
3199,0,1.530396,0.582437,19.399160,0.916774,3200,2.812744,13.660
3200,3,1.346923,0.650503,19.077178,0.917219,3201,2.875000,13.576
3201,0,1.634176,0.562415,19.326897,0.918549,3202,2.892456,13.407
3202,1,1.230135,0.589829,19.298421,0.917683,3203,2.875000,13.387
3203,0,1.816887,0.585926,19.457128,0.917606,3204,2.828308,13.393
3204,1,1.450930,0.584515,19.611775,0.916615,3205,2.917908,25.888
3205,1,1.756601,0.492399,19.822743,0.917436,3206,2.890564,13.427
3206,3,1.365297,0.705362,19.798642,0.916550,3207,2.876892,13.391
3207,2,1.829777,0.640775,19.776130,0.916578,3208,2.890564,13.414
3208,3,1.898631,0.459425,19.934487,0.917406,3209,2.890564,13.278
3209,3,1.541538,0.645854,19.857620,0.918261,3210,2.917908,46.145
3210,2,1.428426,0.710486,19.886643,0.917135,3211,2.843872,13.557
3211,2,1.546624,0.656650,19.970345,0.917356,3212,2.861328,13.372
3212,3,1.215275,0.551149,19.937857,0.916227,3213,2.921692,13.270
3213,1,1.584325,0.662144,20.097630,0.917862,3214,2.906128,13.269
3214,3,1.275151,0.568228,20.045795,0.917128,3215,2.902344,45.838
3215,2,1.285467,0.595337,20.162954,0.916842,3216,2.890564,13.399
3216,1,1.308970,0.679383,20.103987,0.916093,3217,2.830200,13.409
3217,3,1.624934,0.584655,20.139996,0.918142,3218,2.890564,13.722
3218,1,1.380515,0.584781,19.899311,0.917529,3219,2.875000,13.437
3219,3,1.432037,0.557777,20.205587,0.916743,3220,2.902344,46.802
3220,3,1.317952,0.695506,20.113972,0.917722,3221,2.812744,13.443
3221,0,1.621446,0.625664,19.885667,0.917414,3222,2.861328,13.433
3222,2,1.652348,0.561329,20.064184,0.916728,3223,2.921692,13.408
3223,0,1.463128,0.570529,20.463421,0.917031,3224,2.875000,13.353
3224,2,1.756780,0.628938,20.613228,0.916512,3225,2.933472,41.865
3225,2,1.786211,0.487101,20.829864,0.916778,3226,2.875000,13.409
3226,3,1.517771,0.615821,20.649169,0.917250,3227,2.876892,13.434
3227,0,1.564300,0.522183,20.580555,0.917333,3228,2.890564,13.461
3228,1,1.455351,0.738367,20.772677,0.917496,3229,2.906128,13.388
3229,3,1.287161,0.542520,20.808585,0.915310,3230,2.919800,50.155
3230,0,1.557432,0.485305,21.075626,0.917107,3231,2.919800,13.629
3231,3,1.407348,0.671303,20.970586,0.917145,3232,2.919800,13.395
3232,2,1.423905,0.570458,21.014606,0.917036,3233,2.890564,13.363
3233,1,1.617958,0.644174,20.941906,0.917933,3234,2.906128,13.322
3234,3,1.491826,0.505643,20.571351,0.917490,3235,2.863220,45.983
3235,1,1.633761,0.581056,20.707745,0.916735,3236,2.890564,13.358
3236,0,1.636975,0.546608,20.477770,0.916147,3237,2.875000,13.417
3237,3,1.185414,0.619471,20.109017,0.917128,3238,2.904236,13.416
3238,3,1.833111,0.508693,20.198140,0.916965,3239,2.875000,13.303
3239,0,1.365703,0.468284,20.135443,0.917549,3240,2.904236,45.906
3240,1,1.541070,0.630836,19.817257,0.917481,3241,2.890564,13.391
3241,0,1.564163,0.664543,19.647306,0.917135,3242,2.919800,13.438
3242,0,1.322485,0.617347,19.679366,0.916030,3243,2.933472,13.404
3243,1,1.565915,0.669645,19.562153,0.917513,3244,2.890564,13.364
3244,2,1.477368,0.581513,19.511477,0.916743,3245,2.812744,41.917
3245,3,1.354242,0.464281,19.270814,0.916531,3246,2.875000,13.278
3246,3,1.924686,0.439982,19.177899,0.916834,3247,2.906128,13.421
3247,2,1.615564,0.512275,19.160092,0.917881,3248,2.931580,13.324
3248,3,1.719776,0.598765,19.311102,0.917039,3249,2.890564,16.050
3249,0,1.486281,0.526337,19.391411,0.918079,3250,2.906128,35.721
3250,3,1.754400,0.540132,19.453678,0.916770,3251,2.847656,72.891
3251,0,1.418843,0.624923,19.460024,0.916455,3252,2.890564,30.011
3252,2,1.606663,0.490951,19.412571,0.917147,3253,2.906128,57.059
3253,1,1.368016,0.598752,19.764403,0.917587,3254,2.890564,13.696
3254,3,1.580174,0.623277,19.724556,0.917272,3255,2.904236,13.595
3255,0,1.363923,0.574586,19.560282,0.916501,3256,2.863220,13.540
3256,2,1.565962,0.550718,19.559536,0.917482,3257,2.812744,13.521
3257,2,1.075948,0.423767,19.323297,0.918045,3258,2.886780,47.167
3258,0,1.404497,0.511821,19.443852,0.917246,3259,2.890564,13.981
3259,2,1.701881,0.623987,19.512892,0.916935,3260,2.863220,13.709
3260,2,1.622137,0.584862,19.445264,0.917275,3261,2.890564,13.777
3261,3,1.335476,0.608283,19.427831,0.914860,3262,2.863220,13.778
3262,3,1.661542,0.583379,19.238621,0.916971,3263,2.917908,46.375
3263,1,1.523187,0.609652,19.435450,0.916224,3264,2.890564,13.652
3264,1,1.472752,0.632629,19.345808,0.916829,3265,2.947144,13.628
3265,3,1.374710,0.569051,19.366788,0.917006,3266,2.906128,13.606
3266,0,1.393586,0.604695,19.417880,0.917605,3267,2.832092,13.302
3267,0,1.487848,0.599332,19.250777,0.917066,3268,2.873108,13.708
3268,3,1.551305,0.727204,19.359730,0.917809,3269,2.906128,13.487
3269,1,1.598817,0.532095,19.440491,0.916559,3270,2.812744,13.375
3270,0,1.576164,0.531780,19.400153,0.917906,3271,2.875000,13.248
3271,1,1.714122,0.560259,19.482025,0.917312,3272,2.906128,47.574
3272,1,1.382648,0.538953,19.630858,0.917204,3273,2.906128,13.352
3273,0,1.335450,0.529158,19.779522,0.916522,3274,2.890564,13.293
3274,0,1.665783,0.445097,19.784141,0.916787,3275,2.931580,13.281
3275,1,1.634238,0.655341,19.732759,0.917181,3276,2.919800,13.429
3276,0,1.678923,0.537231,19.811404,0.918125,3277,2.843872,13.311
3277,3,1.649851,0.484919,19.844511,0.917459,3278,2.890564,13.406
3278,3,1.365010,0.572175,19.854769,0.917095,3279,2.875000,13.241
3279,3,1.527693,0.442665,19.583103,0.917496,3280,2.863220,13.985
3280,3,1.097322,0.514008,19.406376,0.916713,3281,2.875000,14.607
3281,0,1.114414,0.657232,19.227831,0.917088,3282,2.890564,46.757
3282,0,1.397809,0.771660,19.196022,0.916814,3283,2.904236,13.368
3283,1,0.812199,0.652196,19.314262,0.917241,3284,2.861328,13.347
3284,3,1.568933,0.447683,19.307662,0.917553,3285,2.904236,13.269
3285,1,1.377686,0.516071,19.015973,0.916467,3286,2.875000,13.189
3286,0,1.419872,0.580879,18.904130,0.917788,3287,2.919800,13.296
3287,0,1.468465,0.552873,18.761954,0.917879,3288,2.871216,13.300
3288,0,1.406250,0.555482,18.636863,0.917810,3289,2.832092,13.237
3289,0,0.879629,0.643485,18.652520,0.917014,3290,2.890564,13.784
3290,0,1.393225,0.582579,18.459950,0.916844,3291,2.890564,13.491
3291,1,1.412109,0.617238,18.454607,0.917185,3292,2.906128,45.925
3292,0,1.259694,0.665659,18.350958,0.917257,3293,2.916016,13.313
3293,1,1.721144,0.565203,18.525981,0.916328,3294,2.890564,13.325
3294,1,1.643198,0.589810,18.537337,0.917203,3295,2.890564,13.454
3295,2,1.480757,0.610674,18.618764,0.916613,3296,2.847656,13.294
3296,1,1.491320,0.540736,18.665449,0.916243,3297,2.888672,48.173
3297,3,1.610158,0.733479,18.537186,0.917091,3298,2.888672,13.973
3298,1,1.044647,0.540839,18.591018,0.917085,3299,2.890564,13.506
3299,2,1.140521,0.519852,18.425092,0.916902,3300,2.826416,13.318
3300,1,1.476594,0.547664,19.637089,0.916898,3301,2.861328,13.574
3301,0,1.340431,0.653198,19.574343,0.917170,3302,2.890564,13.237
3302,3,1.408639,0.639095,19.847360,0.917035,3303,2.931580,13.359
3303,3,1.413786,0.517998,19.583192,0.916704,3304,2.890564,13.328
3304,3,1.503374,0.599716,19.648591,0.918206,3305,2.863220,13.176
3305,2,1.362005,0.606508,19.727612,0.917171,3306,2.876892,37.748
3306,1,1.576124,0.692581,20.068156,0.916601,3307,2.878784,13.207
3307,3,1.463118,0.610266,19.926898,0.918451,3308,2.919800,13.219
3308,1,1.360232,0.588908,19.735146,0.916195,3309,2.873108,13.288
3309,3,1.415300,0.706033,19.577078,0.917078,3310,2.845764,13.440
3310,2,1.621488,0.562479,19.598245,0.917125,3311,2.906128,47.940
3311,0,1.200214,0.474355,19.480921,0.917670,3312,2.892456,14.661
3312,0,1.505125,0.615263,19.315798,0.914538,3313,2.843872,14.506
3313,1,1.564809,0.639515,19.212924,0.917575,3314,2.904236,13.334
3314,3,1.690042,0.530370,18.983566,0.916857,3315,2.916016,13.218
3315,3,1.392654,0.695958,18.852208,0.917361,3316,2.906128,42.092
3316,2,1.364320,0.615033,18.921259,0.918253,3317,2.876892,13.282
3317,1,1.398888,0.563493,18.969745,0.917511,3318,2.904236,13.217
3318,3,1.738758,0.496952,19.341491,0.917054,3319,2.875000,13.300
3319,3,1.488769,0.640646,19.451505,0.917435,3320,2.847656,13.273
3320,1,1.466453,0.708695,19.444734,0.916387,3321,2.875000,46.051
3321,1,1.696351,0.651827,19.619267,0.916207,3322,2.890564,13.450
3322,0,1.701765,0.762142,19.623096,0.916370,3323,2.826416,13.211
3323,1,1.419887,0.601412,19.760008,0.917375,3324,2.847656,13.173
3324,3,1.457081,0.482705,19.759997,0.917051,3325,2.904236,13.122
3325,3,1.474799,0.517726,19.709334,0.916733,3326,2.904236,49.790
3326,1,1.377892,0.701694,19.908305,0.917162,3327,2.890564,13.199
3327,3,1.504125,0.353707,19.995439,0.917610,3328,2.917908,15.371
3328,3,1.259480,0.709028,20.046058,0.918196,3329,2.863220,13.313
3329,1,1.347869,0.455633,20.047075,0.917067,3330,2.892456,13.299
3330,1,1.572008,0.626932,19.740671,0.916618,3331,2.906128,46.346
3331,2,1.616240,0.601546,19.562201,0.917396,3332,2.904236,13.153
3332,0,1.523734,0.516583,19.695925,0.916385,3333,2.840088,14.144
3333,3,1.831481,0.470277,19.822806,0.917212,3334,2.859436,13.350
3334,0,1.555037,0.510722,19.872544,0.916835,3335,2.890564,13.288
3335,1,0.988409,0.668119,20.152546,0.918000,3336,2.890564,41.777
3336,2,1.784049,0.613597,20.212959,0.917441,3337,2.890564,13.313
3337,2,1.522410,0.594458,20.002237,0.917618,3338,2.904236,13.246
3338,3,1.407534,0.657826,19.879940,0.917781,3339,2.888672,13.286
3339,3,1.210962,0.431265,20.059503,0.917219,3340,2.890564,13.305
3340,3,1.845979,0.655219,20.182494,0.916691,3341,2.919800,45.764
3341,3,1.426771,0.593364,20.457937,0.917142,3342,2.890564,13.276
3342,3,1.754680,0.565933,20.199857,0.917615,3343,2.931580,13.538
3343,1,1.726271,0.522299,20.296372,0.917628,3344,2.904236,15.515
3344,3,1.261643,0.654589,20.380117,0.916485,3345,2.785400,13.224
3345,1,1.523319,0.638644,20.462328,0.916094,3346,2.832092,45.851
3346,3,1.977872,0.616834,20.452670,0.916951,3347,2.876892,13.214
3347,0,1.166456,0.504142,20.711802,0.917954,3348,2.949036,13.856
3348,1,1.672109,0.697270,20.584589,0.916915,3349,2.826416,13.182
3349,1,1.373175,0.509648,20.409385,0.915823,3350,2.904236,13.250
3350,2,1.650851,0.580865,20.326429,0.917901,3351,2.847656,45.772
3351,3,1.826741,0.558926,20.447175,0.916337,3352,2.892456,13.157
3352,2,1.272537,0.671694,20.178854,0.916503,3353,2.904236,13.256
3353,3,1.055923,0.624144,20.049985,0.916788,3354,2.890564,13.504
3354,0,1.507801,0.574111,20.110781,0.916398,3355,2.931580,13.203
3355,0,1.736679,0.618006,20.055882,0.916609,3356,2.843872,41.761
3356,0,1.486752,0.524763,20.154324,0.917150,3357,2.906128,13.224
3357,2,1.388915,0.562389,19.878981,0.917498,3358,2.812744,13.264
3358,1,2.063742,0.501359,19.802987,0.917620,3359,2.904236,13.255
3359,3,1.617066,0.562817,19.626896,0.917753,3360,2.878784,15.548
3360,1,1.173992,0.624867,19.510097,0.916794,3361,2.814636,13.333
3361,2,1.436644,0.502284,19.487496,0.916721,3362,2.892456,17.516
3362,1,1.567737,0.536147,19.758216,0.916381,3363,2.888672,94.548
3363,1,1.650005,0.560723,19.703035,0.916164,3364,2.828308,17.424
3364,2,1.761157,0.619176,19.490110,0.916715,3365,2.890564,14.605
3365,0,1.356329,0.569873,19.462853,0.917022,3366,2.812744,15.629
3366,3,1.524185,0.627349,19.271708,0.917882,3367,2.890564,46.644
3367,2,1.532287,0.515672,19.324122,0.916960,3368,2.919800,13.660
3368,0,0.855983,0.556375,19.158901,0.917368,3369,2.884888,13.453
3369,0,1.480883,0.540006,19.238376,0.916625,3370,2.892456,13.596
3370,1,1.774700,0.504889,19.148159,0.917973,3371,2.904236,46.020
3371,0,1.393762,0.625637,18.945236,0.917576,3372,2.799072,13.537
3372,0,1.523134,0.628368,18.889444,0.917188,3373,2.931580,13.764
3373,0,1.654603,0.562212,18.887025,0.916978,3374,2.812744,13.730
3374,0,1.362179,0.575520,19.189077,0.917257,3375,2.875000,13.483
3375,2,1.676671,0.572216,19.090773,0.917138,3376,2.917908,45.936
3376,2,1.562631,0.603290,19.026449,0.916591,3377,2.843872,13.429
3377,0,1.619073,0.519503,18.933347,0.916557,3378,2.902344,13.414
3378,0,1.434958,0.605878,19.119299,0.917039,3379,2.949036,13.517
3379,0,1.583259,0.636457,18.907058,0.916543,3380,2.826416,13.194
3380,1,1.271105,0.660219,18.954965,0.917192,3381,2.904236,45.979
3381,3,1.559693,0.459567,19.196133,0.917076,3382,2.890564,13.171
3382,0,1.334934,0.653494,19.103560,0.916024,3383,2.812744,13.229
3383,2,1.475064,0.527243,19.003968,0.917586,3384,2.919800,13.359
3384,3,1.242427,0.432039,18.919696,0.917569,3385,2.812744,13.355
3385,0,1.314939,0.533362,19.041347,0.916668,3386,2.906128,45.795
3386,1,1.381075,0.466902,19.007839,0.917045,3387,2.861328,13.242
3387,2,1.750990,0.446409,18.924736,0.917931,3388,2.857544,13.287
3388,3,1.011257,0.538103,18.833209,0.916435,3389,2.890564,13.229
3389,0,1.595306,0.434483,18.844993,0.917532,3390,2.812744,13.184
3390,0,1.605560,0.570951,18.922181,0.917065,3391,2.890564,41.863
3391,0,1.666538,0.546314,18.822725,0.917675,3392,2.906128,13.812
3392,1,1.266477,0.495812,18.913159,0.915952,3393,2.828308,13.294
3393,2,1.730938,0.544107,19.002683,0.917250,3394,2.947144,13.694
3394,0,1.457972,0.587019,18.814549,0.916962,3395,2.861328,13.498
3395,2,1.627926,0.558525,18.827187,0.916793,3396,2.826416,45.694
3396,1,1.520974,0.535959,18.913095,0.916921,3397,2.876892,13.127
3397,2,1.519494,0.566410,18.625185,0.916604,3398,2.853760,13.135
3398,0,1.510633,0.648089,18.715571,0.916670,3399,2.890564,13.106
3399,1,1.285330,0.525188,18.445688,0.917747,3400,2.906128,13.154
3400,0,1.193191,0.696852,19.256161,0.917394,3401,2.843872,13.282
3401,0,1.509382,0.718471,19.124843,0.915515,3402,2.906128,13.197
3402,2,1.707686,0.572307,19.133257,0.917471,3403,2.890564,13.178
3403,0,1.567394,0.520817,19.122487,0.916925,3404,2.840088,13.243
3404,2,1.296550,0.488078,19.301014,0.916913,3405,2.863220,25.733
3405,0,1.466592,0.563649,19.243081,0.917975,3406,2.799072,13.320
3406,3,1.379016,0.583779,19.086754,0.916535,3407,2.863220,13.247
3407,3,1.311665,0.584243,18.984188,0.916354,3408,2.906128,13.205
3408,0,2.024417,0.614293,19.016759,0.917343,3409,2.841980,13.282
3409,2,1.442565,0.624557,18.990889,0.916558,3410,2.906128,47.607
3410,1,1.385229,0.609492,19.217877,0.916841,3411,2.876892,13.179
3411,1,1.336874,0.685380,19.326308,0.916772,3412,2.785400,13.254
3412,3,1.165270,0.594204,19.083331,0.917623,3413,2.904236,13.312
3413,2,1.358632,0.456494,19.089246,0.917537,3414,2.843872,13.192
3414,3,1.504639,0.554486,19.276679,0.917706,3415,2.875000,13.224
3415,1,1.195847,0.678164,19.266506,0.916958,3416,2.812744,13.419
3416,2,1.719340,0.583045,19.336345,0.917277,3417,2.906128,13.512
3417,1,1.420836,0.710696,19.549355,0.918097,3418,2.875000,13.536
3418,1,1.175083,0.493015,19.626558,0.917473,3419,2.884888,13.991
3419,2,1.293791,0.630827,19.624652,0.916221,3420,2.878784,49.946
3420,3,1.576464,0.626463,19.612039,0.917724,3421,2.826416,13.490
3421,0,1.535997,0.622716,19.390330,0.917075,3422,2.863220,13.545
3422,2,1.526326,0.533434,19.326030,0.918877,3423,2.947144,13.539
3423,1,1.334201,0.554890,19.452886,0.916977,3424,2.828308,13.519
3424,2,1.710833,0.612204,19.421600,0.917252,3425,2.919800,46.003
3425,2,1.206583,0.642929,19.312717,0.917629,3426,2.875000,13.542
3426,1,1.263205,0.535958,19.025555,0.917540,3427,2.812744,13.567
3427,3,1.166868,0.714833,19.090318,0.917915,3428,2.890564,13.674
3428,3,1.455670,0.601467,19.212278,0.916469,3429,2.812744,13.479
3429,3,1.669513,0.610227,19.137394,0.917107,3430,2.890564,44.648
3430,1,1.405386,0.454382,19.043660,0.916631,3431,2.919800,13.786
3431,3,1.760921,0.636696,19.100193,0.916128,3432,2.843872,13.643
3432,1,1.391340,0.547326,19.152334,0.916572,3433,2.906128,13.412
3433,0,1.185279,0.571539,19.393081,0.917192,3434,2.917908,13.472
3434,2,1.527856,0.563273,19.544217,0.916451,3435,2.785400,45.969
3435,0,1.769443,0.633869,19.539618,0.917753,3436,2.876892,13.665
3436,2,1.544876,0.549880,19.400483,0.917324,3437,2.785400,13.681
3437,1,1.508801,0.514368,19.421681,0.917437,3438,2.888672,13.416
3438,1,1.521208,0.639886,19.467471,0.918128,3439,2.906128,13.403
3439,3,1.374099,0.645651,19.458693,0.917356,3440,2.857544,46.001
3440,3,1.294647,0.640729,19.334713,0.917683,3441,2.892456,13.484
3441,0,1.314922,0.648780,19.495544,0.917256,3442,2.890564,13.310
3442,2,1.335544,0.666032,19.434330,0.917234,3443,2.812744,15.046
3443,1,1.326000,0.554753,19.373806,0.916708,3444,2.947144,13.510
3444,1,1.345482,0.582877,19.303094,0.917312,3445,2.816528,45.844
3445,3,1.810576,0.419316,19.286902,0.917066,3446,2.888672,13.345
3446,1,1.306906,0.558220,19.121438,0.917637,3447,2.785400,13.332
3447,3,1.555718,0.524381,19.153146,0.917319,3448,2.931580,14.280
3448,1,1.613313,0.561801,19.067037,0.916803,3449,2.890564,13.622
3449,1,1.715973,0.593519,18.989746,0.916956,3450,2.785400,13.520
3450,1,1.498675,0.586537,18.963132,0.917114,3451,2.906128,13.270
3451,3,1.375427,0.608773,18.802934,0.916887,3452,2.859436,13.352
3452,3,1.392796,0.498045,18.945112,0.917840,3453,2.916016,13.336
3453,3,1.688967,0.686241,19.042522,0.917182,3454,2.906128,13.356
3454,3,1.561972,0.619352,19.315835,0.917004,3455,2.812744,13.360
3455,3,1.575360,0.558126,19.268814,0.917330,3456,2.904236,13.197
3456,1,1.466800,0.613398,19.233465,0.917313,3457,2.890564,13.379
3457,1,1.526603,0.601280,19.197147,0.916757,3458,2.812744,13.800
3458,0,1.505644,0.601450,19.430667,0.917590,3459,2.933472,45.811
3459,0,1.183333,0.602321,19.605720,0.917216,3460,2.847656,13.223
3460,0,1.740987,0.570647,19.692922,0.917476,3461,2.830200,13.128
3461,1,1.503535,0.529886,19.862486,0.915073,3462,2.878784,13.138
3462,3,1.567676,0.650222,19.748880,0.916252,3463,2.826416,13.149
3463,3,1.628399,0.507668,19.666078,0.916873,3464,2.890564,13.080
3464,0,1.446633,0.606397,19.406772,0.917779,3465,2.919800,45.672
3465,0,1.448488,0.709887,19.235261,0.917460,3466,2.814636,16.267
3466,3,1.604067,0.531720,19.271696,0.916558,3467,2.919800,13.157
3467,1,1.579341,0.630094,19.512966,0.916476,3468,2.875000,13.354
3468,3,1.872759,0.617193,19.524648,0.917519,3469,2.853760,45.742
3469,1,1.656881,0.519781,19.309596,0.917230,3470,2.863220,13.169
3470,0,1.376355,0.715990,19.419805,0.917090,3471,2.812744,13.108
3471,0,1.200068,0.551922,19.589766,0.917011,3472,2.890564,13.153
3472,3,1.513018,0.576417,19.815651,0.916169,3473,2.919800,13.201
3473,0,0.995911,0.721006,19.847708,0.916542,3474,2.884888,46.551
3474,3,1.720085,0.488669,19.910197,0.916960,3475,2.892456,13.799
3475,1,1.196253,0.508580,19.934381,0.917951,3476,2.904236,13.460
3476,2,1.249789,0.677069,20.322172,0.916483,3477,2.799072,13.524
3477,2,1.436128,0.596993,20.145618,0.916513,3478,2.931580,14.055
3478,1,1.750529,0.630074,20.309515,0.916710,3479,2.812744,50.304
3479,1,1.222113,0.581079,20.249092,0.916622,3480,2.919800,17.605
3480,0,1.134878,0.650601,20.304192,0.917525,3481,2.884888,13.524
3481,3,1.458139,0.563371,20.296673,0.917136,3482,2.863220,14.385
3482,2,1.644209,0.594838,20.358857,0.917136,3483,2.931580,81.610
3483,1,1.614013,0.637541,20.744575,0.916498,3484,2.812744,54.204
3484,1,1.651320,0.601316,20.408621,0.917157,3485,2.919800,22.841
3485,1,1.658553,0.506309,20.487831,0.917655,3486,2.861328,27.182
3486,3,1.529514,0.601176,20.478013,0.916751,3487,2.857544,53.075
3487,2,1.262579,0.692085,20.337974,0.917117,3488,2.890564,16.631
3488,1,1.357593,0.558488,20.371463,0.917822,3489,2.840088,13.490
3489,2,1.098564,0.538980,20.297977,0.916097,3490,2.863220,13.497
3490,3,1.620775,0.456442,20.470815,0.916152,3491,2.892456,13.497
3491,3,1.422611,0.716955,20.393294,0.917206,3492,2.799072,13.242
3492,2,1.965893,0.526676,20.259409,0.917784,3493,2.919800,13.132
3493,1,1.260871,0.606242,20.005340,0.917199,3494,2.875000,13.256
3494,2,1.412702,0.507836,19.993021,0.917009,3495,2.828308,13.517
3495,3,1.717954,0.593634,20.134879,0.917659,3496,2.906128,13.244
3496,0,1.472872,0.402523,20.454409,0.917882,3497,2.812744,13.217
3497,1,1.756237,0.698576,20.580772,0.915216,3498,2.890564,13.241
3498,2,1.489190,0.655162,20.368961,0.918052,3499,2.947144,13.222
3499,0,1.356385,0.683502,20.201673,0.916437,3500,2.830200,13.251
3500,2,1.306058,0.624466,19.612961,0.917501,3501,2.919800,13.372
3501,2,1.726412,0.701884,19.722586,0.917166,3502,2.876892,13.193
3502,0,1.546529,0.612034,19.510779,0.917139,3503,2.853760,13.233
3503,1,1.255175,0.461355,19.506111,0.917029,3504,2.890564,13.192
3504,0,1.317597,0.539572,19.519484,0.917062,3505,2.812744,13.142
3505,3,1.698980,0.640118,19.508566,0.915602,3506,2.890564,37.700
3506,3,1.295537,0.651684,19.387736,0.916441,3507,2.906128,13.246
3507,3,1.329118,0.548353,19.368768,0.917401,3508,2.843872,13.182
3508,1,1.064508,0.587930,19.386394,0.916161,3509,2.840088,17.272
3509,3,1.645663,0.681466,19.293069,0.917527,3510,2.878784,49.700
3510,0,1.825218,0.540773,19.345004,0.917488,3511,2.861328,13.258
3511,2,1.498834,0.545974,19.692961,0.917010,3512,2.816528,13.211
3512,0,1.503070,0.603301,19.944505,0.917874,3513,2.906128,13.284
3513,1,1.219804,0.645254,19.625125,0.917031,3514,2.826416,13.195
3514,0,1.399509,0.540426,19.623358,0.916727,3515,2.890564,45.992
3515,1,1.644612,0.594235,19.600272,0.916851,3516,2.892456,13.656
3516,3,1.400278,0.559602,19.537789,0.917416,3517,2.800964,13.230
3517,1,1.195499,0.536964,19.431553,0.916554,3518,2.919800,13.223
3518,2,1.551348,0.701076,19.389036,0.917255,3519,2.832092,13.159
3519,3,1.610963,0.620657,19.187750,0.917451,3520,2.904236,45.665
3520,3,1.207020,0.449382,19.206576,0.916932,3521,2.876892,13.202
3521,3,1.289187,0.565138,19.431004,0.917871,3522,2.828308,13.196
3522,2,1.514522,0.776436,19.334640,0.915403,3523,2.892456,13.188
3523,2,1.473414,0.533472,19.409596,0.917226,3524,2.878784,13.289
3524,0,1.436620,0.581172,19.193401,0.917602,3525,2.843872,45.696
3525,0,1.574620,0.513579,19.166603,0.916466,3526,2.847656,13.312
3526,0,1.374968,0.607211,19.251192,0.916866,3527,2.861328,13.198
3527,2,1.580982,0.595487,19.113329,0.918613,3528,2.906128,13.184
3528,0,1.825627,0.762213,19.198214,0.917959,3529,2.875000,13.252
3529,1,1.089940,0.503160,19.219845,0.917433,3530,2.906128,45.980
3530,1,1.594677,0.777661,19.262835,0.915929,3531,2.890564,13.467
3531,2,1.161117,0.522244,19.396286,0.917474,3532,2.904236,13.784
3532,3,1.594725,0.526993,19.616212,0.917605,3533,2.890564,13.791
3533,2,1.476387,0.568102,19.518792,0.917116,3534,2.890564,13.707
3534,0,1.376402,0.439005,19.436798,0.917068,3535,2.876892,46.221
3535,0,1.209552,0.547915,19.384750,0.917703,3536,2.904236,14.338
3536,2,1.452529,0.610766,19.281589,0.917299,3537,2.919800,13.589
3537,3,1.495956,0.624769,19.310455,0.917559,3538,2.878784,13.520
3538,0,1.363877,0.694270,19.181766,0.916672,3539,2.861328,13.509
3539,1,1.389536,0.684332,19.086516,0.917053,3540,2.890564,13.584
3540,0,1.661711,0.639690,19.074473,0.917872,3541,2.931580,13.519
3541,1,1.215444,0.519027,19.192602,0.917195,3542,2.875000,13.504
3542,1,1.313660,0.580196,19.163775,0.917360,3543,2.890564,13.463
3543,1,1.776780,0.652617,18.981297,0.916702,3544,2.931580,45.968
3544,3,1.377924,0.625486,19.018874,0.918194,3545,2.785400,13.509
3545,0,1.402599,0.616319,19.062236,0.917638,3546,2.875000,13.718
3546,2,1.410759,0.571869,19.360290,0.917203,3547,2.843872,13.527
3547,1,1.398787,0.515503,19.394220,0.916737,3548,2.863220,13.488
3548,1,1.508762,0.673400,19.506246,0.916686,3549,2.906128,45.666
3549,3,1.411753,0.509805,19.482328,0.917096,3550,2.888672,13.200
3550,3,1.196611,0.455767,19.504082,0.917254,3551,2.861328,13.283
3551,1,1.633471,0.582517,19.626079,0.916557,3552,2.890564,13.149
3552,1,1.727557,0.593564,19.516335,0.917604,3553,2.906128,13.153
3553,0,1.687445,0.616282,19.525390,0.916855,3554,2.890564,45.949
3554,2,1.362224,0.568680,19.722995,0.917302,3555,2.812744,13.220
3555,2,1.537689,0.569332,19.769828,0.916636,3556,2.873108,13.219
3556,3,1.383201,0.493628,19.756531,0.916835,3557,2.812744,13.256
3557,0,1.404251,0.596617,19.632677,0.916636,3558,2.890564,13.765
3558,1,1.439530,0.560134,19.547719,0.917739,3559,2.861328,46.257
3559,2,1.665319,0.644783,19.539221,0.916732,3560,2.904236,13.401
3560,1,1.464384,0.684506,19.617679,0.915453,3561,2.904236,13.235
3561,1,1.186125,0.720895,19.504235,0.916609,3562,2.863220,13.183
3562,0,1.390427,0.737275,19.252954,0.916775,3563,2.892456,13.214
3563,3,1.256783,0.710990,19.445078,0.917179,3564,2.890564,45.964
3564,1,1.567371,0.508395,19.473527,0.916657,3565,2.890564,13.274
3565,0,1.518624,0.466045,19.356140,0.917726,3566,2.906128,13.209
3566,3,1.115712,0.471734,19.425734,0.916208,3567,2.890564,13.226
3567,1,1.705663,0.534172,19.508882,0.916710,3568,2.919800,13.144
3568,2,1.553698,0.588317,19.599113,0.917829,3569,2.906128,46.157
3569,3,1.245945,0.553130,19.734386,0.916145,3570,2.890564,13.506
3570,1,1.004535,0.538505,19.823661,0.917856,3571,2.876892,13.379
3571,3,1.602860,0.582927,19.854071,0.917334,3572,2.888672,13.115
3572,0,1.852141,0.583647,19.982373,0.917530,3573,2.826416,13.846
3573,0,1.904251,0.549521,19.843464,0.916780,3574,2.863220,45.981
3574,3,1.194542,0.553925,19.788814,0.917215,3575,2.892456,13.754
3575,2,1.510666,0.517107,19.665886,0.916760,3576,2.828308,13.791
3576,3,1.506877,0.619606,19.508735,0.915887,3577,2.875000,13.621
3577,2,1.531266,0.582246,19.728927,0.916829,3578,2.812744,13.250
3578,3,1.196247,0.600942,19.477888,0.916226,3579,2.890564,50.095
3579,0,1.440362,0.761961,19.279983,0.915917,3580,2.888672,13.272
3580,1,1.465159,0.527499,19.384921,0.916159,3581,2.890564,13.163
3581,2,1.572586,0.533068,19.632195,0.917146,3582,2.890564,13.187
3582,3,1.795293,0.438948,19.626315,0.916664,3583,2.876892,13.218
3583,1,1.783171,0.603525,19.700927,0.916927,3584,2.919800,45.819
3584,2,1.159109,0.582365,19.853961,0.917472,3585,2.904236,13.223
3585,3,1.658379,0.476937,19.602020,0.917126,3586,2.863220,13.218
3586,2,1.507811,0.448422,19.484335,0.917491,3587,2.892456,13.241
3587,0,1.579514,0.672007,19.470110,0.916023,3588,2.890564,13.231
3588,3,1.640927,0.563561,19.380152,0.917745,3589,2.890564,46.177
3589,3,1.527420,0.513447,19.612496,0.917019,3590,2.890564,13.930
3590,0,1.614069,0.453474,19.716472,0.917517,3591,2.906128,13.438
3591,3,1.501122,0.597537,19.767225,0.916318,3592,2.888672,13.580
3592,3,1.458279,0.516246,19.955328,0.917923,3593,2.875000,13.539
3593,1,1.034515,0.505761,19.868655,0.917214,3594,2.875000,65.361
3594,1,1.410611,0.610593,20.149385,0.917666,3595,2.892456,93.028
3595,2,1.455767,0.601105,19.958495,0.916992,3596,2.826416,20.611
3596,3,1.698899,0.657504,20.051478,0.917510,3597,2.919800,64.004
3597,3,1.425442,0.485859,20.218552,0.917900,3598,2.878784,24.861
3598,0,1.082517,0.551618,20.103524,0.917292,3599,2.830200,25.368
3599,2,1.473244,0.676758,20.324805,0.917468,3600,2.875000,13.816
3600,0,1.792454,0.646040,21.157343,0.917631,3601,2.890564,13.559
3601,0,1.168315,0.507634,21.008468,0.917539,3602,2.863220,13.306
3602,3,1.565399,0.648088,20.545589,0.917356,3603,2.919800,13.406
3603,3,1.393243,0.615029,20.343721,0.917185,3604,2.878784,13.447
3604,1,1.455026,0.468081,20.225420,0.917454,3605,2.878784,14.191
3605,1,1.437130,0.536556,20.274899,0.917456,3606,2.873108,13.662
3606,1,1.466528,0.509809,19.872795,0.917426,3607,2.863220,13.763
3607,2,1.394957,0.642005,19.707868,0.916306,3608,2.890564,42.146
3608,1,1.334898,0.667507,19.882930,0.917664,3609,2.919800,13.975
3609,0,1.260766,0.612924,20.033797,0.917385,3610,2.890564,13.306
3610,1,1.500005,0.638139,19.959805,0.916316,3611,2.861328,13.433
3611,0,1.489313,0.647449,19.893705,0.917238,3612,2.859436,13.584
3612,0,1.618673,0.539501,19.910165,0.916969,3613,2.890564,46.417
3613,2,1.451362,0.610108,19.825098,0.917105,3614,2.843872,13.518
3614,0,1.444859,0.529913,19.800105,0.918155,3615,2.890564,13.255
3615,2,1.163776,0.619225,19.958487,0.916920,3616,2.919800,13.440
3616,3,1.570301,0.497206,19.838340,0.917708,3617,2.875000,13.278
3617,2,1.691748,0.527646,19.578757,0.916487,3618,2.875000,49.980
3618,2,1.671484,0.585332,19.695207,0.917669,3619,2.876892,13.464
3619,0,1.252125,0.673232,19.614253,0.917772,3620,2.904236,13.377
3620,0,1.072168,0.662835,19.485872,0.915993,3621,2.888672,13.437
3621,0,1.253836,0.599553,19.329154,0.916587,3622,2.878784,13.225
3622,2,1.374086,0.652471,19.486570,0.916980,3623,2.876892,45.901
3623,3,1.500375,0.460928,19.280446,0.917318,3624,2.906128,13.293
3624,1,1.427294,0.825621,19.153696,0.917334,3625,2.890564,13.329
3625,2,1.241062,0.479050,19.268445,0.918646,3626,2.890564,13.684
3626,1,1.463930,0.558332,19.298738,0.916760,3627,2.906128,13.179
3627,0,1.551908,0.665115,19.285994,0.916149,3628,2.919800,13.433
3628,1,1.885130,0.565897,19.352976,0.917153,3629,2.890564,13.987
3629,1,1.716114,0.503084,19.344626,0.917673,3630,2.890564,13.261
3630,3,1.557564,0.535764,19.314604,0.917528,3631,2.876892,13.326
3631,1,1.334625,0.622561,19.177704,0.917102,3632,2.904236,13.530
3632,2,1.664077,0.607020,18.942762,0.916889,3633,2.857544,13.519
3633,2,1.273512,0.534701,18.993961,0.917455,3634,2.847656,13.654
3634,1,1.732459,0.575564,19.069023,0.916819,3635,2.830200,13.333
3635,0,1.362111,0.623214,19.161702,0.916699,3636,2.906128,13.574
3636,1,1.467579,0.601531,19.089370,0.916929,3637,2.906128,45.794
3637,3,1.527707,0.514131,18.932264,0.918006,3638,2.843872,13.283
3638,3,1.709192,0.492319,18.962103,0.917843,3639,2.875000,13.345
3639,0,0.892341,0.573587,19.089991,0.916283,3640,2.904236,13.316
3640,0,1.651618,0.491061,19.289731,0.918155,3641,2.890564,13.155
3641,3,1.479582,0.507783,19.371284,0.917253,3642,2.906128,46.672
3642,1,1.701813,0.496468,19.624858,0.915196,3643,2.892456,14.187
3643,0,1.906103,0.549779,19.693273,0.915915,3644,2.904236,13.296
3644,0,1.629641,0.597007,19.646286,0.917815,3645,2.904236,13.646
3645,1,1.723091,0.584596,19.683181,0.917040,3646,2.863220,13.675
3646,0,1.589262,0.591421,19.826292,0.917022,3647,2.876892,46.091
3647,0,1.309185,0.597883,19.548382,0.917500,3648,2.859436,13.481
3648,3,1.363659,0.710985,19.668003,0.917031,3649,2.906128,13.680
3649,1,1.801757,0.562668,19.627317,0.917839,3650,2.906128,13.630
3650,0,1.283852,0.548592,19.494364,0.917459,3651,2.890564,14.444
3651,1,1.551697,0.625324,19.402885,0.916906,3652,2.904236,46.136
3652,3,1.439216,0.540171,19.519883,0.916764,3653,2.859436,13.444
3653,2,1.525358,0.584895,19.508613,0.917224,3654,2.890564,13.712
3654,3,1.332511,0.554322,19.194878,0.917227,3655,2.892456,13.519
3655,0,1.691260,0.688244,19.249481,0.916428,3656,2.841980,13.678
3656,1,1.633610,0.580736,19.537478,0.917234,3657,2.873108,52.274
3657,2,1.684243,0.465272,19.597140,0.917597,3658,2.863220,13.612
3658,3,1.634568,0.617927,19.449632,0.916515,3659,2.799072,13.632
3659,3,1.482720,0.650758,19.449670,0.917337,3660,2.890564,13.735
3660,3,1.428291,0.595584,19.432179,0.916715,3661,2.890564,13.320
3661,0,1.543779,0.587324,19.427107,0.917249,3662,2.890564,13.557
3662,1,1.597318,0.477207,19.276291,0.916545,3663,2.859436,13.342
3663,0,1.618908,0.661846,19.307465,0.917700,3664,2.919800,13.494
3664,2,1.424052,0.497860,19.446831,0.917524,3665,2.812744,13.479
3665,0,1.570224,0.523832,19.665860,0.917160,3666,2.890564,50.020
3666,0,1.330020,0.572303,19.792077,0.916925,3667,2.861328,13.460
3667,3,1.218481,0.673805,19.766316,0.917999,3668,2.904236,13.437
3668,0,1.570988,0.602084,19.905998,0.916916,3669,2.904236,13.425
3669,0,1.576513,0.553380,20.001108,0.917195,3670,2.863220,13.453
3670,2,1.620511,0.579244,20.075238,0.917770,3671,2.892456,46.035
3671,3,1.645286,0.683177,19.872914,0.917121,3672,2.890564,15.294
3672,1,1.577407,0.827547,19.862903,0.917668,3673,2.890564,13.828
3673,2,1.247014,0.576118,19.974106,0.916643,3674,2.906128,13.543
3674,1,1.671199,0.547906,19.931459,0.916954,3675,2.890564,13.374
3675,2,1.376366,0.489301,19.593459,0.917393,3676,2.919800,41.906
3676,1,1.460402,0.595108,19.565417,0.916560,3677,2.890564,13.878
3677,1,1.339897,0.486747,19.574094,0.917606,3678,2.906128,13.413
3678,1,1.539204,0.551586,19.459651,0.917619,3679,2.876892,13.476
3679,3,1.341274,0.569575,19.473829,0.917439,3680,2.888672,13.482
3680,3,1.643578,0.646834,19.346955,0.917180,3681,2.873108,41.813
3681,2,1.406276,0.576384,19.391862,0.917084,3682,2.863220,13.206
3682,0,1.343461,0.730087,19.584274,0.916199,3683,2.830200,13.383
3683,3,1.511780,0.581247,19.524724,0.916604,3684,2.906128,13.604
3684,3,1.798646,0.566140,19.512342,0.916737,3685,2.906128,14.172
3685,3,1.396359,0.512172,19.689441,0.917170,3686,2.843872,45.916
3686,1,1.455954,0.500749,19.829450,0.917455,3687,2.875000,13.652
3687,1,1.470527,0.479655,19.970412,0.917528,3688,2.904236,15.677
3688,2,1.461320,0.559295,19.730967,0.916686,3689,2.890564,13.303
3689,0,1.651900,0.627062,19.620752,0.917596,3690,2.906128,13.281
3690,1,1.397087,0.556574,20.040408,0.917045,3691,2.892456,41.858
3691,0,1.595147,0.626012,20.016861,0.917679,3692,2.904236,13.417
3692,3,1.312712,0.701076,19.703397,0.917955,3693,2.904236,13.616
3693,2,1.431435,0.633481,19.699125,0.917027,3694,2.863220,13.627
3694,2,1.626473,0.484979,19.867824,0.916669,3695,2.876892,13.460
3695,3,1.390607,0.559067,19.843392,0.917419,3696,2.859436,13.258
3696,3,1.272102,0.731936,19.814168,0.917297,3697,2.906128,13.698
3697,1,1.645352,0.573392,19.785198,0.916994,3698,2.812744,13.400
3698,1,1.497669,0.604790,19.543932,0.916883,3699,2.859436,14.088
3699,1,1.492354,0.565920,19.466948,0.917137,3700,2.935364,13.213
3700,2,1.603553,0.561502,20.022285,0.917808,3701,2.859436,13.713
3701,2,1.641232,0.487262,19.928489,0.917882,3702,2.890564,13.686
3702,2,1.673931,0.566765,19.763377,0.917296,3703,2.861328,13.367
3703,0,1.123486,0.562220,19.795419,0.916916,3704,2.919800,13.604
3704,0,1.533141,0.523756,19.661619,0.916529,3705,2.904236,13.470
3705,0,1.360713,0.456434,19.327390,0.917513,3706,2.863220,13.575
3706,1,1.307689,0.739178,19.347794,0.916970,3707,2.876892,14.057
3707,2,1.497021,0.553769,19.432067,0.917524,3708,2.890564,14.033
3708,2,1.597759,0.612484,19.514619,0.916451,3709,2.890564,48.859
3709,0,1.060812,0.530896,19.481334,0.917067,3710,2.890564,13.478
3710,3,1.333238,0.566511,19.578819,0.916927,3711,2.890564,13.763
3711,0,1.838310,0.583697,19.421983,0.916735,3712,2.904236,13.397
3712,0,1.341170,0.537080,19.364485,0.917112,3713,2.890564,13.481
3713,1,1.141215,0.615515,19.331453,0.916110,3714,2.890564,50.244
3714,0,1.745393,0.599964,19.434080,0.917257,3715,2.876892,13.667
3715,2,1.874100,0.627164,19.588527,0.917650,3716,2.857544,13.658
3716,2,1.476502,0.686721,19.769143,0.917194,3717,2.875000,13.628
3717,2,1.734260,0.584421,19.699982,0.917299,3718,2.857544,50.193
3718,0,1.437212,0.691660,19.740999,0.917350,3719,2.799072,13.583
3719,1,1.630539,0.530781,19.896138,0.916544,3720,2.906128,13.782
3720,2,1.434003,0.812621,20.002049,0.917363,3721,2.906128,13.487
3721,1,1.290156,0.543142,19.824251,0.917648,3722,2.812744,13.545
3722,3,1.394998,0.508648,19.824545,0.916827,3723,2.875000,46.430
3723,3,1.469249,0.682043,19.825275,0.916627,3724,2.904236,13.409
3724,3,1.705868,0.536637,19.911514,0.916068,3725,2.843872,13.502
3725,0,1.358982,0.540007,20.096170,0.917167,3726,2.890564,13.459
3726,2,1.075398,0.524693,19.994574,0.917211,3727,2.892456,13.970
3727,0,1.712951,0.653982,19.900935,0.917185,3728,2.826416,46.742
3728,1,1.471915,0.556707,19.908612,0.917090,3729,2.873108,13.571
3729,1,1.418732,0.545834,19.767727,0.917221,3730,2.894348,13.972
3730,0,1.307973,0.564765,19.522403,0.916923,3731,2.861328,13.701
3731,2,1.093495,0.565200,19.489825,0.917695,3732,2.890564,13.596
3732,1,1.693240,0.567998,19.627480,0.917027,3733,2.906128,42.184
3733,0,1.865252,0.524889,19.742800,0.916830,3734,2.890564,13.393
3734,2,1.625059,0.594774,19.867046,0.917336,3735,2.906128,13.523
3735,0,1.571866,0.612626,19.683300,0.916829,3736,2.904236,13.762
3736,2,1.602491,0.537829,19.791267,0.918062,3737,2.890564,13.456
3737,3,1.387417,0.603300,20.050345,0.917503,3738,2.890564,50.393
3738,2,1.576986,0.688570,20.132438,0.915113,3739,2.876892,13.292
3739,1,1.624539,0.573737,20.244652,0.917730,3740,2.873108,13.459
3740,1,1.401029,0.724288,20.041185,0.916080,3741,2.904236,13.507
3741,3,1.391651,0.461383,20.172358,0.917081,3742,2.863220,13.426
3742,1,1.314351,0.555758,20.142240,0.917335,3743,2.876892,46.068
3743,3,1.454743,0.611240,20.259194,0.916203,3744,2.890564,13.559
3744,0,1.377355,0.634596,20.293497,0.916319,3745,2.828308,13.599
3745,0,1.215086,0.612332,20.386494,0.917087,3746,2.890564,13.351
3746,0,1.406897,0.580287,20.394231,0.916704,3747,2.931580,13.517
3747,1,1.337865,0.660932,20.162720,0.916886,3748,2.919800,15.434
3748,3,1.350985,0.600767,20.085380,0.916372,3749,2.828308,13.440
3749,1,1.186569,0.558310,20.080846,0.917082,3750,2.875000,13.529
3750,0,1.308028,0.613408,19.904196,0.916912,3751,2.826416,13.632
3751,2,1.431442,0.550818,19.786334,0.916548,3752,2.890564,13.407
3752,3,1.534164,0.597393,19.709094,0.916884,3753,2.861328,13.608
3753,1,1.518698,0.710257,19.324284,0.916737,3754,2.890564,13.504
3754,0,1.398828,0.689656,19.359836,0.916577,3755,2.876892,14.276
3755,3,1.487504,0.577283,19.203425,0.917462,3756,2.906128,13.486
3756,3,1.636414,0.561518,19.194405,0.916985,3757,2.906128,46.360
3757,3,1.649324,0.435205,19.004251,0.917510,3758,2.890564,13.804
3758,1,1.446533,0.612193,18.908626,0.917409,3759,2.904236,13.976
3759,3,1.323777,0.596182,19.179487,0.915907,3760,2.863220,14.024
3760,0,1.342346,0.502100,19.073082,0.916636,3761,2.890564,13.612
3761,3,1.229597,0.552763,19.126146,0.917275,3762,2.890564,42.699
3762,0,1.848136,0.546301,19.409567,0.917185,3763,2.826416,16.151
3763,1,1.483602,0.535019,19.304848,0.917930,3764,2.828308,13.661
3764,2,1.372809,0.557279,19.344080,0.917317,3765,2.906128,13.869
3765,0,1.363783,0.605594,19.347118,0.916455,3766,2.906128,13.724
3766,2,1.652047,0.488778,19.125233,0.916644,3767,2.830200,42.512
3767,0,1.736674,0.469559,19.119248,0.917377,3768,2.875000,14.069
3768,2,1.309120,0.604390,19.100903,0.917635,3769,2.890564,13.995
3769,1,1.457811,0.520495,18.908327,0.917100,3770,2.890564,13.927
3770,0,1.303283,0.562059,18.958106,0.917369,3771,2.890564,13.674
3771,0,1.468237,0.539107,18.792945,0.916221,3772,2.873108,50.480
3772,1,1.576972,0.463014,18.927773,0.917827,3773,2.906128,13.727
3773,3,1.418890,0.623044,19.075306,0.917426,3774,2.906128,13.530
3774,3,1.669036,0.548233,19.010178,0.917433,3775,2.876892,13.448
3775,3,1.573841,0.719675,18.819777,0.916044,3776,2.904236,13.432
3776,3,1.694040,0.603985,18.774766,0.916922,3777,2.904236,13.527
3777,2,1.309869,0.627676,18.797004,0.917534,3778,2.878784,13.481
3778,1,1.078979,0.564487,18.932567,0.917125,3779,2.876892,13.638
3779,3,1.635712,0.592739,19.051839,0.917080,3780,2.875000,17.716
3780,3,1.776988,0.541229,19.046274,0.915986,3781,2.890564,42.577
3781,2,1.431202,0.570844,19.185017,0.916756,3782,2.875000,13.526
3782,1,1.682941,0.507330,19.293340,0.916569,3783,2.921692,13.555
3783,3,1.333512,0.728384,19.200229,0.916361,3784,2.888672,13.511
3784,2,1.675321,0.563767,19.251123,0.917506,3785,2.812744,13.412
3785,3,1.558256,0.583075,19.413396,0.917926,3786,2.906128,14.038
3786,1,1.735348,0.575297,19.348179,0.916795,3787,2.876892,13.525
3787,1,1.558192,0.577942,19.305254,0.917405,3788,2.857544,13.427
3788,3,1.354829,0.623023,19.265439,0.917029,3789,2.888672,13.729
3789,1,1.468889,0.467823,19.271958,0.917095,3790,2.863220,13.584
3790,0,1.690124,0.580627,19.414721,0.917243,3791,2.861328,45.976
3791,1,1.438921,0.584173,19.359107,0.917507,3792,2.812744,13.501
3792,2,1.486570,0.617173,19.519768,0.916761,3793,2.812744,13.579
3793,3,1.371097,0.531403,19.577123,0.916448,3794,2.890564,18.329
3794,1,1.568540,0.664428,19.447824,0.916423,3795,2.875000,13.420
3795,3,1.477770,0.591499,19.338344,0.917495,3796,2.904236,48.986
3796,1,1.397381,0.582743,19.247099,0.917528,3797,2.890564,13.493
3797,3,1.667579,0.510857,19.094639,0.917391,3798,2.890564,13.520
3798,1,1.461862,0.568330,19.125475,0.917119,3799,2.876892,13.396
3799,1,1.366922,0.598755,19.227442,0.917130,3800,2.878784,14.089
3800,0,1.232468,0.743194,19.801472,0.917186,3801,2.785400,13.755
3801,3,1.704592,0.574583,19.524634,0.915978,3802,2.845764,13.448
3802,2,0.872901,0.588450,19.607569,0.917143,3803,2.863220,13.440
3803,1,1.432056,0.608165,19.563667,0.916746,3804,2.873108,13.665
3804,1,1.254979,0.669590,19.459881,0.916707,3805,2.873108,13.455
3805,1,1.420420,0.579850,19.606128,0.918039,3806,2.906128,13.465
3806,1,1.718253,0.583924,19.597770,0.917496,3807,2.878784,13.406
3807,2,1.610369,0.500595,19.812657,0.917276,3808,2.904236,45.949
3808,2,1.597042,0.672317,19.678493,0.916699,3809,2.890564,13.502
3809,0,1.177714,0.567448,19.110881,0.915938,3810,2.906128,13.552
3810,2,1.676036,0.653979,19.244403,0.916621,3811,2.890564,13.534
3811,1,1.433133,0.507900,18.960443,0.917656,3812,2.830200,13.419
3812,3,1.248344,0.517849,19.019719,0.917717,3813,2.904236,13.473
3813,0,1.537273,0.561870,18.793727,0.917285,3814,2.861328,13.530
3814,3,1.590756,0.580545,18.939483,0.917357,3815,2.785400,14.974
3815,0,1.432643,0.546642,19.241783,0.915797,3816,2.933472,15.184
3816,0,1.539982,0.577829,19.150921,0.917498,3817,2.890564,42.173
3817,2,1.962981,0.526224,19.333173,0.916986,3818,2.875000,13.657
3818,2,1.609368,0.791698,19.314153,0.917339,3819,2.785400,13.539
3819,2,1.427281,0.562150,19.437438,0.917145,3820,2.906128,13.437
3820,3,0.830074,0.706044,19.359759,0.917540,3821,2.875000,13.414
3821,3,1.588344,0.633806,19.225774,0.915331,3822,2.826416,49.898
3822,2,1.316737,0.607124,19.269043,0.917914,3823,2.919800,13.453
3823,1,1.538253,0.486643,19.476305,0.917052,3824,2.906128,13.513
3824,2,1.238053,0.684526,19.731648,0.917896,3825,2.888672,13.512
3825,0,1.191682,0.500508,19.793971,0.917815,3826,2.904236,13.373
3826,0,1.756425,0.544397,19.917655,0.915755,3827,2.826416,49.998
3827,2,1.226771,0.631595,19.885866,0.918145,3828,2.906128,13.693
3828,3,1.561408,0.582371,20.151299,0.916833,3829,2.799072,13.572
3829,1,1.510727,0.521425,20.252825,0.917754,3830,2.890564,14.055
3830,2,1.122236,0.591990,20.227460,0.917342,3831,2.890564,15.449
3831,2,1.485654,0.547674,20.492149,0.916555,3832,2.947144,13.551
3832,3,1.590728,0.521072,20.326588,0.916672,3833,2.799072,13.439
3833,3,1.410699,0.565003,20.565942,0.917787,3834,2.919800,13.469
3834,0,1.638869,0.605442,20.431507,0.917060,3835,2.861328,14.054
3835,1,1.459040,0.590353,20.619779,0.915799,3836,2.785400,46.089
3836,1,1.704506,0.571869,20.809052,0.915535,3837,2.919800,13.556
3837,1,1.646203,0.585752,20.450914,0.917127,3838,2.906128,13.736
3838,0,1.455881,0.582843,20.213028,0.917246,3839,2.861328,13.539
3839,1,1.325729,0.563694,20.115059,0.916622,3840,2.863220,13.429
3840,3,1.707227,0.673226,20.183104,0.915847,3841,2.904236,13.409
3841,0,1.604529,0.569390,20.466950,0.916643,3842,2.890564,13.444
3842,3,1.556832,0.588141,20.358503,0.917705,3843,2.812744,13.398
3843,0,1.813834,0.628874,20.611034,0.917402,3844,2.875000,13.520
3844,0,1.684553,0.596181,20.677666,0.917293,3845,2.904236,13.972
3845,2,1.211818,0.564668,21.106122,0.917023,3846,2.892456,48.346
3846,1,1.108775,0.430459,21.167526,0.917689,3847,2.812744,13.431
3847,3,1.467554,0.549971,21.104276,0.917398,3848,2.888672,13.719
3848,1,1.601903,0.670639,21.126038,0.916935,3849,2.861328,13.531
3849,0,1.444126,0.562695,21.007497,0.916776,3850,2.890564,13.439
3850,2,1.486992,0.630694,20.750493,0.917198,3851,2.857544,46.311
3851,3,1.362551,0.685183,20.720939,0.916874,3852,2.878784,14.037
3852,0,1.724397,0.543545,20.660130,0.916675,3853,2.921692,14.197
3853,3,1.285708,0.503138,20.690818,0.917733,3854,2.826416,14.754
3854,0,1.128086,0.692978,20.524258,0.917209,3855,2.812744,13.992
3855,3,1.183871,0.528497,20.427046,0.916963,3856,2.904236,75.144
3856,3,1.343596,0.540016,20.477931,0.916170,3857,2.878784,20.165
3857,1,1.642488,0.713756,20.262817,0.916455,3858,2.812744,59.348
3858,0,1.425398,0.640996,20.244609,0.917400,3859,2.916016,31.475
3859,1,1.312580,0.441319,20.266348,0.915657,3860,2.933472,48.818
3860,3,1.463479,0.483706,20.028052,0.917941,3861,2.812744,13.429
3861,0,1.091793,0.616642,19.874353,0.916518,3862,2.919800,13.443
3862,1,1.283281,0.694085,19.779993,0.916299,3863,2.876892,13.897
3863,3,0.941422,0.671291,19.673526,0.917520,3864,2.888672,13.397
3864,0,1.580929,0.781599,19.909087,0.916786,3865,2.826416,42.357
3865,1,1.669286,0.521545,19.757075,0.916887,3866,2.919800,13.546
3866,1,1.527908,0.516195,19.600022,0.917630,3867,2.894348,13.470
3867,0,1.431920,0.517743,19.685319,0.916992,3868,2.875000,13.419
3868,1,1.775334,0.654075,19.529442,0.917571,3869,2.799072,13.531
3869,0,1.184196,0.494639,19.515037,0.917610,3870,2.921692,43.344
3870,1,1.639161,0.518382,19.559497,0.916704,3871,2.919800,13.722
3871,1,2.066566,0.585159,19.570776,0.917765,3872,2.840088,13.692
3872,3,1.492057,0.617097,19.552589,0.916524,3873,2.812744,13.714
3873,1,1.388321,0.558052,19.749701,0.916467,3874,2.853760,13.697
3874,3,1.196395,0.571094,19.747347,0.917498,3875,2.904236,46.364
3875,1,1.604084,0.634808,19.823919,0.917034,3876,2.876892,13.865
3876,2,1.737286,0.697127,19.432068,0.917535,3877,2.812744,13.662
3877,3,1.504566,0.470158,19.144572,0.917718,3878,2.875000,13.654
3878,1,1.525715,0.576062,19.073377,0.917496,3879,2.875000,13.662
3879,2,1.735464,0.585201,19.089250,0.917280,3880,2.863220,46.160
3880,2,1.771071,0.530200,19.366784,0.917285,3881,2.947144,17.743
3881,0,1.469495,0.562689,19.427557,0.916906,3882,2.843872,13.649
3882,1,1.541995,0.583527,19.466062,0.916340,3883,2.876892,13.621
3883,0,1.530922,0.710773,19.428237,0.917227,3884,2.919800,50.314
3884,3,0.838628,0.523661,19.268774,0.917252,3885,2.916016,13.674
3885,2,1.476788,0.595079,19.283881,0.916716,3886,2.890564,13.638
3886,2,1.362595,0.621626,19.485827,0.916248,3887,2.906128,13.401
3887,2,1.510893,0.694802,19.504605,0.916734,3888,2.857544,13.470
3888,2,1.695225,0.496595,19.375395,0.917223,3889,2.890564,13.415
3889,1,1.571092,0.587691,19.595583,0.916318,3890,2.906128,13.381
3890,1,1.584362,0.549379,19.359943,0.917229,3891,2.890564,13.438
3891,1,1.054578,0.587353,19.537624,0.916990,3892,2.832092,13.409
3892,2,1.584122,0.551523,19.660915,0.917963,3893,2.900452,13.531
3893,3,1.208076,0.556337,19.696200,0.917315,3894,2.906128,46.006
3894,2,1.875780,0.518424,19.803431,0.917397,3895,2.892456,13.484
3895,0,1.615842,0.665240,19.860183,0.916756,3896,2.904236,13.689
3896,2,1.634257,0.604753,19.858147,0.917295,3897,2.947144,13.366
3897,1,1.813160,0.667398,19.951758,0.916133,3898,2.890564,13.359
3898,3,1.228964,0.651908,20.099496,0.917303,3899,2.859436,45.907
3899,3,1.250666,0.568811,20.037938,0.917605,3900,2.873108,13.355
3900,0,1.487874,0.501889,19.621991,0.916597,3901,2.906128,13.507
3901,2,1.227339,0.603747,19.764358,0.916460,3902,2.906128,13.451
3902,2,1.534165,0.639430,19.466963,0.916477,3903,2.890564,13.914
3903,2,1.560920,0.537075,19.427290,0.917260,3904,2.878784,13.770
3904,2,1.613804,0.631638,19.283691,0.916949,3905,2.931580,13.385
3905,3,1.557790,0.547252,19.026671,0.915615,3906,2.859436,13.523
3906,2,1.676592,0.586879,19.300865,0.916539,3907,2.845764,13.591
3907,1,1.710050,0.556009,19.123704,0.917442,3908,2.919800,42.526
3908,1,1.630459,0.597706,18.946476,0.916504,3909,2.947144,13.359
3909,0,1.430511,0.659624,19.033790,0.916058,3910,2.890564,13.463
3910,0,1.190489,0.676501,19.293079,0.916955,3911,2.906128,13.503
3911,3,1.124533,0.757477,19.409806,0.915107,3912,2.904236,13.325
3912,1,1.283378,0.622323,19.417578,0.917639,3913,2.875000,42.555
3913,0,1.235791,0.596951,19.486499,0.916435,3914,2.906128,13.433
3914,1,1.269485,0.595473,19.450801,0.917490,3915,2.921692,13.567
3915,1,1.734091,0.599881,19.382716,0.917173,3916,2.878784,13.434
3916,1,1.480682,0.648994,19.414573,0.918314,3917,2.853760,13.679
3917,0,1.437501,0.645961,19.283312,0.917166,3918,2.875000,50.107
3918,3,1.361437,0.683079,19.284082,0.916891,3919,2.861328,13.747
3919,2,1.641345,0.573072,19.189797,0.916787,3920,2.888672,13.915
3920,3,1.091899,0.730804,19.215810,0.916510,3921,2.931580,13.644
3921,0,1.239092,0.708314,19.361031,0.916737,3922,2.843872,13.803
3922,1,1.646086,0.605457,19.572405,0.916848,3923,2.890564,46.120
3923,0,1.474252,0.593635,19.637529,0.916861,3924,2.904236,13.656
3924,2,1.478516,0.517001,19.683795,0.917025,3925,2.875000,13.654
3925,3,1.753536,0.674953,19.543810,0.916225,3926,2.890564,14.058
3926,2,1.590686,0.565846,19.410389,0.917807,3927,2.906128,13.739
3927,0,1.556725,0.555762,19.383678,0.917057,3928,2.816528,13.705
3928,2,1.474015,0.514682,19.387686,0.916896,3929,2.947144,13.782
3929,1,1.519347,0.698627,19.450289,0.916009,3930,2.890564,13.719
3930,3,1.579663,0.612736,19.503955,0.915797,3931,2.876892,13.698
3931,1,1.310138,0.525042,19.648506,0.917664,3932,2.888672,46.348
3932,3,1.564855,0.585856,19.452260,0.916375,3933,2.931580,13.738
3933,3,1.502807,0.752597,19.467854,0.916178,3934,2.906128,14.102
3934,3,1.630939,0.606431,19.650870,0.917104,3935,2.843872,13.783
3935,2,1.548246,0.676657,19.486765,0.916509,3936,2.919800,13.335
3936,0,1.782531,0.580890,19.687420,0.917682,3937,2.890564,45.919
3937,3,1.131958,0.528950,19.926619,0.917437,3938,2.890564,13.476
3938,3,1.622107,0.508978,19.554475,0.915966,3939,2.875000,13.403
3939,3,1.229555,0.549553,19.928669,0.917332,3940,2.863220,13.522
3940,0,1.584713,0.544274,19.957160,0.918026,3941,2.947144,13.434
3941,1,1.342823,0.544436,20.071134,0.917096,3942,2.843872,41.912
3942,3,1.721500,0.616298,20.058156,0.916825,3943,2.892456,13.376
3943,1,1.682923,0.638076,19.902638,0.917717,3944,2.904236,13.411
3944,2,1.530490,0.582771,20.187330,0.916612,3945,2.931580,13.509
3945,2,1.610010,0.602707,19.982498,0.916555,3946,2.875000,13.441
3946,2,1.296158,0.656743,19.997053,0.916439,3947,2.890564,13.449
3947,1,1.664596,0.598381,19.953979,0.917054,3948,2.919800,13.669
3948,1,1.183975,0.590979,20.020434,0.916787,3949,2.843872,13.396
3949,2,1.307376,0.482694,20.105887,0.917006,3950,2.875000,13.825
3950,2,1.448830,0.717975,20.086340,0.917767,3951,2.906128,13.438
3951,0,1.701445,0.531776,20.220510,0.917211,3952,2.863220,45.909
3952,2,1.509914,0.530841,20.258998,0.917169,3953,2.931580,13.416
3953,3,1.545313,0.650498,19.996495,0.916867,3954,2.921692,13.408
3954,1,1.302808,0.686275,19.904592,0.916417,3955,2.876892,13.555
3955,3,1.424609,0.516863,19.980382,0.917119,3956,2.904236,13.329
3956,2,1.838133,0.551635,19.941701,0.916016,3957,2.853760,46.039
3957,1,1.270977,0.722154,19.861342,0.917082,3958,2.875000,13.488
3958,2,1.142319,0.659936,19.855514,0.916374,3959,2.890564,13.467
3959,0,1.493720,0.701844,19.827856,0.916653,3960,2.873108,13.388
3960,3,1.649046,0.645674,19.752853,0.917907,3961,2.859436,13.423
3961,0,1.648491,0.505272,19.739571,0.915978,3962,2.906128,13.431
3962,3,1.904027,0.508520,19.832915,0.917136,3963,2.906128,13.496
3963,1,1.514703,0.509132,19.677436,0.917063,3964,2.863220,13.459
3964,2,1.534455,0.593451,19.764215,0.917123,3965,2.947144,13.639
3965,3,1.412942,0.611041,19.570823,0.917338,3966,2.890564,14.197
3966,0,1.359338,0.666419,19.654304,0.917064,3967,2.861328,13.500
3967,2,1.527233,0.549663,19.772305,0.917513,3968,2.919800,13.455
3968,1,1.623010,0.678295,19.789602,0.917568,3969,2.962708,13.421
3969,2,1.530059,0.676475,19.687958,0.917197,3970,2.906128,13.816
3970,2,1.833529,0.662489,19.873007,0.916614,3971,2.812744,13.387
3971,2,1.143036,0.622887,19.562124,0.917153,3972,2.888672,45.780
3972,1,1.056489,0.473428,19.411445,0.917572,3973,2.875000,13.367
3973,1,1.547266,0.516998,19.531439,0.917254,3974,2.875000,13.380
3974,2,1.485228,0.690291,19.402622,0.916200,3975,2.890564,13.367
3975,3,1.141751,0.639409,19.349572,0.917149,3976,2.816528,13.410
3976,1,1.653474,0.640939,19.097695,0.915982,3977,2.916016,45.848
3977,2,1.712445,0.607812,19.088300,0.916504,3978,2.906128,13.371
3978,0,1.528579,0.612843,18.975755,0.916844,3979,2.892456,13.392
3979,0,1.374806,0.568566,18.898867,0.917127,3980,2.904236,13.383
3980,2,1.462083,0.677630,18.962081,0.916490,3981,2.931580,14.115
3981,0,1.564545,0.580224,18.887327,0.916177,3982,2.919800,46.712
3982,3,1.661593,0.479441,18.960247,0.917106,3983,2.876892,13.740
3983,0,1.581348,0.547461,18.855952,0.916978,3984,2.888672,13.643
3984,1,1.416121,0.531358,18.729262,0.917239,3985,2.876892,13.737
3985,3,1.383448,0.607519,18.933709,0.917400,3986,2.863220,13.650
3986,3,1.501082,0.624827,18.966317,0.917231,3987,2.826416,42.397
3987,0,1.396397,0.673718,18.740760,0.915902,3988,2.878784,13.695
3988,3,1.376992,0.655928,18.943717,0.917588,3989,2.830200,13.646
3989,3,1.536084,0.540673,19.044179,0.916834,3990,2.919800,13.655
3990,0,1.350559,0.598590,19.064010,0.916953,3991,2.908020,13.681
3991,1,1.691299,0.642780,19.150787,0.917539,3992,2.843872,46.222
3992,2,1.638737,0.548915,19.213257,0.916783,3993,2.904236,13.650
3993,2,1.297714,0.605982,19.226881,0.917617,3994,2.935364,13.672
3994,1,1.417371,0.480349,19.267811,0.916726,3995,2.812744,13.756
3995,1,1.481417,0.640806,19.318588,0.917625,3996,2.904236,14.068
3996,3,1.641503,0.579230,19.159480,0.916379,3997,2.904236,46.445
3997,3,1.509727,0.624193,18.976737,0.917166,3998,2.875000,13.697
3998,1,1.313275,0.425248,18.871046,0.916526,3999,2.875000,13.386
3999,0,1.228558,0.566357,18.908049,0.918147,4000,2.890564,13.372
4000,2,1.679538,0.675492,19.896622,0.915291,4001,2.890564,13.636
4001,1,1.473600,0.591263,19.713959,0.917459,4002,2.890564,13.614
4002,3,1.555049,0.560750,19.787446,0.916814,4003,2.900452,13.539
4003,0,1.691457,0.622477,19.845255,0.917194,4004,2.875000,13.500
4004,2,1.697881,0.614419,19.888293,0.915306,4005,2.843872,13.430
4005,1,1.474437,0.533650,19.807846,0.916736,4006,2.962708,41.979
4006,0,1.468426,0.571662,19.783509,0.917192,4007,2.906128,13.488
4007,0,1.705191,0.600969,19.884678,0.915594,4008,2.857544,13.535
4008,2,1.358392,0.612397,19.451041,0.917428,4009,2.919800,13.444
4009,0,1.590267,0.544743,19.568703,0.916563,4010,2.890564,13.539
4010,3,1.357463,0.601277,19.361487,0.916800,4011,2.843872,13.417
4011,0,1.352069,0.583851,19.347015,0.916504,4012,2.931580,13.578
4012,3,1.696455,0.616503,19.260373,0.917342,4013,2.876892,13.526
4013,3,1.765005,0.496248,19.537757,0.916505,4014,2.890564,13.701
4014,0,1.394462,0.467867,19.473333,0.917505,4015,2.931580,13.546
4015,3,1.264423,0.638098,19.434180,0.917272,4016,2.832092,13.615
4016,0,1.432791,0.621096,19.373613,0.917718,4017,2.863220,13.476
4017,2,1.605386,0.522082,19.184441,0.917345,4018,2.890564,13.482
4018,3,1.874952,0.501929,19.321509,0.917131,4019,2.876892,13.523
4019,0,1.366642,0.597706,19.339358,0.917109,4020,2.800964,13.508
4020,1,1.229628,0.571850,19.281601,0.916602,4021,2.841980,13.480
4021,3,1.765331,0.603316,19.277954,0.916365,4022,2.919800,13.478
4022,1,1.601538,0.642321,19.215930,0.917359,4023,2.892456,13.448
4023,3,1.581764,0.509038,19.128299,0.917678,4024,2.904236,13.472
4024,1,1.419395,0.663113,19.188872,0.916791,4025,2.890564,13.951
4025,2,1.689082,0.669222,19.024595,0.916533,4026,2.888672,13.397
4026,3,1.583112,0.639445,19.054633,0.916905,4027,2.906128,13.434
4027,0,1.507204,0.547915,19.075633,0.916724,4028,2.919800,13.991
4028,3,1.126182,0.494128,19.010560,0.916907,4029,2.906128,13.374
4029,0,1.658096,0.644043,18.996903,0.916829,4030,2.919800,13.414
4030,2,1.382007,0.592453,19.177574,0.916888,4031,2.931580,13.572
4031,1,1.419419,0.553611,19.153099,0.917067,4032,2.884888,13.431
4032,2,1.505719,0.435056,19.120776,0.917485,4033,2.875000,13.454
4033,1,1.335997,0.636844,19.161323,0.917401,4034,2.919800,13.875
4034,1,1.649572,0.604972,19.053790,0.917656,4035,2.947144,46.441
4035,0,1.673629,0.583650,18.918576,0.917162,4036,2.840088,14.067
4036,1,1.606778,0.637061,18.889871,0.917542,4037,2.828308,13.502
4037,3,1.582285,0.566697,18.864979,0.917504,4038,2.892456,13.912
4038,1,1.462140,0.484737,19.072924,0.917848,4039,2.906128,13.714
4039,1,1.863074,0.573259,18.826595,0.916824,4040,2.902344,46.205
4040,1,1.433577,0.562259,18.876542,0.917704,4041,2.857544,13.702
4041,2,1.722039,0.679522,18.894841,0.917029,4042,2.826416,13.729
4042,1,1.273263,0.645690,19.061703,0.917120,4043,2.884888,13.702
4043,3,1.314740,0.587295,19.198777,0.917053,4044,2.933472,13.726
4044,2,1.577054,0.614600,19.115448,0.917326,4045,2.919800,46.239
4045,3,1.244584,0.577758,18.913885,0.916484,4046,2.857544,13.933
4046,1,1.686216,0.675737,19.026775,0.917448,4047,2.853760,13.891
4047,1,1.173798,0.465798,18.841611,0.918394,4048,2.917908,13.651
4048,3,1.444378,0.623606,18.729601,0.917453,4049,2.908020,13.660
4049,1,1.475427,0.569628,19.254927,0.917508,4050,2.876892,42.200
4050,1,1.577418,0.508796,19.123051,0.917064,4051,2.826416,13.644
4051,1,1.400817,0.442034,18.946619,0.917064,4052,2.855652,13.736
4052,0,1.345676,0.619796,19.000233,0.916765,4053,2.919800,13.730
4053,2,1.736400,0.474627,18.970403,0.917309,4054,2.921692,13.617
4054,0,1.409837,0.628988,18.979955,0.916688,4055,2.876892,45.920
4055,0,1.801444,0.497920,19.223719,0.917193,4056,2.904236,13.389
4056,1,1.602281,0.560750,18.988220,0.917216,4057,2.906128,13.519
4057,2,1.400749,0.550552,19.305436,0.917196,4058,2.826416,13.539
4058,3,1.417967,0.398743,19.372186,0.917844,4059,2.919800,13.434
4059,3,1.690620,0.619050,19.431295,0.917987,4060,2.890564,41.966
4060,1,1.336144,0.518857,19.598770,0.917856,4061,2.876892,14.121
4061,2,1.411845,0.588720,19.655051,0.917589,4062,2.843872,13.375
4062,1,1.339242,0.573126,19.435357,0.916561,4063,2.888672,13.498
4063,2,1.744153,0.541263,19.463475,0.917059,4064,2.933472,13.432
4064,2,1.570891,0.412086,19.274230,0.917469,4065,2.906128,13.972
4065,1,1.576256,0.575922,19.334672,0.917315,4066,2.812744,13.461
4066,1,1.405983,0.513972,19.446371,0.917202,4067,2.853760,13.469
4067,1,1.623794,0.718798,19.707339,0.917183,4068,2.933472,13.651
4068,0,1.559550,0.580457,19.428742,0.916991,4069,2.890564,13.416
4069,0,1.342132,0.774337,19.548512,0.916844,4070,2.919800,46.240
4070,2,1.715208,0.549309,19.455066,0.916683,4071,2.843872,13.431
4071,0,1.750767,0.489549,19.646503,0.917382,4072,2.873108,13.484
4072,0,1.544323,0.578084,19.579642,0.916415,4073,2.921692,13.563
4073,2,1.286026,0.619926,19.382962,0.917114,4074,2.919800,13.593
4074,1,1.569058,0.618924,19.573763,0.917491,4075,2.916016,13.484
4075,0,1.449801,0.691975,19.435039,0.917393,4076,2.853760,13.771
4076,1,1.335304,0.581040,19.291776,0.918069,4077,2.921692,13.566
4077,3,1.567222,0.578566,19.600652,0.917359,4078,2.888672,13.514
4078,1,1.438826,0.678766,19.638915,0.917998,4079,2.947144,13.582
4079,1,1.679887,0.565844,19.858049,0.914881,4080,2.840088,13.429
4080,2,1.377391,0.537684,20.058364,0.917540,4081,2.859436,13.520
4081,2,1.415563,0.651823,19.747562,0.917528,4082,2.876892,13.550
4082,3,1.501902,0.599197,19.868302,0.917786,4083,2.890564,13.451
4083,3,1.557132,0.645471,20.079292,0.916358,4084,2.902344,13.837
4084,3,1.698845,0.626692,20.274086,0.916168,4085,2.826416,45.999
4085,1,1.798108,0.590075,20.395983,0.916734,4086,2.919800,13.415
4086,2,1.694496,0.595116,20.274602,0.917559,4087,2.916016,13.454
4087,1,1.686862,0.523601,20.017492,0.916607,4088,2.933472,13.401
4088,0,1.433895,0.532066,20.001566,0.916946,4089,2.826416,13.470
4089,3,1.292585,0.629015,19.665319,0.917020,4090,2.873108,46.218
4090,0,1.698509,0.795405,19.545960,0.915541,4091,2.947144,13.514
4091,1,1.484064,0.557029,19.319185,0.917968,4092,2.917908,13.985
4092,0,1.360874,0.566918,19.342075,0.915358,4093,2.861328,14.091
4093,3,1.571204,0.579501,19.411830,0.916849,4094,2.861328,13.343
4094,0,1.407596,0.676940,19.626261,0.916618,4095,2.919800,13.688
4095,1,1.397065,0.654330,19.642917,0.917257,4096,2.933472,13.637
4096,1,1.537338,0.416801,20.077186,0.917598,4097,2.904236,13.618
4097,1,1.389731,0.785761,19.946405,0.917021,4098,2.812744,13.678
4098,2,1.733257,0.563857,19.747136,0.916607,4099,2.900452,13.728
4099,3,1.762487,0.444942,19.516887,0.917249,4100,2.947144,46.187
4100,3,1.393112,0.565909,19.504727,0.917159,4101,2.904236,13.475
4101,1,1.577494,0.599642,19.700970,0.916756,4102,2.875000,13.402
4102,3,1.520920,0.586566,19.714566,0.916647,4103,2.884888,13.341
4103,1,1.490990,0.682321,20.033941,0.916945,4104,2.890564,13.475
4104,3,1.490455,0.685257,20.071487,0.917956,4105,2.830200,13.452
4105,1,1.560212,0.534223,20.208318,0.916812,4106,2.906128,13.354
4106,1,1.380746,0.637566,20.177395,0.917023,4107,2.919800,46.000
4107,3,1.724202,0.662598,20.148766,0.915922,4108,2.933472,14.061
4108,3,1.290590,0.550439,20.256071,0.916773,4109,2.812744,16.426
4109,1,1.761864,0.638431,19.952914,0.917136,4110,2.875000,13.355
4110,3,1.697641,0.695936,19.822669,0.918737,4111,2.931580,46.016
4111,1,1.274366,0.777061,19.705537,0.915967,4112,2.933472,13.630
4112,0,1.711988,0.729624,19.923548,0.916671,4113,2.875000,13.406
4113,0,1.380358,0.628046,19.987035,0.916237,4114,2.873108,13.724
4114,2,1.535855,0.566352,19.878789,0.917119,4115,2.890564,13.403
4115,3,1.440283,0.399471,20.126909,0.917603,4116,2.919800,46.007
4116,1,1.611137,0.591171,20.139613,0.915872,4117,2.906128,13.455
4117,1,1.363464,0.667373,20.061414,0.916926,4118,2.873108,13.447
4118,1,1.419747,0.561140,20.014155,0.917647,4119,2.853760,13.369
4119,0,1.393428,0.644875,20.007578,0.916437,4120,2.962708,13.426
4120,2,1.414781,0.501033,20.035786,0.916967,4121,2.906128,46.073
4121,0,1.495885,0.519819,19.776327,0.917384,4122,2.875000,13.450
4122,3,1.638642,0.526846,19.756848,0.916693,4123,2.933472,13.381
4123,3,1.495640,0.452120,19.560548,0.916936,4124,2.892456,13.377
4124,3,1.567049,0.721368,19.478983,0.916990,4125,2.890564,13.779
4125,2,1.336550,0.602323,19.524245,0.916390,4126,2.890564,46.185
4126,2,1.561695,0.502762,19.354516,0.916314,4127,2.904236,13.403
4127,0,0.884551,0.606430,19.492641,0.916409,4128,2.828308,13.340
4128,0,1.751595,0.611607,19.718015,0.918334,4129,2.919800,13.555
4129,0,1.616811,0.606369,19.722392,0.916741,4130,2.916016,13.444
4130,0,1.612544,0.568351,19.771614,0.917055,4131,2.962708,46.043
4131,3,1.395760,0.568169,19.561620,0.916687,4132,2.812744,13.598
4132,1,1.045967,0.611242,19.804014,0.917730,4133,2.857544,17.508
4133,2,1.698318,0.689454,19.692363,0.917328,4134,2.947144,13.441
4134,1,1.668662,0.500217,19.450167,0.917789,4135,2.917908,51.163
4135,2,1.096997,0.623908,19.239385,0.917158,4136,2.890564,13.591
4136,0,1.500721,0.705269,19.309603,0.917184,4137,2.830200,16.531
4137,1,1.746872,0.648277,19.414307,0.917222,4138,2.890564,13.592
4138,3,1.648165,0.518941,19.423051,0.916838,4139,2.933472,13.727
4139,1,1.699075,0.586444,19.329112,0.917292,4140,2.935364,45.994
4140,3,1.408345,0.536683,18.935090,0.917483,4141,2.826416,13.562
4141,3,1.469919,0.551392,19.081437,0.918102,4142,2.853760,13.434
4142,0,1.773683,0.511244,18.928469,0.917131,4143,2.933472,13.382
4143,1,1.460687,0.518054,18.985009,0.917529,4144,2.904236,13.414
4144,1,1.545505,0.573054,19.074282,0.917587,4145,2.904236,48.271
4145,3,1.043697,0.492381,19.141188,0.917242,4146,2.916016,13.488
4146,0,1.401452,0.555784,18.958393,0.916983,4147,2.902344,13.395
4147,3,1.540415,0.558383,19.061400,0.916824,4148,2.908020,13.416
4148,3,1.472222,0.596711,19.086100,0.917613,4149,2.908020,13.365
4149,3,1.488350,0.548161,19.030826,0.917171,4150,2.873108,13.518
4150,3,1.296963,0.574639,19.170210,0.917755,4151,2.840088,13.790
4151,1,1.814877,0.743926,19.232744,0.916754,4152,2.904236,15.978
4152,3,1.593991,0.539150,19.046644,0.916190,4153,2.875000,13.729
4153,2,1.354443,0.567168,19.433090,0.916874,4154,2.947144,47.217
4154,2,1.588666,0.744377,19.386986,0.917821,4155,2.853760,13.911
4155,2,1.478534,0.547931,19.614002,0.917368,4156,2.873108,13.842
4156,1,1.623543,0.637256,19.647052,0.915628,4157,2.906128,13.828
4157,2,1.436270,0.628141,19.662982,0.917246,4158,2.904236,13.716
4158,3,1.630735,0.775584,19.937959,0.917015,4159,2.861328,46.197
4159,0,1.475384,0.537466,19.875946,0.916910,4160,2.861328,14.578
4160,0,1.519624,0.625055,19.762364,0.916913,4161,2.904236,14.417
4161,0,1.296123,0.509011,19.651877,0.917217,4162,2.933472,14.044
4162,0,1.502984,0.599321,19.470293,0.917594,4163,2.904236,13.763
4163,0,1.489433,0.621671,19.660932,0.916280,4164,2.843872,46.412
4164,3,1.649188,0.733915,19.567805,0.915893,4165,2.853760,13.968
4165,0,1.552867,0.445463,19.395500,0.918003,4166,2.962708,13.650
4166,0,0.820451,0.570814,19.685739,0.916852,4167,2.888672,15.923
4167,3,1.432858,0.560381,19.442026,0.916597,4168,2.890564,46.058
4168,0,1.522296,0.706422,19.480113,0.916343,4169,2.869324,13.669
4169,0,1.602078,0.498842,19.075606,0.916967,4170,2.875000,13.426
4170,1,1.322321,0.577304,19.022406,0.917452,4171,2.892456,19.050
4171,0,1.633215,0.479717,19.160820,0.918152,4172,2.906128,13.868
4172,3,1.404497,0.663511,19.337953,0.915513,4173,2.857544,50.248
4173,1,1.440740,0.598581,19.361439,0.917261,4174,2.886780,13.901
4174,3,1.405419,0.393568,19.245131,0.917367,4175,2.921692,13.450
4175,0,1.626204,0.614019,19.409390,0.917375,4176,2.906128,13.505
4176,0,1.353443,0.594788,19.531944,0.916217,4177,2.884888,50.030
4177,1,1.669478,0.664498,19.484717,0.916755,4178,2.871216,13.523
4178,3,1.548717,0.632901,19.657719,0.915311,4179,2.906128,13.551
4179,3,1.507582,0.681220,19.493651,0.916755,4180,2.904236,13.549
4180,2,1.641344,0.623350,19.510358,0.917726,4181,2.890564,15.709
4181,1,1.412535,0.446004,19.637733,0.917138,4182,2.826416,46.002
4182,0,1.300428,0.672301,19.581728,0.917344,4183,2.828308,13.873
4183,1,1.629190,0.527458,19.503268,0.916732,4184,2.919800,13.668
4184,3,1.084530,0.451818,19.510232,0.917416,4185,2.947144,13.426
4185,1,1.167216,0.652443,19.362751,0.917559,4186,2.900452,13.361
4186,2,1.660208,0.489473,19.483858,0.917067,4187,2.828308,49.985
4187,0,1.203372,0.635662,19.440306,0.917508,4188,2.904236,13.516
4188,3,1.501538,0.731829,19.583299,0.917707,4189,2.931580,13.430
4189,1,1.673695,0.652820,19.809911,0.916632,4190,2.949036,13.427
4190,3,2.010228,0.584969,19.505376,0.916975,4191,2.843872,46.657
4191,3,1.657205,0.507265,19.503613,0.917904,4192,2.799072,13.459
4192,3,1.387605,0.550334,19.464426,0.916473,4193,2.890564,13.945
4193,2,1.971178,0.584605,19.442639,0.916839,4194,2.933472,13.515
4194,2,1.871771,0.695166,19.462357,0.916731,4195,2.888672,13.495
4195,1,1.324505,0.683857,19.544199,0.916539,4196,2.888672,48.373
4196,3,1.501795,0.571603,19.888641,0.917117,4197,2.931580,13.383
4197,2,1.342288,0.623598,19.917415,0.916459,4198,2.933472,13.447
4198,1,1.338756,0.658868,19.734861,0.916700,4199,2.904236,13.488
4199,1,1.710071,0.605290,19.962816,0.916902,4200,2.857544,13.413
4200,3,1.503297,0.654223,19.592844,0.916564,4201,2.853760,13.708
4201,2,1.516875,0.698579,19.722107,0.917759,4202,2.949036,13.474
4202,3,1.633528,0.590312,19.750576,0.917204,4203,2.861328,13.460
4203,2,1.575562,0.658478,19.860554,0.917211,4204,2.876892,13.545
4204,2,1.355422,0.608549,19.605784,0.917032,4205,2.841980,13.461
4205,1,1.677322,0.614142,19.543097,0.917835,4206,2.902344,13.454
4206,3,1.454027,0.552810,19.540818,0.917201,4207,2.919800,13.482
4207,3,1.699762,0.568421,19.437192,0.916852,4208,2.906128,13.666
4208,3,1.319661,0.584633,19.302356,0.916952,4209,2.869324,45.860
4209,1,1.651932,0.391954,19.356998,0.916577,4210,2.853760,13.510
4210,1,1.499237,0.416404,19.356372,0.917355,4211,2.904236,13.679
4211,1,1.531918,0.641510,19.342739,0.916219,4212,2.933472,13.400
4212,2,1.596502,0.639626,19.292148,0.916675,4213,2.906128,13.523
4213,0,1.592536,0.473042,19.362522,0.916252,4214,2.785400,46.112
4214,1,1.434895,0.469130,19.166954,0.918159,4215,2.888672,13.486
4215,1,1.338993,0.609970,18.982345,0.916430,4216,2.878784,13.456
4216,2,1.329227,0.523530,18.998828,0.917432,4217,2.830200,13.439
4217,0,1.452231,0.577299,18.896271,0.917888,4218,2.906128,13.477
4218,1,1.610562,0.554182,18.984363,0.916794,4219,2.906128,45.996
4219,3,1.426036,0.511597,19.115021,0.916577,4220,2.812744,13.349
4220,1,1.760228,0.608014,19.201008,0.917624,4221,2.888672,13.401
4221,0,1.617972,0.581977,19.123698,0.917114,4222,2.919800,13.410
4222,1,1.491161,0.496022,19.091676,0.916546,4223,2.871216,13.377
4223,0,1.452293,0.578038,18.902204,0.917827,4224,2.906128,46.056
4224,0,1.458022,0.527402,18.882595,0.917088,4225,2.906128,13.431
4225,0,1.523138,0.612278,19.057780,0.917397,4226,2.840088,13.423
4226,2,1.690607,0.659548,19.165016,0.917853,4227,2.875000,13.468
4227,3,1.676509,0.450739,19.188047,0.917209,4228,2.906128,13.435
4228,3,1.228146,0.665754,19.259981,0.917319,4229,2.843872,48.506
4229,0,1.501278,0.582343,19.071933,0.917974,4230,2.919800,13.527
4230,2,1.419256,0.595372,19.169181,0.917950,4231,2.906128,13.395
4231,1,1.868837,0.434429,19.057994,0.917506,4232,2.853760,13.413
4232,3,1.670009,0.513050,18.937754,0.917184,4233,2.875000,13.483
4233,2,1.480132,0.515694,18.843177,0.916674,4234,2.919800,13.440
4234,0,1.366531,0.681929,18.737140,0.917051,4235,2.871216,13.442
4235,3,1.573986,0.616531,18.756175,0.916703,4236,2.906128,13.529
4236,0,1.706303,0.551241,18.811285,0.916413,4237,2.906128,13.549
4237,1,1.297128,0.674491,18.892034,0.917166,4238,2.904236,45.856
4238,0,1.470922,0.538901,18.779429,0.917370,4239,2.904236,13.369
4239,3,1.577731,0.500446,18.772908,0.917110,4240,2.904236,13.546
4240,0,1.409853,0.417755,18.857086,0.916957,4241,2.826416,13.476
4241,1,1.278859,0.756663,18.753992,0.916496,4242,2.878784,13.362
4242,3,1.583646,0.445281,18.813151,0.917979,4243,2.859436,45.968
4243,1,1.578149,0.587150,18.821518,0.916212,4244,2.876892,15.879
4244,3,1.656596,0.462511,18.688182,0.916832,4245,2.947144,13.711
4245,0,1.287504,0.531508,18.751296,0.917399,4246,2.919800,13.461
4246,1,1.643143,0.752841,18.996347,0.916743,4247,2.799072,13.499
4247,3,1.726947,0.493553,19.065474,0.917203,4248,2.847656,50.047
4248,3,1.521422,0.540021,19.356728,0.917108,4249,2.906128,13.375
4249,0,1.531619,0.516762,19.357561,0.916595,4250,2.830200,13.499
4250,2,1.467347,0.512968,19.514377,0.916967,4251,2.947144,13.482
4251,3,1.694965,0.595536,19.458672,0.917306,4252,2.919800,13.480
4252,1,1.284387,0.493707,19.383214,0.917068,4253,2.812744,49.960
4253,3,1.393058,0.586511,19.337313,0.917047,4254,2.847656,13.546
4254,2,1.139875,0.607986,19.362733,0.917216,4255,2.906128,13.558
4255,0,1.303161,0.636484,19.543708,0.917127,4256,2.857544,13.424
4256,0,1.615431,0.441296,19.712893,0.917485,4257,2.919800,65.500
4257,1,1.554180,0.489366,19.778071,0.916346,4258,2.919800,33.875
4258,2,1.516984,0.605743,19.674374,0.916816,4259,2.890564,58.958
4259,1,1.627768,0.582715,19.684748,0.917276,4260,2.890564,28.920
4260,2,1.583133,0.592611,19.842848,0.916893,4261,2.904236,43.039
4261,3,1.637568,0.475621,20.008337,0.917419,4262,2.826416,14.160
4262,3,1.178657,0.492629,20.109579,0.917374,4263,2.906128,13.794
4263,3,1.611744,0.479027,20.059305,0.917173,4264,2.873108,13.710
4264,3,1.649412,0.725072,20.048009,0.915522,4265,2.876892,13.635
4265,0,1.564590,0.550334,19.984298,0.917173,4266,2.892456,13.680
4266,1,1.502052,0.522356,20.102069,0.917116,4267,2.933472,13.601
4267,1,1.424302,0.477161,20.163048,0.917105,4268,2.812744,13.661
4268,3,1.488638,0.568237,20.226223,0.917605,4269,2.847656,13.688
4269,1,1.459010,0.564453,20.172296,0.915903,4270,2.906128,46.332
4270,1,1.567591,0.484117,20.199759,0.917066,4271,2.816528,13.606
4271,2,1.482971,0.499964,20.286729,0.917157,4272,2.878784,13.657
4272,0,1.555539,0.560394,20.268512,0.916775,4273,2.906128,13.642
4273,1,1.663296,0.568463,20.338136,0.916341,4274,2.904236,13.770
4274,2,1.384450,0.651205,20.277263,0.916583,4275,2.904236,50.064
4275,3,1.358449,0.550093,20.333919,0.915168,4276,2.890564,13.754
4276,1,1.561070,0.642285,20.250987,0.917205,4277,2.826416,13.662
4277,3,1.347063,0.642834,20.003346,0.917338,4278,2.933472,13.732
4278,0,1.453813,0.564338,19.843162,0.917091,4279,2.845764,13.607
4279,3,1.325682,0.520011,19.733251,0.917356,4280,2.890564,49.912
4280,2,1.398394,0.483980,19.379839,0.917946,4281,2.919800,13.337
4281,0,1.670229,0.582415,19.423309,0.917079,4282,2.919800,13.367
4282,2,1.172161,0.578106,19.400485,0.916927,4283,2.906128,13.351
4283,1,1.684266,0.472824,19.383751,0.916922,4284,2.906128,49.838
4284,0,1.600612,0.491338,19.434202,0.918105,4285,2.859436,13.409
4285,3,1.122269,0.610128,19.407175,0.917928,4286,2.904236,13.451
4286,1,1.473960,0.557468,19.304197,0.916530,4287,2.947144,13.336
4287,3,1.524354,0.462853,19.192489,0.917007,4288,2.892456,13.383
4288,1,1.687989,0.493171,19.140128,0.917965,4289,2.919800,45.783
4289,2,1.515912,0.720305,18.990174,0.916866,4290,2.933472,13.697
4290,0,1.234973,0.566781,19.248594,0.916287,4291,2.859436,13.350
4291,3,1.447572,0.563769,19.302071,0.917096,4292,2.890564,14.061
4292,0,1.320948,0.559337,19.107171,0.916791,4293,2.933472,13.454
4293,0,1.681519,0.671930,19.130264,0.916294,4294,2.919800,46.041
4294,0,1.163232,0.595609,19.026659,0.917181,4295,2.919800,13.288
4295,0,1.260424,0.718086,19.061511,0.915353,4296,2.875000,13.368
4296,3,1.254254,0.666422,19.192406,0.916627,4297,2.878784,13.422
4297,1,1.366282,0.700598,19.144343,0.916345,4298,2.890564,13.335
4298,0,1.643889,0.630852,19.012627,0.917812,4299,2.890564,50.022
4299,0,1.470255,0.535166,18.985232,0.917272,4300,2.931580,13.417
4300,1,1.476849,0.417772,19.377155,0.916740,4301,2.812744,13.504
4301,0,1.509220,0.457230,19.376351,0.917608,4302,2.876892,13.506
4302,1,1.232719,0.625816,19.295868,0.916719,4303,2.832092,13.455
4303,0,1.567222,0.563933,19.210638,0.916921,4304,2.812744,13.351
4304,2,1.537165,0.618925,18.775427,0.916291,4305,2.861328,13.420
4305,0,1.661227,0.456906,18.842302,0.917093,4306,2.947144,13.431
4306,0,1.731112,0.546318,18.988272,0.917156,4307,2.857544,13.418
4307,1,1.364758,0.520743,18.727783,0.917655,4308,2.906128,41.946
4308,2,1.379426,0.652373,18.451612,0.916537,4309,2.892456,13.352
4309,3,1.269487,0.683723,18.615298,0.916964,4310,2.890564,13.533
4310,0,1.321303,0.490497,18.768629,0.918162,4311,2.935364,13.415
4311,1,1.648746,0.610345,18.970389,0.917512,4312,2.919800,13.428
4312,1,1.465216,0.636527,19.021185,0.916611,4313,2.904236,49.975
4313,2,1.452834,0.550232,19.059356,0.916707,4314,2.890564,13.362
4314,1,1.193526,0.564764,18.802484,0.918030,4315,2.890564,13.455
4315,0,1.317827,0.732148,18.603046,0.916656,4316,2.826416,13.742
4316,1,1.561723,0.533912,18.801114,0.917917,4317,2.904236,13.732
4317,3,1.419941,0.668549,18.883274,0.916209,4318,2.859436,42.157
4318,2,1.434090,0.698091,18.985656,0.916815,4319,2.857544,13.630
4319,0,1.153563,0.586794,18.851486,0.917545,4320,2.878784,13.632
4320,3,1.375387,0.599381,18.841206,0.916465,4321,2.832092,13.942
4321,0,1.618775,0.554771,18.965768,0.916868,4322,2.904236,13.604
4322,0,1.528135,0.670509,18.819088,0.916172,4323,2.906128,50.156
4323,3,1.541991,0.592019,18.927264,0.916686,4324,2.878784,13.572
4324,0,1.160101,0.599940,19.036365,0.916693,4325,2.906128,13.750
4325,0,1.508950,0.538160,19.279276,0.917416,4326,2.847656,13.611
4326,3,1.726327,0.593776,19.210521,0.916226,4327,2.878784,50.183
4327,1,1.281731,0.610471,19.062798,0.917536,4328,2.917908,13.582
4328,3,1.747766,0.627393,19.139145,0.917661,4329,2.919800,13.682
4329,3,1.761371,0.615540,19.267008,0.916992,4330,2.873108,13.671
4330,3,1.373958,0.620098,19.474118,0.917311,4331,2.890564,13.702
4331,0,1.379641,0.806305,19.392096,0.915672,4332,2.919800,13.477
4332,3,1.651524,0.697323,19.251682,0.915040,4333,2.933472,14.938
4333,1,1.051319,0.622592,19.262527,0.917913,4334,2.892456,14.695
4334,1,1.366375,0.669246,19.294337,0.917482,4335,2.875000,15.288
4335,3,1.836449,0.616854,19.260591,0.916815,4336,2.919800,15.519
4336,2,1.800527,0.576004,19.373868,0.917299,4337,2.904236,45.028
4337,3,1.779868,0.628387,19.318612,0.917401,4338,2.904236,15.774
4338,1,1.343712,0.544246,19.491781,0.917450,4339,2.919800,16.134
4339,1,1.286369,0.667397,19.599654,0.916504,4340,2.890564,15.511
4340,1,1.561824,0.654422,19.600748,0.916616,4341,2.904236,50.344
4341,3,1.693274,0.511434,19.291865,0.915894,4342,2.931580,13.856
4342,1,1.629992,0.696813,19.286591,0.917746,4343,2.799072,13.825
4343,2,1.828392,0.613381,19.130944,0.918453,4344,2.904236,13.341
4344,1,1.704610,0.574008,19.280592,0.917568,4345,2.886780,13.431
4345,3,1.444940,0.621592,19.243420,0.917399,4346,2.843872,48.774
4346,1,1.647877,0.463359,19.431794,0.917072,4347,2.875000,20.088
4347,0,1.407180,0.659087,19.587761,0.918443,4348,2.933472,13.669
4348,2,1.315132,0.611277,19.357357,0.916676,4349,2.904236,14.076
4349,2,1.204593,0.617959,19.335614,0.915997,4350,2.904236,47.325
4350,0,1.709967,0.540334,19.179215,0.917512,4351,2.904236,15.799
4351,2,1.516297,0.628892,19.191905,0.916808,4352,2.785400,14.409
4352,0,1.696161,0.621752,19.191548,0.917778,4353,2.904236,15.251
4353,1,1.290276,0.659998,19.366574,0.916111,4354,2.873108,15.170
4354,1,1.396742,0.589341,19.594703,0.917597,4355,2.884888,17.926
4355,2,1.850170,0.560485,19.432524,0.917802,4356,2.892456,16.875
4356,2,1.531605,0.458732,19.335147,0.916834,4357,2.845764,17.685
4357,1,1.703133,0.671835,19.234132,0.916463,4358,2.863220,51.995
4358,3,1.439346,0.473626,19.334635,0.917593,4359,2.906128,15.811
4359,1,1.388084,0.748844,19.450716,0.916995,4360,2.878784,15.693
4360,0,1.393370,0.738722,19.241468,0.916994,4361,2.947144,13.378
4361,0,1.425864,0.675002,19.111960,0.917215,4362,2.875000,53.772
4362,3,1.388134,0.595910,19.105375,0.918047,4363,2.919800,20.903
4363,1,1.380808,0.591447,19.180442,0.916802,4364,2.799072,16.337
4364,3,1.550949,0.559444,18.992316,0.917868,4365,2.875000,16.897
4365,3,1.188199,0.642573,19.133757,0.917819,4366,2.919800,50.788
4366,1,1.156234,0.436099,19.221959,0.916989,4367,2.857544,14.717
4367,1,1.665505,0.498064,19.281178,0.918379,4368,2.906128,15.270
4368,3,1.742096,0.658013,19.310385,0.917365,4369,2.906128,14.894
4369,2,1.473345,0.502558,19.174080,0.916158,4370,2.876892,82.308
4370,3,1.323433,0.558213,18.883926,0.916364,4371,2.935364,16.835
4371,1,1.706952,0.670043,18.999260,0.917228,4372,2.888672,48.868
4372,0,1.570195,0.561861,19.092529,0.917288,4373,2.812744,22.821
4373,0,1.460497,0.585463,19.323940,0.917319,4374,2.888672,31.799
4374,1,1.556935,0.717571,19.333158,0.917111,4375,2.878784,45.179
4375,0,1.552607,0.470690,19.455169,0.916974,4376,2.816528,13.765
4376,1,1.502862,0.595267,19.440271,0.916456,4377,2.933472,13.629
4377,3,1.493197,0.542871,19.562294,0.918309,4378,2.919800,13.775
4378,2,1.625749,0.639077,19.678387,0.918168,4379,2.863220,46.305
4379,1,1.657692,0.509462,19.714367,0.917979,4380,2.935364,13.468
4380,2,1.387757,0.496588,19.705464,0.917054,4381,2.861328,13.641
4381,0,1.523529,0.568147,19.619939,0.917695,4382,2.785400,13.697
4382,0,1.623736,0.601489,19.723555,0.916584,4383,2.902344,13.611
4383,3,1.508404,0.703249,19.616662,0.916371,4384,2.919800,46.422
4384,3,1.585843,0.552973,19.718900,0.917450,4385,2.857544,13.660
4385,1,1.563838,0.511735,19.668001,0.916759,4386,2.919800,13.651
4386,3,1.390110,0.596283,19.726144,0.917151,4387,2.919800,13.503
4387,0,1.522993,0.653563,19.860188,0.917326,4388,2.917908,13.540
4388,2,1.671762,0.656708,19.737590,0.917250,4389,2.908020,46.371
4389,2,1.546617,0.548880,19.921262,0.917533,4390,2.875000,14.687
4390,0,1.585057,0.609296,20.053056,0.917191,4391,2.826416,14.093
4391,3,1.694747,0.485873,20.116548,0.917245,4392,2.888672,13.569
4392,2,1.281106,0.575739,20.350391,0.916798,4393,2.919800,13.679
4393,2,1.133160,0.590190,20.238176,0.916718,4394,2.857544,45.896
4394,0,1.433008,0.523354,20.189069,0.917215,4395,2.906128,13.402
4395,2,1.753647,0.631245,20.135706,0.916715,4396,2.919800,13.247
4396,1,1.346154,0.709642,20.320709,0.916112,4397,2.931580,13.359
4397,1,1.343197,0.554475,20.039381,0.916662,4398,2.908020,13.254
4398,2,1.736184,0.436858,20.143214,0.917362,4399,2.919800,45.707
4399,3,1.518178,0.567799,20.010653,0.916536,4400,2.931580,13.243
4400,1,1.700816,0.533926,18.243576,0.917474,4401,2.890564,13.376
4401,2,1.413506,0.521276,18.161370,0.916945,4402,2.890564,13.492
4402,0,1.467241,0.547737,18.311740,0.918261,4403,2.853760,13.323
4403,0,1.416168,0.613913,18.429319,0.917204,4404,2.904236,13.193
4404,1,1.510358,0.525981,18.299443,0.917411,4405,2.873108,13.321
4405,3,1.439909,0.554370,18.510161,0.917106,4406,2.857544,13.598
4406,1,1.347240,0.625709,18.327505,0.917705,4407,2.892456,13.240
4407,1,1.663693,0.490009,18.667209,0.917119,4408,2.873108,41.855
4408,1,1.503750,0.571530,18.927987,0.916457,4409,2.904236,13.170
4409,0,1.823576,0.671760,18.804835,0.917248,4410,2.947144,13.327
4410,1,1.264388,0.630095,18.675011,0.916143,4411,2.892456,13.314
4411,3,1.400693,0.612944,18.685683,0.915785,4412,2.892456,13.292
4412,3,1.849784,0.713635,18.980391,0.917308,4413,2.847656,13.365
4413,2,1.432002,0.443165,18.932292,0.917736,4414,2.919800,13.370
4414,1,1.512087,0.598402,18.996976,0.917611,4415,2.863220,13.272
4415,0,1.597385,0.523781,19.154268,0.916824,4416,2.931580,13.276
4416,3,1.316781,0.538989,19.032612,0.917208,4417,2.904236,13.297
4417,1,1.110023,0.545975,18.998459,0.916996,4418,2.812744,13.408
4418,2,1.419048,0.502336,18.958590,0.918095,4419,2.876892,13.318
4419,1,1.302467,0.466995,19.083425,0.917355,4420,2.859436,13.269
4420,0,1.644722,0.599850,19.244553,0.917046,4421,2.826416,13.316
4421,3,1.606466,0.617365,19.164958,0.918203,4422,2.888672,13.177
4422,2,1.597716,0.588682,19.303123,0.917036,4423,2.906128,49.793
4423,3,1.401830,0.573293,19.442454,0.917156,4424,2.843872,13.207
4424,3,1.518778,0.509660,19.287569,0.917871,4425,2.892456,13.174
4425,1,1.513711,0.581033,19.132047,0.916574,4426,2.919800,13.198
4426,0,1.653857,0.474050,19.100278,0.917085,4427,2.904236,13.239
4427,1,1.225750,0.598079,19.106723,0.916252,4428,2.919800,13.870
4428,0,1.259308,0.592380,19.217261,0.918006,4429,2.873108,13.590
4429,0,1.660595,0.660753,19.301517,0.916767,4430,2.863220,13.531
4430,3,1.616906,0.554320,19.217879,0.917507,4431,2.878784,13.555
4431,3,1.413119,0.700475,19.124334,0.917304,4432,2.933472,13.529
4432,0,1.847147,0.627709,19.127724,0.917581,4433,2.919800,46.196
4433,1,1.718202,0.548496,19.216274,0.917358,4434,2.878784,13.517
4434,2,1.332124,0.492644,19.002727,0.917705,4435,2.873108,13.649
4435,1,1.462035,0.523634,19.221856,0.916466,4436,2.876892,13.549
4436,3,0.866839,0.565983,19.332487,0.918359,4437,2.892456,13.612
4437,1,1.121876,0.820824,19.257968,0.915480,4438,2.933472,13.721
4438,3,1.685865,0.523301,19.478503,0.917730,4439,2.906128,13.683
4439,1,1.375856,0.559393,19.514921,0.916666,4440,2.906128,14.365
4440,0,1.469047,0.660457,19.511820,0.917361,4441,2.832092,13.722
4441,2,1.348157,0.612490,19.568691,0.916780,4442,2.904236,13.593
4442,3,1.514037,0.566149,19.678477,0.916646,4443,2.906128,49.951
4443,1,1.744524,0.658698,19.766822,0.918236,4444,2.906128,13.372
4444,0,1.553886,0.502602,19.578151,0.917177,4445,2.826416,13.180
4445,1,1.175552,0.616501,19.678387,0.917566,4446,2.875000,13.265
4446,2,1.404972,0.485348,19.638514,0.916596,4447,2.892456,13.237
4447,2,1.582228,0.632780,19.534909,0.916806,4448,2.843872,49.922
4448,3,1.500391,0.578053,19.617967,0.917382,4449,2.904236,14.086
4449,2,1.652115,0.481883,19.624501,0.915837,4450,2.812744,13.301
4450,3,1.372329,0.552542,19.668185,0.917035,4451,2.859436,13.240
4451,1,1.554155,0.584975,19.700191,0.916517,4452,2.876892,13.296
4452,2,0.958967,0.570477,19.484120,0.917706,4453,2.947144,46.536
4453,2,1.511251,0.487203,19.504221,0.916588,4454,2.890564,14.960
4454,2,1.579478,0.639197,19.477124,0.918008,4455,2.906128,13.428
4455,2,1.827473,0.537873,19.305767,0.916703,4456,2.863220,13.186
4456,0,1.652249,0.727137,19.433895,0.918032,4457,2.890564,49.944
4457,3,1.189160,0.529899,19.536155,0.916992,4458,2.812744,13.177
4458,3,1.419104,0.528928,19.699128,0.917317,4459,2.906128,13.208
4459,0,1.450591,0.530207,19.578123,0.917539,4460,2.890564,13.320
4460,2,1.682906,0.668800,19.448559,0.917904,4461,2.906128,13.418
4461,2,1.441954,0.535328,19.365539,0.917148,4462,2.876892,49.748
4462,1,1.657002,0.599578,19.535013,0.915859,4463,2.904236,13.328
4463,0,1.217578,0.601665,19.538353,0.916192,4464,2.812744,13.186
4464,3,1.401775,0.606217,19.436746,0.916115,4465,2.863220,13.281
4465,1,1.471835,0.500134,19.340770,0.916625,4466,2.861328,14.384
4466,3,1.476378,0.592548,19.322630,0.916892,4467,2.919800,49.814
4467,3,1.479661,0.617979,19.147544,0.916620,4468,2.917908,13.390
4468,2,1.657956,0.500690,19.143369,0.916549,4469,2.890564,13.239
4469,1,1.240541,0.561342,19.245609,0.918016,4470,2.861328,13.235
4470,2,1.571544,0.456963,19.243776,0.917069,4471,2.847656,13.331
4471,1,1.501841,0.634182,19.425326,0.916334,4472,2.876892,13.289
4472,1,1.580018,0.560717,19.458772,0.917254,4473,2.919800,13.422
4473,1,1.451427,0.584991,19.364571,0.916831,4474,2.890564,13.798
4474,0,1.387071,0.602451,19.478034,0.917254,4475,2.876892,13.146
4475,3,1.323493,0.636112,19.391797,0.917858,4476,2.878784,49.857
4476,2,1.486600,0.580908,19.485282,0.915906,4477,2.876892,13.210
4477,2,1.225443,0.547832,19.423813,0.916757,4478,2.919800,15.943
4478,3,1.459491,0.519123,19.456536,0.917128,4479,2.812744,13.252
4479,1,1.827134,0.503716,19.411657,0.917934,4480,2.890564,13.519
4480,0,0.941759,0.588024,19.323695,0.918173,4481,2.890564,45.715
4481,0,1.716696,0.677257,19.308113,0.916320,4482,2.892456,13.342
4482,1,1.625428,0.558193,19.202933,0.917652,4483,2.890564,13.251
4483,1,1.550548,0.699008,19.192333,0.917111,4484,2.892456,13.274
4484,0,1.257002,0.387928,19.170328,0.917885,4485,2.785400,13.312
4485,3,1.431972,0.455755,19.362606,0.917234,4486,2.890564,46.016
4486,0,1.419610,0.527412,19.471410,0.917642,4487,2.863220,13.268
4487,3,1.629163,0.481513,19.667263,0.916565,4488,2.947144,13.892
4488,3,1.478240,0.544055,19.394071,0.917704,4489,2.890564,13.724
4489,2,1.451442,0.672191,19.395046,0.916906,4490,2.906128,14.752
4490,0,1.689073,0.591250,19.242480,0.918152,4491,2.812744,13.703
4491,1,1.523975,0.496941,19.414378,0.917242,4492,2.904236,13.480
4492,3,1.669236,0.593531,19.491483,0.916830,4493,2.904236,13.648
4493,1,1.382441,0.636953,19.427185,0.916751,4494,2.892456,13.502
4494,3,1.791928,0.570762,19.252276,0.917463,4495,2.890564,52.266
4495,3,1.704734,0.578028,19.182826,0.917622,4496,2.906128,84.247
4496,0,1.600467,0.526845,19.351964,0.916739,4497,2.799072,37.260
4497,3,1.318021,0.594939,19.431250,0.916469,4498,2.931580,55.151
4498,1,1.456163,0.531787,19.511152,0.918115,4499,2.890564,29.960
4499,2,1.589337,0.649602,19.466447,0.917122,4500,2.906128,58.173
4500,1,1.239217,0.462322,19.983008,0.917132,4501,2.863220,21.777
4501,0,1.262834,0.540167,19.786987,0.917587,4502,2.906128,13.950
4502,2,1.464668,0.588417,19.573361,0.917004,4503,2.812744,13.742
4503,1,1.667363,0.619990,19.349633,0.917097,4504,2.890564,13.640
4504,1,1.344133,0.504038,19.245207,0.917020,4505,2.890564,13.577
4505,3,1.665513,0.640009,19.367252,0.917090,4506,2.906128,13.674
4506,1,1.760347,0.674839,19.468133,0.916874,4507,2.876892,13.940
4507,0,1.547584,0.528982,19.578771,0.916602,4508,2.919800,13.614
4508,2,1.815452,0.544997,19.469799,0.918585,4509,2.812744,13.685
4509,2,1.503215,0.635278,19.557486,0.917900,4510,2.863220,13.647
4510,2,1.442108,0.538682,19.568393,0.917590,4511,2.861328,49.803
4511,3,1.331567,0.666255,19.840488,0.916078,4512,2.888672,13.586
4512,1,1.642957,0.635643,19.702126,0.916937,4513,2.890564,13.549
4513,1,1.483828,0.518800,19.555420,0.918422,4514,2.906128,13.342
4514,1,1.427695,0.470123,19.709192,0.916409,4515,2.906128,13.415
4515,3,1.480137,0.681803,19.796253,0.915915,4516,2.812744,46.039
4516,3,1.536376,0.521957,19.793018,0.917763,4517,2.863220,13.610
4517,1,1.013808,0.491492,19.909721,0.917029,4518,2.875000,13.563
4518,2,1.712119,0.518470,19.916529,0.916280,4519,2.892456,13.378
4519,2,1.515806,0.600695,20.091870,0.916560,4520,2.876892,13.558
4520,1,1.581398,0.507884,20.325792,0.916818,4521,2.785400,49.989
4521,2,1.496343,0.540240,20.236116,0.917439,4522,2.892456,13.676
4522,0,1.267115,0.635224,20.160943,0.917883,4523,2.904236,13.597
4523,2,1.478833,0.577186,19.977335,0.916961,4524,2.906128,13.383
4524,0,1.436024,0.663452,20.148111,0.917471,4525,2.890564,13.490
4525,1,1.481194,0.664764,20.420337,0.916115,4526,2.890564,13.648
4526,1,1.371330,0.605194,20.437891,0.916851,4527,2.892456,13.643
4527,1,1.660897,0.651065,20.378560,0.916388,4528,2.890564,13.558
4528,2,1.266851,0.624153,20.525021,0.917077,4529,2.861328,13.462
4529,3,1.345770,0.544866,20.387665,0.917168,4530,2.863220,46.262
4530,1,1.418303,0.508555,20.652780,0.917015,4531,2.890564,13.470
4531,1,1.223323,0.626872,20.595863,0.916955,4532,2.863220,13.629
4532,1,1.664745,0.560524,20.137781,0.917588,4533,2.947144,13.468
4533,0,1.643259,0.626435,20.197619,0.916211,4534,2.890564,13.359
4534,3,1.646197,0.589290,20.257076,0.916347,4535,2.875000,13.479
4535,3,1.726532,0.588317,20.316031,0.916705,4536,2.890564,13.576
4536,0,1.454664,0.550638,20.163413,0.917102,4537,2.904236,13.566
4537,1,1.769491,0.635358,20.121248,0.917359,4538,2.904236,13.554
4538,0,1.573438,0.509330,20.144810,0.916925,4539,2.892456,13.290
4539,1,1.031759,0.567923,19.924045,0.917353,4540,2.890564,46.223
4540,3,1.454147,0.577664,20.047313,0.917859,4541,2.875000,15.837
4541,1,1.558453,0.472401,19.958558,0.917411,4542,2.876892,14.483
4542,2,1.222125,0.517137,19.756303,0.916737,4543,2.931580,13.771
4543,3,1.513734,0.627236,19.603336,0.916847,4544,2.890564,14.264
4544,3,1.822809,0.630532,19.610714,0.917297,4545,2.812744,50.277
4545,3,1.344659,0.533276,19.544169,0.917692,4546,2.863220,13.887
4546,0,1.418926,0.484871,19.483326,0.916254,4547,2.875000,13.922
4547,3,1.284133,0.431357,19.342514,0.917260,4548,2.906128,13.758
4548,2,1.265492,0.470630,19.226081,0.917370,4549,2.890564,50.591
4549,2,1.219342,0.584167,19.197160,0.916794,4550,2.828308,13.795
4550,1,1.453788,0.663009,19.097299,0.917051,4551,2.890564,13.729
4551,3,1.299525,0.517694,18.901690,0.917660,4552,2.892456,13.670
4552,3,1.632005,0.557529,18.961095,0.917278,4553,2.904236,13.646
4553,3,1.386999,0.484612,18.904131,0.917637,4554,2.906128,42.350
4554,2,1.540867,0.482491,18.885510,0.916387,4555,2.785400,13.669
4555,2,1.141202,0.565340,19.047269,0.916369,4556,2.876892,15.800
4556,1,1.426417,0.543056,19.061070,0.917439,4557,2.904236,13.681
4557,0,1.580713,0.584663,19.037848,0.917280,4558,2.875000,13.637
4558,1,1.728306,0.658090,18.998184,0.917201,4559,2.890564,46.389
4559,2,1.483441,0.663771,19.261064,0.916710,4560,2.875000,13.788
4560,3,1.722895,0.590537,19.350254,0.917161,4561,2.890564,13.426
4561,2,1.512906,0.786696,19.284186,0.916386,4562,2.847656,13.323
4562,1,1.604103,0.654660,19.231599,0.916378,4563,2.890564,13.775
4563,3,2.009308,0.623066,19.354853,0.916876,4564,2.876892,50.414
4564,2,1.648669,0.650982,19.703514,0.917117,4565,2.876892,14.394
4565,1,1.398281,0.696577,19.431759,0.916510,4566,2.785400,13.472
4566,2,1.412805,0.549106,19.484792,0.916423,4567,2.876892,13.498
4567,3,1.596514,0.730794,19.628144,0.916409,4568,2.888672,13.950
4568,2,1.730493,0.543705,19.818017,0.917798,4569,2.906128,46.037
4569,3,1.491139,0.653366,19.844284,0.918237,4570,2.890564,13.336
4570,0,1.131564,0.554159,19.800448,0.916840,4571,2.828308,16.192
4571,1,1.584622,0.642985,19.710710,0.916926,4572,2.861328,13.378
4572,0,1.700891,0.624799,19.744503,0.917406,4573,2.875000,50.021
4573,2,1.181122,0.653984,19.754525,0.916623,4574,2.876892,13.574
4574,1,1.558519,0.426821,20.111628,0.917050,4575,2.878784,13.527
4575,1,1.564490,0.485074,20.158775,0.917225,4576,2.890564,13.426
4576,3,1.640210,0.618084,20.332683,0.917848,4577,2.863220,13.614
4577,1,1.872119,0.604805,20.324618,0.916468,4578,2.947144,50.075
4578,3,1.754324,0.646938,20.425058,0.917814,4579,2.890564,13.373
4579,2,1.252035,0.599394,20.476143,0.917907,4580,2.906128,13.524
4580,0,1.615245,0.673861,20.648527,0.917673,4581,2.812744,13.410
4581,2,1.730080,0.505403,20.673464,0.918048,4582,2.904236,50.126
4582,2,1.098682,0.584970,20.743647,0.917490,4583,2.904236,16.058
4583,0,1.222825,0.564254,20.370282,0.917340,4584,2.876892,13.343
4584,3,1.800444,0.554042,20.258165,0.916808,4585,2.875000,15.697
4585,3,1.530987,0.505176,20.659476,0.917201,4586,2.890564,13.512
4586,2,1.264980,0.617909,20.490921,0.916768,4587,2.861328,50.784
4587,2,1.047490,0.560108,20.636494,0.916914,4588,2.931580,13.393
4588,0,1.388592,0.568614,20.710735,0.918104,4589,2.857544,13.839
4589,2,0.950149,0.603340,20.339731,0.916486,4590,2.890564,13.450
4590,2,1.479129,0.551210,20.368734,0.917426,4591,2.890564,49.943
4591,3,1.717386,0.540291,20.061171,0.917479,4592,2.855652,13.412
4592,1,1.851651,0.547266,19.827840,0.916087,4593,2.890564,13.928
4593,1,1.670086,0.408797,19.848170,0.917820,4594,2.906128,13.398
4594,1,1.645524,0.511582,19.677267,0.917313,4595,2.875000,13.563
4595,3,1.543229,0.499995,19.552548,0.916793,4596,2.888672,50.076
4596,2,1.611169,0.625825,19.324983,0.917270,4597,2.919800,16.052
4597,3,1.808415,0.564735,19.387487,0.915775,4598,2.871216,13.386
4598,1,1.760645,0.471725,19.229930,0.917608,4599,2.876892,13.460
4599,1,1.582181,0.491240,19.110602,0.917373,4600,2.890564,50.064
4600,0,1.684787,0.551157,18.776020,0.917246,4601,2.876892,15.727
4601,3,1.528684,0.646384,18.827099,0.918202,4602,2.890564,13.553
4602,2,1.197647,0.566395,18.854254,0.916597,4603,2.812744,13.335
4603,1,1.376852,0.525515,19.151874,0.917333,4604,2.886780,21.732
4604,0,1.506305,0.555654,18.890660,0.917492,4605,2.890564,13.167
4605,1,1.600590,0.577123,18.825983,0.916609,4606,2.890564,13.508
4606,2,1.484719,0.682369,18.875343,0.915890,4607,2.890564,13.281
4607,3,1.268118,0.403514,19.076015,0.916785,4608,2.888672,13.298
4608,3,1.610509,0.504712,19.301577,0.917363,4609,2.904236,45.757
4609,2,1.846752,0.433513,19.508613,0.917388,4610,2.933472,13.516
4610,3,1.447292,0.597768,19.603099,0.917210,4611,2.861328,13.224
4611,0,1.647839,0.520301,19.635624,0.917868,4612,2.921692,13.335
4612,0,1.528936,0.570570,19.745428,0.917588,4613,2.876892,13.286
4613,3,1.641248,0.565757,19.600645,0.917040,4614,2.906128,45.988
4614,0,1.603913,0.580512,19.603469,0.917314,4615,2.890564,15.707
4615,3,1.535457,0.562429,19.562681,0.917408,4616,2.886780,13.457
4616,3,1.325307,0.534033,19.547502,0.917259,4617,2.890564,13.348
4617,1,1.400714,0.574904,19.549790,0.916982,4618,2.859436,13.376
4618,1,1.811699,0.560806,19.699489,0.917070,4619,2.875000,46.316
4619,1,1.188945,0.547385,19.731652,0.917476,4620,2.919800,13.788
4620,0,1.275920,0.605785,19.591706,0.917132,4621,2.888672,13.727
4621,1,1.636608,0.624392,19.646698,0.915507,4622,2.917908,13.626
4622,2,1.623016,0.621827,19.385849,0.916967,4623,2.876892,13.721
4623,0,1.764569,0.568985,19.533720,0.916900,4624,2.921692,50.118
4624,0,1.782328,0.627972,19.618925,0.916103,4625,2.876892,13.664
4625,3,1.403416,0.540872,19.667405,0.917596,4626,2.875000,14.255
4626,1,1.205491,0.604777,19.639736,0.916094,4627,2.890564,13.442
4627,2,1.409870,0.655495,19.660619,0.916950,4628,2.933472,13.634
4628,0,1.387064,0.647933,19.756050,0.916567,4629,2.843872,15.274
4629,1,1.748112,0.415816,19.806975,0.916376,4630,2.906128,14.594
4630,2,1.464601,0.715327,19.676980,0.916743,4631,2.890564,13.482
4631,1,1.743360,0.503427,19.568473,0.916763,4632,2.904236,13.460
4632,1,1.263786,0.431172,19.599915,0.916960,4633,2.935364,45.996
4633,1,1.616539,0.570448,19.547704,0.916434,4634,2.871216,13.349
4634,1,1.564253,0.637435,19.460140,0.916232,4635,2.876892,13.359
4635,3,1.547101,0.614085,19.511425,0.917227,4636,2.890564,13.517
4636,2,1.251119,0.635494,19.801981,0.916485,4637,2.876892,13.371
4637,2,1.690437,0.683288,19.952977,0.916468,4638,2.890564,46.137
4638,0,1.149033,0.391312,20.010387,0.916771,4639,2.812744,13.378
4639,3,1.476158,0.568855,19.729334,0.917134,4640,2.933472,14.094
4640,1,1.585570,0.536553,19.691655,0.916420,4641,2.859436,13.413
4641,2,1.353154,0.447668,19.708924,0.917002,4642,2.890564,13.319
4642,2,1.581452,0.545021,19.857346,0.916204,4643,2.906128,46.054
4643,3,1.117891,0.650729,19.923030,0.916981,4644,2.826416,13.487
4644,0,1.464733,0.475966,19.621506,0.917333,4645,2.904236,13.408
4645,0,1.474436,0.595249,19.744089,0.913991,4646,2.902344,13.330
4646,2,1.604244,0.524311,19.866806,0.917648,4647,2.908020,13.332
4647,0,1.601777,0.440997,19.734242,0.916824,4648,2.906128,45.776
4648,0,1.926604,0.675461,19.571779,0.916742,4649,2.799072,13.319
4649,1,1.643883,0.611198,19.550489,0.917360,4650,2.890564,13.236
4650,0,1.145477,0.533759,19.269022,0.916326,4651,2.875000,13.798
4651,1,1.728545,0.503939,19.004061,0.916786,4652,2.933472,13.452
4652,0,1.662592,0.617527,19.218709,0.918430,4653,2.890564,45.920
4653,0,1.498963,0.576901,19.039244,0.916520,4654,2.875000,13.362
4654,2,1.065568,0.582936,19.126624,0.917359,4655,2.875000,13.422
4655,3,1.330525,0.557042,18.987877,0.917191,4656,2.919800,13.393
4656,3,0.955820,0.636032,19.007697,0.916675,4657,2.826416,13.746
4657,2,1.114799,0.418323,19.310094,0.917024,4658,2.933472,46.338
4658,1,1.102149,0.609610,19.595929,0.917053,4659,2.933472,14.574
4659,2,1.154046,0.578479,19.651535,0.916592,4660,2.919800,14.360
4660,0,1.428770,0.800334,19.830961,0.916521,4661,2.890564,14.543
4661,1,1.239607,0.623212,19.993751,0.917903,4662,2.931580,14.276
4662,3,1.652297,0.653385,19.909047,0.916698,4663,2.826416,13.649
4663,2,1.394355,0.560610,20.032351,0.917114,4664,2.919800,13.624
4664,2,1.242851,0.505085,19.847001,0.917061,4665,2.892456,13.580
4665,2,1.630114,0.551172,20.072933,0.916173,4666,2.855652,13.517
4666,3,1.585290,0.490542,19.954330,0.917427,4667,2.826416,46.064
4667,1,1.570849,0.540170,20.112935,0.917693,4668,2.876892,13.507
4668,1,1.412927,0.665344,19.940163,0.916029,4669,2.892456,13.596
4669,1,1.598313,0.601932,19.657527,0.917733,4670,2.857544,13.585
4670,1,1.520935,0.713241,19.551648,0.917102,4671,2.826416,13.975
4671,2,1.788070,0.418025,19.848692,0.917642,4672,2.890564,46.225
4672,0,1.936185,0.601318,19.920009,0.917986,4673,2.904236,13.435
4673,0,1.595867,0.456580,19.881432,0.917496,4674,2.828308,13.262
4674,1,1.352853,0.622965,19.784880,0.916959,4675,2.857544,13.356
4675,1,1.355923,0.480964,19.700107,0.917424,4676,2.919800,13.281
4676,0,1.527751,0.553847,19.598598,0.916964,4677,2.892456,49.894
4677,0,1.657512,0.600040,19.492396,0.916839,4678,2.826416,13.367
4678,3,1.540302,0.555030,19.491522,0.916760,4679,2.826416,13.238
4679,1,1.262221,0.562235,19.613937,0.917475,4680,2.904236,13.242
4680,2,1.692987,0.586121,19.850822,0.917238,4681,2.863220,13.824
4681,0,1.461869,0.599867,19.745194,0.916913,4682,2.916016,45.794
4682,1,1.584378,0.561243,19.823118,0.917414,4683,2.859436,13.797
4683,2,1.260750,0.565365,19.897651,0.916823,4684,2.904236,13.133
4684,3,1.763779,0.615859,19.897766,0.916733,4685,2.919800,13.274
4685,2,1.650216,0.651385,19.889014,0.916555,4686,2.857544,13.238
4686,3,1.126590,0.598427,19.768936,0.917054,4687,2.871216,45.923
4687,2,1.493917,0.452054,19.562579,0.917442,4688,2.863220,13.442
4688,2,1.152132,0.563401,19.477830,0.917087,4689,2.892456,13.283
4689,0,1.464935,0.541606,19.400145,0.917657,4690,2.841980,13.315
4690,3,1.358796,0.598912,19.351838,0.916432,4691,2.826416,13.673
4691,3,1.498738,0.633621,19.241591,0.917005,4692,2.904236,46.034
4692,0,1.459166,0.547951,19.156385,0.917216,4693,2.890564,13.348
4693,1,1.078867,0.644911,18.976941,0.918209,4694,2.902344,13.373
4694,1,1.368108,0.562989,18.987975,0.917053,4695,2.826416,13.319
4695,3,1.629021,0.547899,19.079512,0.917278,4696,2.892456,13.244
4696,2,1.597131,0.608099,19.324135,0.918085,4697,2.906128,45.814
4697,3,1.402682,0.483100,19.253126,0.917772,4698,2.935364,13.308
4698,3,1.619555,0.580644,19.071436,0.916974,4699,2.878784,13.236
4699,2,1.486393,0.518928,18.650806,0.917071,4700,2.900452,13.309
4700,0,1.314493,0.519962,19.790596,0.916252,4701,2.863220,13.786
4701,3,1.489574,0.654344,20.143563,0.916368,4702,2.947144,13.294
4702,3,1.661050,0.648306,20.300536,0.916745,4703,2.890564,13.277
4703,0,1.785903,0.684075,20.403787,0.916889,4704,2.904236,13.260
4704,1,1.502028,0.551761,20.235247,0.917102,4705,2.904236,29.704
4705,1,1.320625,0.647163,20.215409,0.917719,4706,2.919800,13.430
4706,2,1.498118,0.538910,20.148919,0.917237,4707,2.840088,14.747
4707,0,1.643707,0.542737,19.724297,0.916727,4708,2.878784,14.159
4708,1,1.372521,0.629094,19.784996,0.917158,4709,2.892456,13.617
4709,3,1.527218,0.594661,19.517734,0.916861,4710,2.890564,45.854
4710,3,1.400753,0.551118,19.533006,0.917146,4711,2.904236,13.513
4711,0,1.413634,0.560986,19.208829,0.917168,4712,2.947144,13.552
4712,1,1.658483,0.498394,19.385983,0.916854,4713,2.863220,13.361
4713,1,1.709849,0.670583,19.412321,0.916774,4714,2.947144,13.263
4714,0,1.735035,0.692103,19.338659,0.917645,4715,2.906128,46.109
4715,0,1.364033,0.615474,19.140474,0.916762,4716,2.859436,13.476
4716,1,1.634562,0.515658,19.193837,0.917276,4717,2.906128,13.257
4717,3,1.386491,0.649175,19.283642,0.916347,4718,2.826416,13.606
4718,1,1.479962,0.604458,19.379853,0.917823,4719,2.841980,13.302
4719,2,1.307343,0.616149,19.527771,0.916308,4720,2.919800,45.710
4720,2,1.407354,0.547065,19.557497,0.917305,4721,2.878784,13.223
4721,0,1.228651,0.595457,19.423047,0.916328,4722,2.853760,13.783
4722,0,1.466048,0.749520,19.357902,0.916743,4723,2.812744,15.624
4723,0,1.441229,0.499368,19.390334,0.917793,4724,2.888672,13.317
4724,2,1.741060,0.652391,19.299125,0.917917,4725,2.919800,49.812
4725,3,1.616698,0.682755,19.570294,0.916719,4726,2.888672,13.331
4726,1,1.693291,0.566802,19.656045,0.917146,4727,2.855652,13.315
4727,1,1.310674,0.573366,19.606318,0.916835,4728,2.863220,13.316
4728,1,1.799777,0.649677,19.643483,0.916368,4729,2.876892,13.236
4729,1,1.309303,0.658085,19.610346,0.918050,4730,2.826416,45.740
4730,0,1.428903,0.653162,19.548096,0.916252,4731,2.841980,13.247
4731,1,1.339701,0.496739,19.343255,0.916444,4732,2.919800,13.307
4732,1,1.605625,0.577648,19.355216,0.916566,4733,2.906128,13.326
4733,3,1.255252,0.604537,19.406163,0.916854,4734,2.840088,13.825
4734,1,1.459464,0.573998,19.364887,0.916772,4735,2.826416,13.389
4735,1,1.787554,0.554933,19.332212,0.917035,4736,2.861328,13.240
4736,0,1.482195,0.654462,19.582256,0.917604,4737,2.906128,13.254
4737,2,1.437888,0.725037,19.688590,0.916293,4738,2.888672,15.740
4738,2,1.439940,0.624728,19.905061,0.916554,4739,2.841980,45.854
4739,1,1.493225,0.636618,19.919362,0.917665,4740,2.904236,13.302
4740,3,1.477436,0.567171,19.805484,0.915701,4741,2.863220,13.321
4741,3,1.653753,0.629185,19.919180,0.916827,4742,2.869324,13.283
4742,0,1.425265,0.623872,19.876482,0.916952,4743,2.843872,13.276
4743,0,1.200811,0.484402,20.208468,0.917843,4744,2.919800,49.966
4744,1,1.401042,0.569455,20.123027,0.917092,4745,2.919800,13.344
4745,3,1.600239,0.616357,20.376569,0.917369,4746,2.826416,13.342
4746,0,1.461674,0.495122,20.621945,0.917510,4747,2.840088,13.208
4747,0,1.486717,0.609830,20.675254,0.916817,4748,2.863220,13.356
4748,2,1.530785,0.596505,20.544684,0.917019,4749,2.876892,45.720
4749,1,1.516745,0.531738,20.281684,0.917411,4750,2.904236,13.410
4750,0,1.302571,0.592740,20.006228,0.916656,4751,2.890564,13.207
4751,1,1.608483,0.504155,19.848159,0.917363,4752,2.931580,13.204
4752,1,0.955916,0.642813,19.833846,0.916802,4753,2.876892,15.742
4753,1,1.523821,0.560346,19.910198,0.917693,4754,2.919800,45.824
4754,2,1.427315,0.517896,19.858987,0.917288,4755,2.826416,13.381
4755,1,1.615350,0.621229,19.918323,0.917902,4756,2.888672,13.381
4756,1,1.313438,0.517358,20.085705,0.916654,4757,2.890564,13.356
4757,0,1.424678,0.558487,20.052117,0.916594,4758,2.917908,13.456
4758,0,1.708061,0.584935,19.745087,0.917411,4759,2.904236,45.831
4759,0,1.784116,0.526738,19.496624,0.917139,4760,2.904236,13.227
4760,1,1.665149,0.641100,19.524097,0.918040,4761,2.863220,13.233
4761,1,1.383934,0.569585,19.434806,0.917088,4762,2.947144,13.197
4762,2,1.357331,0.680804,19.463379,0.917826,4763,2.859436,13.246
4763,0,1.735052,0.621123,19.518348,0.916996,4764,2.904236,48.623
4764,0,1.590846,0.474287,19.315417,0.917304,4765,2.919800,13.253
4765,3,1.444327,0.650734,19.089436,0.917581,4766,2.904236,13.263
4766,1,1.407633,0.671826,18.954490,0.916782,4767,2.917908,13.891
4767,1,1.680165,0.636875,18.815993,0.916060,4768,2.878784,48.809
4768,2,1.175175,0.677240,18.632561,0.916450,4769,2.830200,13.537
4769,1,1.529421,0.644438,18.487087,0.917309,4770,2.857544,13.620
4770,0,1.219243,0.644170,18.441221,0.916484,4771,2.904236,13.867
4771,2,2.020678,0.532708,18.524259,0.917562,4772,2.919800,13.549
4772,3,1.680815,0.513011,18.712441,0.916178,4773,2.828308,46.083
4773,1,1.493533,0.602383,18.658818,0.916970,4774,2.840088,13.555
4774,3,1.451860,0.643285,18.546146,0.916773,4775,2.904236,13.546
4775,3,1.662697,0.583512,18.494626,0.916892,4776,2.876892,13.581
4776,0,1.397356,0.485572,18.628329,0.917738,4777,2.875000,13.520
4777,2,1.616454,0.603599,18.656040,0.916835,4778,2.826416,46.090
4778,1,1.651770,0.494877,18.640109,0.917319,4779,2.919800,13.544
4779,3,1.141951,0.535700,18.903730,0.917645,4780,2.919800,13.719
4780,0,1.777731,0.645327,19.079371,0.916816,4781,2.800964,13.663
4781,2,1.595226,0.589329,18.962303,0.917506,4782,2.853760,13.601
4782,2,1.567943,0.562240,19.031784,0.916864,4783,2.890564,50.164
4783,1,1.583196,0.614906,18.906213,0.916441,4784,2.919800,13.587
4784,1,1.590514,0.415440,19.050989,0.916929,4785,2.857544,13.750
4785,1,1.378582,0.548976,19.016706,0.916219,4786,2.826416,13.269
4786,1,1.627258,0.624088,19.013189,0.917629,4787,2.917908,48.175
4787,0,1.485011,0.564190,18.861185,0.916673,4788,2.863220,13.392
4788,2,1.348366,0.589878,18.798189,0.916939,4789,2.876892,13.265
4789,3,1.672286,0.509685,18.680168,0.917267,4790,2.888672,13.399
4790,2,1.657025,0.533967,18.900762,0.917405,4791,2.904236,13.277
4791,3,1.689002,0.570806,19.119065,0.915861,4792,2.919800,45.786
4792,1,1.691818,0.617977,19.041744,0.917472,4793,2.843872,13.268
4793,3,1.218789,0.520398,19.124644,0.917126,4794,2.871216,13.248
4794,2,1.753295,0.595896,19.102864,0.916727,4795,2.904236,13.371
4795,3,1.246927,0.628979,19.027478,0.916645,4796,2.892456,13.305
4796,2,1.179267,0.584809,19.192271,0.916778,4797,2.828308,45.972
4797,3,1.662221,0.574680,19.338149,0.916534,4798,2.826416,13.948
4798,0,1.424435,0.471255,19.480362,0.917217,4799,2.904236,13.369
4799,1,1.407193,0.575670,19.442067,0.916657,4800,2.904236,13.316
4800,2,1.567410,0.662323,19.283920,0.916638,4801,2.847656,18.747
4801,2,1.791986,0.680038,19.152166,0.917171,4802,2.916016,13.411
4802,1,1.492026,0.690185,19.185789,0.916537,4803,2.890564,13.401
4803,0,1.226487,0.447216,19.118505,0.916812,4804,2.904236,13.379
4804,0,1.652308,0.595101,19.191107,0.917115,4805,2.826416,13.413
4805,1,1.509673,0.560051,19.195334,0.917645,4806,2.841980,41.804
4806,1,1.541530,0.682730,19.042070,0.916745,4807,2.933472,13.490
4807,2,1.770109,0.575309,19.041350,0.917017,4808,2.878784,13.301
4808,3,1.434546,0.615305,19.017359,0.918056,4809,2.799072,13.248
4809,2,1.609412,0.568369,18.984710,0.917144,4810,2.904236,13.333
4810,0,1.910870,0.410785,19.177125,0.917252,4811,2.919800,45.792
4811,2,1.682606,0.623315,19.157204,0.916428,4812,2.857544,13.655
4812,1,1.578219,0.584352,18.953484,0.917162,4813,2.812744,13.818
4813,1,1.386013,0.653461,19.134613,0.916957,4814,2.917908,14.138
4814,3,1.588163,0.610805,19.279238,0.916510,4815,2.904236,14.009
4815,2,1.655783,0.565123,19.191744,0.915451,4816,2.876892,51.403
4816,1,1.609059,0.561801,19.397977,0.917055,4817,2.875000,14.180
4817,0,1.347593,0.542663,19.462250,0.917446,4818,2.919800,13.345
4818,0,1.581442,0.623837,19.567607,0.917381,4819,2.904236,13.300
4819,2,1.339616,0.474331,19.712914,0.917332,4820,2.904236,49.800
4820,0,1.679535,0.430284,19.800995,0.916596,4821,2.863220,13.262
4821,3,1.296844,0.645566,19.695525,0.916909,4822,2.916016,13.351
4822,1,1.479702,0.567588,19.717813,0.917230,4823,2.906128,13.914
4823,2,1.565596,0.730070,19.428695,0.916095,4824,2.919800,13.648
4824,3,1.262855,0.540794,19.452802,0.917351,4825,2.826416,50.161
4825,2,1.513040,0.660780,19.278592,0.916732,4826,2.919800,13.892
4826,3,1.797523,0.565818,18.954526,0.917048,4827,2.933472,13.593
4827,1,1.643793,0.463878,18.972627,0.916473,4828,2.800964,13.701
4828,3,1.111895,0.651363,18.923781,0.916787,4829,2.799072,13.692
4829,0,1.678113,0.553406,19.140292,0.917118,4830,2.904236,50.488
4830,3,1.494841,0.458110,19.197162,0.917131,4831,2.919800,14.608
4831,2,1.471312,0.596178,19.133229,0.917387,4832,2.857544,13.779
4832,3,1.533545,0.450986,19.415531,0.917330,4833,2.812744,13.788
4833,1,1.717267,0.502556,19.522279,0.917309,4834,2.917908,50.366
4834,1,1.391697,0.527586,19.496945,0.916653,4835,2.904236,13.837
4835,0,1.532685,0.537855,19.822965,0.917300,4836,2.876892,13.753
4836,0,1.414787,0.407772,20.091405,0.917675,4837,2.875000,13.769
4837,1,1.665225,0.706775,19.914364,0.917782,4838,2.919800,13.650
4838,1,1.601977,0.516996,19.873913,0.917336,4839,2.904236,50.335
4839,3,1.810905,0.462353,19.610741,0.917616,4840,2.904236,13.366
4840,1,1.449556,0.602029,19.493234,0.916962,4841,2.863220,13.448
4841,2,1.233070,0.591315,19.534917,0.915776,4842,2.931580,13.389
4842,0,1.394546,0.682569,19.457304,0.917426,4843,2.906128,50.032
4843,1,1.415809,0.620181,19.520562,0.916495,4844,2.857544,13.477
4844,1,1.422195,0.669158,19.621805,0.917511,4845,2.857544,13.375
4845,2,1.201631,0.638381,19.539119,0.917720,4846,2.906128,13.624
4846,3,1.665443,0.539067,19.311854,0.917516,4847,2.814636,13.446
4847,0,1.333695,0.607311,19.613965,0.917012,4848,2.826416,49.989
4848,2,1.303208,0.660849,19.750527,0.917621,4849,2.861328,13.378
4849,1,1.874491,0.478608,19.632724,0.917563,4850,2.904236,13.378
4850,2,1.379357,0.613292,19.609325,0.917269,4851,2.841980,13.449
4851,3,1.618034,0.472080,19.582201,0.917849,4852,2.857544,13.396
4852,1,1.635615,0.712698,19.556335,0.916372,4853,2.906128,49.945
4853,3,1.505754,0.577973,19.661574,0.916576,4854,2.949036,13.457
4854,2,1.728969,0.628322,19.439277,0.917051,4855,2.826416,13.492
4855,1,1.454571,0.561758,19.824084,0.916316,4856,2.799072,13.432
4856,1,1.434159,0.602469,19.622941,0.917611,4857,2.890564,13.478
4857,2,1.186166,0.582698,19.582021,0.917106,4858,2.904236,13.488
4858,2,1.523479,0.484748,19.960257,0.917142,4859,2.841980,13.440
4859,1,1.567399,0.542676,19.804004,0.917212,4860,2.857544,13.421
4860,0,1.549990,0.532064,19.920328,0.917247,4861,2.878784,13.436
4861,2,1.614563,0.523487,20.082138,0.918062,4862,2.947144,49.944
4862,3,1.273312,0.514770,20.181007,0.915933,4863,2.812744,13.375
4863,1,1.512699,0.674623,20.383683,0.916445,4864,2.826416,13.666
4864,2,1.374026,0.589007,20.296625,0.916541,4865,2.904236,13.405
4865,1,1.631880,0.689574,20.512338,0.917539,4866,2.904236,13.413
4866,1,1.468484,0.502043,20.649032,0.917505,4867,2.902344,45.953
4867,1,1.345429,0.474455,20.511687,0.916539,4868,2.832092,13.368
4868,1,1.572608,0.619739,20.130464,0.916896,4869,2.876892,13.724
4869,1,1.556458,0.527067,20.318502,0.917541,4870,2.888672,13.380
4870,0,1.331221,0.579746,20.623069,0.916626,4871,2.904236,13.409
4871,3,1.401429,0.610037,20.850985,0.916733,4872,2.904236,50.397
4872,2,1.828290,0.494934,20.984876,0.916848,4873,2.906128,14.285
4873,3,1.752963,0.615947,21.056031,0.916652,4874,2.917908,13.797
4874,2,1.493318,0.706005,20.688223,0.916568,4875,2.841980,13.849
4875,0,1.790866,0.632038,20.743374,0.915450,4876,2.830200,13.355
4876,2,1.175485,0.661247,20.686255,0.917095,4877,2.906128,44.737
4877,2,1.528895,0.716134,20.887838,0.916848,4878,2.919800,13.540
4878,3,1.606156,0.442265,21.307522,0.916413,4879,2.826416,13.497
4879,1,1.323804,0.519128,21.231024,0.917320,4880,2.826416,14.110
4880,1,1.722080,0.530174,21.170710,0.917637,4881,2.863220,49.956
4881,1,1.786558,0.673445,21.060528,0.916109,4882,2.931580,13.836
4882,0,1.037034,0.704109,21.032989,0.917741,4883,2.875000,13.684
4883,3,1.435535,0.566255,20.914251,0.917365,4884,2.873108,13.809
4884,3,1.296012,0.543876,20.665015,0.917698,4885,2.904236,13.755
4885,1,1.592332,0.698649,20.361109,0.916548,4886,2.888672,50.530
4886,1,1.448623,0.545242,20.524096,0.915895,4887,2.840088,13.709
4887,1,1.781427,0.619395,20.537217,0.916519,4888,2.800964,13.734
4888,0,1.336716,0.566269,20.562826,0.916906,4889,2.892456,13.609
4889,2,1.704811,0.632195,20.686366,0.916438,4890,2.919800,50.316
4890,1,1.500378,0.667086,20.542755,0.916983,4891,2.826416,13.755
4891,2,1.550898,0.563007,20.713898,0.917413,4892,2.826416,13.731
4892,1,1.444165,0.659872,20.617835,0.917414,4893,2.875000,13.711
4893,0,1.176343,0.651026,20.507297,0.916524,4894,2.933472,13.717
4894,3,1.647431,0.532493,20.255360,0.917084,4895,2.888672,50.164
4895,3,1.447368,0.431373,19.841660,0.917122,4896,2.814636,13.684
4896,1,1.281033,0.579952,19.891604,0.917133,4897,2.890564,13.698
4897,3,1.587604,0.613693,19.715076,0.916187,4898,2.904236,13.386
4898,3,1.357279,0.634383,19.776196,0.918267,4899,2.904236,13.393
4899,0,1.222320,0.600290,19.780613,0.917179,4900,2.904236,50.010
4900,2,1.483859,0.553805,19.536252,0.916793,4901,2.878784,13.521
4901,0,1.424452,0.601241,19.746800,0.917456,4902,2.931580,13.970
4902,3,1.480876,0.536217,19.989315,0.916722,4903,2.828308,13.377
4903,2,1.639818,0.661644,19.940405,0.915894,4904,2.857544,13.430
4904,2,1.652157,0.524664,19.881177,0.916507,4905,2.919800,13.483
4905,1,1.509935,0.782563,19.797014,0.917054,4906,2.919800,13.559
4906,2,1.558713,0.631319,19.758657,0.917130,4907,2.840088,13.448
4907,1,1.956987,0.580993,19.891123,0.916727,4908,2.785400,42.580
4908,0,1.912865,0.673790,19.910229,0.917044,4909,2.876892,13.398
4909,3,1.649907,0.524790,19.876192,0.917926,4910,2.904236,13.509
4910,1,1.601388,0.553927,19.872790,0.916239,4911,2.888672,13.497
4911,3,1.434925,0.570890,19.874504,0.916924,4912,2.873108,13.414
4912,1,1.647656,0.451365,19.812810,0.917603,4913,2.890564,42.017
4913,1,0.999896,0.648185,20.004302,0.916490,4914,2.902344,13.338
4914,3,1.600156,0.490838,20.162801,0.916845,4915,2.904236,13.435
4915,3,1.658736,0.536637,20.226216,0.917346,4916,2.876892,13.635
4916,3,1.698060,0.582736,20.388038,0.917579,4917,2.906128,13.503
4917,3,1.611723,0.620010,20.429138,0.917129,4918,2.904236,49.900
4918,1,1.646599,0.529598,20.431551,0.915517,4919,2.919800,13.349
4919,3,1.507957,0.555395,20.281050,0.917100,4920,2.919800,14.026
4920,2,1.435807,0.621174,20.407552,0.917067,4921,2.832092,13.330
4921,0,1.485479,0.530045,20.360534,0.916857,4922,2.947144,13.606
4922,0,1.855602,0.671431,20.504898,0.915600,4923,2.890564,47.767
4923,2,1.491026,0.633780,20.665131,0.916632,4924,2.904236,14.469
4924,1,1.502197,0.551533,20.677081,0.917367,4925,2.904236,13.391
4925,2,1.414596,0.540696,20.406075,0.917702,4926,2.904236,14.403
4926,3,1.602853,0.557799,20.311922,0.917382,4927,2.933472,46.055
4927,3,1.838750,0.721286,20.271826,0.917012,4928,2.863220,13.435
4928,3,1.508041,0.507598,20.302328,0.917074,4929,2.876892,13.463
4929,0,1.712526,0.597584,19.899770,0.917573,4930,2.904236,13.375
4930,2,1.331173,0.644115,20.100281,0.916979,4931,2.826416,13.447
4931,1,1.569126,0.629494,20.188341,0.917104,4932,2.841980,13.428
4932,1,1.213505,0.573087,20.091484,0.917800,4933,2.906128,13.556
4933,2,1.096893,0.558577,20.067833,0.917637,4934,2.933472,13.481
4934,3,0.901645,0.506426,20.130659,0.917191,4935,2.826416,13.589
4935,2,1.493758,0.586779,20.055819,0.916218,4936,2.799072,13.495
4936,1,1.478842,0.536852,20.077586,0.917706,4937,2.875000,45.989
4937,1,1.502564,0.636366,19.831878,0.916932,4938,2.919800,13.703
4938,2,1.519220,0.549057,19.557162,0.917950,4939,2.888672,13.733
4939,3,1.537259,0.466126,19.659704,0.917035,4940,2.841980,13.694
4940,1,1.428611,0.489282,19.704834,0.917317,4941,2.863220,13.710
4941,2,1.809246,0.510731,19.899639,0.917346,4942,2.931580,50.743
4942,1,1.273817,0.555750,19.921713,0.916756,4943,2.890564,13.756
4943,3,1.559827,0.660553,20.002121,0.916249,4944,2.904236,13.658
4944,0,1.298483,0.571106,20.219777,0.916609,4945,2.919800,13.687
4945,3,1.511280,0.618077,20.149296,0.916420,4946,2.888672,13.715
4946,3,1.233331,0.530009,20.058446,0.917427,4947,2.840088,46.266
4947,3,1.432546,0.502913,20.137039,0.917079,4948,2.800964,13.727
4948,1,1.272027,0.579768,20.166344,0.916872,4949,2.892456,13.767
4949,3,1.592961,0.586431,20.065725,0.917295,4950,2.919800,13.753
4950,1,1.597841,0.551195,20.294991,0.917218,4951,2.826416,13.801
4951,1,1.612144,0.559394,20.354621,0.917054,4952,2.826416,13.656
4952,0,1.203222,0.533199,20.238751,0.917310,4953,2.875000,13.733
4953,0,1.617751,0.672324,20.261201,0.917043,4954,2.933472,13.606
4954,2,1.508777,0.555142,20.216458,0.916560,4955,2.888672,13.570
4955,2,1.419500,0.559754,20.003905,0.915160,4956,2.814636,46.417
4956,2,1.528943,0.529237,19.861742,0.916563,4957,2.890564,13.919
4957,1,1.558672,0.619935,20.200770,0.917674,4958,2.904236,13.432
4958,3,2.052198,0.666388,20.114938,0.916560,4959,2.904236,13.464
4959,1,1.502064,0.513382,20.031287,0.916826,4960,2.904236,13.491
4960,3,1.671138,0.584937,19.919310,0.917445,4961,2.878784,45.900
4961,0,1.579349,0.524328,20.213702,0.917336,4962,2.916016,13.670
4962,2,1.667378,0.754845,20.026362,0.916655,4963,2.906128,13.365
4963,0,1.543904,0.624284,19.988916,0.916643,4964,2.826416,13.445
4964,0,1.288666,0.624541,19.797362,0.916577,4965,2.919800,13.463
4965,1,1.602387,0.581524,19.708325,0.917012,4966,2.919800,45.930
4966,1,1.344149,0.575952,19.619080,0.916974,4967,2.855652,13.654
4967,2,1.328510,0.628019,19.600812,0.916647,4968,2.785400,13.471
4968,2,1.334827,0.638788,19.814128,0.917633,4969,2.876892,13.524
4969,1,1.651447,0.652790,19.943233,0.918097,4970,2.919800,13.403
4970,2,0.972868,0.568762,20.152638,0.916637,4971,2.857544,46.197
4971,3,1.573751,0.544527,20.024074,0.916780,4972,2.826416,13.395
4972,0,1.239124,0.594993,19.951332,0.916857,4973,2.890564,13.525
4973,0,1.602761,0.499678,19.845595,0.917401,4974,2.947144,13.503
4974,2,1.606794,0.561327,19.876896,0.915838,4975,2.859436,13.460
4975,2,1.346364,0.769776,20.010763,0.916873,4976,2.919800,41.973
4976,1,1.498094,0.611254,19.787114,0.916917,4977,2.875000,13.468
4977,2,1.585047,0.604750,19.822207,0.916574,4978,2.917908,13.687
4978,2,1.443523,0.529350,19.888810,0.917252,4979,2.841980,13.401
4979,3,1.449170,0.521991,19.845479,0.917827,4980,2.857544,13.498
4980,0,1.445636,0.511660,19.876766,0.917696,4981,2.878784,49.874
4981,0,1.798587,0.582223,19.630607,0.917209,4982,2.947144,13.665
4982,3,1.780486,0.571073,19.318265,0.916926,4983,2.812744,13.420
4983,1,1.446698,0.638485,19.510542,0.915992,4984,2.826416,13.472
4984,1,1.677877,0.503757,19.367022,0.916449,4985,2.904236,13.551
4985,0,1.552296,0.547936,19.287308,0.916927,4986,2.904236,45.943
4986,2,1.476096,0.525417,19.344715,0.917583,4987,2.902344,14.120
4987,3,1.259168,0.522561,19.482238,0.917549,4988,2.832092,13.848
4988,1,1.768563,0.587795,19.575146,0.917459,4989,2.876892,14.207
4989,3,1.447901,0.593594,19.610934,0.918442,4990,2.888672,14.439
4990,2,1.567699,0.469281,19.640397,0.916912,4991,2.826416,48.181
4991,3,1.453455,0.533032,19.555039,0.916812,4992,2.841980,13.474
4992,0,1.338307,0.564071,19.646611,0.917235,4993,2.906128,13.423
4993,1,1.331279,0.535293,19.651605,0.916164,4994,2.933472,13.460
4994,2,1.192342,0.699085,19.732567,0.917627,4995,2.826416,46.830
4995,1,1.673850,0.496121,19.844859,0.917097,4996,2.799072,14.163
4996,2,1.202256,0.539655,19.854588,0.917868,4997,2.875000,14.329
4997,3,1.585220,0.677400,19.778069,0.916741,4998,2.919800,14.041
4998,1,1.730913,0.562253,19.671745,0.916842,4999,2.888672,53.914
4999,2,1.204042,0.652541,19.767056,0.917734,5000,2.841980,32.671
