step,action_discrete,action_vec_norm,free_energy,prediction_error,confidence,obs_norm,pos_before,pos_after,wrapped,text_preview
0,13,1.241719,0.001074,0.201569,0.897336,0.186413,0,128,0,er a free-energy-min
1,5,1.507099,0.001120,0.211057,0.916815,0.195890,128,256,0,"ned embeddings, no t"
2,0,1.546284,0.001047,0.204006,0.916665,0.192597,256,384,0,Active inference pro
3,15,1.447758,0.001622,0.253521,0.917454,0.237833,384,512,0,"ree energy, which is"
4,14,1.675780,0.001725,0.261881,0.917864,0.248914,512,640,0,ergy reflects how pr
5,3,1.302348,0.001513,0.256438,0.917170,0.236386,640,768,0,"ext, free energy sho"
6,0,1.811425,0.000662,0.189274,0.917273,0.165020,768,896,0,d with an informatio
7,15,1.634318,0.001222,0.239811,0.917380,0.217769,896,1024,0,ssages or re-read pa
8,10,1.593950,0.001241,0.247127,0.917387,0.222530,1024,1152,0,phase comes next. T
9,7,1.625274,0.000701,0.207033,0.917103,0.179216,1152,1280,0,h character blocks i
10,1,2.036839,0.000913,0.229268,0.917344,0.200901,1280,1408,0,tor using a random p
11,15,1.887441,0.001745,0.293593,0.917550,0.263143,1408,1536,0,text loop focuses o
12,1,1.729666,0.000607,0.205068,0.917156,0.169394,1536,1664,0,"If it remains flat,"
13,1,1.445481,0.000738,0.223592,0.917596,0.184100,1664,1792,0,gnostic signals. A s
14,3,1.766167,0.000949,0.242057,0.917550,0.200430,1792,1920,0,rror. Cognitive emer
15,11,1.380859,0.000748,0.227923,0.917420,0.188672,1920,2048,0,whether a free-ener
16,9,1.855212,0.000798,0.234132,0.917166,0.194097,2048,2176,0,retrained embeddings
17,3,1.357968,0.000750,0.229964,0.916882,0.192752,2176,2304,0,atch. Active inferen
18,10,1.833422,0.001193,0.270120,0.917317,0.231309,2304,2432,0,"mise free energy, wh"
19,11,1.142105,0.001363,0.287858,0.917829,0.248006,2432,2560,0,ree energy reflects
20,4,1.098334,0.001252,0.287341,0.917133,0.240073,2560,2688,0,"the text, free ener"
21,1,2.009869,0.000555,0.229421,0.917151,0.170735,2688,2816,0,xtended with an info
22,15,1.854373,0.001004,0.268099,0.917902,0.219011,2816,2944,0,iar passages or re-r
23,14,2.019686,0.000979,0.273995,0.917103,0.218552,2944,3072,0,eading phase comes n
24,14,1.567747,0.000524,0.235991,0.917163,0.180657,3072,3200,0,-length character bl
25,1,1.715898,0.000650,0.252924,0.917410,0.194453,3200,3328,0,on vector using a ra
26,1,1.784218,0.001488,0.319662,0.917395,0.262342,3328,3456,0,of the text loop foc
27,9,1.825397,0.000518,0.236486,0.917144,0.169433,3456,3584,0,text. If it remains
28,1,1.619813,0.000633,0.249616,0.916820,0.185869,3584,3712,0,al diagnostic signal
29,2,2.001076,0.000748,0.266175,0.917737,0.192127,3712,3840,0,tion error. Cognitiv
30,4,1.671352,0.000692,0.260837,0.917609,0.197040,3840,3968,0,tests whether a fre
31,1,1.541417,0.000692,0.259591,0.916802,0.194548,3968,4096,0,s no pretrained embe
32,8,1.722105,0.000669,0.260440,0.916727,0.199042,4096,4224,0,om scratch. Active i
33,8,1.290952,0.000861,0.279605,0.917350,0.212722,4224,4352,0,o minimise free ener
34,15,1.771324,0.001344,0.321267,0.917306,0.260843,4352,4480,0,the free energy ref
35,2,1.084477,0.001035,0.306946,0.917762,0.231827,4480,4608,0,"ics of the text, fre"
36,0,2.208747,0.000549,0.263766,0.916928,0.181195,4608,4736,0,was extended with a
37,7,2.125056,0.000830,0.281973,0.917236,0.212515,4736,4864,0,nfamiliar passages o
38,4,1.256715,0.000858,0.297653,0.917078,0.217535,4864,4992,0,tive reading phase c
39,13,1.456223,0.000469,0.259272,0.916689,0.183160,4992,5120,0,fixed-length charac
40,11,1.740617,0.000622,0.282448,0.917683,0.201111,5120,5248,0,ervation vector usin
41,10,1.677352,0.001187,0.329462,0.917500,0.248801,5248,5376,0,ation of the text lo
42,9,1.777511,0.000495,0.264659,0.916932,0.177647,5376,5504,0,of the text. If it r
43,14,1.343538,0.000536,0.264047,0.916799,0.179660,5504,5632,0,ditional diagnostic
44,3,2.058856,0.000663,0.286001,0.917618,0.189174,5632,5760,0,prediction error. Co
45,7,1.619521,0.000592,0.279717,0.917570,0.191817,5760,5888,0,roject tests whether
46,3,1.146073,0.000653,0.281805,0.916790,0.199703,5888,6016,0,del has no pretraine
47,13,1.918912,0.000588,0.279262,0.916914,0.197463,6016,6144,0,put from scratch. Ac
48,3,2.171624,0.000800,0.298520,0.917248,0.213189,6144,6272,0,s it to minimise fre
49,13,1.733538,0.001255,0.341204,0.917257,0.262808,6272,6400,0,"cters, the free ener"
50,4,1.479610,0.000946,0.321673,0.917745,0.229475,6400,6528,0,tatistics of the tex
51,9,1.540741,0.000475,0.278812,0.917033,0.178498,6528,6656,0,model was extended
52,1,1.402163,0.000851,0.305342,0.917143,0.217662,6656,6784,0,seek unfamiliar pass
53,9,1.078026,0.000783,0.314838,0.917069,0.217235,6784,6912,0,the active reading p
54,4,1.538705,0.000493,0.281704,0.916692,0.192507,6912,7040,0,reads fixed-length
55,14,1.222726,0.000516,0.293440,0.917563,0.194987,7040,7168,0,im observation vecto
56,4,1.675512,0.001149,0.350076,0.917235,0.253256,7168,7296,0,Evaluation of the t
57,5,1.492871,0.000432,0.276500,0.917344,0.172094,7296,7424,0,stics of the text. I
58,12,1.363080,0.000498,0.278845,0.916531,0.179100,7424,7552,0,ide additional diagn
59,5,1.151415,0.000616,0.299413,0.917797,0.187934,7552,7680,0,unded prediction err
60,0,1.472453,0.000551,0.295547,0.918039,0.191912,7680,7808,0,odel project tests w
61,5,1.820152,0.000561,0.294222,0.917081,0.187979,7808,7936,0,The model has no pre
62,1,1.581362,0.000576,0.295742,0.918124,0.189204,7936,64,1,a self-organising s
63,11,1.434458,0.000621,0.296531,0.917187,0.208369,64,192,0,ts from raw pixel or
64,3,1.441345,0.000623,0.305313,0.917539,0.198672,192,320,0,must discover the s
65,3,1.357355,0.000613,0.295740,0.917240,0.194020,320,448,0,maintains a belief
66,1,1.329658,0.001009,0.338973,0.917414,0.249400,448,576,0,belief. When the age
67,9,1.652435,0.001307,0.366178,0.917147,0.268694,576,704,0,en the belief state.
68,5,1.337245,0.000450,0.290439,0.917595,0.179710,704,832,0,out informative obs
69,10,1.519437,0.000596,0.311805,0.917319,0.200233,832,960,0,"t reading, curiosity"
70,4,1.751188,0.000739,0.317371,0.917332,0.211605,960,1088,0,This phase lays the
71,9,1.456430,0.000441,0.296314,0.917355,0.186874,1088,1216,0,tracked view over a
72,10,1.332959,0.000433,0.302404,0.917374,0.190318,1216,1344,0,read. The encoder ma
73,15,1.602108,0.001193,0.367334,0.917286,0.264284,1344,1472,0,he same block always
74,15,1.670267,0.000737,0.324917,0.916974,0.217013,1472,1600,0,"ses over time, the m"
75,11,1.660906,0.000478,0.272821,0.916853,0.160017,1600,1728,0,"rror, confidence, an"
76,6,1.536847,0.000586,0.318322,0.917696,0.193984,1728,1856,0,ree-energy curve wit
77,14,1.427496,0.000588,0.309896,0.917594,0.192042,1856,1984,0,ure in a self-organi
78,1,1.628580,0.000536,0.302057,0.917183,0.200019,1984,2112,0,concepts from raw pi
79,10,1.777727,0.000621,0.319973,0.917556,0.202474,2112,2240,0,el. It must discover
80,9,1.563660,0.000598,0.309138,0.917279,0.196872,2240,2368,0,agent maintains a b
81,2,1.444851,0.000986,0.348704,0.917446,0.253164,2368,2496,0,n its belief. When t
82,10,1.214881,0.001121,0.365111,0.917001,0.254857,2496,2624,0,is given the belief
83,10,1.174788,0.000450,0.303516,0.918059,0.182596,2624,2752,0,o seek out informati
84,0,1.391483,0.000596,0.324684,0.917448,0.203082,2752,2880,0,"or text reading, cur"
85,13,1.516772,0.000736,0.330492,0.917347,0.217321,2880,3008,0,rror. This phase lay
86,4,1.484236,0.000382,0.303343,0.917443,0.178985,3008,3136,0,ition-tracked view o
87,0,1.529848,0.000407,0.311697,0.917444,0.189282,3136,3264,0,at is read. The enco
88,11,1.736162,0.001095,0.369159,0.917277,0.259252,3264,3392,0,ams. The same block
89,14,1.900729,0.000737,0.337079,0.916834,0.222350,3392,3520,0,"decreases over time,"
90,9,1.671958,0.000444,0.284773,0.916567,0.159172,3520,3648,0,"tion error, confiden"
91,1,1.591905,0.000548,0.322821,0.917692,0.189341,3648,3776,0,ding free-energy cur
92,8,1.351981,0.000598,0.320938,0.917617,0.197382,3776,3904,0,structure in a self-
93,9,1.727781,0.000458,0.303827,0.917288,0.190890,3904,4032,0,istic concepts from
94,4,1.526597,0.000599,0.329148,0.917501,0.202291,4032,4160,0,ge model. It must di
95,12,1.733718,0.000545,0.313836,0.917066,0.196163,4160,4288,0,n. The agent maintai
96,14,1.816103,0.001002,0.359929,0.917439,0.254989,4288,4416,0,s given its belief.
97,9,1.504926,0.001009,0.366136,0.917313,0.249817,4416,4544,0,block is given the b
98,14,1.668227,0.000478,0.318118,0.917253,0.189828,4544,4672,0,rive to seek out inf
99,2,1.789242,0.000545,0.327640,0.917370,0.198245,4672,4800,0,ion. For text readin
100,3,1.233089,0.000752,0.342363,0.917055,0.219685,4800,4928,0,tion error. This pha
101,1,1.345892,0.000404,0.314927,0.917691,0.184667,4928,5056,0,"c, position-tracked"
102,4,1.749938,0.000364,0.313052,0.917411,0.186602,5056,5184,0,ing what is read. Th
103,5,1.634882,0.000973,0.367719,0.917364,0.249994,5184,5312,0,istograms. The same
104,5,1.544837,0.000759,0.348591,0.916969,0.227980,5312,5440,0,curve decreases over
105,14,1.927468,0.000444,0.290793,0.916748,0.154743,5440,5568,0,"prediction error, co"
106,1,1.260553,0.000555,0.331033,0.917405,0.192938,5568,5696,0,d-trending free-ener
107,14,1.675859,0.000587,0.328576,0.917580,0.200565,5696,5824,0,on of structure in a
108,9,1.329507,0.000434,0.310666,0.917085,0.188066,5824,5952,0,-linguistic concepts
109,15,1.745132,0.000612,0.336482,0.917760,0.205536,5952,6080,0,language model. It m
110,3,1.659569,0.000529,0.318365,0.917600,0.196460,6080,6208,0,ndation. The agent m
111,9,1.985215,0.000872,0.357552,0.917564,0.243630,6208,6336,0,vations given its be
112,10,1.637444,0.000951,0.369538,0.917581,0.245984,6336,6464,0,acter block is given
113,14,1.433139,0.000463,0.320968,0.916752,0.190720,6464,6592,0,the drive to seek o
114,5,1.298343,0.000581,0.339380,0.917149,0.206858,6592,6720,0,selection. For text
115,0,1.523853,0.000783,0.353712,0.917465,0.227595,6720,6848,0,prediction error. Th
116,3,1.232652,0.000370,0.315093,0.917352,0.175305,6848,6976,0,"inistic, position-tr"
117,5,1.445951,0.000354,0.315988,0.917134,0.183127,6976,7104,0,fluencing what is re
118,5,1.545326,0.000909,0.369968,0.917731,0.245710,7104,7232,0,cter histograms. The
119,8,1.405028,0.000776,0.354298,0.916904,0.230768,7232,7360,0,f the curve decrease
120,9,1.360961,0.000429,0.303304,0.916579,0.159630,7360,7488,0,. The prediction err
121,3,1.883907,0.000529,0.331085,0.917217,0.191692,7488,7616,0,ownward-trending fre
122,15,1.644545,0.000526,0.328918,0.918154,0.194109,7616,7744,0,ormation of structur
123,15,1.460507,0.000425,0.315684,0.917260,0.187340,7744,7872,0,rm pre-linguistic co
124,8,1.506226,0.000639,0.342110,0.917832,0.205664,7872,0,1,Cognitive emergence
125,4,1.346022,0.000455,0.320403,0.917772,0.186413,0,128,0,er a free-energy-min
126,1,1.381410,0.000498,0.320292,0.916848,0.195890,128,256,0,"ned embeddings, no t"
127,5,1.382198,0.000498,0.323908,0.916814,0.192597,256,384,0,Active inference pro
128,6,1.290052,0.000847,0.359304,0.917379,0.237833,384,512,0,"ree energy, which is"
129,0,1.353772,0.000916,0.370031,0.917073,0.248914,512,640,0,ergy reflects how pr
130,12,1.595120,0.000849,0.368876,0.917252,0.236386,640,768,0,"ext, free energy sho"
131,12,1.110318,0.000367,0.312761,0.917346,0.165020,768,896,0,d with an informatio
132,8,1.434630,0.000704,0.345713,0.917078,0.217769,896,1024,0,ssages or re-read pa
133,14,1.313612,0.000710,0.356387,0.917166,0.222530,1024,1152,0,phase comes next. T
134,13,1.734519,0.000315,0.311864,0.916613,0.179216,1152,1280,0,h character blocks i
135,2,1.737403,0.000449,0.332207,0.917456,0.200901,1280,1408,0,tor using a random p
136,0,1.646848,0.001127,0.393738,0.917559,0.263143,1408,1536,0,text loop focuses o
137,15,1.437517,0.000457,0.307887,0.916880,0.169394,1536,1664,0,"If it remains flat,"
138,0,1.831835,0.000482,0.320413,0.916856,0.184100,1664,1792,0,gnostic signals. A s
139,4,0.989143,0.000609,0.344681,0.917627,0.200430,1792,1920,0,rror. Cognitive emer
140,6,1.179423,0.000428,0.322740,0.917736,0.188672,1920,2048,0,whether a free-ener
141,13,1.449823,0.000501,0.326060,0.916998,0.194097,2048,2176,0,retrained embeddings
142,0,1.459181,0.000463,0.325291,0.916834,0.192752,2176,2304,0,atch. Active inferen
143,0,1.221011,0.000779,0.355781,0.917157,0.231309,2304,2432,0,"mise free energy, wh"
144,5,1.899828,0.000906,0.375291,0.917315,0.248006,2432,2560,0,ree energy reflects
145,3,1.626830,0.000853,0.373586,0.917404,0.240073,2560,2688,0,"the text, free ener"
146,3,1.551174,0.000387,0.322232,0.917486,0.170735,2688,2816,0,xtended with an info
147,3,1.607998,0.000702,0.348974,0.917249,0.219011,2816,2944,0,iar passages or re-r
148,15,1.321159,0.000687,0.356321,0.917071,0.218552,2944,3072,0,eading phase comes n
149,0,1.390025,0.000313,0.314243,0.916992,0.180657,3072,3200,0,-length character bl
150,12,1.098643,0.000404,0.332153,0.917989,0.194453,3200,3328,0,on vector using a ra
151,6,1.601534,0.001103,0.395558,0.917730,0.262342,3328,3456,0,of the text loop foc
152,15,1.946710,0.000420,0.314664,0.917124,0.169433,3456,3584,0,text. If it remains
153,12,1.655341,0.000483,0.320088,0.916955,0.185869,3584,3712,0,al diagnostic signal
154,7,1.585373,0.000555,0.344270,0.917620,0.192127,3712,3840,0,tion error. Cognitiv
155,5,1.405744,0.000473,0.332274,0.917485,0.197040,3840,3968,0,tests whether a fre
156,10,1.592813,0.000513,0.328567,0.917016,0.194548,3968,4096,0,s no pretrained embe
157,10,1.527743,0.000473,0.330853,0.916879,0.199042,4096,4224,0,om scratch. Active i
158,3,1.415258,0.000630,0.346868,0.917367,0.212722,4224,4352,0,o minimise free ener
159,4,1.537084,0.001024,0.385841,0.917213,0.260843,4352,4480,0,the free energy ref
160,1,1.553577,0.000790,0.372792,0.917290,0.231827,4480,4608,0,"ics of the text, fre"
161,4,1.395631,0.000420,0.331326,0.917188,0.181195,4608,4736,0,was extended with a
162,1,1.654765,0.000649,0.341857,0.917123,0.212515,4736,4864,0,nfamiliar passages o
163,6,1.515883,0.000661,0.359820,0.916959,0.217535,4864,4992,0,tive reading phase c
164,6,1.638390,0.000339,0.316511,0.916713,0.183160,4992,5120,0,fixed-length charac
165,2,1.417797,0.000455,0.341443,0.917380,0.201111,5120,5248,0,ervation vector usin
166,7,1.304011,0.000948,0.387265,0.917279,0.248801,5248,5376,0,ation of the text lo
167,10,1.046881,0.000403,0.322198,0.917090,0.177647,5376,5504,0,of the text. If it r
168,4,1.352097,0.000449,0.317712,0.916813,0.179660,5504,5632,0,ditional diagnostic
169,1,1.539089,0.000539,0.343904,0.917759,0.189174,5632,5760,0,prediction error. Co
170,6,1.430110,0.000452,0.334634,0.917752,0.191817,5760,5888,0,roject tests whether
171,9,1.247413,0.000524,0.332591,0.916742,0.199703,5888,6016,0,del has no pretraine
172,12,1.563535,0.000457,0.331807,0.917307,0.197463,6016,6144,0,put from scratch. Ac
173,15,1.472683,0.000643,0.349815,0.917280,0.213189,6144,6272,0,s it to minimise fre
174,8,1.488064,0.001031,0.388660,0.917311,0.262808,6272,6400,0,"cters, the free ener"
175,0,1.521673,0.000780,0.371963,0.917411,0.229475,6400,6528,0,tatistics of the tex
176,11,1.740878,0.000396,0.329064,0.916955,0.178498,6528,6656,0,model was extended
177,14,1.626583,0.000721,0.349927,0.917295,0.217662,6656,6784,0,seek unfamiliar pass
178,12,1.447639,0.000643,0.361874,0.917530,0.217235,6784,6912,0,the active reading p
179,12,1.165576,0.000398,0.323493,0.917019,0.192507,6912,7040,0,reads fixed-length
180,2,1.746077,0.000409,0.338024,0.917621,0.194987,7040,7168,0,im observation vecto
181,4,1.556478,0.000978,0.392895,0.917780,0.253256,7168,7296,0,Evaluation of the t
182,10,1.171639,0.000369,0.320828,0.917084,0.172094,7296,7424,0,stics of the text. I
183,4,1.428492,0.000437,0.319334,0.916608,0.179100,7424,7552,0,ide additional diagn
184,15,1.637636,0.000531,0.342337,0.917715,0.187934,7552,7680,0,unded prediction err
185,10,1.582800,0.000456,0.336686,0.917739,0.191912,7680,7808,0,odel project tests w
186,0,1.496888,0.000480,0.334483,0.917007,0.187979,7808,7936,0,The model has no pre
187,3,1.481206,0.000490,0.336063,0.917726,0.189204,7936,64,1,a self-organising s
188,0,1.223862,0.000528,0.330876,0.916495,0.208369,64,192,0,ts from raw pixel or
189,0,1.895657,0.000528,0.344988,0.917430,0.198672,192,320,0,must discover the s
190,12,1.336711,0.000529,0.334147,0.917203,0.194020,320,448,0,maintains a belief
191,9,1.811060,0.000869,0.372516,0.917214,0.249400,448,576,0,belief. When the age
192,11,1.364681,0.001157,0.400891,0.917222,0.268694,576,704,0,en the belief state.
193,12,1.599674,0.000391,0.327385,0.916842,0.179710,704,832,0,out informative obs
194,1,1.310229,0.000520,0.344791,0.917460,0.200233,832,960,0,"t reading, curiosity"
195,6,1.408343,0.000646,0.351809,0.917240,0.211605,960,1088,0,This phase lays the
196,13,1.693191,0.000375,0.328796,0.917093,0.186874,1088,1216,0,tracked view over a
197,0,1.335814,0.000371,0.333608,0.917305,0.190318,1216,1344,0,read. The encoder ma
198,12,1.860116,0.001070,0.397038,0.917611,0.264284,1344,1472,0,he same block always
199,4,1.535213,0.000650,0.356675,0.916929,0.217013,1472,1600,0,"ses over time, the m"
200,15,0.770731,0.000473,0.301831,0.917060,0.160017,1600,1728,0,"rror, confidence, an"
201,1,1.770090,0.000520,0.349326,0.917773,0.193984,1728,1856,0,ree-energy curve wit
202,7,1.326293,0.000523,0.340041,0.917815,0.192042,1856,1984,0,ure in a self-organi
203,13,1.473323,0.000476,0.328199,0.916921,0.200019,1984,2112,0,concepts from raw pi
204,15,1.669746,0.000549,0.349879,0.917431,0.202474,2112,2240,0,el. It must discover
205,2,1.489108,0.000533,0.338115,0.917075,0.196872,2240,2368,0,agent maintains a b
206,13,1.084103,0.000884,0.373697,0.917122,0.253164,2368,2496,0,n its belief. When t
207,9,1.770061,0.001019,0.392006,0.917249,0.254857,2496,2624,0,is given the belief
208,14,1.450276,0.000403,0.331315,0.917112,0.182596,2624,2752,0,o seek out informati
209,7,1.764058,0.000537,0.349898,0.917341,0.203082,2752,2880,0,"or text reading, cur"
210,11,1.737016,0.000662,0.355874,0.917113,0.217321,2880,3008,0,rror. This phase lay
211,15,1.427614,0.000340,0.328316,0.917272,0.178985,3008,3136,0,ition-tracked view o
212,10,1.529961,0.000363,0.335623,0.917678,0.189282,3136,3264,0,at is read. The enco
213,4,1.975014,0.001009,0.391716,0.917453,0.259252,3264,3392,0,ams. The same block
214,11,1.371892,0.000668,0.360508,0.916834,0.222350,3392,3520,0,"decreases over time,"
215,4,1.358650,0.000438,0.307292,0.916718,0.159172,3520,3648,0,"tion error, confiden"
216,15,1.478246,0.000504,0.346047,0.917260,0.189341,3648,3776,0,ding free-energy cur
217,4,1.256785,0.000548,0.343520,0.917755,0.197382,3776,3904,0,structure in a self-
218,13,1.347902,0.000417,0.324270,0.916922,0.190890,3904,4032,0,istic concepts from
219,6,1.351491,0.000547,0.351789,0.917333,0.202291,4032,4160,0,ge model. It must di
220,9,1.407169,0.000496,0.335669,0.917104,0.196163,4160,4288,0,n. The agent maintai
221,6,1.246791,0.000925,0.379095,0.917268,0.254989,4288,4416,0,s given its belief.
222,15,1.517523,0.000935,0.386408,0.917265,0.249817,4416,4544,0,block is given the b
223,7,1.604811,0.000438,0.339167,0.916940,0.189828,4544,4672,0,rive to seek out inf
224,12,1.600794,0.000505,0.346731,0.917179,0.198245,4672,4800,0,ion. For text readin
225,9,1.373969,0.000695,0.361962,0.917272,0.219685,4800,4928,0,tion error. This pha
226,7,1.542123,0.000373,0.333480,0.917203,0.184667,4928,5056,0,"c, position-tracked"
227,0,1.305001,0.000332,0.331116,0.917363,0.186602,5056,5184,0,ing what is read. Th
228,15,1.468127,0.000912,0.385220,0.917350,0.249994,5184,5312,0,istograms. The same
229,15,1.680259,0.000705,0.366293,0.917055,0.227980,5312,5440,0,curve decreases over
230,13,1.575108,0.000440,0.308206,0.916904,0.154743,5440,5568,0,"prediction error, co"
231,5,1.183996,0.000521,0.348436,0.917772,0.192938,5568,5696,0,d-trending free-ener
232,8,1.653656,0.000549,0.345659,0.917657,0.200565,5696,5824,0,on of structure in a
233,6,1.475169,0.000405,0.326346,0.917023,0.188066,5824,5952,0,-linguistic concepts
234,10,1.382336,0.000572,0.353532,0.917583,0.205536,5952,6080,0,language model. It m
235,13,1.379981,0.000494,0.334869,0.916944,0.196460,6080,6208,0,ndation. The agent m
236,13,1.649533,0.000818,0.372511,0.917401,0.243630,6208,6336,0,vations given its be
237,4,1.583683,0.000896,0.385058,0.917311,0.245984,6336,6464,0,acter block is given
238,2,1.765739,0.000434,0.336819,0.917275,0.190720,6464,6592,0,the drive to seek o
239,6,1.652547,0.000546,0.353909,0.917429,0.206858,6592,6720,0,selection. For text
240,11,1.585129,0.000738,0.368188,0.917186,0.227595,6720,6848,0,prediction error. Th
241,7,1.358053,0.000350,0.329648,0.917322,0.175305,6848,6976,0,"inistic, position-tr"
242,3,1.191679,0.000332,0.329755,0.917072,0.183127,6976,7104,0,fluencing what is re
243,11,1.432243,0.000864,0.383358,0.917846,0.245710,7104,7232,0,cter histograms. The
244,2,1.483791,0.000735,0.367806,0.917031,0.230768,7232,7360,0,f the curve decrease
245,5,1.159454,0.000422,0.316645,0.916917,0.159630,7360,7488,0,. The prediction err
246,2,1.675197,0.000504,0.344193,0.917193,0.191692,7488,7616,0,ownward-trending fre
247,0,1.490887,0.000499,0.342175,0.917494,0.194109,7616,7744,0,ormation of structur
248,10,1.116367,0.000402,0.327689,0.917187,0.187340,7744,7872,0,rm pre-linguistic co
249,12,1.201273,0.000609,0.355234,0.917478,0.205664,7872,0,1,Cognitive emergence
250,4,1.522660,0.000433,0.332464,0.917986,0.186413,0,128,0,er a free-energy-min
251,0,1.322262,0.000472,0.331985,0.916784,0.195890,128,256,0,"ned embeddings, no t"
252,3,1.458027,0.000474,0.336302,0.916883,0.192597,256,384,0,Active inference pro
253,8,1.640034,0.000808,0.370496,0.917160,0.237833,384,512,0,"ree energy, which is"
254,8,1.162784,0.000876,0.381409,0.917501,0.248914,512,640,0,ergy reflects how pr
255,15,1.726738,0.000813,0.379819,0.917013,0.236386,640,768,0,"ext, free energy sho"
256,14,1.654997,0.000355,0.324562,0.917448,0.165020,768,896,0,d with an informatio
257,9,1.330868,0.000677,0.356081,0.917333,0.217769,896,1024,0,ssages or re-read pa
258,8,1.301588,0.000681,0.366709,0.917240,0.222530,1024,1152,0,phase comes next. T
259,15,1.192495,0.000299,0.322070,0.917226,0.179216,1152,1280,0,h character blocks i
260,5,1.386455,0.000428,0.342339,0.917254,0.200901,1280,1408,0,tor using a random p
261,2,1.789967,0.001089,0.403518,0.917470,0.263143,1408,1536,0,text loop focuses o
262,4,1.622153,0.000450,0.317659,0.917277,0.169394,1536,1664,0,"If it remains flat,"
263,2,1.615554,0.000467,0.329765,0.917080,0.184100,1664,1792,0,gnostic signals. A s
264,2,1.273213,0.000588,0.354613,0.917757,0.200430,1792,1920,0,rror. Cognitive emer
265,12,1.580554,0.000410,0.331986,0.917313,0.188672,1920,2048,0,whether a free-ener
266,0,1.662000,0.000482,0.335042,0.917051,0.194097,2048,2176,0,retrained embeddings
267,10,1.556315,0.000445,0.334742,0.916682,0.192752,2176,2304,0,atch. Active inferen
268,6,1.548001,0.000751,0.364454,0.917350,0.231309,2304,2432,0,"mise free energy, wh"
269,5,1.424393,0.000875,0.383879,0.917174,0.248006,2432,2560,0,ree energy reflects
270,10,1.430357,0.000825,0.382018,0.917137,0.240073,2560,2688,0,"the text, free ener"
271,7,1.271921,0.000376,0.331254,0.917270,0.170735,2688,2816,0,xtended with an info
272,2,1.381634,0.000681,0.356865,0.917023,0.219011,2816,2944,0,iar passages or re-r
273,12,1.346786,0.000666,0.364215,0.916997,0.218552,2944,3072,0,eading phase comes n
274,2,1.503486,0.000300,0.322022,0.916955,0.180657,3072,3200,0,-length character bl
275,0,1.504997,0.000389,0.339922,0.917392,0.194453,3200,3328,0,on vector using a ra
276,10,1.841964,0.001075,0.403021,0.917448,0.262342,3328,3456,0,of the text loop foc
277,4,1.309257,0.000413,0.322380,0.917304,0.169433,3456,3584,0,text. If it remains
278,12,1.554465,0.000471,0.327027,0.916708,0.185869,3584,3712,0,al diagnostic signal
279,8,1.752319,0.000541,0.351959,0.917910,0.192127,3712,3840,0,tion error. Cognitiv
280,6,1.897155,0.000457,0.339361,0.917352,0.197040,3840,3968,0,tests whether a fre
281,12,1.238367,0.000498,0.335480,0.916894,0.194548,3968,4096,0,s no pretrained embe
282,3,1.429361,0.000458,0.337940,0.917051,0.199042,4096,4224,0,om scratch. Active i
283,13,1.548480,0.000612,0.353722,0.917286,0.212722,4224,4352,0,o minimise free ener
284,6,1.322696,0.000999,0.392294,0.917122,0.260843,4352,4480,0,the free energy ref
285,13,1.320198,0.000770,0.379392,0.917622,0.231827,4480,4608,0,"ics of the text, fre"
286,5,1.746300,0.000409,0.338170,0.917202,0.181195,4608,4736,0,was extended with a
287,11,1.450603,0.000634,0.347836,0.916957,0.212515,4736,4864,0,nfamiliar passages o
288,10,1.462948,0.000645,0.365970,0.917198,0.217535,4864,4992,0,tive reading phase c
289,14,1.415687,0.000329,0.322397,0.916860,0.183160,4992,5120,0,fixed-length charac
290,14,1.460298,0.000443,0.347358,0.917620,0.201111,5120,5248,0,ervation vector usin
291,7,1.575920,0.000927,0.393073,0.917635,0.248801,5248,5376,0,ation of the text lo
292,4,1.536906,0.000395,0.328077,0.917197,0.177647,5376,5504,0,of the text. If it r
293,1,1.608722,0.000441,0.323159,0.916618,0.179660,5504,5632,0,ditional diagnostic
294,1,1.779382,0.000529,0.349798,0.917825,0.189174,5632,5760,0,prediction error. Co
295,1,1.723779,0.000440,0.340200,0.917691,0.191817,5760,5888,0,roject tests whether
296,12,1.452911,0.000512,0.337747,0.916773,0.199703,5888,6016,0,del has no pretraine
297,7,1.778772,0.000446,0.337211,0.916830,0.197463,6016,6144,0,put from scratch. Ac
298,5,1.405529,0.000628,0.355228,0.917355,0.213189,6144,6272,0,s it to minimise fre
299,15,1.771593,0.001011,0.393456,0.917468,0.262808,6272,6400,0,"cters, the free ener"
300,7,1.517784,0.000764,0.377177,0.917667,0.229475,6400,6528,0,tatistics of the tex
301,8,1.489768,0.000388,0.334314,0.917462,0.178498,6528,6656,0,model was extended
302,9,1.441083,0.000709,0.354479,0.917087,0.217662,6656,6784,0,seek unfamiliar pass
303,3,1.253862,0.000630,0.366679,0.917199,0.217235,6784,6912,0,the active reading p
304,3,1.188409,0.000390,0.327851,0.916585,0.192507,6912,7040,0,reads fixed-length
305,7,1.749905,0.000400,0.342633,0.917607,0.194987,7040,7168,0,im observation vecto
306,15,1.198917,0.000963,0.397293,0.917352,0.253256,7168,7296,0,Evaluation of the t
307,10,1.892556,0.000362,0.325507,0.917041,0.172094,7296,7424,0,stics of the text. I
308,8,1.401533,0.000431,0.323530,0.916710,0.179100,7424,7552,0,ide additional diagn
309,7,1.500175,0.000523,0.346840,0.917563,0.187934,7552,7680,0,unded prediction err
310,6,1.786873,0.000447,0.340934,0.917716,0.191912,7680,7808,0,odel project tests w
311,2,1.574482,0.000472,0.338663,0.917154,0.187979,7808,7936,0,The model has no pre
312,10,1.350046,0.000482,0.340249,0.917524,0.189204,7936,64,1,a self-organising s
313,7,1.600660,0.000519,0.334424,0.916565,0.208369,64,192,0,ts from raw pixel or
314,6,1.373767,0.000519,0.349195,0.917541,0.198672,192,320,0,must discover the s
315,7,1.736022,0.000520,0.338357,0.917485,0.194020,320,448,0,maintains a belief
316,5,1.507593,0.000856,0.375987,0.917671,0.249400,448,576,0,belief. When the age
317,5,1.352949,0.001142,0.404520,0.917239,0.268694,576,704,0,en the belief state.
318,13,1.372703,0.000385,0.331359,0.917070,0.179710,704,832,0,out informative obs
319,6,1.421288,0.000513,0.348277,0.917184,0.200233,832,960,0,"t reading, curiosity"
320,4,2.017312,0.000636,0.355431,0.917163,0.211605,960,1088,0,This phase lays the
321,9,1.770344,0.000368,0.332288,0.917023,0.186874,1088,1216,0,tracked view over a
322,14,1.688794,0.000365,0.336909,0.917288,0.190318,1216,1344,0,read. The encoder ma
323,7,1.716330,0.001058,0.400141,0.917577,0.264284,1344,1472,0,he same block always
324,1,1.662004,0.000641,0.360096,0.917467,0.217013,1472,1600,0,"ses over time, the m"
325,2,1.568331,0.000472,0.304990,0.917162,0.160017,1600,1728,0,"rror, confidence, an"
326,1,1.127714,0.000514,0.352596,0.917949,0.193984,1728,1856,0,ree-energy curve wit
327,0,1.822534,0.000517,0.343270,0.917554,0.192042,1856,1984,0,ure in a self-organi
328,3,1.480552,0.000470,0.330934,0.916712,0.200019,1984,2112,0,concepts from raw pi
329,3,1.416482,0.000542,0.353110,0.917422,0.202474,2112,2240,0,el. It must discover
330,13,1.350256,0.000526,0.341340,0.917139,0.196872,2240,2368,0,agent maintains a b
331,5,1.544790,0.000874,0.376307,0.917261,0.253164,2368,2496,0,n its belief. When t
332,11,1.707595,0.001008,0.394912,0.917154,0.254857,2496,2624,0,is given the belief
333,5,1.654581,0.000398,0.334357,0.917087,0.182596,2624,2752,0,o seek out informati
334,10,1.974541,0.000531,0.352610,0.917461,0.203082,2752,2880,0,"or text reading, cur"
335,3,1.238444,0.000654,0.358604,0.917210,0.217321,2880,3008,0,rror. This phase lay
336,13,1.155225,0.000336,0.331050,0.917105,0.178985,3008,3136,0,ition-tracked view o
337,14,1.490199,0.000359,0.338209,0.917347,0.189282,3136,3264,0,at is read. The enco
338,15,1.566451,0.001000,0.394150,0.917230,0.259252,3264,3392,0,ams. The same block
339,13,1.700788,0.000661,0.363052,0.916932,0.222350,3392,3520,0,"decreases over time,"
340,1,1.566579,0.000437,0.309765,0.916679,0.159172,3520,3648,0,"tion error, confiden"
341,12,1.345250,0.000499,0.348568,0.918026,0.189341,3648,3776,0,ding free-energy cur
342,0,1.630114,0.000542,0.345972,0.917468,0.197382,3776,3904,0,structure in a self-
343,12,1.540751,0.000413,0.326455,0.917190,0.190890,3904,4032,0,istic concepts from
344,14,1.710288,0.000541,0.354281,0.917619,0.202291,4032,4160,0,ge model. It must di
345,12,1.403755,0.000490,0.338140,0.917382,0.196163,4160,4288,0,n. The agent maintai
346,11,1.886769,0.000917,0.381134,0.917317,0.254989,4288,4416,0,s given its belief.
347,9,1.514223,0.000927,0.388637,0.917153,0.249817,4416,4544,0,block is given the b
348,7,1.677328,0.000433,0.341502,0.916955,0.189828,4544,4672,0,rive to seek out inf
349,12,1.763359,0.000501,0.348843,0.917122,0.198245,4672,4800,0,ion. For text readin
350,2,1.355400,0.000689,0.364109,0.917182,0.219685,4800,4928,0,tion error. This pha
351,8,1.195521,0.000370,0.335522,0.917235,0.184667,4928,5056,0,"c, position-tracked"
352,1,1.804214,0.000329,0.333123,0.917323,0.186602,5056,5184,0,ing what is read. Th
353,10,1.430366,0.000905,0.387150,0.917330,0.249994,5184,5312,0,istograms. The same
354,4,1.643465,0.000698,0.368260,0.916716,0.227980,5312,5440,0,curve decreases over
355,2,1.357484,0.000439,0.310165,0.916645,0.154743,5440,5568,0,"prediction error, co"
356,6,1.647279,0.000517,0.350332,0.917248,0.192938,5568,5696,0,d-trending free-ener
357,8,1.667242,0.000544,0.347553,0.917616,0.200565,5696,5824,0,on of structure in a
358,14,1.572594,0.000402,0.328059,0.917220,0.188066,5824,5952,0,-linguistic concepts
359,5,1.561364,0.000567,0.355441,0.917741,0.205536,5952,6080,0,language model. It m
360,12,1.316098,0.000489,0.336766,0.916921,0.196460,6080,6208,0,ndation. The agent m
361,8,1.331267,0.000812,0.374138,0.917446,0.243630,6208,6336,0,vations given its be
362,10,1.613197,0.000890,0.386782,0.917168,0.245984,6336,6464,0,acter block is given
363,8,1.833955,0.000430,0.338636,0.917315,0.190720,6464,6592,0,the drive to seek o
364,2,1.590351,0.000542,0.355533,0.917203,0.206858,6592,6720,0,selection. For text
365,10,1.474885,0.000733,0.369784,0.917370,0.227595,6720,6848,0,prediction error. Th
366,12,1.758081,0.000348,0.331299,0.917537,0.175305,6848,6976,0,"inistic, position-tr"
367,7,1.556621,0.000330,0.331310,0.917238,0.183127,6976,7104,0,fluencing what is re
368,0,1.573950,0.000859,0.384847,0.918000,0.245710,7104,7232,0,cter histograms. The
369,8,1.748968,0.000730,0.369331,0.916989,0.230768,7232,7360,0,f the curve decrease
370,7,1.364832,0.000421,0.318172,0.916751,0.159630,7360,7488,0,. The prediction err
371,7,1.535206,0.000502,0.345650,0.917496,0.191692,7488,7616,0,ownward-trending fre
372,3,1.526641,0.000496,0.343672,0.917686,0.194109,7616,7744,0,ormation of structur
373,6,1.528973,0.000400,0.329031,0.917230,0.187340,7744,7872,0,rm pre-linguistic co
374,14,1.711930,0.000605,0.356722,0.917574,0.205664,7872,0,1,Cognitive emergence
375,3,1.223531,0.000431,0.333820,0.917590,0.186413,0,128,0,er a free-energy-min
376,10,1.644586,0.000469,0.333311,0.916683,0.195890,128,256,0,"ned embeddings, no t"
377,9,1.331458,0.000471,0.337721,0.916720,0.192597,256,384,0,Active inference pro
378,10,1.507000,0.000804,0.371767,0.917191,0.237833,384,512,0,"ree energy, which is"
379,14,1.559546,0.000871,0.382682,0.917316,0.248914,512,640,0,ergy reflects how pr
380,1,1.497931,0.000809,0.381062,0.916996,0.236386,640,768,0,"ext, free energy sho"
381,10,1.580688,0.000353,0.325954,0.917314,0.165020,768,896,0,d with an informatio
382,3,1.426559,0.000673,0.357243,0.917372,0.217769,896,1024,0,ssages or re-read pa
383,2,1.325170,0.000678,0.367878,0.917321,0.222530,1024,1152,0,phase comes next. T
384,2,1.776555,0.000297,0.323258,0.917174,0.179216,1152,1280,0,h character blocks i
385,15,1.806129,0.000425,0.343495,0.917341,0.200901,1280,1408,0,tor using a random p
386,4,1.520146,0.001085,0.404624,0.917478,0.263143,1408,1536,0,text loop focuses o
387,14,1.525749,0.000449,0.318802,0.916957,0.169394,1536,1664,0,"If it remains flat,"
388,10,1.671294,0.000465,0.330826,0.917044,0.184100,1664,1792,0,gnostic signals. A s
389,3,1.604581,0.000586,0.355755,0.917584,0.200430,1792,1920,0,rror. Cognitive emer
390,14,1.437118,0.000408,0.333054,0.917291,0.188672,1920,2048,0,whether a free-ener
391,11,1.611594,0.000480,0.336069,0.917036,0.194097,2048,2176,0,retrained embeddings
392,12,1.247052,0.000443,0.335838,0.916810,0.192752,2176,2304,0,atch. Active inferen
393,3,1.305322,0.000748,0.365471,0.917300,0.231309,2304,2432,0,"mise free energy, wh"
394,9,1.409851,0.000871,0.384839,0.917483,0.248006,2432,2560,0,ree energy reflects
395,6,1.753006,0.000821,0.382999,0.917233,0.240073,2560,2688,0,"the text, free ener"
396,6,1.780208,0.000374,0.332329,0.916963,0.170735,2688,2816,0,xtended with an info
397,3,1.714794,0.000679,0.357763,0.917149,0.219011,2816,2944,0,iar passages or re-r
398,15,1.450276,0.000663,0.365128,0.916865,0.218552,2944,3072,0,eading phase comes n
399,15,1.494324,0.000299,0.322939,0.917286,0.180657,3072,3200,0,-length character bl
400,4,1.567003,0.000387,0.340816,0.917483,0.194453,3200,3328,0,on vector using a ra
401,0,1.954105,0.001071,0.403876,0.917541,0.262342,3328,3456,0,of the text loop foc
402,9,1.397505,0.000412,0.323300,0.917044,0.169433,3456,3584,0,text. If it remains
403,9,1.135430,0.000470,0.327824,0.916591,0.185869,3584,3712,0,al diagnostic signal
404,3,1.536442,0.000539,0.352860,0.917677,0.192127,3712,3840,0,tion error. Cognitiv
405,5,1.069860,0.000455,0.340186,0.917582,0.197040,3840,3968,0,tests whether a fre
406,12,1.331230,0.000496,0.336282,0.916969,0.194548,3968,4096,0,s no pretrained embe
407,6,1.601927,0.000456,0.338766,0.917257,0.199042,4096,4224,0,om scratch. Active i
408,5,1.790541,0.000609,0.354542,0.917329,0.212722,4224,4352,0,o minimise free ener
409,12,1.382247,0.000995,0.393024,0.917756,0.260843,4352,4480,0,the free energy ref
410,1,1.584390,0.000767,0.380174,0.917700,0.231827,4480,4608,0,"ics of the text, fre"
411,0,1.564901,0.000408,0.338999,0.917220,0.181195,4608,4736,0,was extended with a
412,6,1.747312,0.000632,0.348525,0.917207,0.212515,4736,4864,0,nfamiliar passages o
413,8,1.486728,0.000643,0.366689,0.917188,0.217535,4864,4992,0,tive reading phase c
414,4,1.877031,0.000328,0.323112,0.916667,0.183160,4992,5120,0,fixed-length charac
415,10,1.662197,0.000441,0.348046,0.917620,0.201111,5120,5248,0,ervation vector usin
416,15,1.474079,0.000925,0.393747,0.917510,0.248801,5248,5376,0,ation of the text lo
417,3,1.553358,0.000394,0.328787,0.916961,0.177647,5376,5504,0,of the text. If it r
418,2,2.148579,0.000440,0.323801,0.916519,0.179660,5504,5632,0,ditional diagnostic
419,1,1.474712,0.000527,0.350502,0.917751,0.189174,5632,5760,0,prediction error. Co
420,2,1.346719,0.000439,0.340853,0.917582,0.191817,5760,5888,0,roject tests whether
421,3,1.719752,0.000511,0.338347,0.916660,0.199703,5888,6016,0,del has no pretraine
422,9,1.682656,0.000445,0.337848,0.917458,0.197463,6016,6144,0,put from scratch. Ac
423,0,1.963090,0.000626,0.355895,0.917619,0.213189,6144,6272,0,s it to minimise fre
424,15,1.591850,0.001008,0.394000,0.917448,0.262808,6272,6400,0,"cters, the free ener"
425,7,1.028517,0.000762,0.377803,0.917821,0.229475,6400,6528,0,tatistics of the tex
426,0,1.692425,0.000387,0.334963,0.916847,0.178498,6528,6656,0,model was extended
427,0,1.708639,0.000707,0.355011,0.917230,0.217662,6656,6784,0,seek unfamiliar pass
428,9,1.431144,0.000628,0.367249,0.917233,0.217235,6784,6912,0,the active reading p
429,10,1.680739,0.000389,0.328380,0.916852,0.192507,6912,7040,0,reads fixed-length
430,13,1.698578,0.000398,0.343182,0.917692,0.194987,7040,7168,0,im observation vecto
431,9,1.552537,0.000961,0.397808,0.917089,0.253256,7168,7296,0,Evaluation of the t
432,9,1.637402,0.000362,0.326082,0.917478,0.172094,7296,7424,0,stics of the text. I
433,2,1.527878,0.000431,0.324034,0.916593,0.179100,7424,7552,0,ide additional diagn
434,9,1.756993,0.000522,0.347386,0.917803,0.187934,7552,7680,0,unded prediction err
435,15,1.348781,0.000446,0.341434,0.917561,0.191912,7680,7808,0,odel project tests w
436,7,1.598691,0.000471,0.339161,0.917229,0.187979,7808,7936,0,The model has no pre
437,8,1.508444,0.000480,0.340746,0.917742,0.189204,7936,64,1,a self-organising s
438,7,1.323961,0.000518,0.334842,0.916766,0.208369,64,192,0,ts from raw pixel or
439,4,1.599741,0.000518,0.349703,0.917742,0.198672,192,320,0,must discover the s
440,9,1.452411,0.000519,0.338891,0.917173,0.194020,320,448,0,maintains a belief
441,14,1.602332,0.000854,0.376388,0.917160,0.249400,448,576,0,belief. When the age
442,7,1.485195,0.001140,0.404948,0.917208,0.268694,576,704,0,en the belief state.
443,1,1.492027,0.000384,0.331856,0.917148,0.179710,704,832,0,out informative obs
444,12,1.460584,0.000512,0.348699,0.917270,0.200233,832,960,0,"t reading, curiosity"
445,5,1.610591,0.000635,0.355865,0.917308,0.211605,960,1088,0,This phase lays the
446,2,1.271175,0.000367,0.332724,0.917061,0.186874,1088,1216,0,tracked view over a
447,13,1.667981,0.000364,0.337311,0.917375,0.190318,1216,1344,0,read. The encoder ma
448,10,1.616664,0.001057,0.400502,0.917639,0.264284,1344,1472,0,he same block always
449,10,1.401007,0.000639,0.360518,0.916996,0.217013,1472,1600,0,"ses over time, the m"
450,7,1.824163,0.000472,0.305389,0.916698,0.160017,1600,1728,0,"rror, confidence, an"
451,9,1.507039,0.000513,0.352985,0.917581,0.193984,1728,1856,0,ree-energy curve wit
452,12,1.827934,0.000516,0.343664,0.917497,0.192042,1856,1984,0,ure in a self-organi
453,10,1.518114,0.000469,0.331258,0.916662,0.200019,1984,2112,0,concepts from raw pi
454,3,1.306770,0.000541,0.353504,0.917289,0.202474,2112,2240,0,el. It must discover
455,14,1.696919,0.000525,0.341752,0.917424,0.196872,2240,2368,0,agent maintains a b
456,12,1.375782,0.000873,0.376607,0.917283,0.253164,2368,2496,0,n its belief. When t
457,5,1.163159,0.001006,0.395269,0.917206,0.254857,2496,2624,0,is given the belief
458,12,1.404587,0.000397,0.334740,0.917180,0.182596,2624,2752,0,o seek out informati
459,11,1.380035,0.000530,0.352942,0.917342,0.203082,2752,2880,0,"or text reading, cur"
460,10,2.033572,0.000653,0.358937,0.917186,0.217321,2880,3008,0,rror. This phase lay
461,2,1.824448,0.000335,0.331396,0.917233,0.178985,3008,3136,0,ition-tracked view o
462,7,1.566040,0.000358,0.338529,0.917554,0.189282,3136,3264,0,at is read. The enco
463,1,1.351498,0.000998,0.394443,0.917539,0.259252,3264,3392,0,ams. The same block
464,7,1.540293,0.000660,0.363366,0.916949,0.222350,3392,3520,0,"decreases over time,"
465,11,1.398068,0.000437,0.310077,0.916698,0.159172,3520,3648,0,"tion error, confiden"
466,7,1.250701,0.000499,0.348878,0.917170,0.189341,3648,3776,0,ding free-energy cur
467,13,1.900919,0.000541,0.346271,0.917630,0.197382,3776,3904,0,structure in a self-
468,3,1.482571,0.000412,0.326717,0.917023,0.190890,3904,4032,0,istic concepts from
469,0,1.634645,0.000541,0.354589,0.917636,0.202291,4032,4160,0,ge model. It must di
470,3,1.576404,0.000490,0.338458,0.917049,0.196163,4160,4288,0,n. The agent maintai
471,1,1.232779,0.000916,0.381374,0.917312,0.254989,4288,4416,0,s given its belief.
472,7,1.418293,0.000926,0.388913,0.917215,0.249817,4416,4544,0,block is given the b
473,15,1.125843,0.000432,0.341797,0.917216,0.189828,4544,4672,0,rive to seek out inf
474,2,1.243335,0.000500,0.349110,0.917110,0.198245,4672,4800,0,ion. For text readin
475,12,1.437241,0.000688,0.364375,0.917094,0.219685,4800,4928,0,tion error. This pha
476,0,1.240674,0.000369,0.335779,0.917320,0.184667,4928,5056,0,"c, position-tracked"
477,5,1.381916,0.000328,0.333378,0.917327,0.186602,5056,5184,0,ing what is read. Th
478,1,1.136608,0.000904,0.387386,0.917418,0.249994,5184,5312,0,istograms. The same
479,9,1.238225,0.000697,0.368507,0.916896,0.227980,5312,5440,0,curve decreases over
480,8,1.679609,0.000439,0.310418,0.916782,0.154743,5440,5568,0,"prediction error, co"
481,3,1.741689,0.000517,0.350562,0.917302,0.192938,5568,5696,0,d-trending free-ener
482,0,1.450649,0.000544,0.347788,0.917769,0.200565,5696,5824,0,on of structure in a
483,12,1.573108,0.000401,0.328269,0.917120,0.188066,5824,5952,0,-linguistic concepts
484,11,1.578262,0.000566,0.355678,0.917375,0.205536,5952,6080,0,language model. It m
485,5,1.451571,0.000489,0.337014,0.916796,0.196460,6080,6208,0,ndation. The agent m
486,3,1.494204,0.000811,0.374334,0.917215,0.243630,6208,6336,0,vations given its be
487,1,1.486800,0.000889,0.386995,0.917454,0.245984,6336,6464,0,acter block is given
488,5,1.497940,0.000429,0.338873,0.916647,0.190720,6464,6592,0,the drive to seek o
489,14,1.356342,0.000541,0.355738,0.917205,0.206858,6592,6720,0,selection. For text
490,15,1.799672,0.000732,0.369982,0.917210,0.227595,6720,6848,0,prediction error. Th
491,9,1.595091,0.000348,0.331513,0.917339,0.175305,6848,6976,0,"inistic, position-tr"
492,5,1.965566,0.000329,0.331510,0.917679,0.183127,6976,7104,0,fluencing what is re
493,0,1.523279,0.000858,0.385030,0.917537,0.245710,7104,7232,0,cter histograms. The
494,6,1.493154,0.000729,0.369524,0.917580,0.230768,7232,7360,0,f the curve decrease
495,10,1.945716,0.000420,0.318372,0.916752,0.159630,7360,7488,0,. The prediction err
496,14,1.303949,0.000501,0.345830,0.917438,0.191692,7488,7616,0,ownward-trending fre
497,9,1.407917,0.000495,0.343861,0.917713,0.194109,7616,7744,0,ormation of structur
498,4,1.442669,0.000399,0.329199,0.917108,0.187340,7744,7872,0,rm pre-linguistic co
499,0,1.590132,0.000604,0.356910,0.917449,0.205664,7872,0,1,Cognitive emergence
500,8,1.689519,0.000430,0.333990,0.917561,0.186413,0,128,0,er a free-energy-min
501,14,1.463367,0.000468,0.333478,0.916868,0.195890,128,256,0,"ned embeddings, no t"
502,11,1.720717,0.000470,0.337903,0.916930,0.192597,256,384,0,Active inference pro
503,10,1.101484,0.000803,0.371929,0.917338,0.237833,384,512,0,"ree energy, which is"
504,15,1.535227,0.000870,0.382838,0.917128,0.248914,512,640,0,ergy reflects how pr
505,15,1.522005,0.000809,0.381220,0.917289,0.236386,640,768,0,"ext, free energy sho"
506,6,1.524274,0.000353,0.326141,0.917268,0.165020,768,896,0,d with an informatio
507,10,1.455723,0.000673,0.357390,0.917128,0.217769,896,1024,0,ssages or re-read pa
508,4,1.404399,0.000677,0.368027,0.917052,0.222530,1024,1152,0,phase comes next. T
509,14,1.560752,0.000297,0.323418,0.916843,0.179216,1152,1280,0,h character blocks i
510,4,1.706123,0.000425,0.343642,0.917261,0.200901,1280,1408,0,tor using a random p
511,13,1.427117,0.001084,0.404761,0.917501,0.263143,1408,1536,0,text loop focuses o
512,10,1.429091,0.000449,0.318955,0.916848,0.169394,1536,1664,0,"If it remains flat,"
513,0,1.537345,0.000464,0.330961,0.916817,0.184100,1664,1792,0,gnostic signals. A s
514,12,1.551569,0.000585,0.355900,0.918122,0.200430,1792,1920,0,rror. Cognitive emer
515,11,1.493827,0.000408,0.333193,0.917349,0.188672,1920,2048,0,whether a free-ener
516,4,1.298594,0.000480,0.336198,0.917076,0.194097,2048,2176,0,retrained embeddings
517,12,1.306764,0.000443,0.335980,0.916818,0.192752,2176,2304,0,atch. Active inferen
518,0,1.756910,0.000747,0.365605,0.917310,0.231309,2304,2432,0,"mise free energy, wh"
519,1,1.362804,0.000871,0.384956,0.917461,0.248006,2432,2560,0,ree energy reflects
520,7,1.125517,0.000821,0.383126,0.917120,0.240073,2560,2688,0,"the text, free ener"
521,14,1.404176,0.000374,0.332474,0.917707,0.170735,2688,2816,0,xtended with an info
522,6,1.602842,0.000678,0.357879,0.917348,0.219011,2816,2944,0,iar passages or re-r
523,3,1.808496,0.000663,0.365248,0.917416,0.218552,2944,3072,0,eading phase comes n
524,10,1.733581,0.000299,0.323063,0.917128,0.180657,3072,3200,0,-length character bl
525,1,1.691899,0.000387,0.340930,0.917407,0.194453,3200,3328,0,on vector using a ra
526,14,1.431723,0.001071,0.403983,0.917331,0.262342,3328,3456,0,of the text loop foc
527,12,1.260605,0.000411,0.323425,0.917167,0.169433,3456,3584,0,text. If it remains
528,14,1.403634,0.000469,0.327928,0.916821,0.185869,3584,3712,0,al diagnostic signal
529,8,1.792449,0.000538,0.352976,0.917496,0.192127,3712,3840,0,tion error. Cognitiv
530,0,1.417250,0.000455,0.340293,0.917187,0.197040,3840,3968,0,tests whether a fre
531,10,1.419493,0.000496,0.336384,0.916741,0.194548,3968,4096,0,s no pretrained embe
532,13,1.636101,0.000456,0.338873,0.917071,0.199042,4096,4224,0,om scratch. Active i
533,8,1.738272,0.000609,0.354652,0.917473,0.212722,4224,4352,0,o minimise free ener
534,6,1.515563,0.000995,0.393113,0.917429,0.260843,4352,4480,0,the free energy ref
535,6,1.392387,0.000767,0.380277,0.917369,0.231827,4480,4608,0,"ics of the text, fre"
536,9,1.452206,0.000408,0.339113,0.917141,0.181195,4608,4736,0,was extended with a
537,6,1.313672,0.000632,0.348614,0.917320,0.212515,4736,4864,0,nfamiliar passages o
538,11,1.433129,0.000643,0.366783,0.917204,0.217535,4864,4992,0,tive reading phase c
539,8,1.375588,0.000328,0.323212,0.916829,0.183160,4992,5120,0,fixed-length charac
540,14,1.455145,0.000441,0.348134,0.917622,0.201111,5120,5248,0,ervation vector usin
541,12,1.558742,0.000925,0.393832,0.917261,0.248801,5248,5376,0,ation of the text lo
542,9,1.744545,0.000394,0.328884,0.916958,0.177647,5376,5504,0,of the text. If it r
543,7,1.433861,0.000440,0.323887,0.916573,0.179660,5504,5632,0,ditional diagnostic
544,14,1.481701,0.000527,0.350594,0.917675,0.189174,5632,5760,0,prediction error. Co
545,5,1.325691,0.000439,0.340937,0.917847,0.191817,5760,5888,0,roject tests whether
546,0,1.389490,0.000510,0.338423,0.916748,0.199703,5888,6016,0,del has no pretraine
547,6,1.341996,0.000444,0.337931,0.916870,0.197463,6016,6144,0,put from scratch. Ac
548,10,1.535832,0.000626,0.355988,0.917421,0.213189,6144,6272,0,s it to minimise fre
549,14,1.388437,0.001008,0.394067,0.917172,0.262808,6272,6400,0,"cters, the free ener"
550,1,1.604635,0.000762,0.377886,0.917342,0.229475,6400,6528,0,tatistics of the tex
551,0,1.387922,0.000387,0.335055,0.916995,0.178498,6528,6656,0,model was extended
552,11,1.669613,0.000707,0.355081,0.917342,0.217662,6656,6784,0,seek unfamiliar pass
553,8,1.594640,0.000628,0.367325,0.917050,0.217235,6784,6912,0,the active reading p
554,8,1.474439,0.000389,0.328455,0.916811,0.192507,6912,7040,0,reads fixed-length
555,9,1.370027,0.000398,0.343254,0.917431,0.194987,7040,7168,0,im observation vecto
556,5,1.621825,0.000960,0.397873,0.917103,0.253256,7168,7296,0,Evaluation of the t
557,3,1.372513,0.000361,0.326162,0.917326,0.172094,7296,7424,0,stics of the text. I
558,3,1.691857,0.000430,0.324103,0.916601,0.179100,7424,7552,0,ide additional diagn
559,11,1.670077,0.000522,0.347459,0.917506,0.187934,7552,7680,0,unded prediction err
560,12,1.605451,0.000446,0.341499,0.917844,0.191912,7680,7808,0,odel project tests w
561,12,1.664182,0.000471,0.339226,0.917213,0.187979,7808,7936,0,The model has no pre
562,3,1.396046,0.000480,0.340812,0.917757,0.189204,7936,64,1,a self-organising s
563,8,1.349981,0.000518,0.334897,0.916793,0.208369,64,192,0,ts from raw pixel or
564,13,1.605483,0.000517,0.349771,0.917478,0.198672,192,320,0,must discover the s
565,7,1.518286,0.000519,0.338968,0.917410,0.194020,320,448,0,maintains a belief
566,12,1.300895,0.000854,0.376438,0.917210,0.249400,448,576,0,belief. When the age
567,11,1.566138,0.001140,0.405003,0.917240,0.268694,576,704,0,en the belief state.
568,7,1.575413,0.000384,0.331927,0.916908,0.179710,704,832,0,out informative obs
569,4,1.797713,0.000512,0.348757,0.917201,0.200233,832,960,0,"t reading, curiosity"
570,1,1.486501,0.000635,0.355924,0.917083,0.211605,960,1088,0,This phase lays the
571,11,1.676000,0.000367,0.332787,0.917162,0.186874,1088,1216,0,tracked view over a
572,1,1.564371,0.000364,0.337367,0.917226,0.190318,1216,1344,0,read. The encoder ma
573,11,1.411351,0.001057,0.400547,0.917717,0.264284,1344,1472,0,he same block always
574,12,1.523139,0.000639,0.360577,0.916800,0.217013,1472,1600,0,"ses over time, the m"
575,8,1.483422,0.000472,0.305448,0.916931,0.160017,1600,1728,0,"rror, confidence, an"
576,7,1.339525,0.000513,0.353035,0.917429,0.193984,1728,1856,0,ree-energy curve wit
577,15,1.557174,0.000516,0.343717,0.917939,0.192042,1856,1984,0,ure in a self-organi
578,12,1.454782,0.000469,0.331300,0.916978,0.200019,1984,2112,0,concepts from raw pi
579,11,1.472678,0.000541,0.353557,0.917676,0.202474,2112,2240,0,el. It must discover
580,7,1.666700,0.000525,0.341811,0.917484,0.196872,2240,2368,0,agent maintains a b
581,8,1.396418,0.000872,0.376644,0.917094,0.253164,2368,2496,0,n its belief. When t
582,1,1.392018,0.001006,0.395317,0.917085,0.254857,2496,2624,0,is given the belief
583,11,1.238552,0.000397,0.334794,0.916919,0.182596,2624,2752,0,o seek out informati
584,15,1.643844,0.000530,0.352988,0.917448,0.203082,2752,2880,0,"or text reading, cur"
585,0,1.703650,0.000653,0.358983,0.917503,0.217321,2880,3008,0,rror. This phase lay
586,15,1.367063,0.000335,0.331446,0.917359,0.178985,3008,3136,0,ition-tracked view o
587,2,1.494302,0.000358,0.338574,0.917358,0.189282,3136,3264,0,at is read. The enco
588,11,1.544036,0.000998,0.394481,0.917336,0.259252,3264,3392,0,ams. The same block
589,11,1.253914,0.000659,0.363410,0.917078,0.222350,3392,3520,0,"decreases over time,"
590,5,1.516656,0.000437,0.310122,0.916937,0.159172,3520,3648,0,"tion error, confiden"
591,14,1.660526,0.000498,0.348920,0.917358,0.189341,3648,3776,0,ding free-energy cur
592,4,1.413087,0.000541,0.346311,0.917553,0.197382,3776,3904,0,structure in a self-
593,12,1.229797,0.000412,0.326753,0.916890,0.190890,3904,4032,0,istic concepts from
594,7,1.435096,0.000540,0.354631,0.917155,0.202291,4032,4160,0,ge model. It must di
595,13,1.184264,0.000489,0.338505,0.917297,0.196163,4160,4288,0,n. The agent maintai
596,3,1.453657,0.000916,0.381405,0.917395,0.254989,4288,4416,0,s given its belief.
597,9,1.573024,0.000925,0.388951,0.917198,0.249817,4416,4544,0,block is given the b
598,3,1.418751,0.000432,0.341839,0.917113,0.189828,4544,4672,0,rive to seek out inf
599,6,1.600106,0.000500,0.349149,0.917271,0.198245,4672,4800,0,ion. For text readin
600,0,1.357287,0.000688,0.364413,0.917228,0.219685,4800,4928,0,tion error. This pha
601,8,1.604253,0.000369,0.335816,0.917477,0.184667,4928,5056,0,"c, position-tracked"
602,14,1.114991,0.000328,0.333416,0.917223,0.186602,5056,5184,0,ing what is read. Th
603,8,1.647631,0.000904,0.387417,0.917377,0.249994,5184,5312,0,istograms. The same
604,11,1.397663,0.000697,0.368542,0.916928,0.227980,5312,5440,0,curve decreases over
605,9,1.583766,0.000439,0.310455,0.916861,0.154743,5440,5568,0,"prediction error, co"
606,10,1.641120,0.000517,0.350593,0.917658,0.192938,5568,5696,0,d-trending free-ener
607,11,1.645665,0.000544,0.347821,0.917359,0.200565,5696,5824,0,on of structure in a
608,3,1.549088,0.000401,0.328298,0.916914,0.188066,5824,5952,0,-linguistic concepts
609,9,1.571000,0.000566,0.355711,0.917247,0.205536,5952,6080,0,language model. It m
610,1,1.453129,0.000488,0.337050,0.916773,0.196460,6080,6208,0,ndation. The agent m
611,2,1.576437,0.000811,0.374360,0.917311,0.243630,6208,6336,0,vations given its be
612,8,1.550868,0.000889,0.387024,0.917429,0.245984,6336,6464,0,acter block is given
613,2,1.249966,0.000429,0.338909,0.916917,0.190720,6464,6592,0,the drive to seek o
614,5,1.369046,0.000541,0.355767,0.917284,0.206858,6592,6720,0,selection. For text
615,6,1.535195,0.000732,0.370009,0.917223,0.227595,6720,6848,0,prediction error. Th
616,4,1.480470,0.000347,0.331546,0.917302,0.175305,6848,6976,0,"inistic, position-tr"
617,14,1.448455,0.000329,0.331539,0.917031,0.183127,6976,7104,0,fluencing what is re
618,7,1.495098,0.000858,0.385054,0.917709,0.245710,7104,7232,0,cter histograms. The
619,11,1.499712,0.000729,0.369551,0.916930,0.230768,7232,7360,0,f the curve decrease
620,7,1.555977,0.000420,0.318402,0.916867,0.159630,7360,7488,0,. The prediction err
621,15,1.361102,0.000501,0.345855,0.917329,0.191692,7488,7616,0,ownward-trending fre
622,5,1.246265,0.000495,0.343887,0.917550,0.194109,7616,7744,0,ormation of structur
623,10,1.531349,0.000399,0.329223,0.917434,0.187340,7744,7872,0,rm pre-linguistic co
624,11,1.435088,0.000604,0.356936,0.917686,0.205664,7872,0,1,Cognitive emergence
625,0,1.446022,0.000430,0.334014,0.917389,0.186413,0,128,0,er a free-energy-min
626,13,1.343824,0.000468,0.333501,0.916936,0.195890,128,256,0,"ned embeddings, no t"
627,10,1.529745,0.000470,0.337930,0.916720,0.192597,256,384,0,Active inference pro
628,12,1.303493,0.000803,0.371952,0.917352,0.237833,384,512,0,"ree energy, which is"
629,14,1.571359,0.000870,0.382859,0.917376,0.248914,512,640,0,ergy reflects how pr
630,1,1.186959,0.000808,0.381242,0.917299,0.236386,640,768,0,"ext, free energy sho"
631,6,1.654718,0.000353,0.326170,0.917289,0.165020,768,896,0,d with an informatio
632,14,1.482937,0.000673,0.357411,0.917443,0.217769,896,1024,0,ssages or re-read pa
633,9,1.723009,0.000677,0.368049,0.917257,0.222530,1024,1152,0,phase comes next. T
634,1,1.446111,0.000296,0.323443,0.917047,0.179216,1152,1280,0,h character blocks i
635,12,1.533662,0.000425,0.343662,0.917419,0.200901,1280,1408,0,tor using a random p
636,2,1.531435,0.001084,0.404780,0.917407,0.263143,1408,1536,0,text loop focuses o
637,12,1.638452,0.000449,0.318979,0.917183,0.169394,1536,1664,0,"If it remains flat,"
638,0,1.401671,0.000464,0.330980,0.916949,0.184100,1664,1792,0,gnostic signals. A s
639,14,1.375453,0.000585,0.355920,0.917743,0.200430,1792,1920,0,rror. Cognitive emer
640,1,1.569738,0.000408,0.333213,0.917625,0.188672,1920,2048,0,whether a free-ener
641,6,1.518916,0.000479,0.336216,0.917170,0.194097,2048,2176,0,retrained embeddings
642,11,1.371987,0.000443,0.336001,0.916832,0.192752,2176,2304,0,atch. Active inferen
643,1,1.046792,0.000747,0.365626,0.917442,0.231309,2304,2432,0,"mise free energy, wh"
644,15,1.257667,0.000870,0.384971,0.917532,0.248006,2432,2560,0,ree energy reflects
645,7,1.568194,0.000821,0.383145,0.917461,0.240073,2560,2688,0,"the text, free ener"
646,8,1.246415,0.000374,0.332497,0.917118,0.170735,2688,2816,0,xtended with an info
647,3,1.714015,0.000678,0.357896,0.917287,0.219011,2816,2944,0,iar passages or re-r
648,3,1.112731,0.000663,0.365266,0.917141,0.218552,2944,3072,0,eading phase comes n
649,6,1.366552,0.000299,0.323083,0.917186,0.180657,3072,3200,0,-length character bl
650,1,1.434401,0.000387,0.340947,0.917827,0.194453,3200,3328,0,on vector using a ra
651,11,1.725411,0.001071,0.403998,0.917428,0.262342,3328,3456,0,of the text loop foc
652,8,1.435882,0.000411,0.323445,0.917059,0.169433,3456,3584,0,text. If it remains
653,9,1.100322,0.000469,0.327944,0.916730,0.185869,3584,3712,0,al diagnostic signal
654,13,1.348482,0.000538,0.352993,0.917890,0.192127,3712,3840,0,tion error. Cognitiv
655,13,1.468284,0.000455,0.340308,0.917636,0.197040,3840,3968,0,tests whether a fre
656,1,1.318571,0.000496,0.336399,0.916878,0.194548,3968,4096,0,s no pretrained embe
657,13,1.350210,0.000456,0.338889,0.916899,0.199042,4096,4224,0,om scratch. Active i
658,3,1.372250,0.000609,0.354670,0.917148,0.212722,4224,4352,0,o minimise free ener
659,13,1.651135,0.000995,0.393125,0.917142,0.260843,4352,4480,0,the free energy ref
660,9,1.515657,0.000767,0.380293,0.917342,0.231827,4480,4608,0,"ics of the text, fre"
661,6,1.410591,0.000408,0.339131,0.916876,0.181195,4608,4736,0,was extended with a
662,5,1.464780,0.000632,0.348628,0.917307,0.212515,4736,4864,0,nfamiliar passages o
663,11,1.556240,0.000643,0.366798,0.917180,0.217535,4864,4992,0,tive reading phase c
664,7,1.300701,0.000328,0.323229,0.916702,0.183160,4992,5120,0,fixed-length charac
665,10,2.022539,0.000441,0.348147,0.917596,0.201111,5120,5248,0,ervation vector usin
666,5,1.544217,0.000924,0.393844,0.917468,0.248801,5248,5376,0,ation of the text lo
667,7,1.405997,0.000394,0.328900,0.917104,0.177647,5376,5504,0,of the text. If it r
668,14,1.492257,0.000440,0.323901,0.916685,0.179660,5504,5632,0,ditional diagnostic
669,8,1.503305,0.000527,0.350608,0.917527,0.189174,5632,5760,0,prediction error. Co
670,12,1.736114,0.000439,0.340949,0.917702,0.191817,5760,5888,0,roject tests whether
671,2,1.425857,0.000510,0.338435,0.916971,0.199703,5888,6016,0,del has no pretraine
672,14,1.698691,0.000444,0.337944,0.916963,0.197463,6016,6144,0,put from scratch. Ac
673,11,1.307904,0.000626,0.356003,0.917404,0.213189,6144,6272,0,s it to minimise fre
674,11,1.286688,0.001008,0.394075,0.917175,0.262808,6272,6400,0,"cters, the free ener"
675,1,1.370100,0.000762,0.377899,0.917644,0.229475,6400,6528,0,tatistics of the tex
676,12,1.838093,0.000387,0.335070,0.917026,0.178498,6528,6656,0,model was extended
677,15,1.523154,0.000707,0.355092,0.917181,0.217662,6656,6784,0,seek unfamiliar pass
678,10,1.526584,0.000628,0.367337,0.917273,0.217235,6784,6912,0,the active reading p
679,4,1.492983,0.000389,0.328468,0.916702,0.192507,6912,7040,0,reads fixed-length
680,10,1.358661,0.000398,0.343266,0.917716,0.194987,7040,7168,0,im observation vecto
681,0,1.514441,0.000960,0.397882,0.917546,0.253256,7168,7296,0,Evaluation of the t
682,15,1.780468,0.000361,0.326175,0.917306,0.172094,7296,7424,0,stics of the text. I
683,14,1.750952,0.000430,0.324115,0.916787,0.179100,7424,7552,0,ide additional diagn
684,3,1.899698,0.000522,0.347470,0.917573,0.187934,7552,7680,0,unded prediction err
685,8,1.559319,0.000446,0.341508,0.917499,0.191912,7680,7808,0,odel project tests w
686,10,1.437382,0.000471,0.339236,0.917326,0.187979,7808,7936,0,The model has no pre
687,11,1.514749,0.000480,0.340822,0.917767,0.189204,7936,64,1,a self-organising s
688,15,1.571779,0.000518,0.334905,0.916666,0.208369,64,192,0,ts from raw pixel or
689,3,1.686600,0.000517,0.349781,0.917324,0.198672,192,320,0,must discover the s
690,10,1.906095,0.000519,0.338981,0.917146,0.194020,320,448,0,maintains a belief
691,6,1.659804,0.000854,0.376446,0.917297,0.249400,448,576,0,belief. When the age
692,3,1.500065,0.001140,0.405012,0.917082,0.268694,576,704,0,en the belief state.
693,9,1.399531,0.000384,0.331939,0.917075,0.179710,704,832,0,out informative obs
694,10,1.503911,0.000512,0.348766,0.917672,0.200233,832,960,0,"t reading, curiosity"
695,0,1.633165,0.000635,0.355934,0.917241,0.211605,960,1088,0,This phase lays the
696,4,1.629954,0.000367,0.332798,0.917364,0.186874,1088,1216,0,tracked view over a
697,8,1.111676,0.000364,0.337376,0.917786,0.190318,1216,1344,0,read. The encoder ma
698,5,1.614672,0.001057,0.400554,0.917399,0.264284,1344,1472,0,he same block always
699,11,1.727326,0.000639,0.360586,0.917079,0.217013,1472,1600,0,"ses over time, the m"
700,13,1.493965,0.000472,0.305459,0.916668,0.160017,1600,1728,0,"rror, confidence, an"
701,8,1.091191,0.000513,0.353042,0.917449,0.193984,1728,1856,0,ree-energy curve wit
702,9,1.111122,0.000516,0.343726,0.917587,0.192042,1856,1984,0,ure in a self-organi
703,10,1.485411,0.000469,0.331307,0.916767,0.200019,1984,2112,0,concepts from raw pi
704,0,1.310885,0.000541,0.353565,0.917408,0.202474,2112,2240,0,el. It must discover
705,9,1.144564,0.000525,0.341821,0.917164,0.196872,2240,2368,0,agent maintains a b
706,11,1.607314,0.000872,0.376650,0.917308,0.253164,2368,2496,0,n its belief. When t
707,5,1.504620,0.001006,0.395325,0.917199,0.254857,2496,2624,0,is given the belief
708,14,1.297866,0.000397,0.334804,0.916808,0.182596,2624,2752,0,o seek out informati
709,9,1.694144,0.000530,0.352996,0.917180,0.203082,2752,2880,0,"or text reading, cur"
710,14,1.600783,0.000653,0.358991,0.917086,0.217321,2880,3008,0,rror. This phase lay
711,1,1.418171,0.000335,0.331456,0.917227,0.178985,3008,3136,0,ition-tracked view o
712,10,1.334513,0.000358,0.338582,0.917444,0.189282,3136,3264,0,at is read. The enco
713,10,1.658792,0.000998,0.394487,0.917103,0.259252,3264,3392,0,ams. The same block
714,10,1.417129,0.000659,0.363417,0.917121,0.222350,3392,3520,0,"decreases over time,"
715,15,1.823217,0.000437,0.310130,0.916860,0.159172,3520,3648,0,"tion error, confiden"
716,5,1.653346,0.000498,0.348927,0.917436,0.189341,3648,3776,0,ding free-energy cur
717,0,1.075546,0.000541,0.346318,0.917695,0.197382,3776,3904,0,structure in a self-
718,11,1.451678,0.000412,0.326759,0.917019,0.190890,3904,4032,0,istic concepts from
719,2,1.413699,0.000540,0.354638,0.917434,0.202291,4032,4160,0,ge model. It must di
720,4,1.431721,0.000489,0.338513,0.917474,0.196163,4160,4288,0,n. The agent maintai
721,0,1.449151,0.000916,0.381410,0.917197,0.254989,4288,4416,0,s given its belief.
722,11,1.264507,0.000925,0.388957,0.917809,0.249817,4416,4544,0,block is given the b
723,14,1.077644,0.000432,0.341846,0.917123,0.189828,4544,4672,0,rive to seek out inf
724,12,1.502465,0.000500,0.349156,0.917147,0.198245,4672,4800,0,ion. For text readin
725,15,1.538465,0.000688,0.364419,0.917222,0.219685,4800,4928,0,tion error. This pha
726,4,1.516182,0.000369,0.335823,0.917487,0.184667,4928,5056,0,"c, position-tracked"
727,9,1.413091,0.000328,0.333423,0.917243,0.186602,5056,5184,0,ing what is read. Th
728,8,1.579801,0.000904,0.387423,0.917527,0.249994,5184,5312,0,istograms. The same
729,4,1.685849,0.000697,0.368548,0.916957,0.227980,5312,5440,0,curve decreases over
730,4,1.241504,0.000439,0.310463,0.916782,0.154743,5440,5568,0,"prediction error, co"
731,12,1.434994,0.000517,0.350598,0.917369,0.192938,5568,5696,0,d-trending free-ener
732,4,1.387488,0.000544,0.347826,0.917487,0.200565,5696,5824,0,on of structure in a
733,8,1.465309,0.000401,0.328304,0.916999,0.188066,5824,5952,0,-linguistic concepts
734,11,1.768391,0.000566,0.355716,0.917524,0.205536,5952,6080,0,language model. It m
735,12,1.474641,0.000488,0.337057,0.917008,0.196460,6080,6208,0,ndation. The agent m
736,4,1.624318,0.000811,0.374364,0.917395,0.243630,6208,6336,0,vations given its be
737,10,1.713198,0.000889,0.387029,0.917769,0.245984,6336,6464,0,acter block is given
738,12,1.410588,0.000429,0.338916,0.916685,0.190720,6464,6592,0,the drive to seek o
739,12,1.374790,0.000541,0.355773,0.917313,0.206858,6592,6720,0,selection. For text
740,6,1.427066,0.000732,0.370014,0.917197,0.227595,6720,6848,0,prediction error. Th
741,7,1.182087,0.000347,0.331552,0.917467,0.175305,6848,6976,0,"inistic, position-tr"
742,12,1.341220,0.000329,0.331545,0.917212,0.183127,6976,7104,0,fluencing what is re
743,1,1.685628,0.000858,0.385058,0.917516,0.245710,7104,7232,0,cter histograms. The
744,0,1.358065,0.000729,0.369556,0.916648,0.230768,7232,7360,0,f the curve decrease
745,8,1.480178,0.000420,0.318408,0.916950,0.159630,7360,7488,0,. The prediction err
746,12,1.243277,0.000501,0.345860,0.917297,0.191692,7488,7616,0,ownward-trending fre
747,15,1.620823,0.000495,0.343892,0.917688,0.194109,7616,7744,0,ormation of structur
748,8,1.599166,0.000399,0.329228,0.916861,0.187340,7744,7872,0,rm pre-linguistic co
749,10,1.566796,0.000604,0.356940,0.917858,0.205664,7872,0,1,Cognitive emergence
750,3,1.049980,0.000430,0.334019,0.917499,0.186413,0,128,0,er a free-energy-min
751,7,1.631354,0.000468,0.333505,0.916924,0.195890,128,256,0,"ned embeddings, no t"
752,3,0.985368,0.000470,0.337935,0.916906,0.192597,256,384,0,Active inference pro
753,11,1.799847,0.000803,0.371957,0.917155,0.237833,384,512,0,"ree energy, which is"
754,5,1.413932,0.000870,0.382863,0.917420,0.248914,512,640,0,ergy reflects how pr
755,14,1.879304,0.000808,0.381246,0.917389,0.236386,640,768,0,"ext, free energy sho"
756,5,1.655407,0.000353,0.326176,0.917130,0.165020,768,896,0,d with an informatio
757,9,1.605996,0.000673,0.357415,0.917547,0.217769,896,1024,0,ssages or re-read pa
758,11,1.219049,0.000677,0.368053,0.917755,0.222530,1024,1152,0,phase comes next. T
759,10,1.787121,0.000296,0.323448,0.917063,0.179216,1152,1280,0,h character blocks i
760,5,1.490578,0.000425,0.343666,0.917366,0.200901,1280,1408,0,tor using a random p
761,4,0.901185,0.001084,0.404783,0.917373,0.263143,1408,1536,0,text loop focuses o
762,6,1.460681,0.000449,0.318984,0.917024,0.169394,1536,1664,0,"If it remains flat,"
763,10,1.938017,0.000464,0.330984,0.916914,0.184100,1664,1792,0,gnostic signals. A s
764,1,1.645587,0.000585,0.355924,0.917647,0.200430,1792,1920,0,rror. Cognitive emer
765,14,1.560487,0.000408,0.333217,0.917520,0.188672,1920,2048,0,whether a free-ener
766,2,1.330691,0.000479,0.336220,0.916935,0.194097,2048,2176,0,retrained embeddings
767,9,1.575466,0.000443,0.336005,0.916736,0.192752,2176,2304,0,atch. Active inferen
768,8,1.473058,0.000747,0.365630,0.917696,0.231309,2304,2432,0,"mise free energy, wh"
769,5,1.651639,0.000870,0.384974,0.917237,0.248006,2432,2560,0,ree energy reflects
770,0,1.744423,0.000821,0.383149,0.917418,0.240073,2560,2688,0,"the text, free ener"
771,4,1.595076,0.000374,0.332502,0.917522,0.170735,2688,2816,0,xtended with an info
772,6,1.530685,0.000678,0.357900,0.917196,0.219011,2816,2944,0,iar passages or re-r
773,12,1.116588,0.000663,0.365270,0.917213,0.218552,2944,3072,0,eading phase comes n
774,11,1.631482,0.000299,0.323087,0.916834,0.180657,3072,3200,0,-length character bl
775,15,1.879206,0.000387,0.340950,0.917620,0.194453,3200,3328,0,on vector using a ra
776,3,1.333647,0.001071,0.404001,0.917417,0.262342,3328,3456,0,of the text loop foc
777,14,1.490313,0.000411,0.323450,0.916985,0.169433,3456,3584,0,text. If it remains
778,2,1.534787,0.000469,0.327947,0.916890,0.185869,3584,3712,0,al diagnostic signal
779,6,1.547058,0.000538,0.352996,0.917968,0.192127,3712,3840,0,tion error. Cognitiv
780,5,1.687459,0.000455,0.340312,0.917432,0.197040,3840,3968,0,tests whether a fre
781,9,1.960671,0.000496,0.336402,0.916853,0.194548,3968,4096,0,s no pretrained embe
782,10,1.528661,0.000456,0.338892,0.917348,0.199042,4096,4224,0,om scratch. Active i
783,15,1.654360,0.000609,0.354674,0.917388,0.212722,4224,4352,0,o minimise free ener
784,14,1.357950,0.000995,0.393128,0.917440,0.260843,4352,4480,0,the free energy ref
785,0,1.849272,0.000767,0.380296,0.918028,0.231827,4480,4608,0,"ics of the text, fre"
786,2,1.043099,0.000408,0.339135,0.917028,0.181195,4608,4736,0,was extended with a
787,15,1.643335,0.000632,0.348631,0.916957,0.212515,4736,4864,0,nfamiliar passages o
788,3,1.628700,0.000643,0.366801,0.916909,0.217535,4864,4992,0,tive reading phase c
789,12,1.425720,0.000328,0.323233,0.916575,0.183160,4992,5120,0,fixed-length charac
790,8,1.671870,0.000441,0.348150,0.917748,0.201111,5120,5248,0,ervation vector usin
791,15,1.433898,0.000924,0.393847,0.917176,0.248801,5248,5376,0,ation of the text lo
792,11,1.482126,0.000394,0.328904,0.917182,0.177647,5376,5504,0,of the text. If it r
793,13,1.369955,0.000440,0.323904,0.916625,0.179660,5504,5632,0,ditional diagnostic
794,9,1.106050,0.000527,0.350611,0.917992,0.189174,5632,5760,0,prediction error. Co
795,11,1.583010,0.000439,0.340952,0.917472,0.191817,5760,5888,0,roject tests whether
796,14,1.762965,0.000510,0.338437,0.916750,0.199703,5888,6016,0,del has no pretraine
797,11,1.252069,0.000444,0.337946,0.916888,0.197463,6016,6144,0,put from scratch. Ac
798,3,1.873795,0.000626,0.356006,0.917176,0.213189,6144,6272,0,s it to minimise fre
799,15,1.494725,0.001008,0.394077,0.917395,0.262808,6272,6400,0,"cters, the free ener"
800,7,1.568125,0.000762,0.377902,0.917386,0.229475,6400,6528,0,tatistics of the tex
801,10,1.154501,0.000387,0.335074,0.916982,0.178498,6528,6656,0,model was extended
802,4,1.207113,0.000707,0.355094,0.917262,0.217662,6656,6784,0,seek unfamiliar pass
803,8,1.558055,0.000628,0.367340,0.917117,0.217235,6784,6912,0,the active reading p
804,2,1.242940,0.000389,0.328471,0.916551,0.192507,6912,7040,0,reads fixed-length
805,15,1.630697,0.000398,0.343268,0.917957,0.194987,7040,7168,0,im observation vecto
806,14,1.511388,0.000960,0.397884,0.917460,0.253256,7168,7296,0,Evaluation of the t
807,2,1.566631,0.000361,0.326179,0.917371,0.172094,7296,7424,0,stics of the text. I
808,2,1.594985,0.000430,0.324117,0.916750,0.179100,7424,7552,0,ide additional diagn
809,6,1.770423,0.000522,0.347473,0.917556,0.187934,7552,7680,0,unded prediction err
810,14,1.634595,0.000446,0.341511,0.918065,0.191912,7680,7808,0,odel project tests w
811,9,1.380148,0.000471,0.339238,0.916974,0.187979,7808,7936,0,The model has no pre
812,8,1.611816,0.000480,0.340824,0.917672,0.189204,7936,64,1,a self-organising s
813,8,1.642103,0.000518,0.334907,0.916551,0.208369,64,192,0,ts from raw pixel or
814,9,1.563112,0.000517,0.349784,0.917436,0.198672,192,320,0,must discover the s
815,0,1.673570,0.000519,0.338985,0.917148,0.194020,320,448,0,maintains a belief
816,15,1.472482,0.000854,0.376448,0.917242,0.249400,448,576,0,belief. When the age
817,2,1.592505,0.001140,0.405014,0.917099,0.268694,576,704,0,en the belief state.
818,15,1.637859,0.000384,0.331942,0.917178,0.179710,704,832,0,out informative obs
819,1,1.724866,0.000512,0.348769,0.917418,0.200233,832,960,0,"t reading, curiosity"
820,4,1.334726,0.000635,0.355936,0.916970,0.211605,960,1088,0,This phase lays the
821,15,1.680709,0.000367,0.332801,0.917173,0.186874,1088,1216,0,tracked view over a
822,13,1.291666,0.000364,0.337378,0.917275,0.190318,1216,1344,0,read. The encoder ma
823,2,1.732158,0.001057,0.400555,0.917800,0.264284,1344,1472,0,he same block always
824,3,1.348730,0.000639,0.360589,0.916922,0.217013,1472,1600,0,"ses over time, the m"
825,5,1.416084,0.000472,0.305462,0.916855,0.160017,1600,1728,0,"rror, confidence, an"
826,0,1.471979,0.000513,0.353044,0.917357,0.193984,1728,1856,0,ree-energy curve wit
827,3,1.424855,0.000516,0.343728,0.917711,0.192042,1856,1984,0,ure in a self-organi
828,9,1.754784,0.000468,0.331309,0.917033,0.200019,1984,2112,0,concepts from raw pi
829,9,1.527230,0.000541,0.353567,0.917533,0.202474,2112,2240,0,el. It must discover
830,0,1.614434,0.000525,0.341824,0.917135,0.196872,2240,2368,0,agent maintains a b
831,2,1.698108,0.000872,0.376651,0.917193,0.253164,2368,2496,0,n its belief. When t
832,7,1.706285,0.001006,0.395327,0.917315,0.254857,2496,2624,0,is given the belief
833,9,1.429305,0.000397,0.334806,0.916966,0.182596,2624,2752,0,o seek out informati
834,6,1.381974,0.000530,0.352998,0.917528,0.203082,2752,2880,0,"or text reading, cur"
835,3,1.575885,0.000653,0.358993,0.917328,0.217321,2880,3008,0,rror. This phase lay
836,8,2.049391,0.000335,0.331458,0.917226,0.178985,3008,3136,0,ition-tracked view o
837,8,1.720975,0.000358,0.338584,0.917136,0.189282,3136,3264,0,at is read. The enco
838,6,1.371992,0.000998,0.394489,0.917277,0.259252,3264,3392,0,ams. The same block
839,11,1.524745,0.000659,0.363419,0.917142,0.222350,3392,3520,0,"decreases over time,"
840,1,1.549212,0.000437,0.310133,0.916730,0.159172,3520,3648,0,"tion error, confiden"
841,12,1.386128,0.000498,0.348929,0.917541,0.189341,3648,3776,0,ding free-energy cur
842,10,1.213041,0.000541,0.346320,0.917568,0.197382,3776,3904,0,structure in a self-
843,14,1.624060,0.000412,0.326760,0.917571,0.190890,3904,4032,0,istic concepts from
844,9,1.709124,0.000540,0.354640,0.917278,0.202291,4032,4160,0,ge model. It must di
845,11,1.806677,0.000489,0.338515,0.916947,0.196163,4160,4288,0,n. The agent maintai
846,6,1.453572,0.000916,0.381411,0.917190,0.254989,4288,4416,0,s given its belief.
847,13,1.508216,0.000925,0.388959,0.917177,0.249817,4416,4544,0,block is given the b
848,7,1.516387,0.000432,0.341848,0.917146,0.189828,4544,4672,0,rive to seek out inf
849,9,1.725125,0.000500,0.349158,0.917207,0.198245,4672,4800,0,ion. For text readin
850,6,1.667771,0.000688,0.364421,0.917229,0.219685,4800,4928,0,tion error. This pha
851,15,1.324870,0.000369,0.335825,0.917529,0.184667,4928,5056,0,"c, position-tracked"
852,9,2.000673,0.000328,0.333425,0.917211,0.186602,5056,5184,0,ing what is read. Th
853,1,1.383889,0.000904,0.387424,0.917397,0.249994,5184,5312,0,istograms. The same
854,4,1.293158,0.000697,0.368550,0.916901,0.227980,5312,5440,0,curve decreases over
855,1,1.768535,0.000439,0.310465,0.916842,0.154743,5440,5568,0,"prediction error, co"
856,3,1.435875,0.000517,0.350599,0.917454,0.192938,5568,5696,0,d-trending free-ener
857,8,1.714237,0.000544,0.347828,0.917586,0.200565,5696,5824,0,on of structure in a
858,13,1.323365,0.000401,0.328306,0.916957,0.188066,5824,5952,0,-linguistic concepts
859,8,1.639174,0.000566,0.355718,0.917433,0.205536,5952,6080,0,language model. It m
860,7,1.389293,0.000488,0.337059,0.917058,0.196460,6080,6208,0,ndation. The agent m
861,1,1.558281,0.000811,0.374366,0.917380,0.243630,6208,6336,0,vations given its be
862,2,1.498202,0.000889,0.387030,0.917225,0.245984,6336,6464,0,acter block is given
863,1,1.573957,0.000429,0.338918,0.917118,0.190720,6464,6592,0,the drive to seek o
864,12,1.404319,0.000541,0.355774,0.917479,0.206858,6592,6720,0,selection. For text
865,6,1.663429,0.000732,0.370016,0.917136,0.227595,6720,6848,0,prediction error. Th
866,15,1.609744,0.000347,0.331554,0.917815,0.175305,6848,6976,0,"inistic, position-tr"
867,5,1.609777,0.000329,0.331547,0.917445,0.183127,6976,7104,0,fluencing what is re
868,3,1.363867,0.000858,0.385060,0.917789,0.245710,7104,7232,0,cter histograms. The
869,10,1.638549,0.000729,0.369558,0.917271,0.230768,7232,7360,0,f the curve decrease
870,15,1.385512,0.000420,0.318411,0.916575,0.159630,7360,7488,0,. The prediction err
871,12,1.303857,0.000501,0.345861,0.917444,0.191692,7488,7616,0,ownward-trending fre
872,0,1.557326,0.000495,0.343894,0.917335,0.194109,7616,7744,0,ormation of structur
873,15,1.431253,0.000399,0.329229,0.917051,0.187340,7744,7872,0,rm pre-linguistic co
874,0,1.549193,0.000604,0.356942,0.917825,0.205664,7872,0,1,Cognitive emergence
875,4,1.628609,0.000430,0.334020,0.917699,0.186413,0,128,0,er a free-energy-min
876,13,1.425056,0.000468,0.333507,0.916947,0.195890,128,256,0,"ned embeddings, no t"
877,11,1.520496,0.000470,0.337937,0.916730,0.192597,256,384,0,Active inference pro
878,12,1.618139,0.000803,0.371959,0.917236,0.237833,384,512,0,"ree energy, which is"
879,14,1.618837,0.000870,0.382864,0.917422,0.248914,512,640,0,ergy reflects how pr
880,11,1.309828,0.000808,0.381248,0.917214,0.236386,640,768,0,"ext, free energy sho"
881,6,1.540798,0.000353,0.326178,0.917491,0.165020,768,896,0,d with an informatio
882,11,1.525472,0.000673,0.357417,0.917174,0.217769,896,1024,0,ssages or re-read pa
883,0,1.699463,0.000677,0.368055,0.917311,0.222530,1024,1152,0,phase comes next. T
884,10,1.348143,0.000296,0.323450,0.917115,0.179216,1152,1280,0,h character blocks i
885,1,1.967216,0.000425,0.343668,0.917320,0.200901,1280,1408,0,tor using a random p
886,12,1.732826,0.001084,0.404784,0.917400,0.263143,1408,1536,0,text loop focuses o
887,13,1.635680,0.000449,0.318986,0.917220,0.169394,1536,1664,0,"If it remains flat,"
888,10,1.604992,0.000464,0.330986,0.917010,0.184100,1664,1792,0,gnostic signals. A s
889,13,1.027749,0.000585,0.355925,0.917756,0.200430,1792,1920,0,rror. Cognitive emer
890,6,1.185760,0.000408,0.333219,0.917516,0.188672,1920,2048,0,whether a free-ener
891,6,1.139042,0.000479,0.336221,0.917198,0.194097,2048,2176,0,retrained embeddings
892,8,1.444543,0.000443,0.336007,0.917094,0.192752,2176,2304,0,atch. Active inferen
893,13,1.400615,0.000747,0.365632,0.917334,0.231309,2304,2432,0,"mise free energy, wh"
894,6,1.747803,0.000870,0.384976,0.917181,0.248006,2432,2560,0,ree energy reflects
895,14,1.428591,0.000821,0.383150,0.917300,0.240073,2560,2688,0,"the text, free ener"
896,6,1.350625,0.000374,0.332504,0.917475,0.170735,2688,2816,0,xtended with an info
897,3,1.259668,0.000678,0.357901,0.917217,0.219011,2816,2944,0,iar passages or re-r
898,8,1.564014,0.000663,0.365272,0.917161,0.218552,2944,3072,0,eading phase comes n
899,5,1.371624,0.000298,0.323089,0.917108,0.180657,3072,3200,0,-length character bl
900,0,1.729343,0.000387,0.340952,0.917592,0.194453,3200,3328,0,on vector using a ra
901,8,1.720548,0.001071,0.404002,0.917448,0.262342,3328,3456,0,of the text loop foc
902,2,1.466208,0.000411,0.323451,0.916807,0.169433,3456,3584,0,text. If it remains
903,12,1.552430,0.000469,0.327949,0.916745,0.185869,3584,3712,0,al diagnostic signal
904,10,1.756703,0.000538,0.352998,0.918071,0.192127,3712,3840,0,tion error. Cognitiv
905,11,1.935449,0.000455,0.340313,0.918469,0.197040,3840,3968,0,tests whether a fre
906,14,1.440920,0.000496,0.336403,0.916962,0.194548,3968,4096,0,s no pretrained embe
907,2,1.164477,0.000456,0.338894,0.916786,0.199042,4096,4224,0,om scratch. Active i
908,11,1.145477,0.000609,0.354675,0.917335,0.212722,4224,4352,0,o minimise free ener
909,8,1.508273,0.000995,0.393129,0.917182,0.260843,4352,4480,0,the free energy ref
910,11,1.367170,0.000767,0.380298,0.917484,0.231827,4480,4608,0,"ics of the text, fre"
911,7,1.591241,0.000408,0.339137,0.916916,0.181195,4608,4736,0,was extended with a
912,15,1.891489,0.000632,0.348633,0.917270,0.212515,4736,4864,0,nfamiliar passages o
913,14,1.655142,0.000643,0.366803,0.917578,0.217535,4864,4992,0,tive reading phase c
914,1,1.797500,0.000328,0.323235,0.917680,0.183160,4992,5120,0,fixed-length charac
915,5,1.368228,0.000441,0.348151,0.917672,0.201111,5120,5248,0,ervation vector usin
916,0,1.425698,0.000924,0.393848,0.917530,0.248801,5248,5376,0,ation of the text lo
917,4,1.478236,0.000394,0.328906,0.917141,0.177647,5376,5504,0,of the text. If it r
918,7,1.705929,0.000440,0.323906,0.916788,0.179660,5504,5632,0,ditional diagnostic
919,5,1.585778,0.000527,0.350613,0.917849,0.189174,5632,5760,0,prediction error. Co
920,7,1.004433,0.000439,0.340954,0.918022,0.191817,5760,5888,0,roject tests whether
921,4,1.874538,0.000510,0.338439,0.916834,0.199703,5888,6016,0,del has no pretraine
922,11,1.366063,0.000444,0.337948,0.916936,0.197463,6016,6144,0,put from scratch. Ac
923,5,1.482590,0.000626,0.356008,0.917316,0.213189,6144,6272,0,s it to minimise fre
924,2,1.289526,0.001008,0.394079,0.917556,0.262808,6272,6400,0,"cters, the free ener"
925,4,1.459320,0.000762,0.377903,0.917549,0.229475,6400,6528,0,tatistics of the tex
926,13,1.536492,0.000386,0.335076,0.917419,0.178498,6528,6656,0,model was extended
927,13,1.788580,0.000707,0.355096,0.917333,0.217662,6656,6784,0,seek unfamiliar pass
928,10,1.444845,0.000628,0.367341,0.917269,0.217235,6784,6912,0,the active reading p
929,5,1.340282,0.000389,0.328473,0.916604,0.192507,6912,7040,0,reads fixed-length
930,15,1.525705,0.000398,0.343270,0.917565,0.194987,7040,7168,0,im observation vecto
931,6,1.692148,0.000960,0.397886,0.918128,0.253256,7168,7296,0,Evaluation of the t
932,8,1.572560,0.000361,0.326180,0.917275,0.172094,7296,7424,0,stics of the text. I
933,14,1.440690,0.000430,0.324119,0.916506,0.179100,7424,7552,0,ide additional diagn
934,4,1.543576,0.000522,0.347475,0.917747,0.187934,7552,7680,0,unded prediction err
935,0,1.382363,0.000446,0.341512,0.917594,0.191912,7680,7808,0,odel project tests w
936,1,1.610118,0.000471,0.339240,0.916876,0.187979,7808,7936,0,The model has no pre
937,12,1.761826,0.000480,0.340826,0.917563,0.189204,7936,64,1,a self-organising s
938,9,1.657147,0.000518,0.334909,0.916859,0.208369,64,192,0,ts from raw pixel or
939,7,1.605137,0.000517,0.349785,0.918310,0.198672,192,320,0,must discover the s
940,2,1.301909,0.000519,0.338986,0.917227,0.194020,320,448,0,maintains a belief
941,10,1.676064,0.000854,0.376449,0.917482,0.249400,448,576,0,belief. When the age
942,3,1.561069,0.001140,0.405015,0.916986,0.268694,576,704,0,en the belief state.
943,15,1.896994,0.000384,0.331944,0.917096,0.179710,704,832,0,out informative obs
944,3,1.514418,0.000512,0.348770,0.917289,0.200233,832,960,0,"t reading, curiosity"
945,7,1.527049,0.000635,0.355938,0.917050,0.211605,960,1088,0,This phase lays the
946,2,1.414588,0.000367,0.332803,0.917279,0.186874,1088,1216,0,tracked view over a
947,2,1.277625,0.000364,0.337380,0.917659,0.190318,1216,1344,0,read. The encoder ma
948,4,1.355996,0.001057,0.400557,0.917954,0.264284,1344,1472,0,he same block always
949,3,1.357584,0.000639,0.360590,0.917042,0.217013,1472,1600,0,"ses over time, the m"
950,14,1.709869,0.000472,0.305463,0.916906,0.160017,1600,1728,0,"rror, confidence, an"
951,5,1.558809,0.000513,0.353046,0.917344,0.193984,1728,1856,0,ree-energy curve wit
952,6,1.831785,0.000516,0.343730,0.917769,0.192042,1856,1984,0,ure in a self-organi
953,0,1.655436,0.000468,0.331311,0.916716,0.200019,1984,2112,0,concepts from raw pi
954,2,1.477631,0.000541,0.353568,0.917304,0.202474,2112,2240,0,el. It must discover
955,2,1.561120,0.000525,0.341826,0.917262,0.196872,2240,2368,0,agent maintains a b
956,10,1.680166,0.000872,0.376652,0.917159,0.253164,2368,2496,0,n its belief. When t
957,1,1.675594,0.001006,0.395328,0.917151,0.254857,2496,2624,0,is given the belief
958,12,1.185357,0.000397,0.334808,0.917246,0.182596,2624,2752,0,o seek out informati
959,2,1.457687,0.000530,0.352999,0.917480,0.203082,2752,2880,0,"or text reading, cur"
960,2,1.140302,0.000653,0.358995,0.917525,0.217321,2880,3008,0,rror. This phase lay
961,7,1.706601,0.000335,0.331460,0.917273,0.178985,3008,3136,0,ition-tracked view o
962,13,1.298734,0.000358,0.338585,0.917357,0.189282,3136,3264,0,at is read. The enco
963,8,1.360701,0.000998,0.394490,0.917291,0.259252,3264,3392,0,ams. The same block
964,0,1.402706,0.000659,0.363421,0.916756,0.222350,3392,3520,0,"decreases over time,"
965,14,1.287206,0.000437,0.310134,0.916964,0.159172,3520,3648,0,"tion error, confiden"
966,1,1.731971,0.000498,0.348931,0.917646,0.189341,3648,3776,0,ding free-energy cur
967,15,1.391391,0.000541,0.346321,0.917367,0.197382,3776,3904,0,structure in a self-
968,7,1.688367,0.000412,0.326762,0.916926,0.190890,3904,4032,0,istic concepts from
969,5,1.482286,0.000540,0.354641,0.917394,0.202291,4032,4160,0,ge model. It must di
970,4,1.241432,0.000489,0.338517,0.917293,0.196163,4160,4288,0,n. The agent maintai
971,4,1.537282,0.000916,0.381412,0.917231,0.254989,4288,4416,0,s given its belief.
972,5,1.462035,0.000925,0.388960,0.917022,0.249817,4416,4544,0,block is given the b
973,11,1.337288,0.000432,0.341850,0.916998,0.189828,4544,4672,0,rive to seek out inf
974,5,1.605005,0.000500,0.349160,0.917095,0.198245,4672,4800,0,ion. For text readin
975,9,1.727873,0.000688,0.364423,0.917471,0.219685,4800,4928,0,tion error. This pha
976,7,1.437735,0.000369,0.335826,0.917478,0.184667,4928,5056,0,"c, position-tracked"
977,1,1.046563,0.000328,0.333426,0.917260,0.186602,5056,5184,0,ing what is read. Th
978,0,1.275700,0.000904,0.387425,0.917683,0.249994,5184,5312,0,istograms. The same
979,13,1.565722,0.000697,0.368551,0.917089,0.227980,5312,5440,0,curve decreases over
980,6,1.300754,0.000439,0.310467,0.916816,0.154743,5440,5568,0,"prediction error, co"
981,2,1.859979,0.000517,0.350601,0.917558,0.192938,5568,5696,0,d-trending free-ener
982,15,1.689604,0.000544,0.347829,0.917309,0.200565,5696,5824,0,on of structure in a
983,3,1.260009,0.000401,0.328307,0.916788,0.188066,5824,5952,0,-linguistic concepts
984,11,1.364856,0.000566,0.355719,0.917514,0.205536,5952,6080,0,language model. It m
985,11,1.467398,0.000488,0.337061,0.917007,0.196460,6080,6208,0,ndation. The agent m
986,14,0.905921,0.000811,0.374367,0.917187,0.243630,6208,6336,0,vations given its be
987,12,1.687555,0.000889,0.387032,0.917402,0.245984,6336,6464,0,acter block is given
988,14,1.020751,0.000429,0.338919,0.916842,0.190720,6464,6592,0,the drive to seek o
989,1,1.372956,0.000541,0.355776,0.917103,0.206858,6592,6720,0,selection. For text
990,8,1.264886,0.000732,0.370017,0.917383,0.227595,6720,6848,0,prediction error. Th
991,12,1.495581,0.000347,0.331556,0.917210,0.175305,6848,6976,0,"inistic, position-tr"
992,6,1.435844,0.000329,0.331548,0.917011,0.183127,6976,7104,0,fluencing what is re
993,15,1.727864,0.000858,0.385061,0.917430,0.245710,7104,7232,0,cter histograms. The
994,9,1.514685,0.000729,0.369559,0.917141,0.230768,7232,7360,0,f the curve decrease
995,4,1.367759,0.000420,0.318412,0.916978,0.159630,7360,7488,0,. The prediction err
996,9,1.618146,0.000501,0.345863,0.917473,0.191692,7488,7616,0,ownward-trending fre
997,8,1.566753,0.000495,0.343895,0.917465,0.194109,7616,7744,0,ormation of structur
998,8,1.390447,0.000399,0.329231,0.917197,0.187340,7744,7872,0,rm pre-linguistic co
999,11,1.578866,0.000604,0.356943,0.917633,0.205664,7872,0,1,Cognitive emergence
1000,2,1.681006,0.000430,0.334022,0.917686,0.186413,0,128,0,er a free-energy-min
1001,4,1.636305,0.000468,0.333508,0.916898,0.195890,128,256,0,"ned embeddings, no t"
1002,2,1.455912,0.000470,0.337938,0.916562,0.192597,256,384,0,Active inference pro
1003,5,0.964488,0.000803,0.371960,0.917008,0.237833,384,512,0,"ree energy, which is"
1004,3,1.628571,0.000870,0.382865,0.917070,0.248914,512,640,0,ergy reflects how pr
1005,1,1.571952,0.000808,0.381249,0.917083,0.236386,640,768,0,"ext, free energy sho"
1006,0,1.703647,0.000353,0.326180,0.917115,0.165020,768,896,0,d with an informatio
1007,4,1.797941,0.000673,0.357418,0.917283,0.217769,896,1024,0,ssages or re-read pa
1008,6,1.461475,0.000677,0.368056,0.917068,0.222530,1024,1152,0,phase comes next. T
1009,3,1.550899,0.000296,0.323452,0.917213,0.179216,1152,1280,0,h character blocks i
1010,1,1.528628,0.000425,0.343669,0.917303,0.200901,1280,1408,0,tor using a random p
1011,13,1.168271,0.001084,0.404786,0.917949,0.263143,1408,1536,0,text loop focuses o
1012,1,1.353167,0.000449,0.318988,0.916918,0.169394,1536,1664,0,"If it remains flat,"
1013,13,1.138112,0.000464,0.330987,0.916776,0.184100,1664,1792,0,gnostic signals. A s
1014,12,1.590821,0.000585,0.355926,0.917739,0.200430,1792,1920,0,rror. Cognitive emer
1015,4,1.592535,0.000408,0.333220,0.917546,0.188672,1920,2048,0,whether a free-ener
1016,5,1.548944,0.000479,0.336222,0.917091,0.194097,2048,2176,0,retrained embeddings
1017,4,1.280917,0.000443,0.336008,0.916882,0.192752,2176,2304,0,atch. Active inferen
1018,15,1.366005,0.000747,0.365633,0.917152,0.231309,2304,2432,0,"mise free energy, wh"
1019,5,1.515217,0.000870,0.384977,0.917157,0.248006,2432,2560,0,ree energy reflects
1020,12,1.238482,0.000821,0.383152,0.917069,0.240073,2560,2688,0,"the text, free ener"
1021,0,1.777165,0.000374,0.332505,0.917340,0.170735,2688,2816,0,xtended with an info
1022,3,1.338675,0.000678,0.357902,0.917327,0.219011,2816,2944,0,iar passages or re-r
1023,5,1.602624,0.000663,0.365273,0.917385,0.218552,2944,3072,0,eading phase comes n
1024,3,1.767537,0.000298,0.323091,0.917200,0.180657,3072,3200,0,-length character bl
1025,8,1.389611,0.000387,0.340953,0.917600,0.194453,3200,3328,0,on vector using a ra
1026,7,1.292331,0.001071,0.404003,0.917732,0.262342,3328,3456,0,of the text loop foc
1027,13,1.352512,0.000411,0.323453,0.917126,0.169433,3456,3584,0,text. If it remains
1028,14,1.874270,0.000469,0.327950,0.916656,0.185869,3584,3712,0,al diagnostic signal
1029,14,1.553051,0.000538,0.352999,0.917840,0.192127,3712,3840,0,tion error. Cognitiv
1030,12,1.443543,0.000455,0.340315,0.917346,0.197040,3840,3968,0,tests whether a fre
1031,4,1.432460,0.000496,0.336404,0.917009,0.194548,3968,4096,0,s no pretrained embe
1032,12,1.520004,0.000456,0.338895,0.916922,0.199042,4096,4224,0,om scratch. Active i
1033,2,1.663675,0.000609,0.354677,0.917368,0.212722,4224,4352,0,o minimise free ener
1034,5,1.445891,0.000995,0.393130,0.917416,0.260843,4352,4480,0,the free energy ref
1035,10,1.480008,0.000767,0.380299,0.917421,0.231827,4480,4608,0,"ics of the text, fre"
1036,3,1.375637,0.000408,0.339138,0.917060,0.181195,4608,4736,0,was extended with a
1037,8,1.517904,0.000632,0.348634,0.917409,0.212515,4736,4864,0,nfamiliar passages o
1038,4,1.612503,0.000643,0.366804,0.917320,0.217535,4864,4992,0,tive reading phase c
1039,14,1.313623,0.000328,0.323236,0.916853,0.183160,4992,5120,0,fixed-length charac
1040,3,1.463208,0.000441,0.348152,0.917464,0.201111,5120,5248,0,ervation vector usin
1041,11,1.506268,0.000924,0.393849,0.917416,0.248801,5248,5376,0,ation of the text lo
1042,3,1.440107,0.000394,0.328907,0.917081,0.177647,5376,5504,0,of the text. If it r
1043,9,1.658081,0.000440,0.323907,0.916738,0.179660,5504,5632,0,ditional diagnostic
1044,13,1.511087,0.000527,0.350614,0.917745,0.189174,5632,5760,0,prediction error. Co
1045,15,1.396380,0.000439,0.340955,0.917676,0.191817,5760,5888,0,roject tests whether
1046,11,1.424267,0.000510,0.338440,0.916741,0.199703,5888,6016,0,del has no pretraine
1047,8,1.601114,0.000444,0.337949,0.916925,0.197463,6016,6144,0,put from scratch. Ac
1048,1,1.974076,0.000626,0.356009,0.917358,0.213189,6144,6272,0,s it to minimise fre
1049,3,1.595364,0.001008,0.394080,0.917238,0.262808,6272,6400,0,"cters, the free ener"
1050,10,1.757224,0.000762,0.377904,0.917708,0.229475,6400,6528,0,tatistics of the tex
1051,12,1.735997,0.000386,0.335077,0.916909,0.178498,6528,6656,0,model was extended
1052,5,1.276107,0.000707,0.355097,0.917234,0.217662,6656,6784,0,seek unfamiliar pass
1053,11,1.370424,0.000628,0.367342,0.917197,0.217235,6784,6912,0,the active reading p
1054,12,1.663520,0.000389,0.328474,0.916773,0.192507,6912,7040,0,reads fixed-length
1055,4,1.278611,0.000398,0.343271,0.917730,0.194987,7040,7168,0,im observation vecto
1056,15,1.584328,0.000960,0.397887,0.917373,0.253256,7168,7296,0,Evaluation of the t
1057,10,1.714338,0.000361,0.326182,0.917234,0.172094,7296,7424,0,stics of the text. I
1058,1,1.435343,0.000430,0.324120,0.916718,0.179100,7424,7552,0,ide additional diagn
1059,1,1.483362,0.000522,0.347476,0.917675,0.187934,7552,7680,0,unded prediction err
1060,7,1.669475,0.000446,0.341513,0.917812,0.191912,7680,7808,0,odel project tests w
1061,14,1.457038,0.000471,0.339241,0.917390,0.187979,7808,7936,0,The model has no pre
1062,10,1.604160,0.000480,0.340827,0.917906,0.189204,7936,64,1,a self-organising s
1063,1,1.348293,0.000518,0.334910,0.916815,0.208369,64,192,0,ts from raw pixel or
1064,3,1.590109,0.000517,0.349786,0.917440,0.198672,192,320,0,must discover the s
1065,4,1.265135,0.000519,0.338987,0.917116,0.194020,320,448,0,maintains a belief
1066,0,1.399249,0.000854,0.376450,0.917246,0.249400,448,576,0,belief. When the age
1067,11,1.637983,0.001140,0.405016,0.917172,0.268694,576,704,0,en the belief state.
1068,15,1.676535,0.000384,0.331945,0.917042,0.179710,704,832,0,out informative obs
1069,2,1.172719,0.000512,0.348771,0.917750,0.200233,832,960,0,"t reading, curiosity"
1070,3,1.775284,0.000635,0.355939,0.917232,0.211605,960,1088,0,This phase lays the
1071,8,1.082980,0.000367,0.332804,0.916916,0.186874,1088,1216,0,tracked view over a
1072,9,1.441430,0.000364,0.337381,0.917657,0.190318,1216,1344,0,read. The encoder ma
1073,12,1.513236,0.001057,0.400558,0.917577,0.264284,1344,1472,0,he same block always
1074,6,1.631494,0.000639,0.360592,0.917050,0.217013,1472,1600,0,"ses over time, the m"
1075,10,1.746284,0.000472,0.305464,0.916938,0.160017,1600,1728,0,"rror, confidence, an"
1076,0,1.358832,0.000513,0.353047,0.917444,0.193984,1728,1856,0,ree-energy curve wit
1077,10,1.368309,0.000516,0.343731,0.917716,0.192042,1856,1984,0,ure in a self-organi
1078,10,1.847756,0.000468,0.331312,0.916888,0.200019,1984,2112,0,concepts from raw pi
1079,13,1.749826,0.000541,0.353570,0.917481,0.202474,2112,2240,0,el. It must discover
1080,3,1.518780,0.000525,0.341827,0.917304,0.196872,2240,2368,0,agent maintains a b
1081,10,1.644503,0.000872,0.376654,0.917080,0.253164,2368,2496,0,n its belief. When t
1082,13,1.687823,0.001006,0.395329,0.917130,0.254857,2496,2624,0,is given the belief
1083,8,1.564860,0.000397,0.334809,0.917117,0.182596,2624,2752,0,o seek out informati
1084,10,1.563099,0.000530,0.353001,0.917213,0.203082,2752,2880,0,"or text reading, cur"
1085,5,1.342427,0.000653,0.358996,0.917488,0.217321,2880,3008,0,rror. This phase lay
1086,2,1.566193,0.000335,0.331461,0.917230,0.178985,3008,3136,0,ition-tracked view o
1087,15,1.492449,0.000358,0.338587,0.917442,0.189282,3136,3264,0,at is read. The enco
1088,5,1.879117,0.000998,0.394491,0.917495,0.259252,3264,3392,0,ams. The same block
1089,5,1.426486,0.000659,0.363422,0.916922,0.222350,3392,3520,0,"decreases over time,"
1090,0,1.911412,0.000437,0.310136,0.916700,0.159172,3520,3648,0,"tion error, confiden"
1091,15,1.050531,0.000498,0.348932,0.917469,0.189341,3648,3776,0,ding free-energy cur
1092,14,1.822006,0.000541,0.346322,0.917587,0.197382,3776,3904,0,structure in a self-
1093,11,1.267205,0.000412,0.326763,0.917107,0.190890,3904,4032,0,istic concepts from
1094,4,1.589144,0.000540,0.354642,0.917456,0.202291,4032,4160,0,ge model. It must di
1095,11,1.492278,0.000489,0.338518,0.917118,0.196163,4160,4288,0,n. The agent maintai
1096,7,1.426312,0.000916,0.381413,0.917221,0.254989,4288,4416,0,s given its belief.
1097,6,1.697781,0.000925,0.388962,0.917344,0.249817,4416,4544,0,block is given the b
1098,11,1.494261,0.000432,0.341851,0.917154,0.189828,4544,4672,0,rive to seek out inf
1099,4,1.546819,0.000500,0.349161,0.917357,0.198245,4672,4800,0,ion. For text readin
1100,10,1.350299,0.000688,0.364424,0.917186,0.219685,4800,4928,0,tion error. This pha
1101,7,1.453334,0.000369,0.335828,0.917336,0.184667,4928,5056,0,"c, position-tracked"
1102,4,1.400531,0.000328,0.333428,0.917149,0.186602,5056,5184,0,ing what is read. Th
1103,8,1.603260,0.000904,0.387427,0.917443,0.249994,5184,5312,0,istograms. The same
1104,4,1.238565,0.000697,0.368552,0.917167,0.227980,5312,5440,0,curve decreases over
1105,3,1.392259,0.000439,0.310468,0.917103,0.154743,5440,5568,0,"prediction error, co"
1106,10,1.678482,0.000517,0.350602,0.917693,0.192938,5568,5696,0,d-trending free-ener
1107,9,1.715184,0.000544,0.347831,0.917732,0.200565,5696,5824,0,on of structure in a
1108,7,1.375632,0.000401,0.328308,0.916938,0.188066,5824,5952,0,-linguistic concepts
1109,4,1.514927,0.000566,0.355720,0.917450,0.205536,5952,6080,0,language model. It m
1110,7,1.666970,0.000488,0.337062,0.917152,0.196460,6080,6208,0,ndation. The agent m
1111,0,1.280600,0.000811,0.374368,0.917060,0.243630,6208,6336,0,vations given its be
1112,2,1.451057,0.000889,0.387033,0.917465,0.245984,6336,6464,0,acter block is given
1113,8,1.876571,0.000429,0.338921,0.917053,0.190720,6464,6592,0,the drive to seek o
1114,15,1.141428,0.000541,0.355777,0.917278,0.206858,6592,6720,0,selection. For text
1115,13,1.409038,0.000732,0.370018,0.917508,0.227595,6720,6848,0,prediction error. Th
1116,9,1.400924,0.000347,0.331557,0.917424,0.175305,6848,6976,0,"inistic, position-tr"
1117,5,1.572608,0.000329,0.331550,0.917102,0.183127,6976,7104,0,fluencing what is re
1118,15,1.559817,0.000858,0.385062,0.917486,0.245710,7104,7232,0,cter histograms. The
1119,3,1.370184,0.000729,0.369560,0.917228,0.230768,7232,7360,0,f the curve decrease
1120,6,1.845044,0.000420,0.318413,0.917011,0.159630,7360,7488,0,. The prediction err
1121,9,1.496007,0.000501,0.345864,0.917255,0.191692,7488,7616,0,ownward-trending fre
1122,2,1.382637,0.000495,0.343896,0.917717,0.194109,7616,7744,0,ormation of structur
1123,5,1.477563,0.000399,0.329232,0.917069,0.187340,7744,7872,0,rm pre-linguistic co
1124,4,1.590204,0.000604,0.356945,0.917805,0.205664,7872,0,1,Cognitive emergence
1125,15,1.401384,0.000430,0.334023,0.917617,0.186413,0,128,0,er a free-energy-min
1126,0,1.556768,0.000468,0.333509,0.917031,0.195890,128,256,0,"ned embeddings, no t"
1127,5,1.621920,0.000470,0.337940,0.917021,0.192597,256,384,0,Active inference pro
1128,3,1.764474,0.000803,0.371961,0.917222,0.237833,384,512,0,"ree energy, which is"
1129,3,1.561021,0.000870,0.382866,0.917298,0.248914,512,640,0,ergy reflects how pr
1130,0,1.324286,0.000808,0.381251,0.917261,0.236386,640,768,0,"ext, free energy sho"
1131,2,1.266157,0.000353,0.326181,0.917500,0.165020,768,896,0,d with an informatio
1132,0,1.742668,0.000673,0.357420,0.917708,0.217769,896,1024,0,ssages or re-read pa
1133,9,1.596969,0.000677,0.368057,0.917420,0.222530,1024,1152,0,phase comes next. T
1134,10,1.094788,0.000296,0.323453,0.917018,0.179216,1152,1280,0,h character blocks i
1135,8,1.271566,0.000425,0.343670,0.917330,0.200901,1280,1408,0,tor using a random p
1136,3,1.640496,0.001084,0.404787,0.917097,0.263143,1408,1536,0,text loop focuses o
1137,3,1.535732,0.000449,0.318989,0.917158,0.169394,1536,1664,0,"If it remains flat,"
1138,1,1.159107,0.000464,0.330988,0.916882,0.184100,1664,1792,0,gnostic signals. A s
1139,14,1.373449,0.000585,0.355928,0.917652,0.200430,1792,1920,0,rror. Cognitive emer
1140,4,1.452003,0.000408,0.333221,0.917420,0.188672,1920,2048,0,whether a free-ener
1141,3,1.487804,0.000479,0.336223,0.917161,0.194097,2048,2176,0,retrained embeddings
1142,12,1.581304,0.000443,0.336009,0.916958,0.192752,2176,2304,0,atch. Active inferen
1143,9,1.719513,0.000747,0.365634,0.917374,0.231309,2304,2432,0,"mise free energy, wh"
1144,3,1.188617,0.000870,0.384978,0.917426,0.248006,2432,2560,0,ree energy reflects
1145,1,1.506159,0.000821,0.383153,0.917345,0.240073,2560,2688,0,"the text, free ener"
1146,13,1.489146,0.000374,0.332507,0.917082,0.170735,2688,2816,0,xtended with an info
1147,6,1.797101,0.000678,0.357904,0.917230,0.219011,2816,2944,0,iar passages or re-r
1148,12,1.467140,0.000663,0.365274,0.918123,0.218552,2944,3072,0,eading phase comes n
1149,4,1.268881,0.000298,0.323092,0.917513,0.180657,3072,3200,0,-length character bl
1150,10,1.074387,0.000387,0.340954,0.917519,0.194453,3200,3328,0,on vector using a ra
1151,1,1.295594,0.001071,0.404004,0.917609,0.262342,3328,3456,0,of the text loop foc
1152,2,1.446827,0.000411,0.323454,0.917412,0.169433,3456,3584,0,text. If it remains
1153,13,1.865178,0.000469,0.327951,0.917093,0.185869,3584,3712,0,al diagnostic signal
1154,7,1.624267,0.000538,0.353000,0.917596,0.192127,3712,3840,0,tion error. Cognitiv
1155,2,1.649393,0.000455,0.340316,0.917772,0.197040,3840,3968,0,tests whether a fre
1156,3,1.387963,0.000496,0.336406,0.916855,0.194548,3968,4096,0,s no pretrained embe
1157,5,1.399354,0.000456,0.338897,0.917053,0.199042,4096,4224,0,om scratch. Active i
1158,0,1.479508,0.000609,0.354678,0.917648,0.212722,4224,4352,0,o minimise free ener
1159,9,1.400305,0.000995,0.393131,0.917205,0.260843,4352,4480,0,the free energy ref
1160,0,1.239828,0.000767,0.380300,0.917541,0.231827,4480,4608,0,"ics of the text, fre"
1161,2,1.615171,0.000408,0.339140,0.917199,0.181195,4608,4736,0,was extended with a
1162,4,1.597876,0.000632,0.348635,0.917076,0.212515,4736,4864,0,nfamiliar passages o
1163,8,1.154906,0.000643,0.366805,0.917126,0.217535,4864,4992,0,tive reading phase c
1164,6,1.491474,0.000328,0.323238,0.916718,0.183160,4992,5120,0,fixed-length charac
1165,15,1.377820,0.000441,0.348153,0.917441,0.201111,5120,5248,0,ervation vector usin
1166,5,1.479336,0.000924,0.393850,0.917665,0.248801,5248,5376,0,ation of the text lo
1167,14,1.693715,0.000394,0.328908,0.917166,0.177647,5376,5504,0,of the text. If it r
1168,0,1.742901,0.000440,0.323908,0.916569,0.179660,5504,5632,0,ditional diagnostic
1169,8,1.410587,0.000527,0.350616,0.917732,0.189174,5632,5760,0,prediction error. Co
1170,9,1.115572,0.000439,0.340956,0.918015,0.191817,5760,5888,0,roject tests whether
1171,10,1.666883,0.000510,0.338441,0.916660,0.199703,5888,6016,0,del has no pretraine
1172,5,1.516646,0.000444,0.337950,0.916922,0.197463,6016,6144,0,put from scratch. Ac
1173,3,1.667737,0.000626,0.356011,0.917638,0.213189,6144,6272,0,s it to minimise fre
1174,0,1.338518,0.001008,0.394081,0.917156,0.262808,6272,6400,0,"cters, the free ener"
1175,7,1.335362,0.000762,0.377906,0.917569,0.229475,6400,6528,0,tatistics of the tex
1176,3,1.859923,0.000386,0.335078,0.917434,0.178498,6528,6656,0,model was extended
1177,9,1.507565,0.000707,0.355098,0.917067,0.217662,6656,6784,0,seek unfamiliar pass
1178,6,1.373133,0.000628,0.367344,0.916962,0.217235,6784,6912,0,the active reading p
1179,12,1.177040,0.000388,0.328475,0.916626,0.192507,6912,7040,0,reads fixed-length
1180,4,1.768289,0.000398,0.343272,0.917596,0.194987,7040,7168,0,im observation vecto
1181,2,1.734023,0.000960,0.397888,0.917958,0.253256,7168,7296,0,Evaluation of the t
1182,15,1.863289,0.000361,0.326183,0.917308,0.172094,7296,7424,0,stics of the text. I
1183,1,1.156146,0.000430,0.324121,0.916495,0.179100,7424,7552,0,ide additional diagn
1184,7,1.569067,0.000522,0.347477,0.917632,0.187934,7552,7680,0,unded prediction err
1185,10,1.265148,0.000446,0.341515,0.917772,0.191912,7680,7808,0,odel project tests w
1186,10,1.418010,0.000471,0.339242,0.917258,0.187979,7808,7936,0,The model has no pre
1187,6,1.106312,0.000480,0.340828,0.917796,0.189204,7936,64,1,a self-organising s
1188,0,1.426619,0.000518,0.334911,0.916632,0.208369,64,192,0,ts from raw pixel or
1189,0,1.688612,0.000517,0.349788,0.917479,0.198672,192,320,0,must discover the s
1190,6,1.275943,0.000519,0.338989,0.917554,0.194020,320,448,0,maintains a belief
1191,14,1.572366,0.000854,0.376451,0.917385,0.249400,448,576,0,belief. When the age
1192,11,1.574063,0.001140,0.405017,0.917188,0.268694,576,704,0,en the belief state.
1193,5,1.567043,0.000384,0.331947,0.917171,0.179710,704,832,0,out informative obs
1194,6,1.287057,0.000512,0.348772,0.917277,0.200233,832,960,0,"t reading, curiosity"
1195,7,1.332853,0.000634,0.355940,0.917088,0.211605,960,1088,0,This phase lays the
1196,13,1.522953,0.000367,0.332805,0.917103,0.186874,1088,1216,0,tracked view over a
1197,0,1.525988,0.000364,0.337382,0.917329,0.190318,1216,1344,0,read. The encoder ma
1198,11,1.410154,0.001057,0.400559,0.917577,0.264284,1344,1472,0,he same block always
1199,12,1.449355,0.000639,0.360593,0.916967,0.217013,1472,1600,0,"ses over time, the m"
1200,0,1.645939,0.000472,0.305466,0.916708,0.160017,1600,1728,0,"rror, confidence, an"
1201,7,1.275380,0.000513,0.353048,0.917682,0.193984,1728,1856,0,ree-energy curve wit
1202,1,1.471569,0.000516,0.343732,0.917788,0.192042,1856,1984,0,ure in a self-organi
1203,10,1.399007,0.000468,0.331313,0.916960,0.200019,1984,2112,0,concepts from raw pi
1204,9,1.357938,0.000541,0.353571,0.917371,0.202474,2112,2240,0,el. It must discover
1205,14,1.265132,0.000525,0.341828,0.917338,0.196872,2240,2368,0,agent maintains a b
1206,9,1.408616,0.000872,0.376655,0.917476,0.253164,2368,2496,0,n its belief. When t
1207,10,1.331256,0.001006,0.395331,0.917625,0.254857,2496,2624,0,is given the belief
1208,12,1.503268,0.000397,0.334811,0.917037,0.182596,2624,2752,0,o seek out informati
1209,12,1.434202,0.000530,0.353002,0.917792,0.203082,2752,2880,0,"or text reading, cur"
1210,6,1.563407,0.000653,0.358997,0.917405,0.217321,2880,3008,0,rror. This phase lay
1211,11,1.454210,0.000335,0.331462,0.917171,0.178985,3008,3136,0,ition-tracked view o
1212,15,1.461918,0.000358,0.338588,0.917523,0.189282,3136,3264,0,at is read. The enco
1213,8,1.236336,0.000998,0.394492,0.917353,0.259252,3264,3392,0,ams. The same block
1214,3,1.471982,0.000659,0.363423,0.917204,0.222350,3392,3520,0,"decreases over time,"
1215,6,1.303799,0.000437,0.310137,0.916806,0.159172,3520,3648,0,"tion error, confiden"
1216,8,1.869950,0.000498,0.348933,0.917907,0.189341,3648,3776,0,ding free-energy cur
1217,10,1.751869,0.000541,0.346324,0.917582,0.197382,3776,3904,0,structure in a self-
1218,4,1.534962,0.000412,0.326764,0.916805,0.190890,3904,4032,0,istic concepts from
1219,13,1.343983,0.000540,0.354643,0.917530,0.202291,4032,4160,0,ge model. It must di
1220,11,1.575639,0.000489,0.338519,0.917099,0.196163,4160,4288,0,n. The agent maintai
1221,10,1.370741,0.000916,0.381415,0.917249,0.254989,4288,4416,0,s given its belief.
1222,6,1.351705,0.000925,0.388963,0.917385,0.249817,4416,4544,0,block is given the b
1223,6,1.547471,0.000432,0.341852,0.916922,0.189828,4544,4672,0,rive to seek out inf
1224,0,1.268161,0.000500,0.349162,0.917195,0.198245,4672,4800,0,ion. For text readin
1225,3,1.622383,0.000688,0.364425,0.917442,0.219685,4800,4928,0,tion error. This pha
1226,11,1.532232,0.000369,0.335829,0.917494,0.184667,4928,5056,0,"c, position-tracked"
1227,8,1.261406,0.000328,0.333429,0.917062,0.186602,5056,5184,0,ing what is read. Th
1228,4,1.453835,0.000904,0.387428,0.917304,0.249994,5184,5312,0,istograms. The same
1229,10,1.426495,0.000697,0.368553,0.916928,0.227980,5312,5440,0,curve decreases over
1230,2,1.402029,0.000439,0.310469,0.916666,0.154743,5440,5568,0,"prediction error, co"
1231,8,1.241905,0.000517,0.350603,0.917560,0.192938,5568,5696,0,d-trending free-ener
1232,6,1.477042,0.000543,0.347832,0.917428,0.200565,5696,5824,0,on of structure in a
1233,9,1.257302,0.000401,0.328309,0.917036,0.188066,5824,5952,0,-linguistic concepts
1234,15,1.717796,0.000566,0.355721,0.917419,0.205536,5952,6080,0,language model. It m
1235,13,1.705906,0.000488,0.337063,0.916952,0.196460,6080,6208,0,ndation. The agent m
1236,5,1.634777,0.000811,0.374369,0.917809,0.243630,6208,6336,0,vations given its be
1237,9,1.307929,0.000889,0.387034,0.917749,0.245984,6336,6464,0,acter block is given
1238,12,1.510808,0.000429,0.338922,0.916897,0.190720,6464,6592,0,the drive to seek o
1239,3,1.703252,0.000541,0.355778,0.917021,0.206858,6592,6720,0,selection. For text
1240,9,1.541323,0.000732,0.370020,0.917386,0.227595,6720,6848,0,prediction error. Th
1241,9,1.793402,0.000347,0.331558,0.917654,0.175305,6848,6976,0,"inistic, position-tr"
1242,1,1.007523,0.000329,0.331551,0.917182,0.183127,6976,7104,0,fluencing what is re
1243,12,1.398840,0.000858,0.385063,0.917503,0.245710,7104,7232,0,cter histograms. The
1244,8,1.642842,0.000729,0.369562,0.916980,0.230768,7232,7360,0,f the curve decrease
1245,2,1.518334,0.000420,0.318415,0.916806,0.159630,7360,7488,0,. The prediction err
1246,2,1.665446,0.000501,0.345865,0.917304,0.191692,7488,7616,0,ownward-trending fre
1247,5,1.485719,0.000495,0.343898,0.917609,0.194109,7616,7744,0,ormation of structur
1248,10,1.103753,0.000399,0.329233,0.917215,0.187340,7744,7872,0,rm pre-linguistic co
1249,12,1.587565,0.000604,0.356946,0.917527,0.205664,7872,0,1,Cognitive emergence
1250,5,1.425049,0.000430,0.334024,0.918137,0.186413,0,128,0,er a free-energy-min
1251,5,1.553144,0.000468,0.333510,0.916880,0.195890,128,256,0,"ned embeddings, no t"
1252,11,1.381084,0.000470,0.337941,0.916853,0.192597,256,384,0,Active inference pro
1253,7,1.710512,0.000803,0.371962,0.917281,0.237833,384,512,0,"ree energy, which is"
1254,0,1.507506,0.000870,0.382868,0.917182,0.248914,512,640,0,ergy reflects how pr
1255,10,1.588711,0.000808,0.381252,0.917372,0.236386,640,768,0,"ext, free energy sho"
1256,6,1.511398,0.000353,0.326182,0.917357,0.165020,768,896,0,d with an informatio
1257,8,1.416439,0.000673,0.357421,0.917236,0.217769,896,1024,0,ssages or re-read pa
1258,8,1.425969,0.000677,0.368058,0.917275,0.222530,1024,1152,0,phase comes next. T
1259,6,1.428783,0.000296,0.323454,0.917080,0.179216,1152,1280,0,h character blocks i
1260,3,1.863293,0.000425,0.343672,0.917760,0.200901,1280,1408,0,tor using a random p
1261,14,1.278599,0.001084,0.404788,0.917371,0.263143,1408,1536,0,text loop focuses o
1262,12,1.649983,0.000449,0.318990,0.917262,0.169394,1536,1664,0,"If it remains flat,"
1263,15,1.815789,0.000464,0.330990,0.917170,0.184100,1664,1792,0,gnostic signals. A s
1264,9,1.523040,0.000585,0.355929,0.917772,0.200430,1792,1920,0,rror. Cognitive emer
1265,1,1.461007,0.000408,0.333223,0.917552,0.188672,1920,2048,0,whether a free-ener
1266,15,1.482896,0.000479,0.336225,0.917058,0.194097,2048,2176,0,retrained embeddings
1267,12,1.713489,0.000443,0.336010,0.916864,0.192752,2176,2304,0,atch. Active inferen
1268,14,1.159748,0.000747,0.365635,0.917519,0.231309,2304,2432,0,"mise free energy, wh"
1269,9,1.746641,0.000870,0.384979,0.917242,0.248006,2432,2560,0,ree energy reflects
1270,13,1.371445,0.000821,0.383154,0.917461,0.240073,2560,2688,0,"the text, free ener"
1271,15,1.462551,0.000374,0.332508,0.917214,0.170735,2688,2816,0,xtended with an info
1272,9,1.185399,0.000678,0.357905,0.917447,0.219011,2816,2944,0,iar passages or re-r
1273,13,1.534473,0.000663,0.365276,0.916954,0.218552,2944,3072,0,eading phase comes n
1274,1,1.636492,0.000298,0.323093,0.917025,0.180657,3072,3200,0,-length character bl
1275,0,0.904411,0.000387,0.340956,0.917476,0.194453,3200,3328,0,on vector using a ra
1276,11,1.455275,0.001071,0.404005,0.917581,0.262342,3328,3456,0,of the text loop foc
1277,7,1.443459,0.000411,0.323455,0.916967,0.169433,3456,3584,0,text. If it remains
1278,9,1.701291,0.000469,0.327952,0.916816,0.185869,3584,3712,0,al diagnostic signal
1279,0,1.653880,0.000538,0.353002,0.917681,0.192127,3712,3840,0,tion error. Cognitiv
1280,5,1.818180,0.000455,0.340317,0.917337,0.197040,3840,3968,0,tests whether a fre
1281,15,1.507690,0.000496,0.336407,0.916929,0.194548,3968,4096,0,s no pretrained embe
1282,10,1.631939,0.000456,0.338898,0.916824,0.199042,4096,4224,0,om scratch. Active i
1283,7,1.610510,0.000609,0.354679,0.917484,0.212722,4224,4352,0,o minimise free ener
1284,13,1.476512,0.000995,0.393132,0.917457,0.260843,4352,4480,0,the free energy ref
1285,3,1.709492,0.000767,0.380301,0.917478,0.231827,4480,4608,0,"ics of the text, fre"
1286,2,1.405869,0.000408,0.339141,0.917778,0.181195,4608,4736,0,was extended with a
1287,0,1.298463,0.000631,0.348637,0.917066,0.212515,4736,4864,0,nfamiliar passages o
1288,14,1.156238,0.000643,0.366806,0.917161,0.217535,4864,4992,0,tive reading phase c
1289,13,1.302627,0.000328,0.323239,0.916762,0.183160,4992,5120,0,fixed-length charac
1290,8,1.496653,0.000441,0.348155,0.917631,0.201111,5120,5248,0,ervation vector usin
1291,3,1.549188,0.000924,0.393852,0.917268,0.248801,5248,5376,0,ation of the text lo
1292,12,1.751254,0.000394,0.328910,0.917101,0.177647,5376,5504,0,of the text. If it r
1293,2,1.445684,0.000440,0.323910,0.916708,0.179660,5504,5632,0,ditional diagnostic
1294,5,1.696716,0.000527,0.350617,0.917823,0.189174,5632,5760,0,prediction error. Co
1295,15,1.616454,0.000439,0.340957,0.917411,0.191817,5760,5888,0,roject tests whether
1296,4,1.148109,0.000510,0.338442,0.916595,0.199703,5888,6016,0,del has no pretraine
1297,8,1.430492,0.000444,0.337952,0.916936,0.197463,6016,6144,0,put from scratch. Ac
1298,2,1.570483,0.000626,0.356012,0.917275,0.213189,6144,6272,0,s it to minimise fre
1299,9,1.465347,0.001008,0.394082,0.917328,0.262808,6272,6400,0,"cters, the free ener"
1300,0,1.456148,0.000762,0.377907,0.917296,0.229475,6400,6528,0,tatistics of the tex
1301,10,1.858397,0.000386,0.335080,0.916960,0.178498,6528,6656,0,model was extended
1302,9,1.585914,0.000707,0.355099,0.917322,0.217662,6656,6784,0,seek unfamiliar pass
1303,3,1.620770,0.000628,0.367345,0.917198,0.217235,6784,6912,0,the active reading p
1304,14,1.572001,0.000388,0.328477,0.916734,0.192507,6912,7040,0,reads fixed-length
1305,11,1.498851,0.000398,0.343273,0.917448,0.194987,7040,7168,0,im observation vecto
1306,9,1.724340,0.000960,0.397889,0.917279,0.253256,7168,7296,0,Evaluation of the t
1307,4,1.847348,0.000361,0.326184,0.917223,0.172094,7296,7424,0,stics of the text. I
1308,5,1.665036,0.000430,0.324123,0.916711,0.179100,7424,7552,0,ide additional diagn
1309,3,1.646137,0.000522,0.347478,0.917752,0.187934,7552,7680,0,unded prediction err
1310,13,1.543901,0.000446,0.341516,0.917768,0.191912,7680,7808,0,odel project tests w
1311,15,1.224171,0.000470,0.339243,0.917386,0.187979,7808,7936,0,The model has no pre
1312,13,1.630816,0.000480,0.340829,0.917772,0.189204,7936,64,1,a self-organising s
1313,5,1.542403,0.000518,0.334912,0.916718,0.208369,64,192,0,ts from raw pixel or
1314,1,1.624184,0.000517,0.349789,0.917754,0.198672,192,320,0,must discover the s
1315,14,1.605576,0.000519,0.338990,0.917350,0.194020,320,448,0,maintains a belief
1316,7,1.735887,0.000854,0.376452,0.917452,0.249400,448,576,0,belief. When the age
1317,4,1.513060,0.001140,0.405018,0.917283,0.268694,576,704,0,en the belief state.
1318,12,1.621056,0.000384,0.331948,0.917177,0.179710,704,832,0,out informative obs
1319,1,1.564418,0.000512,0.348774,0.917401,0.200233,832,960,0,"t reading, curiosity"
1320,4,1.803199,0.000634,0.355941,0.917424,0.211605,960,1088,0,This phase lays the
1321,15,1.221992,0.000367,0.332807,0.917195,0.186874,1088,1216,0,tracked view over a
1322,0,1.652826,0.000364,0.337384,0.917465,0.190318,1216,1344,0,read. The encoder ma
1323,7,1.647271,0.001057,0.400560,0.917569,0.264284,1344,1472,0,he same block always
1324,5,1.776904,0.000639,0.360594,0.917338,0.217013,1472,1600,0,"ses over time, the m"
1325,10,1.207265,0.000472,0.305467,0.916862,0.160017,1600,1728,0,"rror, confidence, an"
1326,5,1.607708,0.000513,0.353049,0.917722,0.193984,1728,1856,0,ree-energy curve wit
1327,5,1.448103,0.000516,0.343733,0.917532,0.192042,1856,1984,0,ure in a self-organi
1328,13,1.483072,0.000468,0.331314,0.917058,0.200019,1984,2112,0,concepts from raw pi
1329,7,1.513338,0.000540,0.353572,0.917719,0.202474,2112,2240,0,el. It must discover
1330,12,1.706890,0.000525,0.341829,0.917235,0.196872,2240,2368,0,agent maintains a b
1331,15,1.279366,0.000872,0.376656,0.917135,0.253164,2368,2496,0,n its belief. When t
1332,0,1.437806,0.001006,0.395332,0.916980,0.254857,2496,2624,0,is given the belief
1333,7,1.380152,0.000397,0.334812,0.917218,0.182596,2624,2752,0,o seek out informati
1334,0,1.315244,0.000530,0.353003,0.917309,0.203082,2752,2880,0,"or text reading, cur"
1335,5,1.404079,0.000653,0.358998,0.917302,0.217321,2880,3008,0,rror. This phase lay
1336,11,1.594246,0.000335,0.331464,0.917093,0.178985,3008,3136,0,ition-tracked view o
1337,13,1.520830,0.000358,0.338589,0.917248,0.189282,3136,3264,0,at is read. The enco
1338,0,1.749377,0.000998,0.394493,0.917438,0.259252,3264,3392,0,ams. The same block
1339,9,1.238177,0.000659,0.363424,0.916977,0.222350,3392,3520,0,"decreases over time,"
1340,9,1.405407,0.000437,0.310138,0.916917,0.159172,3520,3648,0,"tion error, confiden"
1341,10,1.710626,0.000498,0.348934,0.917411,0.189341,3648,3776,0,ding free-energy cur
1342,0,1.540363,0.000541,0.346325,0.917456,0.197382,3776,3904,0,structure in a self-
1343,4,1.484013,0.000412,0.326765,0.916946,0.190890,3904,4032,0,istic concepts from
1344,0,1.915815,0.000540,0.354645,0.917568,0.202291,4032,4160,0,ge model. It must di
1345,7,1.539237,0.000489,0.338520,0.917182,0.196163,4160,4288,0,n. The agent maintai
1346,5,1.328637,0.000916,0.381416,0.917239,0.254989,4288,4416,0,s given its belief.
1347,6,1.427686,0.000925,0.388964,0.916942,0.249817,4416,4544,0,block is given the b
1348,8,1.430788,0.000432,0.341854,0.916771,0.189828,4544,4672,0,rive to seek out inf
1349,11,1.717486,0.000500,0.349163,0.917597,0.198245,4672,4800,0,ion. For text readin
1350,4,1.440170,0.000688,0.364426,0.917114,0.219685,4800,4928,0,tion error. This pha
1351,1,1.692619,0.000369,0.335830,0.917461,0.184667,4928,5056,0,"c, position-tracked"
1352,8,1.339657,0.000328,0.333430,0.917202,0.186602,5056,5184,0,ing what is read. Th
1353,5,1.288950,0.000904,0.387429,0.917523,0.249994,5184,5312,0,istograms. The same
1354,7,1.239351,0.000697,0.368555,0.916843,0.227980,5312,5440,0,curve decreases over
1355,4,1.609860,0.000439,0.310470,0.916806,0.154743,5440,5568,0,"prediction error, co"
1356,4,1.436001,0.000517,0.350604,0.917443,0.192938,5568,5696,0,d-trending free-ener
1357,15,1.630575,0.000543,0.347833,0.917423,0.200565,5696,5824,0,on of structure in a
1358,4,1.561988,0.000401,0.328310,0.917045,0.188066,5824,5952,0,-linguistic concepts
1359,8,1.420829,0.000566,0.355723,0.917520,0.205536,5952,6080,0,language model. It m
1360,0,1.488081,0.000488,0.337064,0.917067,0.196460,6080,6208,0,ndation. The agent m
1361,5,1.698939,0.000811,0.374370,0.917211,0.243630,6208,6336,0,vations given its be
1362,9,1.648100,0.000889,0.387035,0.917330,0.245984,6336,6464,0,acter block is given
1363,2,1.019259,0.000429,0.338923,0.916695,0.190720,6464,6592,0,the drive to seek o
1364,6,1.450042,0.000541,0.355779,0.917090,0.206858,6592,6720,0,selection. For text
1365,12,1.271323,0.000732,0.370021,0.917384,0.227595,6720,6848,0,prediction error. Th
1366,15,1.524358,0.000347,0.331560,0.917371,0.175305,6848,6976,0,"inistic, position-tr"
1367,1,1.609323,0.000329,0.331552,0.917101,0.183127,6976,7104,0,fluencing what is re
1368,11,1.472179,0.000858,0.385064,0.917492,0.245710,7104,7232,0,cter histograms. The
1369,13,1.514299,0.000729,0.369563,0.916920,0.230768,7232,7360,0,f the curve decrease
1370,12,1.430458,0.000420,0.318416,0.916848,0.159630,7360,7488,0,. The prediction err
1371,15,1.508172,0.000501,0.345866,0.917434,0.191692,7488,7616,0,ownward-trending fre
1372,12,1.050003,0.000495,0.343899,0.917525,0.194109,7616,7744,0,ormation of structur
1373,6,1.187086,0.000399,0.329234,0.916986,0.187340,7744,7872,0,rm pre-linguistic co
1374,5,1.608526,0.000604,0.356947,0.917880,0.205664,7872,0,1,Cognitive emergence
1375,11,1.808183,0.000430,0.334025,0.917753,0.186413,0,128,0,er a free-energy-min
1376,11,1.460309,0.000468,0.333512,0.917136,0.195890,128,256,0,"ned embeddings, no t"
1377,6,1.434886,0.000470,0.337942,0.916973,0.192597,256,384,0,Active inference pro
1378,1,1.629995,0.000803,0.371963,0.917251,0.237833,384,512,0,"ree energy, which is"
1379,1,1.600826,0.000870,0.382869,0.917223,0.248914,512,640,0,ergy reflects how pr
1380,6,1.500833,0.000808,0.381253,0.917220,0.236386,640,768,0,"ext, free energy sho"
1381,8,1.232504,0.000353,0.326184,0.917407,0.165020,768,896,0,d with an informatio
1382,12,1.595191,0.000673,0.357422,0.917122,0.217769,896,1024,0,ssages or re-read pa
1383,7,1.266258,0.000677,0.368060,0.917161,0.222530,1024,1152,0,phase comes next. T
1384,6,1.320661,0.000296,0.323455,0.917280,0.179216,1152,1280,0,h character blocks i
1385,3,1.641890,0.000425,0.343673,0.917294,0.200901,1280,1408,0,tor using a random p
1386,3,1.392206,0.001084,0.404789,0.917331,0.263143,1408,1536,0,text loop focuses o
1387,5,1.686835,0.000449,0.318991,0.917005,0.169394,1536,1664,0,"If it remains flat,"
1388,3,1.868915,0.000464,0.330991,0.916959,0.184100,1664,1792,0,gnostic signals. A s
1389,7,1.676203,0.000585,0.355930,0.917792,0.200430,1792,1920,0,rror. Cognitive emer
1390,0,1.465681,0.000408,0.333224,0.917768,0.188672,1920,2048,0,whether a free-ener
1391,2,1.572160,0.000479,0.336226,0.917060,0.194097,2048,2176,0,retrained embeddings
1392,15,1.593323,0.000443,0.336012,0.916730,0.192752,2176,2304,0,atch. Active inferen
1393,0,1.480189,0.000747,0.365636,0.917299,0.231309,2304,2432,0,"mise free energy, wh"
1394,8,1.659768,0.000870,0.384980,0.917674,0.248006,2432,2560,0,ree energy reflects
1395,2,1.911517,0.000821,0.383155,0.917170,0.240073,2560,2688,0,"the text, free ener"
1396,8,1.258883,0.000374,0.332509,0.917061,0.170735,2688,2816,0,xtended with an info
1397,8,1.436657,0.000678,0.357906,0.917119,0.219011,2816,2944,0,iar passages or re-r
1398,10,1.512054,0.000663,0.365277,0.917047,0.218552,2944,3072,0,eading phase comes n
1399,10,1.486011,0.000298,0.323094,0.917008,0.180657,3072,3200,0,-length character bl
1400,5,1.418754,0.000387,0.340957,0.917799,0.194453,3200,3328,0,on vector using a ra
1401,7,1.771088,0.001071,0.404007,0.917314,0.262342,3328,3456,0,of the text loop foc
1402,0,1.415017,0.000411,0.323457,0.917292,0.169433,3456,3584,0,text. If it remains
1403,5,1.587526,0.000469,0.327953,0.916404,0.185869,3584,3712,0,al diagnostic signal
1404,7,1.534924,0.000538,0.353003,0.917571,0.192127,3712,3840,0,tion error. Cognitiv
1405,14,1.497182,0.000455,0.340318,0.917279,0.197040,3840,3968,0,tests whether a fre
1406,0,1.842416,0.000496,0.336408,0.916964,0.194548,3968,4096,0,s no pretrained embe
1407,14,1.283098,0.000456,0.338899,0.917057,0.199042,4096,4224,0,om scratch. Active i
1408,8,1.332635,0.000609,0.354680,0.918022,0.212722,4224,4352,0,o minimise free ener
1409,15,1.466542,0.000995,0.393134,0.917238,0.260843,4352,4480,0,the free energy ref
1410,15,1.694265,0.000767,0.380303,0.917459,0.231827,4480,4608,0,"ics of the text, fre"
1411,5,1.275075,0.000408,0.339142,0.917359,0.181195,4608,4736,0,was extended with a
1412,12,1.552531,0.000631,0.348638,0.917372,0.212515,4736,4864,0,nfamiliar passages o
1413,12,1.278057,0.000643,0.366808,0.917291,0.217535,4864,4992,0,tive reading phase c
1414,5,1.386236,0.000328,0.323240,0.916859,0.183160,4992,5120,0,fixed-length charac
1415,13,1.542310,0.000441,0.348156,0.917517,0.201111,5120,5248,0,ervation vector usin
1416,7,1.311362,0.000924,0.393853,0.917576,0.248801,5248,5376,0,ation of the text lo
1417,6,1.511522,0.000394,0.328911,0.917017,0.177647,5376,5504,0,of the text. If it r
1418,9,1.122321,0.000440,0.323911,0.916653,0.179660,5504,5632,0,ditional diagnostic
1419,7,1.442282,0.000527,0.350618,0.917571,0.189174,5632,5760,0,prediction error. Co
1420,13,1.715239,0.000438,0.340959,0.917383,0.191817,5760,5888,0,roject tests whether
1421,11,1.489024,0.000510,0.338443,0.916848,0.199703,5888,6016,0,del has no pretraine
1422,8,1.313090,0.000444,0.337953,0.916847,0.197463,6016,6144,0,put from scratch. Ac
1423,3,1.565275,0.000626,0.356013,0.917235,0.213189,6144,6272,0,s it to minimise fre
1424,11,1.518944,0.001008,0.394083,0.917149,0.262808,6272,6400,0,"cters, the free ener"
1425,3,1.419190,0.000762,0.377908,0.918204,0.229475,6400,6528,0,tatistics of the tex
1426,1,1.304679,0.000386,0.335081,0.917048,0.178498,6528,6656,0,model was extended
1427,10,1.592810,0.000707,0.355101,0.917137,0.217662,6656,6784,0,seek unfamiliar pass
1428,11,1.564273,0.000628,0.367346,0.917096,0.217235,6784,6912,0,the active reading p
1429,10,1.025611,0.000388,0.328478,0.917041,0.192507,6912,7040,0,reads fixed-length
1430,6,1.488165,0.000398,0.343275,0.917556,0.194987,7040,7168,0,im observation vecto
1431,5,1.384322,0.000960,0.397890,0.917547,0.253256,7168,7296,0,Evaluation of the t
1432,13,1.815766,0.000361,0.326186,0.917234,0.172094,7296,7424,0,stics of the text. I
1433,6,1.345179,0.000430,0.324124,0.916713,0.179100,7424,7552,0,ide additional diagn
1434,0,1.644815,0.000522,0.347480,0.917816,0.187934,7552,7680,0,unded prediction err
1435,12,1.614596,0.000446,0.341517,0.917590,0.191912,7680,7808,0,odel project tests w
1436,9,1.392575,0.000470,0.339244,0.917315,0.187979,7808,7936,0,The model has no pre
1437,4,1.469975,0.000480,0.340831,0.917684,0.189204,7936,64,1,a self-organising s
1438,5,1.169581,0.000518,0.334913,0.917334,0.208369,64,192,0,ts from raw pixel or
1439,4,1.709738,0.000517,0.349790,0.917622,0.198672,192,320,0,must discover the s
1440,6,1.161679,0.000519,0.338991,0.917286,0.194020,320,448,0,maintains a belief
1441,14,1.404669,0.000854,0.376453,0.917352,0.249400,448,576,0,belief. When the age
1442,12,1.409082,0.001140,0.405020,0.917229,0.268694,576,704,0,en the belief state.
1443,14,1.249367,0.000384,0.331949,0.917421,0.179710,704,832,0,out informative obs
1444,15,1.632040,0.000512,0.348775,0.917485,0.200233,832,960,0,"t reading, curiosity"
1445,6,1.327342,0.000634,0.355943,0.917183,0.211605,960,1088,0,This phase lays the
1446,5,1.560773,0.000367,0.332808,0.916781,0.186874,1088,1216,0,tracked view over a
1447,8,1.524992,0.000364,0.337385,0.917394,0.190318,1216,1344,0,read. The encoder ma
1448,15,1.408587,0.001057,0.400561,0.917301,0.264284,1344,1472,0,he same block always
1449,13,1.376894,0.000639,0.360595,0.917047,0.217013,1472,1600,0,"ses over time, the m"
1450,3,1.581605,0.000472,0.305468,0.916965,0.160017,1600,1728,0,"rror, confidence, an"
1451,2,1.970159,0.000513,0.353051,0.917440,0.193984,1728,1856,0,ree-energy curve wit
1452,14,1.816780,0.000516,0.343735,0.917604,0.192042,1856,1984,0,ure in a self-organi
1453,12,1.593138,0.000468,0.331315,0.916924,0.200019,1984,2112,0,concepts from raw pi
1454,0,1.737355,0.000540,0.353573,0.917396,0.202474,2112,2240,0,el. It must discover
1455,3,1.633609,0.000525,0.341831,0.917138,0.196872,2240,2368,0,agent maintains a b
1456,6,1.435976,0.000872,0.376657,0.917300,0.253164,2368,2496,0,n its belief. When t
1457,5,1.640116,0.001006,0.395333,0.917487,0.254857,2496,2624,0,is given the belief
1458,8,1.462658,0.000397,0.334813,0.916864,0.182596,2624,2752,0,o seek out informati
1459,12,1.635278,0.000530,0.353004,0.917354,0.203082,2752,2880,0,"or text reading, cur"
1460,2,1.158576,0.000653,0.359000,0.917580,0.217321,2880,3008,0,rror. This phase lay
1461,11,1.443796,0.000335,0.331465,0.917371,0.178985,3008,3136,0,ition-tracked view o
1462,10,1.563032,0.000358,0.338590,0.917763,0.189282,3136,3264,0,at is read. The enco
1463,11,1.404008,0.000998,0.394494,0.917362,0.259252,3264,3392,0,ams. The same block
1464,11,1.250260,0.000659,0.363425,0.917045,0.222350,3392,3520,0,"decreases over time,"
1465,11,1.476132,0.000437,0.310139,0.916908,0.159172,3520,3648,0,"tion error, confiden"
1466,14,1.748611,0.000498,0.348936,0.917463,0.189341,3648,3776,0,ding free-energy cur
1467,15,1.258015,0.000541,0.346326,0.917647,0.197382,3776,3904,0,structure in a self-
1468,9,1.249547,0.000412,0.326766,0.916928,0.190890,3904,4032,0,istic concepts from
1469,2,1.676124,0.000540,0.354646,0.917758,0.202291,4032,4160,0,ge model. It must di
1470,9,1.573277,0.000489,0.338522,0.917433,0.196163,4160,4288,0,n. The agent maintai
1471,11,1.525290,0.000916,0.381417,0.917425,0.254989,4288,4416,0,s given its belief.
1472,4,1.533974,0.000925,0.388965,0.917085,0.249817,4416,4544,0,block is given the b
1473,12,1.591589,0.000432,0.341855,0.916935,0.189828,4544,4672,0,rive to seek out inf
1474,6,1.581625,0.000500,0.349164,0.917161,0.198245,4672,4800,0,ion. For text readin
1475,14,1.326216,0.000688,0.364427,0.917053,0.219685,4800,4928,0,tion error. This pha
1476,3,1.580367,0.000369,0.335831,0.917551,0.184667,4928,5056,0,"c, position-tracked"
1477,4,1.510781,0.000328,0.333431,0.917148,0.186602,5056,5184,0,ing what is read. Th
1478,6,1.684238,0.000904,0.387430,0.917959,0.249994,5184,5312,0,istograms. The same
1479,9,1.548917,0.000697,0.368556,0.916961,0.227980,5312,5440,0,curve decreases over
1480,14,1.516174,0.000439,0.310472,0.916561,0.154743,5440,5568,0,"prediction error, co"
1481,14,1.339711,0.000517,0.350606,0.917325,0.192938,5568,5696,0,d-trending free-ener
1482,7,1.694700,0.000543,0.347834,0.917638,0.200565,5696,5824,0,on of structure in a
1483,10,1.451250,0.000401,0.328311,0.917078,0.188066,5824,5952,0,-linguistic concepts
1484,7,1.553629,0.000566,0.355724,0.917417,0.205536,5952,6080,0,language model. It m
1485,10,1.751302,0.000488,0.337066,0.916863,0.196460,6080,6208,0,ndation. The agent m
1486,1,1.486328,0.000811,0.374372,0.917368,0.243630,6208,6336,0,vations given its be
1487,9,1.390562,0.000889,0.387036,0.917314,0.245984,6336,6464,0,acter block is given
1488,10,1.648108,0.000429,0.338925,0.917019,0.190720,6464,6592,0,the drive to seek o
1489,1,1.778460,0.000541,0.355781,0.917102,0.206858,6592,6720,0,selection. For text
1490,15,1.731919,0.000732,0.370022,0.917522,0.227595,6720,6848,0,prediction error. Th
1491,11,1.582912,0.000347,0.331561,0.917308,0.175305,6848,6976,0,"inistic, position-tr"
1492,14,1.364281,0.000329,0.331553,0.917240,0.183127,6976,7104,0,fluencing what is re
1493,14,1.406116,0.000858,0.385066,0.917512,0.245710,7104,7232,0,cter histograms. The
1494,11,1.409541,0.000729,0.369564,0.917053,0.230768,7232,7360,0,f the curve decrease
1495,15,1.735810,0.000420,0.318417,0.916980,0.159630,7360,7488,0,. The prediction err
1496,14,1.463314,0.000501,0.345868,0.917387,0.191692,7488,7616,0,ownward-trending fre
1497,11,1.725721,0.000495,0.343900,0.917629,0.194109,7616,7744,0,ormation of structur
1498,9,1.504016,0.000399,0.329235,0.917547,0.187340,7744,7872,0,rm pre-linguistic co
1499,1,1.244385,0.000604,0.356948,0.917378,0.205664,7872,0,1,Cognitive emergence
1500,15,1.492684,0.000430,0.334027,0.917507,0.186413,0,128,0,er a free-energy-min
1501,6,1.853010,0.000468,0.333513,0.917349,0.195890,128,256,0,"ned embeddings, no t"
1502,4,1.394158,0.000470,0.337943,0.917130,0.192597,256,384,0,Active inference pro
1503,8,1.784402,0.000803,0.371964,0.917274,0.237833,384,512,0,"ree energy, which is"
1504,15,1.664103,0.000870,0.382870,0.917161,0.248914,512,640,0,ergy reflects how pr
1505,3,1.628309,0.000808,0.381254,0.917029,0.236386,640,768,0,"ext, free energy sho"
1506,13,1.677623,0.000353,0.326185,0.917512,0.165020,768,896,0,d with an informatio
1507,9,1.487247,0.000673,0.357423,0.917271,0.217769,896,1024,0,ssages or re-read pa
1508,7,1.712603,0.000677,0.368061,0.916910,0.222530,1024,1152,0,phase comes next. T
1509,12,1.632608,0.000296,0.323456,0.917016,0.179216,1152,1280,0,h character blocks i
1510,5,1.509410,0.000425,0.343674,0.917558,0.200901,1280,1408,0,tor using a random p
1511,7,1.219848,0.001084,0.404790,0.917450,0.263143,1408,1536,0,text loop focuses o
1512,9,1.193067,0.000449,0.318993,0.916932,0.169394,1536,1664,0,"If it remains flat,"
1513,4,1.841448,0.000464,0.330992,0.916795,0.184100,1664,1792,0,gnostic signals. A s
1514,10,1.316584,0.000585,0.355932,0.917751,0.200430,1792,1920,0,rror. Cognitive emer
1515,0,1.094473,0.000408,0.333225,0.917936,0.188672,1920,2048,0,whether a free-ener
1516,1,1.675096,0.000479,0.336227,0.917129,0.194097,2048,2176,0,retrained embeddings
1517,1,1.962379,0.000443,0.336013,0.917198,0.192752,2176,2304,0,atch. Active inferen
1518,6,1.439138,0.000747,0.365638,0.917396,0.231309,2304,2432,0,"mise free energy, wh"
1519,12,1.089518,0.000870,0.384981,0.917492,0.248006,2432,2560,0,ree energy reflects
1520,10,1.608637,0.000821,0.383156,0.917279,0.240073,2560,2688,0,"the text, free ener"
1521,12,1.353564,0.000374,0.332510,0.917378,0.170735,2688,2816,0,xtended with an info
1522,11,1.437543,0.000678,0.357907,0.917294,0.219011,2816,2944,0,iar passages or re-r
1523,14,1.244766,0.000663,0.365278,0.917225,0.218552,2944,3072,0,eading phase comes n
1524,0,1.614838,0.000298,0.323095,0.917282,0.180657,3072,3200,0,-length character bl
1525,6,1.546073,0.000387,0.340958,0.917384,0.194453,3200,3328,0,on vector using a ra
1526,6,1.305609,0.001070,0.404008,0.917536,0.262342,3328,3456,0,of the text loop foc
1527,3,1.556373,0.000411,0.323458,0.917169,0.169433,3456,3584,0,text. If it remains
1528,3,1.451339,0.000469,0.327955,0.916735,0.185869,3584,3712,0,al diagnostic signal
1529,5,1.554367,0.000538,0.353004,0.917642,0.192127,3712,3840,0,tion error. Cognitiv
1530,12,1.552798,0.000455,0.340319,0.917375,0.197040,3840,3968,0,tests whether a fre
1531,3,1.628922,0.000496,0.336409,0.916718,0.194548,3968,4096,0,s no pretrained embe
1532,10,1.487055,0.000456,0.338900,0.916972,0.199042,4096,4224,0,om scratch. Active i
1533,10,1.518331,0.000609,0.354681,0.917208,0.212722,4224,4352,0,o minimise free ener
1534,9,1.649342,0.000995,0.393135,0.917504,0.260843,4352,4480,0,the free energy ref
1535,12,1.428226,0.000767,0.380304,0.917801,0.231827,4480,4608,0,"ics of the text, fre"
1536,1,1.455400,0.000408,0.339143,0.916970,0.181195,4608,4736,0,was extended with a
1537,11,1.701542,0.000631,0.348639,0.917609,0.212515,4736,4864,0,nfamiliar passages o
1538,12,1.672153,0.000643,0.366809,0.917327,0.217535,4864,4992,0,tive reading phase c
1539,8,1.734761,0.000328,0.323241,0.916806,0.183160,4992,5120,0,fixed-length charac
1540,11,1.159464,0.000441,0.348157,0.917502,0.201111,5120,5248,0,ervation vector usin
1541,8,1.915094,0.000924,0.393854,0.917541,0.248801,5248,5376,0,ation of the text lo
1542,10,1.295323,0.000394,0.328912,0.917192,0.177647,5376,5504,0,of the text. If it r
1543,9,1.845050,0.000440,0.323912,0.916511,0.179660,5504,5632,0,ditional diagnostic
1544,15,1.615427,0.000527,0.350619,0.918009,0.189174,5632,5760,0,prediction error. Co
1545,0,1.675992,0.000438,0.340960,0.917681,0.191817,5760,5888,0,roject tests whether
1546,2,1.517089,0.000510,0.338444,0.916739,0.199703,5888,6016,0,del has no pretraine
1547,8,1.314320,0.000444,0.337954,0.917277,0.197463,6016,6144,0,put from scratch. Ac
1548,11,1.665031,0.000626,0.356014,0.917507,0.213189,6144,6272,0,s it to minimise fre
1549,9,1.643829,0.001008,0.394084,0.917386,0.262808,6272,6400,0,"cters, the free ener"
1550,4,1.279029,0.000762,0.377909,0.917493,0.229475,6400,6528,0,tatistics of the tex
1551,11,1.434651,0.000386,0.335082,0.916860,0.178498,6528,6656,0,model was extended
1552,13,1.460183,0.000707,0.355102,0.917043,0.217662,6656,6784,0,seek unfamiliar pass
1553,10,1.752797,0.000628,0.367347,0.917251,0.217235,6784,6912,0,the active reading p
1554,4,1.592434,0.000388,0.328479,0.916760,0.192507,6912,7040,0,reads fixed-length
1555,4,1.313199,0.000398,0.343276,0.917440,0.194987,7040,7168,0,im observation vecto
1556,7,1.494822,0.000960,0.397892,0.917451,0.253256,7168,7296,0,Evaluation of the t
1557,6,1.471302,0.000361,0.326187,0.917240,0.172094,7296,7424,0,stics of the text. I
1558,7,1.359328,0.000430,0.324125,0.916851,0.179100,7424,7552,0,ide additional diagn
1559,12,1.534614,0.000522,0.347481,0.917669,0.187934,7552,7680,0,unded prediction err
1560,7,1.422974,0.000446,0.341518,0.917845,0.191912,7680,7808,0,odel project tests w
1561,3,1.551193,0.000470,0.339246,0.917126,0.187979,7808,7936,0,The model has no pre
1562,6,1.447571,0.000480,0.340832,0.917987,0.189204,7936,64,1,a self-organising s
1563,3,1.308195,0.000518,0.334914,0.916634,0.208369,64,192,0,ts from raw pixel or
1564,8,1.637911,0.000517,0.349791,0.917666,0.198672,192,320,0,must discover the s
1565,12,1.177219,0.000519,0.338992,0.916923,0.194020,320,448,0,maintains a belief
1566,13,1.551653,0.000854,0.376455,0.917626,0.249400,448,576,0,belief. When the age
1567,1,1.370856,0.001140,0.405021,0.917165,0.268694,576,704,0,en the belief state.
1568,7,1.484037,0.000384,0.331950,0.917136,0.179710,704,832,0,out informative obs
1569,9,1.825079,0.000512,0.348776,0.917419,0.200233,832,960,0,"t reading, curiosity"
1570,0,1.318677,0.000634,0.355944,0.917188,0.211605,960,1088,0,This phase lays the
1571,12,1.742732,0.000367,0.332809,0.916986,0.186874,1088,1216,0,tracked view over a
1572,13,1.404686,0.000364,0.337386,0.917272,0.190318,1216,1344,0,read. The encoder ma
1573,7,1.573967,0.001056,0.400562,0.917342,0.264284,1344,1472,0,he same block always
1574,10,1.400459,0.000639,0.360597,0.916947,0.217013,1472,1600,0,"ses over time, the m"
1575,2,1.780809,0.000472,0.305469,0.916697,0.160017,1600,1728,0,"rror, confidence, an"
1576,4,1.416652,0.000513,0.353052,0.917682,0.193984,1728,1856,0,ree-energy curve wit
1577,6,1.640518,0.000516,0.343736,0.917906,0.192042,1856,1984,0,ure in a self-organi
1578,8,1.742620,0.000468,0.331316,0.916646,0.200019,1984,2112,0,concepts from raw pi
1579,9,0.986868,0.000540,0.353575,0.917296,0.202474,2112,2240,0,el. It must discover
1580,14,1.383468,0.000525,0.341832,0.917282,0.196872,2240,2368,0,agent maintains a b
1581,12,1.473958,0.000872,0.376658,0.917566,0.253164,2368,2496,0,n its belief. When t
1582,12,1.602728,0.001006,0.395334,0.917216,0.254857,2496,2624,0,is given the belief
1583,2,1.360068,0.000397,0.334814,0.917177,0.182596,2624,2752,0,o seek out informati
1584,12,1.505206,0.000530,0.353005,0.917136,0.203082,2752,2880,0,"or text reading, cur"
1585,11,1.759414,0.000653,0.359001,0.916936,0.217321,2880,3008,0,rror. This phase lay
1586,0,1.390322,0.000335,0.331466,0.917244,0.178985,3008,3136,0,ition-tracked view o
1587,8,1.585841,0.000358,0.338592,0.917211,0.189282,3136,3264,0,at is read. The enco
1588,11,1.054198,0.000998,0.394496,0.917321,0.259252,3264,3392,0,ams. The same block
1589,2,0.998909,0.000659,0.363427,0.917380,0.222350,3392,3520,0,"decreases over time,"
1590,13,1.654935,0.000437,0.310140,0.916840,0.159172,3520,3648,0,"tion error, confiden"
1591,11,1.376271,0.000498,0.348937,0.917328,0.189341,3648,3776,0,ding free-energy cur
1592,2,0.956171,0.000541,0.346327,0.917515,0.197382,3776,3904,0,structure in a self-
1593,9,1.533381,0.000412,0.326768,0.916797,0.190890,3904,4032,0,istic concepts from
1594,12,1.377150,0.000540,0.354647,0.917645,0.202291,4032,4160,0,ge model. It must di
1595,14,1.387295,0.000489,0.338523,0.917011,0.196163,4160,4288,0,n. The agent maintai
1596,10,1.653008,0.000916,0.381418,0.917394,0.254989,4288,4416,0,s given its belief.
1597,12,1.398359,0.000925,0.388967,0.917857,0.249817,4416,4544,0,block is given the b
1598,12,1.161231,0.000432,0.341856,0.916938,0.189828,4544,4672,0,rive to seek out inf
1599,6,1.211734,0.000500,0.349166,0.917408,0.198245,4672,4800,0,ion. For text readin
1600,4,1.374441,0.000688,0.364429,0.917476,0.219685,4800,4928,0,tion error. This pha
1601,7,1.490580,0.000369,0.335833,0.917480,0.184667,4928,5056,0,"c, position-tracked"
1602,7,1.543973,0.000328,0.333433,0.917284,0.186602,5056,5184,0,ing what is read. Th
1603,14,1.319472,0.000904,0.387431,0.917393,0.249994,5184,5312,0,istograms. The same
1604,14,1.329830,0.000697,0.368557,0.917752,0.227980,5312,5440,0,curve decreases over
1605,14,1.533781,0.000439,0.310473,0.916704,0.154743,5440,5568,0,"prediction error, co"
1606,6,1.695601,0.000517,0.350607,0.917999,0.192938,5568,5696,0,d-trending free-ener
1607,5,1.356259,0.000543,0.347835,0.917523,0.200565,5696,5824,0,on of structure in a
1608,4,1.605880,0.000401,0.328313,0.916838,0.188066,5824,5952,0,-linguistic concepts
1609,2,1.524247,0.000566,0.355725,0.917608,0.205536,5952,6080,0,language model. It m
1610,15,1.261651,0.000488,0.337067,0.917146,0.196460,6080,6208,0,ndation. The agent m
1611,3,1.730445,0.000811,0.374373,0.917189,0.243630,6208,6336,0,vations given its be
1612,7,1.343142,0.000889,0.387038,0.917414,0.245984,6336,6464,0,acter block is given
1613,5,0.968951,0.000429,0.338926,0.917172,0.190720,6464,6592,0,the drive to seek o
1614,3,1.816071,0.000541,0.355782,0.917319,0.206858,6592,6720,0,selection. For text
1615,5,1.455710,0.000732,0.370023,0.917279,0.227595,6720,6848,0,prediction error. Th
1616,11,1.092149,0.000347,0.331562,0.917343,0.175305,6848,6976,0,"inistic, position-tr"
1617,0,1.556261,0.000329,0.331555,0.916894,0.183127,6976,7104,0,fluencing what is re
1618,14,1.355695,0.000858,0.385067,0.917663,0.245710,7104,7232,0,cter histograms. The
1619,0,1.634636,0.000729,0.369565,0.917043,0.230768,7232,7360,0,f the curve decrease
1620,3,1.487461,0.000420,0.318418,0.916873,0.159630,7360,7488,0,. The prediction err
1621,8,1.526438,0.000501,0.345869,0.917495,0.191692,7488,7616,0,ownward-trending fre
1622,3,1.642780,0.000495,0.343901,0.917290,0.194109,7616,7744,0,ormation of structur
1623,9,1.396279,0.000399,0.329236,0.916915,0.187340,7744,7872,0,rm pre-linguistic co
1624,5,1.533462,0.000604,0.356950,0.917735,0.205664,7872,0,1,Cognitive emergence
1625,11,1.544053,0.000430,0.334028,0.917573,0.186413,0,128,0,er a free-energy-min
1626,10,1.639128,0.000468,0.333514,0.917108,0.195890,128,256,0,"ned embeddings, no t"
1627,0,1.634324,0.000470,0.337944,0.916917,0.192597,256,384,0,Active inference pro
1628,8,1.251004,0.000803,0.371966,0.917379,0.237833,384,512,0,"ree energy, which is"
1629,7,1.863282,0.000870,0.382871,0.917535,0.248914,512,640,0,ergy reflects how pr
1630,10,1.323750,0.000808,0.381255,0.917395,0.236386,640,768,0,"ext, free energy sho"
1631,0,1.636922,0.000353,0.326186,0.917398,0.165020,768,896,0,d with an informatio
1632,13,1.527659,0.000673,0.357424,0.917555,0.217769,896,1024,0,ssages or re-read pa
1633,0,1.343975,0.000677,0.368062,0.917274,0.222530,1024,1152,0,phase comes next. T
1634,8,1.132864,0.000296,0.323458,0.916964,0.179216,1152,1280,0,h character blocks i
1635,10,1.871275,0.000425,0.343675,0.917499,0.200901,1280,1408,0,tor using a random p
1636,14,1.331701,0.001084,0.404792,0.917339,0.263143,1408,1536,0,text loop focuses o
1637,3,1.204466,0.000449,0.318994,0.917087,0.169394,1536,1664,0,"If it remains flat,"
1638,10,1.711247,0.000464,0.330993,0.916738,0.184100,1664,1792,0,gnostic signals. A s
1639,3,1.628998,0.000585,0.355933,0.917880,0.200430,1792,1920,0,rror. Cognitive emer
1640,14,1.481615,0.000408,0.333226,0.917420,0.188672,1920,2048,0,whether a free-ener
1641,11,1.491614,0.000479,0.336228,0.917117,0.194097,2048,2176,0,retrained embeddings
1642,4,1.652908,0.000443,0.336014,0.916800,0.192752,2176,2304,0,atch. Active inferen
1643,7,1.402943,0.000747,0.365639,0.917427,0.231309,2304,2432,0,"mise free energy, wh"
1644,5,1.791598,0.000870,0.384983,0.917415,0.248006,2432,2560,0,ree energy reflects
1645,2,1.367259,0.000821,0.383158,0.917183,0.240073,2560,2688,0,"the text, free ener"
1646,15,1.623713,0.000374,0.332512,0.917248,0.170735,2688,2816,0,xtended with an info
1647,15,1.538054,0.000678,0.357908,0.917197,0.219011,2816,2944,0,iar passages or re-r
1648,6,1.375953,0.000663,0.365279,0.917090,0.218552,2944,3072,0,eading phase comes n
1649,14,1.824950,0.000298,0.323097,0.917095,0.180657,3072,3200,0,-length character bl
1650,1,1.708627,0.000387,0.340959,0.918038,0.194453,3200,3328,0,on vector using a ra
1651,2,1.509940,0.001070,0.404009,0.917568,0.262342,3328,3456,0,of the text loop foc
1652,0,1.403760,0.000411,0.323459,0.917396,0.169433,3456,3584,0,text. If it remains
1653,5,1.749725,0.000469,0.327956,0.916853,0.185869,3584,3712,0,al diagnostic signal
1654,0,1.277975,0.000538,0.353005,0.917595,0.192127,3712,3840,0,tion error. Cognitiv
1655,9,1.589284,0.000455,0.340321,0.917400,0.197040,3840,3968,0,tests whether a fre
1656,6,1.433196,0.000496,0.336410,0.917000,0.194548,3968,4096,0,s no pretrained embe
1657,1,1.568823,0.000456,0.338901,0.916830,0.199042,4096,4224,0,om scratch. Active i
1658,2,1.321974,0.000609,0.354683,0.917297,0.212722,4224,4352,0,o minimise free ener
1659,10,1.727168,0.000995,0.393136,0.917225,0.260843,4352,4480,0,the free energy ref
1660,8,1.504705,0.000767,0.380305,0.917425,0.231827,4480,4608,0,"ics of the text, fre"
1661,15,1.398782,0.000408,0.339145,0.916830,0.181195,4608,4736,0,was extended with a
1662,12,1.613041,0.000631,0.348640,0.917152,0.212515,4736,4864,0,nfamiliar passages o
1663,1,1.598495,0.000643,0.366810,0.917054,0.217535,4864,4992,0,tive reading phase c
1664,7,1.577431,0.000328,0.323242,0.916784,0.183160,4992,5120,0,fixed-length charac
1665,3,1.537728,0.000441,0.348158,0.917955,0.201111,5120,5248,0,ervation vector usin
1666,14,1.561666,0.000924,0.393855,0.917705,0.248801,5248,5376,0,ation of the text lo
1667,12,1.593848,0.000394,0.328913,0.917065,0.177647,5376,5504,0,of the text. If it r
1668,0,1.506108,0.000440,0.323913,0.916606,0.179660,5504,5632,0,ditional diagnostic
1669,11,1.286857,0.000527,0.350621,0.917614,0.189174,5632,5760,0,prediction error. Co
1670,12,1.859850,0.000438,0.340961,0.917493,0.191817,5760,5888,0,roject tests whether
1671,9,1.443034,0.000510,0.338446,0.916894,0.199703,5888,6016,0,del has no pretraine
1672,13,1.504385,0.000444,0.337955,0.917184,0.197463,6016,6144,0,put from scratch. Ac
1673,10,1.728918,0.000626,0.356015,0.917347,0.213189,6144,6272,0,s it to minimise fre
1674,4,1.663023,0.001008,0.394086,0.917328,0.262808,6272,6400,0,"cters, the free ener"
1675,12,1.482662,0.000762,0.377911,0.917478,0.229475,6400,6528,0,tatistics of the tex
1676,8,1.553506,0.000386,0.335083,0.917450,0.178498,6528,6656,0,model was extended
1677,12,1.207207,0.000707,0.355103,0.917328,0.217662,6656,6784,0,seek unfamiliar pass
1678,15,1.313064,0.000628,0.367348,0.917271,0.217235,6784,6912,0,the active reading p
1679,9,1.446133,0.000388,0.328480,0.916984,0.192507,6912,7040,0,reads fixed-length
1680,9,1.384431,0.000398,0.343277,0.917477,0.194987,7040,7168,0,im observation vecto
1681,5,1.381839,0.000960,0.397893,0.917945,0.253256,7168,7296,0,Evaluation of the t
1682,11,1.589094,0.000361,0.326188,0.917260,0.172094,7296,7424,0,stics of the text. I
1683,3,1.366693,0.000430,0.324126,0.916728,0.179100,7424,7552,0,ide additional diagn
1684,0,1.511274,0.000522,0.347482,0.917628,0.187934,7552,7680,0,unded prediction err
1685,9,1.637365,0.000446,0.341519,0.917525,0.191912,7680,7808,0,odel project tests w
1686,7,1.282335,0.000470,0.339247,0.917235,0.187979,7808,7936,0,The model has no pre
1687,11,1.541269,0.000480,0.340833,0.917705,0.189204,7936,64,1,a self-organising s
1688,2,1.618256,0.000518,0.334915,0.916802,0.208369,64,192,0,ts from raw pixel or
1689,1,1.365479,0.000517,0.349793,0.917172,0.198672,192,320,0,must discover the s
1690,3,1.724097,0.000519,0.338994,0.917468,0.194020,320,448,0,maintains a belief
1691,10,1.133960,0.000854,0.376456,0.917205,0.249400,448,576,0,belief. When the age
1692,15,1.684738,0.001140,0.405022,0.917375,0.268694,576,704,0,en the belief state.
1693,14,0.999780,0.000384,0.331952,0.917176,0.179710,704,832,0,out informative obs
1694,4,1.198757,0.000512,0.348777,0.917334,0.200233,832,960,0,"t reading, curiosity"
1695,13,1.540168,0.000634,0.355945,0.917511,0.211605,960,1088,0,This phase lays the
1696,6,1.342248,0.000367,0.332810,0.917135,0.186874,1088,1216,0,tracked view over a
1697,9,1.503819,0.000364,0.337387,0.917548,0.190318,1216,1344,0,read. The encoder ma
1698,9,1.417271,0.001056,0.400564,0.917432,0.264284,1344,1472,0,he same block always
1699,7,1.790000,0.000639,0.360598,0.916983,0.217013,1472,1600,0,"ses over time, the m"
1700,9,1.058369,0.000472,0.305470,0.916670,0.160017,1600,1728,0,"rror, confidence, an"
1701,8,1.407210,0.000512,0.353053,0.917582,0.193984,1728,1856,0,ree-energy curve wit
1702,1,1.605350,0.000516,0.343737,0.918086,0.192042,1856,1984,0,ure in a self-organi
1703,15,1.518621,0.000468,0.331317,0.916726,0.200019,1984,2112,0,concepts from raw pi
1704,4,1.554087,0.000540,0.353576,0.917372,0.202474,2112,2240,0,el. It must discover
1705,4,2.042398,0.000525,0.341833,0.917191,0.196872,2240,2368,0,agent maintains a b
1706,2,1.452696,0.000872,0.376659,0.917372,0.253164,2368,2496,0,n its belief. When t
1707,14,1.514161,0.001006,0.395335,0.917370,0.254857,2496,2624,0,is given the belief
1708,1,1.581599,0.000397,0.334816,0.917000,0.182596,2624,2752,0,o seek out informati
1709,13,1.519239,0.000530,0.353007,0.917443,0.203082,2752,2880,0,"or text reading, cur"
1710,13,1.500301,0.000653,0.359002,0.917394,0.217321,2880,3008,0,rror. This phase lay
1711,4,1.442244,0.000335,0.331467,0.917021,0.178985,3008,3136,0,ition-tracked view o
1712,5,1.151486,0.000358,0.338593,0.917385,0.189282,3136,3264,0,at is read. The enco
1713,1,1.417675,0.000998,0.394497,0.917522,0.259252,3264,3392,0,ams. The same block
1714,6,1.277851,0.000659,0.363428,0.916910,0.222350,3392,3520,0,"decreases over time,"
1715,14,1.424879,0.000437,0.310142,0.916842,0.159172,3520,3648,0,"tion error, confiden"
1716,5,1.538933,0.000498,0.348938,0.917362,0.189341,3648,3776,0,ding free-energy cur
1717,11,1.172585,0.000541,0.346329,0.917900,0.197382,3776,3904,0,structure in a self-
1718,1,1.669202,0.000412,0.326769,0.917121,0.190890,3904,4032,0,istic concepts from
1719,3,1.319020,0.000540,0.354648,0.917260,0.202291,4032,4160,0,ge model. It must di
1720,5,1.559732,0.000489,0.338524,0.917187,0.196163,4160,4288,0,n. The agent maintai
1721,9,1.607438,0.000916,0.381419,0.917376,0.254989,4288,4416,0,s given its belief.
1722,4,1.246754,0.000925,0.388968,0.917340,0.249817,4416,4544,0,block is given the b
1723,0,1.740086,0.000432,0.341857,0.917128,0.189828,4544,4672,0,rive to seek out inf
1724,14,1.518750,0.000500,0.349167,0.917245,0.198245,4672,4800,0,ion. For text readin
1725,3,1.794041,0.000688,0.364430,0.917336,0.219685,4800,4928,0,tion error. This pha
1726,2,1.328279,0.000369,0.335834,0.917364,0.184667,4928,5056,0,"c, position-tracked"
1727,5,1.427876,0.000328,0.333434,0.917431,0.186602,5056,5184,0,ing what is read. Th
1728,11,1.522239,0.000904,0.387433,0.917465,0.249994,5184,5312,0,istograms. The same
1729,6,1.527846,0.000697,0.368558,0.917104,0.227980,5312,5440,0,curve decreases over
1730,1,1.826361,0.000439,0.310474,0.916836,0.154743,5440,5568,0,"prediction error, co"
1731,1,1.857561,0.000517,0.350608,0.917397,0.192938,5568,5696,0,d-trending free-ener
1732,12,1.588238,0.000543,0.347837,0.917650,0.200565,5696,5824,0,on of structure in a
1733,15,1.663601,0.000401,0.328314,0.917242,0.188066,5824,5952,0,-linguistic concepts
1734,5,1.414662,0.000566,0.355726,0.917404,0.205536,5952,6080,0,language model. It m
1735,6,1.657661,0.000488,0.337068,0.916968,0.196460,6080,6208,0,ndation. The agent m
1736,7,1.449395,0.000811,0.374374,0.917221,0.243630,6208,6336,0,vations given its be
1737,15,1.632170,0.000889,0.387039,0.917310,0.245984,6336,6464,0,acter block is given
1738,0,1.512519,0.000429,0.338927,0.917408,0.190720,6464,6592,0,the drive to seek o
1739,14,1.396599,0.000541,0.355783,0.917160,0.206858,6592,6720,0,selection. For text
1740,5,1.599642,0.000732,0.370024,0.917207,0.227595,6720,6848,0,prediction error. Th
1741,13,1.040481,0.000347,0.331563,0.917229,0.175305,6848,6976,0,"inistic, position-tr"
1742,13,1.135513,0.000329,0.331556,0.917471,0.183127,6976,7104,0,fluencing what is re
1743,4,1.576243,0.000858,0.385068,0.917280,0.245710,7104,7232,0,cter histograms. The
1744,12,1.619844,0.000729,0.369566,0.916926,0.230768,7232,7360,0,f the curve decrease
1745,5,1.386508,0.000420,0.318420,0.916884,0.159630,7360,7488,0,. The prediction err
1746,13,1.036839,0.000501,0.345870,0.917227,0.191692,7488,7616,0,ownward-trending fre
1747,14,1.356722,0.000495,0.343903,0.917619,0.194109,7616,7744,0,ormation of structur
1748,11,1.505129,0.000399,0.329238,0.917177,0.187340,7744,7872,0,rm pre-linguistic co
1749,5,1.379462,0.000604,0.356951,0.918013,0.205664,7872,0,1,Cognitive emergence
1750,3,1.556089,0.000430,0.334029,0.917573,0.186413,0,128,0,er a free-energy-min
1751,3,1.484349,0.000468,0.333515,0.917116,0.195890,128,256,0,"ned embeddings, no t"
1752,9,1.394354,0.000470,0.337946,0.916742,0.192597,256,384,0,Active inference pro
1753,13,1.673047,0.000803,0.371967,0.917283,0.237833,384,512,0,"ree energy, which is"
1754,9,1.277007,0.000870,0.382872,0.917552,0.248914,512,640,0,ergy reflects how pr
1755,14,1.384798,0.000808,0.381257,0.917337,0.236386,640,768,0,"ext, free energy sho"
1756,12,1.552653,0.000353,0.326187,0.917421,0.165020,768,896,0,d with an informatio
1757,6,1.596733,0.000673,0.357426,0.917365,0.217769,896,1024,0,ssages or re-read pa
1758,1,1.500297,0.000677,0.368063,0.917004,0.222530,1024,1152,0,phase comes next. T
1759,15,1.484555,0.000296,0.323459,0.917546,0.179216,1152,1280,0,h character blocks i
1760,3,1.220556,0.000425,0.343676,0.917429,0.200901,1280,1408,0,tor using a random p
1761,5,1.516694,0.001084,0.404793,0.917409,0.263143,1408,1536,0,text loop focuses o
1762,2,1.501289,0.000449,0.318995,0.917174,0.169394,1536,1664,0,"If it remains flat,"
1763,15,1.269125,0.000464,0.330994,0.917080,0.184100,1664,1792,0,gnostic signals. A s
1764,1,1.600560,0.000585,0.355934,0.917936,0.200430,1792,1920,0,rror. Cognitive emer
1765,11,1.531652,0.000408,0.333228,0.917734,0.188672,1920,2048,0,whether a free-ener
1766,11,1.202637,0.000479,0.336229,0.916910,0.194097,2048,2176,0,retrained embeddings
1767,5,1.709839,0.000443,0.336015,0.916875,0.192752,2176,2304,0,atch. Active inferen
1768,1,1.360028,0.000747,0.365640,0.917262,0.231309,2304,2432,0,"mise free energy, wh"
1769,9,1.643644,0.000870,0.384984,0.917301,0.248006,2432,2560,0,ree energy reflects
1770,14,1.276358,0.000821,0.383159,0.917314,0.240073,2560,2688,0,"the text, free ener"
1771,2,1.603696,0.000374,0.332513,0.917424,0.170735,2688,2816,0,xtended with an info
1772,11,1.735104,0.000678,0.357910,0.917096,0.219011,2816,2944,0,iar passages or re-r
1773,4,1.382042,0.000663,0.365280,0.917208,0.218552,2944,3072,0,eading phase comes n
1774,5,1.360701,0.000298,0.323098,0.916957,0.180657,3072,3200,0,-length character bl
1775,6,1.374928,0.000387,0.340960,0.917340,0.194453,3200,3328,0,on vector using a ra
1776,14,1.362598,0.001070,0.404010,0.917449,0.262342,3328,3456,0,of the text loop foc
1777,15,1.808778,0.000411,0.323460,0.917148,0.169433,3456,3584,0,text. If it remains
1778,10,1.695492,0.000469,0.327957,0.916727,0.185869,3584,3712,0,al diagnostic signal
1779,15,1.413171,0.000538,0.353007,0.918305,0.192127,3712,3840,0,tion error. Cognitiv
1780,12,1.534737,0.000455,0.340322,0.917569,0.197040,3840,3968,0,tests whether a fre
1781,3,1.446287,0.000496,0.336412,0.916866,0.194548,3968,4096,0,s no pretrained embe
1782,0,1.451672,0.000456,0.338902,0.917061,0.199042,4096,4224,0,om scratch. Active i
1783,0,1.618207,0.000609,0.354684,0.917390,0.212722,4224,4352,0,o minimise free ener
1784,15,1.578937,0.000995,0.393137,0.917118,0.260843,4352,4480,0,the free energy ref
1785,0,1.207297,0.000767,0.380306,0.917306,0.231827,4480,4608,0,"ics of the text, fre"
1786,2,1.277887,0.000408,0.339146,0.917302,0.181195,4608,4736,0,was extended with a
1787,5,1.757981,0.000631,0.348641,0.917269,0.212515,4736,4864,0,nfamiliar passages o
1788,6,1.824645,0.000643,0.366811,0.917733,0.217535,4864,4992,0,tive reading phase c
1789,0,1.615346,0.000328,0.323244,0.916599,0.183160,4992,5120,0,fixed-length charac
1790,14,1.712824,0.000441,0.348159,0.917653,0.201111,5120,5248,0,ervation vector usin
1791,13,1.326635,0.000924,0.393856,0.917489,0.248801,5248,5376,0,ation of the text lo
1792,15,1.721422,0.000394,0.328914,0.917051,0.177647,5376,5504,0,of the text. If it r
1793,14,1.799769,0.000440,0.323914,0.916665,0.179660,5504,5632,0,ditional diagnostic
1794,7,1.305975,0.000527,0.350622,0.917799,0.189174,5632,5760,0,prediction error. Co
1795,8,1.509027,0.000438,0.340962,0.917668,0.191817,5760,5888,0,roject tests whether
1796,15,1.821962,0.000510,0.338447,0.916648,0.199703,5888,6016,0,del has no pretraine
1797,13,1.474116,0.000444,0.337956,0.916828,0.197463,6016,6144,0,put from scratch. Ac
1798,1,1.673673,0.000626,0.356017,0.917488,0.213189,6144,6272,0,s it to minimise fre
1799,2,1.597635,0.001008,0.394087,0.917370,0.262808,6272,6400,0,"cters, the free ener"
1800,2,1.218889,0.000762,0.377912,0.917550,0.229475,6400,6528,0,tatistics of the tex
1801,5,1.695885,0.000386,0.335085,0.917129,0.178498,6528,6656,0,model was extended
1802,1,1.498446,0.000707,0.355104,0.917488,0.217662,6656,6784,0,seek unfamiliar pass
1803,6,1.697827,0.000628,0.367350,0.918093,0.217235,6784,6912,0,the active reading p
1804,7,1.633885,0.000388,0.328481,0.916740,0.192507,6912,7040,0,reads fixed-length
1805,13,1.363275,0.000398,0.343278,0.917697,0.194987,7040,7168,0,im observation vecto
1806,2,1.076831,0.000960,0.397894,0.917476,0.253256,7168,7296,0,Evaluation of the t
1807,12,1.536517,0.000361,0.326189,0.917311,0.172094,7296,7424,0,stics of the text. I
1808,14,1.492566,0.000430,0.324127,0.916756,0.179100,7424,7552,0,ide additional diagn
1809,5,1.037835,0.000522,0.347484,0.917671,0.187934,7552,7680,0,unded prediction err
1810,6,1.342665,0.000446,0.341521,0.917626,0.191912,7680,7808,0,odel project tests w
1811,12,1.307904,0.000470,0.339248,0.917252,0.187979,7808,7936,0,The model has no pre
1812,15,1.588317,0.000480,0.340834,0.917643,0.189204,7936,64,1,a self-organising s
1813,1,1.155973,0.000518,0.334917,0.916563,0.208369,64,192,0,ts from raw pixel or
1814,12,1.473143,0.000517,0.349794,0.917582,0.198672,192,320,0,must discover the s
1815,14,1.742771,0.000519,0.338995,0.917171,0.194020,320,448,0,maintains a belief
1816,13,1.659943,0.000854,0.376457,0.917306,0.249400,448,576,0,belief. When the age
1817,5,1.197328,0.001140,0.405023,0.916958,0.268694,576,704,0,en the belief state.
1818,6,1.507707,0.000384,0.331953,0.917040,0.179710,704,832,0,out informative obs
1819,10,1.323726,0.000512,0.348778,0.917358,0.200233,832,960,0,"t reading, curiosity"
1820,11,1.568628,0.000634,0.355946,0.917410,0.211605,960,1088,0,This phase lays the
1821,5,1.380693,0.000367,0.332812,0.916987,0.186874,1088,1216,0,tracked view over a
1822,11,1.634220,0.000364,0.337388,0.917376,0.190318,1216,1344,0,read. The encoder ma
1823,4,1.075812,0.001056,0.400565,0.917359,0.264284,1344,1472,0,he same block always
1824,7,1.330510,0.000639,0.360599,0.917436,0.217013,1472,1600,0,"ses over time, the m"
1825,4,1.281077,0.000472,0.305472,0.916740,0.160017,1600,1728,0,"rror, confidence, an"
1826,7,1.523408,0.000512,0.353054,0.917619,0.193984,1728,1856,0,ree-energy curve wit
1827,13,1.545248,0.000516,0.343738,0.917538,0.192042,1856,1984,0,ure in a self-organi
1828,12,1.580754,0.000468,0.331318,0.916708,0.200019,1984,2112,0,concepts from raw pi
1829,1,1.421310,0.000540,0.353577,0.917464,0.202474,2112,2240,0,el. It must discover
1830,10,1.254020,0.000525,0.341834,0.917042,0.196872,2240,2368,0,agent maintains a b
1831,15,1.634383,0.000872,0.376660,0.917119,0.253164,2368,2496,0,n its belief. When t
1832,10,1.211972,0.001006,0.395337,0.917568,0.254857,2496,2624,0,is given the belief
1833,14,1.206416,0.000397,0.334817,0.916943,0.182596,2624,2752,0,o seek out informati
1834,6,1.644161,0.000530,0.353008,0.917256,0.203082,2752,2880,0,"or text reading, cur"
1835,4,1.881042,0.000653,0.359003,0.916949,0.217321,2880,3008,0,rror. This phase lay
1836,10,1.493409,0.000335,0.331469,0.917303,0.178985,3008,3136,0,ition-tracked view o
1837,6,1.428173,0.000358,0.338594,0.917184,0.189282,3136,3264,0,at is read. The enco
1838,9,1.651030,0.000998,0.394498,0.917313,0.259252,3264,3392,0,ams. The same block
1839,2,1.632920,0.000659,0.363429,0.917209,0.222350,3392,3520,0,"decreases over time,"
1840,11,1.375978,0.000437,0.310143,0.916640,0.159172,3520,3648,0,"tion error, confiden"
1841,13,1.726978,0.000498,0.348939,0.917561,0.189341,3648,3776,0,ding free-energy cur
1842,2,1.304314,0.000541,0.346330,0.917625,0.197382,3776,3904,0,structure in a self-
1843,8,1.537819,0.000412,0.326770,0.916959,0.190890,3904,4032,0,istic concepts from
1844,5,1.545884,0.000540,0.354650,0.917194,0.202291,4032,4160,0,ge model. It must di
1845,12,1.503007,0.000489,0.338525,0.917192,0.196163,4160,4288,0,n. The agent maintai
1846,0,1.556016,0.000916,0.381420,0.917177,0.254989,4288,4416,0,s given its belief.
1847,10,1.648557,0.000925,0.388969,0.917201,0.249817,4416,4544,0,block is given the b
1848,1,1.552294,0.000432,0.341859,0.917006,0.189828,4544,4672,0,rive to seek out inf
1849,8,1.552059,0.000500,0.349168,0.917311,0.198245,4672,4800,0,ion. For text readin
1850,11,1.596188,0.000688,0.364431,0.917212,0.219685,4800,4928,0,tion error. This pha
1851,6,1.270636,0.000369,0.335835,0.917377,0.184667,4928,5056,0,"c, position-tracked"
1852,4,1.501188,0.000328,0.333435,0.917542,0.186602,5056,5184,0,ing what is read. Th
1853,0,1.346979,0.000904,0.387434,0.917604,0.249994,5184,5312,0,istograms. The same
1854,2,1.505112,0.000697,0.368559,0.917036,0.227980,5312,5440,0,curve decreases over
1855,14,1.318655,0.000439,0.310475,0.916605,0.154743,5440,5568,0,"prediction error, co"
1856,13,1.357488,0.000517,0.350609,0.917492,0.192938,5568,5696,0,d-trending free-ener
1857,3,1.567746,0.000543,0.347838,0.917723,0.200565,5696,5824,0,on of structure in a
1858,0,1.336558,0.000401,0.328315,0.917075,0.188066,5824,5952,0,-linguistic concepts
1859,5,1.670427,0.000566,0.355728,0.917670,0.205536,5952,6080,0,language model. It m
1860,2,1.247098,0.000488,0.337069,0.916932,0.196460,6080,6208,0,ndation. The agent m
1861,12,1.076762,0.000811,0.374375,0.917384,0.243630,6208,6336,0,vations given its be
1862,8,1.316376,0.000889,0.387040,0.917607,0.245984,6336,6464,0,acter block is given
1863,9,1.791003,0.000429,0.338928,0.916898,0.190720,6464,6592,0,the drive to seek o
1864,12,1.453684,0.000541,0.355784,0.917311,0.206858,6592,6720,0,selection. For text
1865,3,1.336072,0.000732,0.370026,0.917278,0.227595,6720,6848,0,prediction error. Th
1866,6,1.611447,0.000347,0.331565,0.917414,0.175305,6848,6976,0,"inistic, position-tr"
1867,2,1.748373,0.000329,0.331557,0.917057,0.183127,6976,7104,0,fluencing what is re
1868,12,1.268139,0.000858,0.385069,0.917743,0.245710,7104,7232,0,cter histograms. The
1869,12,1.362288,0.000729,0.369568,0.916815,0.230768,7232,7360,0,f the curve decrease
1870,9,1.576477,0.000420,0.318421,0.916809,0.159630,7360,7488,0,. The prediction err
1871,0,1.822970,0.000501,0.345871,0.917348,0.191692,7488,7616,0,ownward-trending fre
1872,11,1.716269,0.000495,0.343904,0.917710,0.194109,7616,7744,0,ormation of structur
1873,11,1.388622,0.000399,0.329239,0.917070,0.187340,7744,7872,0,rm pre-linguistic co
1874,3,1.554817,0.000604,0.356952,0.917747,0.205664,7872,0,1,Cognitive emergence
1875,7,1.293425,0.000430,0.334030,0.917786,0.186413,0,128,0,er a free-energy-min
1876,9,1.483274,0.000468,0.333516,0.916836,0.195890,128,256,0,"ned embeddings, no t"
1877,3,1.604444,0.000470,0.337947,0.916711,0.192597,256,384,0,Active inference pro
1878,8,1.766220,0.000803,0.371968,0.917737,0.237833,384,512,0,"ree energy, which is"
1879,13,1.421455,0.000870,0.382873,0.917181,0.248914,512,640,0,ergy reflects how pr
1880,13,1.292987,0.000808,0.381258,0.917313,0.236386,640,768,0,"ext, free energy sho"
1881,12,1.515418,0.000353,0.326189,0.917454,0.165020,768,896,0,d with an informatio
1882,5,1.510744,0.000673,0.357427,0.917370,0.217769,896,1024,0,ssages or re-read pa
1883,13,1.341098,0.000677,0.368064,0.917281,0.222530,1024,1152,0,phase comes next. T
1884,14,1.639112,0.000296,0.323460,0.916852,0.179216,1152,1280,0,h character blocks i
1885,10,1.406364,0.000425,0.343678,0.917792,0.200901,1280,1408,0,tor using a random p
1886,9,1.615381,0.001084,0.404794,0.917440,0.263143,1408,1536,0,text loop focuses o
1887,15,1.525880,0.000449,0.318996,0.916988,0.169394,1536,1664,0,"If it remains flat,"
1888,8,1.560414,0.000464,0.330996,0.916975,0.184100,1664,1792,0,gnostic signals. A s
1889,15,1.525129,0.000585,0.355935,0.917721,0.200430,1792,1920,0,rror. Cognitive emer
1890,7,1.572638,0.000408,0.333229,0.917562,0.188672,1920,2048,0,whether a free-ener
1891,13,1.412342,0.000479,0.336231,0.917204,0.194097,2048,2176,0,retrained embeddings
1892,2,1.574004,0.000443,0.336016,0.916884,0.192752,2176,2304,0,atch. Active inferen
1893,4,1.617640,0.000747,0.365641,0.917156,0.231309,2304,2432,0,"mise free energy, wh"
1894,15,1.637219,0.000870,0.384985,0.917517,0.248006,2432,2560,0,ree energy reflects
1895,4,1.604201,0.000821,0.383160,0.917890,0.240073,2560,2688,0,"the text, free ener"
1896,3,1.674427,0.000374,0.332514,0.917071,0.170735,2688,2816,0,xtended with an info
1897,10,1.806300,0.000678,0.357911,0.917424,0.219011,2816,2944,0,iar passages or re-r
1898,4,1.455936,0.000663,0.365282,0.916886,0.218552,2944,3072,0,eading phase comes n
1899,11,1.638281,0.000298,0.323099,0.917263,0.180657,3072,3200,0,-length character bl
1900,0,1.288405,0.000387,0.340962,0.917568,0.194453,3200,3328,0,on vector using a ra
1901,7,1.395653,0.001070,0.404011,0.917567,0.262342,3328,3456,0,of the text loop foc
1902,0,1.418378,0.000411,0.323461,0.917162,0.169433,3456,3584,0,text. If it remains
1903,11,1.410022,0.000469,0.327958,0.916749,0.185869,3584,3712,0,al diagnostic signal
1904,8,1.352733,0.000538,0.353008,0.917752,0.192127,3712,3840,0,tion error. Cognitiv
1905,8,1.337231,0.000455,0.340323,0.917375,0.197040,3840,3968,0,tests whether a fre
1906,10,1.521827,0.000496,0.336413,0.916999,0.194548,3968,4096,0,s no pretrained embe
1907,4,1.386475,0.000455,0.338904,0.916735,0.199042,4096,4224,0,om scratch. Active i
1908,9,1.750174,0.000609,0.354685,0.917747,0.212722,4224,4352,0,o minimise free ener
1909,10,1.380884,0.000995,0.393138,0.917363,0.260843,4352,4480,0,the free energy ref
1910,12,1.363500,0.000767,0.380308,0.917332,0.231827,4480,4608,0,"ics of the text, fre"
1911,3,1.743058,0.000408,0.339147,0.917214,0.181195,4608,4736,0,was extended with a
1912,4,1.285941,0.000631,0.348643,0.917057,0.212515,4736,4864,0,nfamiliar passages o
1913,15,1.743146,0.000643,0.366813,0.917118,0.217535,4864,4992,0,tive reading phase c
1914,14,1.194656,0.000328,0.323245,0.916904,0.183160,4992,5120,0,fixed-length charac
1915,1,1.278782,0.000441,0.348161,0.917433,0.201111,5120,5248,0,ervation vector usin
1916,5,1.569228,0.000924,0.393858,0.917322,0.248801,5248,5376,0,ation of the text lo
1917,11,1.403196,0.000394,0.328916,0.917052,0.177647,5376,5504,0,of the text. If it r
1918,3,1.267562,0.000440,0.323916,0.916505,0.179660,5504,5632,0,ditional diagnostic
1919,13,1.815103,0.000527,0.350623,0.917705,0.189174,5632,5760,0,prediction error. Co
1920,10,1.445419,0.000438,0.340963,0.917625,0.191817,5760,5888,0,roject tests whether
1921,8,1.578575,0.000510,0.338448,0.916674,0.199703,5888,6016,0,del has no pretraine
1922,6,1.488370,0.000444,0.337958,0.916925,0.197463,6016,6144,0,put from scratch. Ac
1923,1,1.555372,0.000626,0.356018,0.917326,0.213189,6144,6272,0,s it to minimise fre
1924,4,1.383683,0.001008,0.394088,0.917283,0.262808,6272,6400,0,"cters, the free ener"
1925,3,1.460251,0.000762,0.377913,0.917572,0.229475,6400,6528,0,tatistics of the tex
1926,5,1.207912,0.000386,0.335086,0.917330,0.178498,6528,6656,0,model was extended
1927,7,1.586881,0.000707,0.355105,0.917351,0.217662,6656,6784,0,seek unfamiliar pass
1928,11,1.551468,0.000628,0.367351,0.917429,0.217235,6784,6912,0,the active reading p
1929,5,1.732940,0.000388,0.328483,0.916955,0.192507,6912,7040,0,reads fixed-length
1930,6,1.379260,0.000398,0.343279,0.917371,0.194987,7040,7168,0,im observation vecto
1931,10,1.412321,0.000960,0.397895,0.917250,0.253256,7168,7296,0,Evaluation of the t
1932,10,1.630855,0.000361,0.326191,0.917347,0.172094,7296,7424,0,stics of the text. I
1933,6,1.462529,0.000430,0.324129,0.916622,0.179100,7424,7552,0,ide additional diagn
1934,6,1.429084,0.000522,0.347485,0.917486,0.187934,7552,7680,0,unded prediction err
1935,9,1.199674,0.000446,0.341522,0.917739,0.191912,7680,7808,0,odel project tests w
1936,14,1.429314,0.000470,0.339249,0.917554,0.187979,7808,7936,0,The model has no pre
1937,7,1.465448,0.000480,0.340836,0.917774,0.189204,7936,64,1,a self-organising s
1938,7,1.217802,0.000518,0.334918,0.916543,0.208369,64,192,0,ts from raw pixel or
1939,11,1.830472,0.000517,0.349795,0.917505,0.198672,192,320,0,must discover the s
1940,5,1.270183,0.000519,0.338996,0.917170,0.194020,320,448,0,maintains a belief
1941,9,1.731030,0.000854,0.376458,0.917227,0.249400,448,576,0,belief. When the age
1942,8,1.666116,0.001140,0.405024,0.917361,0.268694,576,704,0,en the belief state.
1943,11,1.782097,0.000384,0.331954,0.917238,0.179710,704,832,0,out informative obs
1944,5,1.555953,0.000512,0.348780,0.917184,0.200233,832,960,0,"t reading, curiosity"
1945,2,1.312306,0.000634,0.355947,0.917133,0.211605,960,1088,0,This phase lays the
1946,7,1.422214,0.000367,0.332813,0.917218,0.186874,1088,1216,0,tracked view over a
1947,12,1.813330,0.000364,0.337390,0.917158,0.190318,1216,1344,0,read. The encoder ma
1948,4,1.452602,0.001056,0.400566,0.917455,0.264284,1344,1472,0,he same block always
1949,10,1.341381,0.000639,0.360600,0.917041,0.217013,1472,1600,0,"ses over time, the m"
1950,9,1.448373,0.000472,0.305473,0.916800,0.160017,1600,1728,0,"rror, confidence, an"
1951,13,1.006966,0.000512,0.353056,0.917411,0.193984,1728,1856,0,ree-energy curve wit
1952,7,1.407321,0.000516,0.343740,0.917692,0.192042,1856,1984,0,ure in a self-organi
1953,9,1.649619,0.000468,0.331320,0.917123,0.200019,1984,2112,0,concepts from raw pi
1954,11,1.526001,0.000540,0.353578,0.917666,0.202474,2112,2240,0,el. It must discover
1955,13,1.777066,0.000524,0.341836,0.917171,0.196872,2240,2368,0,agent maintains a b
1956,12,1.529922,0.000872,0.376661,0.917184,0.253164,2368,2496,0,n its belief. When t
1957,13,1.454551,0.001006,0.395338,0.917117,0.254857,2496,2624,0,is given the belief
1958,5,1.713106,0.000397,0.334818,0.917299,0.182596,2624,2752,0,o seek out informati
1959,8,1.176813,0.000530,0.353009,0.917414,0.203082,2752,2880,0,"or text reading, cur"
1960,11,1.484774,0.000653,0.359004,0.917317,0.217321,2880,3008,0,rror. This phase lay
1961,10,1.552424,0.000335,0.331470,0.917187,0.178985,3008,3136,0,ition-tracked view o
1962,6,1.461444,0.000358,0.338595,0.917339,0.189282,3136,3264,0,at is read. The enco
1963,7,1.416285,0.000998,0.394499,0.917447,0.259252,3264,3392,0,ams. The same block
1964,3,1.516045,0.000659,0.363430,0.916985,0.222350,3392,3520,0,"decreases over time,"
1965,1,1.571218,0.000437,0.310144,0.916708,0.159172,3520,3648,0,"tion error, confiden"
1966,3,1.526757,0.000498,0.348941,0.917615,0.189341,3648,3776,0,ding free-energy cur
1967,8,1.355848,0.000541,0.346331,0.917475,0.197382,3776,3904,0,structure in a self-
1968,4,1.353475,0.000412,0.326771,0.917037,0.190890,3904,4032,0,istic concepts from
1969,12,1.681760,0.000540,0.354651,0.917842,0.202291,4032,4160,0,ge model. It must di
1970,11,1.679006,0.000489,0.338527,0.917102,0.196163,4160,4288,0,n. The agent maintai
1971,1,1.353446,0.000915,0.381421,0.917051,0.254989,4288,4416,0,s given its belief.
1972,1,1.528884,0.000925,0.388970,0.917240,0.249817,4416,4544,0,block is given the b
1973,14,1.792441,0.000432,0.341860,0.917011,0.189828,4544,4672,0,rive to seek out inf
1974,1,1.788553,0.000500,0.349169,0.917282,0.198245,4672,4800,0,ion. For text readin
1975,12,1.828128,0.000688,0.364432,0.917312,0.219685,4800,4928,0,tion error. This pha
1976,12,1.549742,0.000369,0.335836,0.917322,0.184667,4928,5056,0,"c, position-tracked"
1977,13,1.480223,0.000328,0.333436,0.917202,0.186602,5056,5184,0,ing what is read. Th
1978,15,1.412936,0.000904,0.387435,0.917358,0.249994,5184,5312,0,istograms. The same
1979,2,1.560730,0.000697,0.368561,0.916918,0.227980,5312,5440,0,curve decreases over
1980,9,1.542971,0.000439,0.310477,0.916780,0.154743,5440,5568,0,"prediction error, co"
1981,14,1.608144,0.000517,0.350611,0.917507,0.192938,5568,5696,0,d-trending free-ener
1982,2,1.454105,0.000543,0.347839,0.917538,0.200565,5696,5824,0,on of structure in a
1983,15,1.644655,0.000401,0.328316,0.916806,0.188066,5824,5952,0,-linguistic concepts
1984,13,1.725486,0.000566,0.355729,0.917270,0.205536,5952,6080,0,language model. It m
1985,13,1.292091,0.000488,0.337070,0.916902,0.196460,6080,6208,0,ndation. The agent m
1986,5,1.146842,0.000811,0.374376,0.917181,0.243630,6208,6336,0,vations given its be
1987,1,1.696973,0.000889,0.387041,0.917366,0.245984,6336,6464,0,acter block is given
1988,8,1.374931,0.000429,0.338929,0.917203,0.190720,6464,6592,0,the drive to seek o
1989,9,1.612892,0.000541,0.355785,0.917754,0.206858,6592,6720,0,selection. For text
1990,6,1.947865,0.000732,0.370027,0.917003,0.227595,6720,6848,0,prediction error. Th
1991,10,1.427354,0.000347,0.331566,0.917355,0.175305,6848,6976,0,"inistic, position-tr"
1992,15,1.663774,0.000329,0.331558,0.917184,0.183127,6976,7104,0,fluencing what is re
1993,10,1.454083,0.000858,0.385070,0.917279,0.245710,7104,7232,0,cter histograms. The
1994,15,1.376531,0.000729,0.369569,0.916835,0.230768,7232,7360,0,f the curve decrease
1995,5,1.577891,0.000420,0.318422,0.916668,0.159630,7360,7488,0,. The prediction err
1996,10,1.684417,0.000501,0.345873,0.917403,0.191692,7488,7616,0,ownward-trending fre
1997,15,1.624860,0.000495,0.343905,0.917590,0.194109,7616,7744,0,ormation of structur
1998,10,1.606022,0.000399,0.329240,0.917182,0.187340,7744,7872,0,rm pre-linguistic co
1999,0,1.654244,0.000604,0.356953,0.917633,0.205664,7872,0,1,Cognitive emergence
