step,nav_action,nav_action_name,action_vec_norm,free_energy,prediction_error,confidence,obs_norm,pos_before,pos_after,wrapped,beta,info_gain,text_preview
0,0,forward,1.458958,10.518724,0.200961,0.897330,0.186413,0,128,0,0.999604,1.000000,er a free-energy-min
1,0,forward,1.704773,28.738183,0.208413,0.916814,0.195890,128,256,0,0.999208,9.136669,"ned embeddings, no t"
2,0,forward,1.883913,23.824006,0.208026,0.916668,0.192597,256,384,0,0.998812,7.761559,Active inference pro
3,1,backward,1.615520,21.815888,0.214638,0.917050,0.195890,384,256,0,0.998416,1.000000,"ned embeddings, no t"
4,1,backward,2.678281,20.802238,0.216050,0.918068,0.186413,256,128,0,0.998020,6.151887,er a free-energy-min
5,0,forward,1.969912,20.862717,0.222736,0.916761,0.195890,128,256,0,0.997624,3.861805,"ned embeddings, no t"
6,0,forward,1.670275,20.646157,0.224639,0.916820,0.192597,256,384,0,0.997228,5.238318,Active inference pro
7,4,stay,1.539549,19.031606,0.228473,0.916964,0.192597,384,384,0,0.996832,4.711900,Active inference pro
8,1,backward,1.830858,18.995464,0.233881,0.917078,0.195890,384,256,0,0.996436,1.000000,"ned embeddings, no t"
9,0,forward,1.803679,18.380084,0.236596,0.916882,0.192597,256,384,0,0.996040,4.577713,Active inference pro
10,2,fast_forward,1.668608,17.925142,0.215697,0.917249,0.165020,384,896,0,0.995644,3.874328,d with an informatio
11,3,fast_backward,0.939113,17.204232,0.242772,0.916925,0.192597,896,384,0,0.995248,3.727785,Active inference pro
12,1,backward,1.547588,16.839019,0.247263,0.916980,0.195890,384,256,0,0.994852,4.048815,"ned embeddings, no t"
13,2,fast_forward,1.877748,16.860442,0.289106,0.917986,0.236386,256,768,0,0.994456,3.389892,"ext, free energy sho"
14,2,fast_forward,2.005865,16.507091,0.236185,0.916885,0.179216,768,1280,0,0.994060,3.123892,h character blocks i
15,4,stay,1.952933,16.346631,0.239309,0.916952,0.179216,1280,1280,0,0.993664,3.061123,h character blocks i
16,3,fast_backward,1.119633,16.024366,0.299828,0.917432,0.236386,1280,768,0,0.993268,2.738802,"ext, free energy sho"
17,2,fast_forward,1.811221,16.065205,0.247092,0.917080,0.179216,768,1280,0,0.992872,2.705830,h character blocks i
18,4,stay,1.786488,15.923329,0.249737,0.917012,0.179216,1280,1280,0,0.992476,2.551171,h character blocks i
19,0,forward,2.283021,15.858893,0.279790,0.917856,0.200901,1280,1408,0,0.992080,1.578954,tor using a random p
20,2,fast_forward,1.672560,15.795692,0.332787,0.917364,0.254057,1408,1920,0,0.991684,0.959190,rror. Evaluation of
21,0,forward,1.994354,15.762912,0.260122,0.917189,0.175441,1920,2048,0,0.991288,1.000000,statistics of the te
22,0,forward,1.412838,15.980123,0.266336,0.917440,0.177662,2048,2176,0,0.990892,0.822849,provide additional
23,2,fast_forward,1.683739,16.191832,0.303524,0.917189,0.221963,2176,2688,0,0.990496,2.354945,e comes next. The te
24,2,fast_forward,2.226390,16.262904,0.334197,0.917572,0.245962,2688,3200,0,0.990100,2.674650,he surprise of its o
25,1,backward,1.985689,16.487453,0.292091,0.916588,0.203670,3200,3072,0,0.989704,2.046563,des the mathematical
26,3,fast_backward,1.831809,16.449386,0.310281,0.917015,0.214403,3072,2560,0,0.989308,1.424846,s or re-read passage
27,0,forward,1.715511,16.414890,0.314339,0.917296,0.221963,2560,2688,0,0.988912,0.622671,e comes next. The te
28,4,stay,1.514029,16.477431,0.317067,0.917289,0.221963,2688,2688,0,0.988516,1.972881,e comes next. The te
29,4,stay,1.452531,16.540721,0.319685,0.917271,0.221963,2688,2688,0,0.988120,2.111326,e comes next. The te
30,2,fast_forward,1.409321,16.331718,0.348944,0.917509,0.245962,2688,3200,0,0.987724,0.512263,he surprise of its o
31,2,fast_forward,1.378949,16.268949,0.306901,0.916882,0.194548,3200,3712,0,0.987328,1.252095,s no pretrained embe
32,4,stay,1.568692,16.363665,0.307600,0.916877,0.194548,3712,3712,0,0.986932,1.063446,s no pretrained embe
33,3,fast_backward,1.881246,16.190798,0.354130,0.917347,0.245962,3712,3200,0,0.986536,0.495299,he surprise of its o
34,2,fast_forward,1.431906,16.080305,0.311837,0.917038,0.194548,3200,3712,0,0.986140,2.985468,s no pretrained embe
35,3,fast_backward,1.254734,16.042840,0.358145,0.917686,0.245962,3712,3200,0,0.985744,0.531794,he surprise of its o
36,4,stay,1.902420,15.904688,0.361311,0.917233,0.245962,3200,3200,0,0.985348,2.086367,he surprise of its o
37,0,forward,1.811538,15.739398,0.367737,0.917449,0.253067,3200,3328,0,0.984952,2.211066,ictable the current
38,3,fast_backward,1.492207,15.755400,0.306489,0.917181,0.177215,3328,2816,0,0.984556,2.132118,racter blocks in ord
39,1,backward,1.759311,15.861498,0.341095,0.917044,0.221963,2816,2688,0,0.984160,0.212558,e comes next. The te
40,3,fast_backward,1.599167,15.796602,0.307307,0.916919,0.177662,2688,2176,0,0.983764,1.915769,provide additional
41,2,fast_forward,1.682580,15.847994,0.341669,0.917287,0.221963,2176,2688,0,0.983368,1.825072,e comes next. The te
42,4,stay,2.167108,15.784160,0.343397,0.917078,0.221963,2688,2688,0,0.982972,1.731596,e comes next. The te
43,3,fast_backward,1.827941,15.979718,0.309708,0.916920,0.177662,2688,2176,0,0.982576,1.267466,provide additional
44,1,backward,1.316239,16.067387,0.304396,0.917146,0.175441,2176,2048,0,0.982180,0.490855,statistics of the te
45,4,stay,1.397047,15.994154,0.303428,0.917136,0.175441,2048,2048,0,0.981784,1.183483,statistics of the te
46,1,backward,1.378829,15.857013,0.378118,0.917554,0.254057,2048,1920,0,0.981388,1.190665,rror. Evaluation of
47,0,forward,1.093177,15.910875,0.306802,0.917138,0.175441,1920,2048,0,0.980992,0.525561,statistics of the te
48,2,fast_forward,1.592437,16.000673,0.344055,0.917088,0.214403,2048,2560,0,0.980596,0.383851,s or re-read passage
49,0,forward,1.922455,16.004821,0.346619,0.917137,0.221963,2560,2688,0,0.980200,1.114063,e comes next. The te
50,4,stay,1.476576,16.129305,0.348413,0.917446,0.221963,2688,2688,0,0.979804,0.360063,e comes next. The te
51,1,backward,1.377569,16.268860,0.348369,0.917174,0.214403,2688,2560,0,0.979408,0.208078,s or re-read passage
52,2,fast_forward,1.840206,16.513823,0.329683,0.916571,0.203670,2560,3072,0,0.979012,0.588409,des the mathematical
53,4,stay,2.121061,16.697594,0.330229,0.916452,0.203670,3072,3072,0,0.978616,1.099842,des the mathematical
54,1,backward,1.408027,16.619953,0.337579,0.917422,0.190799,3072,2944,0,0.978220,0.475392,sing a random projec
55,3,fast_backward,1.736027,16.415092,0.316842,0.917383,0.168851,2944,2432,0,0.977824,0.420832,h an information-gai
56,0,forward,1.751138,16.382742,0.349854,0.916991,0.214403,2432,2560,0,0.977428,0.369462,s or re-read passage
57,0,forward,1.625389,16.207051,0.352457,0.917339,0.221963,2560,2688,0,0.977032,0.411151,e comes next. The te
58,3,fast_backward,1.322987,16.380821,0.318750,0.916740,0.177662,2688,2176,0,0.976636,0.338156,provide additional
59,4,stay,1.387566,16.292914,0.317744,0.916913,0.177662,2176,2176,0,0.976240,0.381981,provide additional
60,1,backward,1.630877,16.358433,0.312724,0.917694,0.175441,2176,2048,0,0.975844,0.201547,statistics of the te
61,4,stay,1.502823,16.173032,0.312063,0.917071,0.175441,2048,2048,0,0.975448,0.436942,statistics of the te
62,2,fast_forward,1.210092,16.240603,0.350158,0.917495,0.214403,2048,2560,0,0.975052,0.619108,s or re-read passage
63,1,backward,1.554302,16.374428,0.316498,0.917842,0.168851,2560,2432,0,0.974656,0.373657,h an information-gai
64,1,backward,1.596064,16.309692,0.334406,0.917102,0.197942,2432,2304,0,0.974260,0.453856,nd bounded predictio
65,1,backward,1.545354,16.262635,0.317895,0.916789,0.177662,2304,2176,0,0.973864,0.623402,provide additional
66,1,backward,1.829766,16.378114,0.312735,0.917307,0.175441,2176,2048,0,0.973468,0.380816,statistics of the te
67,4,stay,1.439300,16.808826,0.312405,0.917234,0.175441,2048,2048,0,0.973072,0.376753,statistics of the te
68,2,fast_forward,1.302238,16.797722,0.351163,0.917625,0.214403,2048,2560,0,0.972676,0.248827,s or re-read passage
69,0,forward,1.490232,16.856099,0.353589,0.917275,0.221963,2560,2688,0,0.972280,0.415524,e comes next. The te
70,0,forward,1.593115,16.975908,0.324029,0.917250,0.177215,2688,2816,0,0.971884,0.526761,racter blocks in ord
71,2,fast_forward,1.409778,17.239944,0.384960,0.917587,0.253067,2816,3328,0,0.971488,0.497690,ictable the current
72,3,fast_backward,1.530018,17.244343,0.327795,0.917091,0.177215,3328,2816,0,0.971092,0.329411,racter blocks in ord
73,4,stay,1.584117,17.546324,0.328120,0.916911,0.177215,2816,2816,0,0.970696,0.587123,racter blocks in ord
74,4,stay,1.663611,17.609101,0.328487,0.917065,0.177215,2816,2816,0,0.970300,0.678171,racter blocks in ord
75,1,backward,1.637482,17.662520,0.360537,0.917322,0.221963,2816,2688,0,0.969904,0.706609,e comes next. The te
76,4,stay,1.332207,17.608089,0.362428,0.917188,0.221963,2688,2688,0,0.969508,0.651810,e comes next. The te
77,2,fast_forward,1.575489,17.787288,0.389401,0.917262,0.245962,2688,3200,0,0.969112,0.511185,he surprise of its o
78,4,stay,1.575288,18.079390,0.392074,0.917632,0.245962,3200,3200,0,0.968716,0.708748,he surprise of its o
79,1,backward,1.749227,18.057413,0.347696,0.916765,0.203670,3200,3072,0,0.968320,0.867089,des the mathematical
80,2,fast_forward,1.754695,18.008077,0.359200,0.917582,0.197040,3072,3584,0,0.967924,0.921182,tests whether a fre
81,2,fast_forward,1.525743,18.133797,0.361064,0.917549,0.198953,3584,4096,0,0.967528,0.473747,ng a random projecti
82,1,backward,1.414504,17.922197,0.336236,0.917065,0.173957,4096,3968,0,0.967132,0.886879,cter blocks in order
83,3,fast_backward,1.684505,17.948487,0.368644,0.918579,0.204990,3968,3456,0,0.966736,0.951784,d decrease. Cognitiv
84,1,backward,1.899303,17.911873,0.400465,0.917537,0.253067,3456,3328,0,0.966340,0.903375,ictable the current
85,2,fast_forward,1.308346,18.047269,0.369175,0.917294,0.211055,3328,3840,0,0.965944,0.597056,om scratch. The text
86,3,fast_backward,1.477749,17.785070,0.403929,0.917536,0.253067,3840,3328,0,0.965548,0.956185,ictable the current
87,4,stay,1.218908,17.688471,0.406570,0.917436,0.253067,3328,3328,0,0.965152,0.696133,ictable the current
88,3,fast_backward,1.696265,17.837894,0.349392,0.917019,0.177215,3328,2816,0,0.964756,0.785753,racter blocks in ord
89,0,forward,1.539493,17.893178,0.367828,0.917395,0.190799,2816,2944,0,0.964360,0.732223,sing a random projec
90,1,backward,1.665592,17.594817,0.348882,0.917003,0.177215,2944,2816,0,0.963964,0.933768,racter blocks in ord
91,2,fast_forward,1.222378,17.684111,0.408049,0.917635,0.253067,2816,3328,0,0.963568,0.834792,ictable the current
92,2,fast_forward,1.776030,17.563037,0.376798,0.917142,0.211055,3328,3840,0,0.963172,0.719307,om scratch. The text
93,0,forward,1.202731,17.759009,0.348147,0.917643,0.173957,3840,3968,0,0.962776,0.401549,cter blocks in order
94,0,forward,1.504096,17.603322,0.372733,0.917466,0.198953,3968,4096,0,0.962380,0.322898,ng a random projecti
95,0,forward,1.724902,17.609861,0.384179,0.917644,0.207990,4096,4224,0,0.961984,0.366220,he spontaneous forma
96,4,stay,1.646174,17.501508,0.384312,0.917799,0.207990,4224,4224,0,0.961588,0.621441,he spontaneous forma
97,3,fast_backward,1.554940,17.569630,0.361453,0.917047,0.194548,4224,3712,0,0.961192,0.321317,s no pretrained embe
98,0,forward,1.831997,17.744343,0.377470,0.917355,0.211055,3712,3840,0,0.960796,0.381118,om scratch. The text
99,3,fast_backward,2.018441,17.585378,0.411776,0.917570,0.253067,3840,3328,0,0.960400,0.666361,ictable the current
100,1,backward,1.629741,17.728098,0.410107,0.917311,0.245962,3328,3200,0,0.960004,0.529332,he surprise of its o
101,1,backward,1.671944,17.550736,0.366376,0.916895,0.203670,3200,3072,0,0.959608,0.607808,des the mathematical
102,3,fast_backward,1.729219,17.651800,0.386312,0.917347,0.214403,3072,2560,0,0.959212,0.568144,s or re-read passage
103,3,fast_backward,1.514278,17.589567,0.349632,0.917189,0.175441,2560,2048,0,0.958816,0.770408,statistics of the te
104,2,fast_forward,1.707307,17.720655,0.384940,0.917207,0.214403,2048,2560,0,0.958420,0.356930,s or re-read passage
105,0,forward,1.265136,17.736212,0.386158,0.917100,0.221963,2560,2688,0,0.958024,0.680838,e comes next. The te
106,2,fast_forward,1.527513,17.842449,0.411440,0.917382,0.245962,2688,3200,0,0.957628,0.365841,he surprise of its o
107,2,fast_forward,1.339056,17.925264,0.368311,0.916969,0.194548,3200,3712,0,0.957232,0.352567,s no pretrained embe
108,3,fast_backward,1.924952,18.046860,0.413161,0.917443,0.245962,3712,3200,0,0.956836,0.419172,he surprise of its o
109,0,forward,1.700543,17.991116,0.419476,0.917741,0.253067,3200,3328,0,0.956440,0.353346,ictable the current
110,3,fast_backward,1.297938,17.739450,0.363708,0.917874,0.177215,3328,2816,0,0.956044,0.775297,racter blocks in ord
111,4,stay,1.823161,17.820133,0.362816,0.917435,0.177215,2816,2816,0,0.955648,0.642689,racter blocks in ord
112,2,fast_forward,1.726540,17.546554,0.420191,0.917679,0.253067,2816,3328,0,0.955252,0.356145,ictable the current
113,3,fast_backward,1.367771,17.640938,0.364403,0.917057,0.177215,3328,2816,0,0.954856,0.510450,racter blocks in ord
114,2,fast_forward,1.449800,17.946837,0.421728,0.917275,0.253067,2816,3328,0,0.954460,0.294765,ictable the current
115,1,backward,1.638193,18.011499,0.419864,0.917594,0.245962,3328,3200,0,0.954064,0.378707,he surprise of its o
116,3,fast_backward,1.877967,18.269057,0.397323,0.917144,0.221963,3200,2688,0,0.953668,0.674637,e comes next. The te
117,4,stay,1.628933,18.133713,0.397986,0.917168,0.221963,2688,2688,0,0.953272,0.521037,e comes next. The te
118,1,backward,1.344573,18.341521,0.397994,0.917374,0.214403,2688,2560,0,0.952876,0.564664,s or re-read passage
119,1,backward,1.581555,18.193717,0.365007,0.917253,0.168851,2560,2432,0,0.952480,0.420522,h an information-gai
120,0,forward,1.542637,17.927750,0.395880,0.916972,0.214403,2432,2560,0,0.952084,0.551471,s or re-read passage
121,3,fast_backward,1.645029,17.927492,0.359585,0.917073,0.175441,2560,2048,0,0.951688,0.506949,statistics of the te
122,0,forward,1.401263,17.825469,0.361495,0.917434,0.177662,2048,2176,0,0.951292,0.482616,provide additional
123,2,fast_forward,1.402259,17.762128,0.393695,0.917295,0.221963,2176,2688,0,0.950896,0.511843,e comes next. The te
124,3,fast_backward,1.540939,17.617877,0.361252,0.917032,0.177662,2688,2176,0,0.950500,0.573187,provide additional
125,2,fast_forward,1.484821,17.579135,0.393479,0.917441,0.221963,2176,2688,0,0.950104,0.261471,e comes next. The te
126,2,fast_forward,1.666278,17.626898,0.418324,0.917374,0.245962,2688,3200,0,0.949708,0.368391,he surprise of its o
127,3,fast_backward,1.655814,17.481463,0.396934,0.917167,0.221963,3200,2688,0,0.949312,0.420264,e comes next. The te
128,1,backward,1.519080,17.494969,0.397396,0.917223,0.214403,2688,2560,0,0.948916,0.357566,s or re-read passage
129,2,fast_forward,1.669437,17.348275,0.376358,0.916365,0.203670,2560,3072,0,0.948520,0.419191,des the mathematical
130,0,forward,1.126031,17.212949,0.421545,0.917375,0.245962,3072,3200,0,0.948124,0.527269,he surprise of its o
131,2,fast_forward,1.937534,17.105999,0.379102,0.916956,0.194548,3200,3712,0,0.947728,0.436809,s no pretrained embe
132,0,forward,1.606748,17.116266,0.395686,0.917108,0.211055,3712,3840,0,0.947332,0.265501,om scratch. The text
133,2,fast_forward,1.358302,17.273677,0.371699,0.917155,0.178443,3840,4352,0,0.946936,0.305444,ing agent can form p
134,4,stay,1.768568,17.161137,0.370732,0.916931,0.178443,4352,4352,0,0.946540,0.402052,ing agent can form p
135,1,backward,1.939874,17.246373,0.401227,0.917682,0.207990,4352,4224,0,0.946144,0.430681,he spontaneous forma
136,3,fast_backward,1.670653,17.225488,0.377739,0.917020,0.194548,4224,3712,0,0.945748,0.398873,s no pretrained embe
137,4,stay,1.338939,17.261019,0.377586,0.916804,0.194548,3712,3712,0,0.945352,0.376429,s no pretrained embe
138,2,fast_forward,1.519777,17.268788,0.401338,0.917558,0.207990,3712,4224,0,0.944956,0.528657,he spontaneous forma
139,0,forward,1.410488,17.057866,0.370419,0.917131,0.178443,4224,4352,0,0.944560,0.492048,ing agent can form p
140,2,fast_forward,1.647386,16.964709,0.428241,0.917442,0.257925,4352,4864,0,0.944164,0.471542,table the current ch
141,3,fast_backward,1.792413,17.078196,0.372622,0.917133,0.178443,4864,4352,0,0.943768,0.514496,ing agent can form p
142,3,fast_backward,1.228433,17.496862,0.396470,0.917186,0.211055,4352,3840,0,0.943372,0.384896,om scratch. The text
143,2,fast_forward,1.507560,17.298081,0.372802,0.916982,0.178443,3840,4352,0,0.942976,0.388802,ing agent can form p
144,0,forward,1.473053,17.622912,0.387835,0.917368,0.194905,4352,4480,0,0.942580,0.326539,"iser, and no externa"
145,3,fast_backward,1.642909,17.502197,0.369623,0.917380,0.173957,4480,3968,0,0.942184,0.387284,cter blocks in order
146,0,forward,1.389566,17.343163,0.393599,0.917613,0.198953,3968,4096,0,0.941788,0.477680,ng a random projecti
147,2,fast_forward,1.490589,17.209100,0.381355,0.916704,0.204065,4096,4608,0,0.941392,0.476196,s the mathematical f
148,0,forward,1.511107,17.003826,0.418399,0.917405,0.236303,4608,4736,0,0.940996,0.492147,surprise of its obs
149,3,fast_backward,1.776524,16.939841,0.406024,0.917615,0.207990,4736,4224,0,0.940600,0.473098,he spontaneous forma
150,0,forward,1.669329,16.935284,0.375208,0.917724,0.178443,4224,4352,0,0.940204,0.480673,ing agent can form p
151,2,fast_forward,1.379833,17.110712,0.432947,0.917524,0.257925,4352,4864,0,0.939808,0.365013,table the current ch
152,0,forward,1.807416,17.191127,0.393623,0.917094,0.201395,4864,4992,0,0.939412,0.394347,decrease. Curiosity
153,1,backward,1.189896,17.396560,0.435738,0.917444,0.257925,4992,4864,0,0.939016,0.572682,table the current ch
154,0,forward,1.909169,17.481214,0.396633,0.916969,0.201395,4864,4992,0,0.938620,0.459173,decrease. Curiosity
155,0,forward,1.608274,17.544272,0.391382,0.917226,0.190034,4992,5120,0,0.938224,0.473268,in term in its actio
156,0,forward,2.058533,17.721529,0.405394,0.917395,0.213764,5120,5248,0,0.937828,0.583289,es that produced hig
157,1,backward,1.640079,17.690599,0.391200,0.917307,0.190034,5248,5120,0,0.937432,0.448510,in term in its actio
158,2,fast_forward,1.327391,17.805246,0.371976,0.916613,0.179660,5120,5632,0,0.937036,0.493618,ditional diagnostic
159,4,stay,1.168061,17.826317,0.370608,0.916557,0.179660,5632,5632,0,0.936640,0.384644,ditional diagnostic
160,0,forward,1.188322,17.654205,0.387163,0.917205,0.191195,5632,5760,0,0.936244,0.332172,prediction error. Cu
161,4,stay,1.708494,17.761370,0.387310,0.917364,0.191195,5760,5760,0,0.935848,0.603538,prediction error. Cu
162,2,fast_forward,1.510941,17.940663,0.367400,0.917148,0.172580,5760,6272,0,0.935452,0.438520,tistics of the text.
163,0,forward,1.587281,17.977538,0.369123,0.916473,0.178724,6272,6400,0,0.935056,0.576385,ovide additional dia
164,4,stay,1.530346,17.664933,0.368211,0.916481,0.178724,6400,6400,0,0.934660,0.266009,ovide additional dia
165,1,backward,1.996063,17.694485,0.364388,0.917193,0.172580,6400,6272,0,0.934264,0.566020,tistics of the text.
166,2,fast_forward,1.596198,17.619310,0.390882,0.916588,0.213473,6272,6784,0,0.933868,0.485779,. The model has no p
167,0,forward,1.225929,17.425851,0.381079,0.917192,0.181668,6784,6912,0,0.933472,0.406670,nsory input from scr
168,3,fast_backward,1.695909,17.523517,0.368174,0.916815,0.178724,6912,6400,0,0.933076,0.355804,ovide additional dia
169,3,fast_backward,1.531473,17.608323,0.386540,0.917463,0.185794,6400,5888,0,0.932680,0.300292,ation-gain term in i
170,0,forward,1.700519,17.571902,0.396099,0.917231,0.211594,5888,6016,0,0.932284,0.483880,d passages that prod
171,2,fast_forward,1.674972,17.443538,0.391314,0.917628,0.187692,6016,6528,0,0.931888,0.366310,bounded prediction e
172,2,fast_forward,1.815104,17.630124,0.399036,0.917601,0.218436,6528,7040,0,0.931492,0.357748,d updates it to mini
173,1,backward,1.188247,17.658053,0.383081,0.917043,0.181668,7040,6912,0,0.931096,0.356068,nsory input from scr
174,1,backward,1.674120,17.600460,0.393673,0.916703,0.213473,6912,6784,0,0.930700,0.520944,. The model has no p
175,1,backward,1.913431,17.818401,0.398142,0.917556,0.189681,6784,6656,0,0.930304,0.534563,aModel project tests
176,0,forward,1.974698,17.751044,0.395173,0.916673,0.213473,6656,6784,0,0.929908,0.513735,. The model has no p
177,4,stay,1.721550,17.669069,0.396474,0.916783,0.213473,6784,6784,0,0.929512,0.542177,. The model has no p
178,1,backward,1.828232,17.655581,0.400976,0.918005,0.189681,6784,6656,0,0.929116,0.408224,aModel project tests
179,3,fast_backward,1.182640,17.822290,0.441440,0.917655,0.258358,6656,6144,0,0.928720,0.451545,t. Evaluation of the
180,1,backward,1.507570,17.740191,0.405260,0.917219,0.211594,6144,6016,0,0.928324,0.344848,d passages that prod
181,3,fast_backward,1.081671,17.558415,0.376730,0.917429,0.177647,6016,5504,0,0.927928,0.367581,of the text. If it r
182,0,forward,1.548952,17.468294,0.377447,0.916508,0.179660,5504,5632,0,0.927532,0.452620,ditional diagnostic
183,3,fast_backward,1.857430,17.335241,0.393677,0.917198,0.190034,5632,5120,0,0.927136,0.420894,in term in its actio
184,3,fast_backward,1.805478,17.407781,0.392898,0.916836,0.204065,5120,4608,0,0.926740,0.424765,s the mathematical f
185,4,stay,1.848783,17.396885,0.393453,0.916880,0.204065,4608,4608,0,0.926344,0.322575,s the mathematical f
186,0,forward,1.343211,17.485297,0.428947,0.917234,0.236303,4608,4736,0,0.925948,0.411057,surprise of its obs
187,2,fast_forward,1.639348,17.357624,0.412412,0.917329,0.213764,4736,5248,0,0.925552,0.306365,es that produced hig
188,4,stay,2.134244,17.279613,0.413033,0.917110,0.213764,5248,5248,0,0.925156,0.590216,es that produced hig
189,2,fast_forward,1.530954,17.374558,0.397888,0.917184,0.191195,5248,5760,0,0.924760,0.235957,prediction error. Cu
190,2,fast_forward,1.675444,17.457122,0.378748,0.917276,0.172580,5760,6272,0,0.924364,0.380823,tistics of the text.
191,0,forward,1.210481,17.631262,0.380607,0.916530,0.178724,6272,6400,0,0.923968,0.490980,ovide additional dia
192,0,forward,1.234232,17.697001,0.401907,0.917744,0.187692,6400,6528,0,0.923572,0.491049,bounded prediction e
193,4,stay,1.701719,17.557291,0.401700,0.917555,0.187692,6528,6528,0,0.923176,0.505487,bounded prediction e
194,1,backward,1.465449,17.489537,0.379723,0.916869,0.178724,6528,6400,0,0.922780,0.492927,ovide additional dia
195,2,fast_forward,1.769857,17.400114,0.392037,0.917163,0.181668,6400,6912,0,0.922384,0.216649,nsory input from scr
196,1,backward,1.853257,17.743376,0.401923,0.916745,0.213473,6912,6784,0,0.921988,0.475343,. The model has no p
197,3,fast_backward,1.344730,17.668501,0.377143,0.917132,0.172580,6784,6272,0,0.921592,0.424890,tistics of the text.
198,3,fast_backward,1.536953,17.781035,0.395789,0.917390,0.191195,6272,5760,0,0.921196,0.228878,prediction error. Cu
199,0,forward,1.762037,17.682432,0.398493,0.917238,0.185794,5760,5888,0,0.920800,0.384782,ation-gain term in i
200,3,fast_backward,1.775837,17.693518,0.438215,0.917789,0.248801,5888,5376,0,0.920404,0.373117,ation of the text lo
201,0,forward,1.811081,17.731543,0.381881,0.917256,0.177647,5376,5504,0,0.920008,0.347908,of the text. If it r
202,2,fast_forward,2.064028,17.576236,0.410016,0.917385,0.211594,5504,6016,0,0.919612,0.471285,d passages that prod
203,1,backward,1.362400,17.715104,0.401848,0.917444,0.185794,6016,5888,0,0.919216,0.466049,ation-gain term in i
204,0,forward,1.498632,17.700189,0.410545,0.917101,0.211594,5888,6016,0,0.918820,0.443231,d passages that prod
205,3,fast_backward,1.685887,17.772523,0.382872,0.916969,0.177647,6016,5504,0,0.918424,0.383150,of the text. If it r
206,1,backward,1.653803,17.767608,0.440812,0.917322,0.248801,5504,5376,0,0.918028,0.390710,ation of the text lo
207,1,backward,0.959333,17.751538,0.418183,0.917296,0.213764,5376,5248,0,0.917632,0.513365,es that produced hig
208,1,backward,1.735485,17.638579,0.404089,0.917355,0.190034,5248,5120,0,0.917236,0.395224,in term in its actio
209,4,stay,1.645287,17.656354,0.404150,0.917363,0.190034,5120,5120,0,0.916840,0.370071,in term in its actio
210,0,forward,1.553398,17.882662,0.418891,0.917124,0.213764,5120,5248,0,0.916444,0.346484,es that produced hig
211,1,backward,1.533977,17.722973,0.404988,0.917286,0.190034,5248,5120,0,0.916048,0.435359,in term in its actio
212,1,backward,1.642967,17.720001,0.410420,0.917364,0.201395,5120,4992,0,0.915652,0.305280,decrease. Curiosity
213,4,stay,1.606019,17.939497,0.411018,0.917188,0.201395,4992,4992,0,0.915256,0.426711,decrease. Curiosity
214,4,stay,1.428312,17.875063,0.411603,0.916910,0.201395,4992,4992,0,0.914860,0.296994,decrease. Curiosity
215,2,fast_forward,2.210345,18.004632,0.389158,0.916959,0.177647,4992,5504,0,0.914464,0.497355,of the text. If it r
216,0,forward,1.233920,17.929565,0.390173,0.916390,0.179660,5504,5632,0,0.914068,0.418692,ditional diagnostic
217,2,fast_forward,1.564489,17.903896,0.452636,0.917414,0.258358,5632,6144,0,0.913672,0.389081,t. Evaluation of the
218,0,forward,1.707697,17.982439,0.389002,0.917257,0.172580,6144,6272,0,0.913276,0.248842,tistics of the text.
219,3,fast_backward,1.728987,17.878164,0.406848,0.917149,0.191195,6272,5760,0,0.912880,0.418308,prediction error. Cu
220,3,fast_backward,1.418831,18.024163,0.422497,0.917278,0.213764,5760,5248,0,0.912484,0.288907,es that produced hig
221,3,fast_backward,1.521636,17.843666,0.440675,0.917497,0.236303,5248,4736,0,0.912088,0.239439,surprise of its obs
222,1,backward,1.725869,17.850035,0.409530,0.916806,0.204065,4736,4608,0,0.911692,0.318396,s the mathematical f
223,4,stay,1.581007,17.775510,0.409837,0.916648,0.204065,4608,4608,0,0.911296,0.238939,s the mathematical f
224,1,backward,1.439316,17.797752,0.415222,0.917243,0.194905,4608,4480,0,0.910900,0.510209,"iser, and no externa"
225,1,backward,1.734869,17.674063,0.402625,0.917246,0.178443,4480,4352,0,0.910504,0.350667,ing agent can form p
226,4,stay,1.463169,17.776068,0.402119,0.917027,0.178443,4352,4352,0,0.910108,0.206446,ing agent can form p
227,4,stay,2.020648,17.936449,0.401692,0.917429,0.178443,4352,4352,0,0.909712,0.433142,ing agent can form p
228,4,stay,2.013552,17.822006,0.401337,0.917097,0.178443,4352,4352,0,0.909316,0.498079,ing agent can form p
229,1,backward,1.826665,17.906215,0.429473,0.917681,0.207990,4352,4224,0,0.908920,0.468533,he spontaneous forma
230,1,backward,1.405843,17.942348,0.422341,0.917537,0.198953,4224,4096,0,0.908524,0.386135,ng a random projecti
231,4,stay,1.377504,18.065129,0.422980,0.917709,0.198953,4096,4096,0,0.908128,0.297537,ng a random projecti
232,2,fast_forward,1.793702,18.066746,0.411145,0.916669,0.204065,4096,4608,0,0.907732,0.399329,s the mathematical f
233,1,backward,1.582478,17.982326,0.416076,0.917414,0.194905,4608,4480,0,0.907336,0.230170,"iser, and no externa"
234,1,backward,1.268752,17.938250,0.403767,0.917329,0.178443,4480,4352,0,0.906940,0.406031,ing agent can form p
235,0,forward,1.608962,18.118428,0.416017,0.917377,0.194905,4352,4480,0,0.906544,0.280823,"iser, and no externa"
236,2,fast_forward,1.705911,18.248894,0.418126,0.917180,0.201395,4480,4992,0,0.906148,0.346383,decrease. Curiosity
237,1,backward,1.158593,18.157080,0.459148,0.917269,0.257925,4992,4864,0,0.905752,0.243824,table the current ch
238,0,forward,1.529642,18.232047,0.421465,0.917398,0.201395,4864,4992,0,0.905356,0.175950,decrease. Curiosity
239,2,fast_forward,1.526637,18.186554,0.398372,0.917215,0.177647,4992,5504,0,0.904960,0.353802,of the text. If it r
240,0,forward,1.542608,18.232455,0.399688,0.916545,0.179660,5504,5632,0,0.904564,0.412383,ditional diagnostic
241,1,backward,1.669136,18.099543,0.396547,0.917056,0.177647,5632,5504,0,0.904168,0.503279,of the text. If it r
242,1,backward,1.822616,18.129213,0.453583,0.917383,0.248801,5504,5376,0,0.903772,0.431223,ation of the text lo
243,2,fast_forward,1.754368,17.867513,0.418229,0.917692,0.185794,5376,5888,0,0.903376,0.468252,ation-gain term in i
244,1,backward,1.509360,17.920089,0.415824,0.917329,0.191195,5888,5760,0,0.902980,0.242535,prediction error. Cu
245,4,stay,1.791433,17.897816,0.416007,0.917389,0.191195,5760,5760,0,0.902584,0.379522,prediction error. Cu
246,0,forward,1.399331,18.169158,0.418439,0.917244,0.185794,5760,5888,0,0.902188,0.452889,ation-gain term in i
247,1,backward,1.403310,18.142329,0.416039,0.917249,0.191195,5888,5760,0,0.901792,0.169907,prediction error. Cu
248,1,backward,1.715903,18.249166,0.401639,0.916689,0.179660,5760,5632,0,0.901396,0.263724,ditional diagnostic
249,0,forward,1.904444,18.163851,0.415269,0.917128,0.191195,5632,5760,0,0.901000,0.372390,prediction error. Cu
250,3,fast_backward,1.535012,18.125919,0.430942,0.917694,0.213764,5760,5248,0,0.900604,0.368731,es that produced hig
251,2,fast_forward,1.675590,18.272705,0.416300,0.917184,0.191195,5248,5760,0,0.900208,0.362527,prediction error. Cu
252,0,forward,1.741809,18.371796,0.418917,0.917397,0.185794,5760,5888,0,0.899812,0.344683,ation-gain term in i
253,0,forward,1.377090,18.557869,0.427083,0.917065,0.211594,5888,6016,0,0.899416,0.309445,d passages that prod
254,1,backward,1.378790,18.580483,0.419398,0.917480,0.185794,6016,5888,0,0.899020,0.302098,ation-gain term in i
255,4,stay,1.487057,18.438799,0.419375,0.917143,0.185794,5888,5888,0,0.898624,0.439071,ation-gain term in i
256,0,forward,1.485164,18.567818,0.427441,0.917290,0.211594,5888,6016,0,0.898228,0.260127,d passages that prod
257,3,fast_backward,1.635767,18.700509,0.400977,0.917151,0.177647,6016,5504,0,0.897832,0.545339,of the text. If it r
258,3,fast_backward,1.540567,18.631108,0.423134,0.917131,0.201395,5504,4992,0,0.897436,0.277636,decrease. Curiosity
259,1,backward,1.195434,18.639859,0.462914,0.917448,0.257925,4992,4864,0,0.897040,0.369573,table the current ch
260,0,forward,1.340352,18.635996,0.426526,0.916870,0.201395,4864,4992,0,0.896644,0.459330,decrease. Curiosity
261,3,fast_backward,1.384411,18.458837,0.425274,0.917468,0.194905,4992,4480,0,0.896248,0.264433,"iser, and no externa"
262,2,fast_forward,1.051976,18.496701,0.427355,0.917288,0.201395,4480,4992,0,0.895852,0.433681,decrease. Curiosity
263,1,backward,1.526917,18.774621,0.466750,0.917472,0.257925,4992,4864,0,0.895456,0.389413,table the current ch
264,1,backward,1.819306,18.832723,0.456189,0.917419,0.236303,4864,4736,0,0.895060,0.460626,surprise of its obs
265,0,forward,1.536696,18.901145,0.470870,0.917114,0.257925,4736,4864,0,0.894664,0.533125,table the current ch
266,3,fast_backward,1.735334,18.684911,0.421105,0.917251,0.178443,4864,4352,0,0.894268,0.474491,ing agent can form p
267,2,fast_forward,1.756690,18.366485,0.472367,0.917104,0.257925,4352,4864,0,0.893872,0.624439,table the current ch
268,4,stay,1.660891,18.300146,0.474621,0.917308,0.257925,4864,4864,0,0.893476,0.233589,table the current ch
269,3,fast_backward,1.368272,18.173883,0.424661,0.916954,0.178443,4864,4352,0,0.893080,0.319044,ing agent can form p
270,0,forward,1.803235,17.940597,0.435595,0.917345,0.194905,4352,4480,0,0.892684,0.438631,"iser, and no externa"
271,4,stay,1.532193,18.096421,0.435358,0.917444,0.194905,4480,4480,0,0.892288,0.611008,"iser, and no externa"
272,3,fast_backward,1.555386,18.160344,0.420938,0.916846,0.173957,4480,3968,0,0.891892,0.229543,cter blocks in order
273,3,fast_backward,1.558753,18.285727,0.443970,0.917460,0.204990,3968,3456,0,0.891496,0.531379,d decrease. Cognitiv
274,1,backward,2.017441,18.329083,0.473861,0.917251,0.253067,3456,3328,0,0.891100,0.554104,ictable the current
275,4,stay,1.868788,18.357370,0.475830,0.917300,0.253067,3328,3328,0,0.890704,0.421650,ictable the current
276,1,backward,1.812880,18.501031,0.471636,0.917301,0.245962,3328,3200,0,0.890308,0.385398,he surprise of its o
277,2,fast_forward,1.761100,18.221190,0.432936,0.917258,0.194548,3200,3712,0,0.889912,0.542042,s no pretrained embe
278,4,stay,1.544636,17.904692,0.432276,0.916986,0.194548,3712,3712,0,0.889516,0.537899,s no pretrained embe
279,4,stay,1.622226,17.731146,0.431714,0.917055,0.194548,3712,3712,0,0.889120,0.199286,s no pretrained embe
280,1,backward,1.473340,17.414041,0.443918,0.917248,0.197040,3712,3584,0,0.888724,0.440173,tests whether a fre
281,0,forward,1.682706,17.396123,0.431057,0.916882,0.194548,3584,3712,0,0.888328,0.516119,s no pretrained embe
282,0,forward,1.624919,17.411249,0.447190,0.917389,0.211055,3712,3840,0,0.887932,0.567332,om scratch. The text
283,3,fast_backward,1.378809,17.436046,0.477664,0.917267,0.253067,3840,3328,0,0.887536,0.573069,ictable the current
284,2,fast_forward,1.507891,17.475417,0.449533,0.917064,0.211055,3328,3840,0,0.887140,0.622648,om scratch. The text
285,2,fast_forward,1.321304,17.350388,0.428854,0.917442,0.178443,3840,4352,0,0.886744,0.509170,ing agent can form p
286,0,forward,1.444485,17.199460,0.439343,0.917487,0.194905,4352,4480,0,0.886348,0.489834,"iser, and no externa"
287,0,forward,1.603946,17.453324,0.434684,0.916515,0.204065,4480,4608,0,0.885952,0.494465,s the mathematical f
288,1,backward,1.682329,17.494879,0.439099,0.917386,0.194905,4608,4480,0,0.885556,0.550033,"iser, and no externa"
289,0,forward,1.636007,17.491560,0.434581,0.916793,0.204065,4480,4608,0,0.885160,0.487566,s the mathematical f
290,0,forward,1.679775,17.366344,0.466319,0.917511,0.236303,4608,4736,0,0.884764,0.593977,surprise of its obs
291,4,stay,1.493516,17.436605,0.467830,0.917673,0.236303,4736,4736,0,0.884368,0.597050,surprise of its obs
292,3,fast_backward,1.312102,17.514371,0.457877,0.917747,0.207990,4736,4224,0,0.883972,0.638578,he spontaneous forma
293,0,forward,1.639185,17.381740,0.430531,0.917181,0.178443,4224,4352,0,0.883576,0.579233,ing agent can form p
294,3,fast_backward,1.786830,17.249711,0.450430,0.917358,0.211055,4352,3840,0,0.883180,0.305866,om scratch. The text
295,3,fast_backward,1.550795,17.207307,0.480694,0.917393,0.253067,3840,3328,0,0.882784,0.722089,ictable the current
296,0,forward,1.443231,16.983454,0.453254,0.917553,0.204990,3328,3456,0,0.882388,0.473583,d decrease. Cognitiv
297,4,stay,1.832963,16.813304,0.453016,0.917540,0.204990,3456,3456,0,0.881992,0.396515,d decrease. Cognitiv
298,3,fast_backward,1.343128,17.087024,0.449181,0.917539,0.190799,3456,2944,0,0.881596,0.298967,sing a random projec
299,4,stay,1.957365,17.210313,0.448789,0.917731,0.190799,2944,2944,0,0.881200,0.701307,sing a random projec
300,0,forward,1.697696,17.290233,0.436869,0.916837,0.203670,2944,3072,0,0.880804,0.600021,des the mathematical
301,2,fast_forward,1.734076,17.444147,0.447934,0.917934,0.197040,3072,3584,0,0.880408,0.590293,tests whether a fre
302,2,fast_forward,1.691996,17.559623,0.450324,0.917193,0.198953,3584,4096,0,0.880012,0.593467,ng a random projecti
303,4,stay,1.612160,17.367868,0.450422,0.917419,0.198953,4096,4096,0,0.879616,0.518403,ng a random projecti
304,4,stay,1.553886,17.255129,0.450526,0.917366,0.198953,4096,4096,0,0.879220,0.586490,ng a random projecti
305,4,stay,1.695772,17.094435,0.450635,0.917464,0.198953,4096,4096,0,0.878824,0.768665,ng a random projecti
306,4,stay,1.870215,17.206360,0.450748,0.917384,0.198953,4096,4096,0,0.878428,0.672147,ng a random projecti
307,1,backward,2.011546,17.510404,0.429119,0.916998,0.173957,4096,3968,0,0.878032,0.599735,cter blocks in order
308,1,backward,1.474022,17.421744,0.451311,0.917269,0.211055,3968,3840,0,0.877636,0.625805,om scratch. The text
309,3,fast_backward,1.584579,17.483878,0.481722,0.917296,0.253067,3840,3328,0,0.877240,0.635612,ictable the current
310,2,fast_forward,1.416946,17.656366,0.453679,0.917314,0.211055,3328,3840,0,0.876844,0.569041,om scratch. The text
311,1,backward,1.758009,17.697074,0.437658,0.916860,0.194548,3840,3712,0,0.876448,0.385133,s no pretrained embe
312,2,fast_forward,1.760958,17.991916,0.459399,0.917530,0.207990,3712,4224,0,0.876052,0.404136,he spontaneous forma
313,4,stay,1.590001,18.080785,0.459402,0.917485,0.207990,4224,4224,0,0.875656,0.414199,he spontaneous forma
314,1,backward,1.535969,17.844395,0.452568,0.917487,0.198953,4224,4096,0,0.875260,0.567004,ng a random projecti
315,1,backward,1.310285,17.714652,0.431071,0.917453,0.173957,4096,3968,0,0.874864,0.524220,cter blocks in order
316,2,fast_forward,1.864493,17.562676,0.443021,0.917682,0.194905,3968,4480,0,0.874468,0.602103,"iser, and no externa"
317,2,fast_forward,1.902125,17.752046,0.444991,0.917132,0.201395,4480,4992,0,0.874072,0.486664,decrease. Curiosity
318,2,fast_forward,1.634497,17.853760,0.422432,0.917032,0.177647,4992,5504,0,0.873676,0.604529,of the text. If it r
319,3,fast_backward,1.810588,17.723544,0.444069,0.916934,0.201395,5504,4992,0,0.873280,0.611119,decrease. Curiosity
320,2,fast_forward,1.703643,17.567105,0.421707,0.916961,0.177647,4992,5504,0,0.872884,0.450506,of the text. If it r
321,3,fast_backward,1.326057,17.515826,0.443403,0.917002,0.201395,5504,4992,0,0.872488,0.578706,decrease. Curiosity
322,4,stay,1.896039,17.548392,0.443701,0.916861,0.201395,4992,4992,0,0.872092,0.511492,decrease. Curiosity
323,3,fast_backward,1.511728,17.410496,0.441968,0.917543,0.194905,4992,4480,0,0.871696,0.472955,"iser, and no externa"
324,3,fast_backward,1.523626,17.368248,0.429717,0.917628,0.173957,4480,3968,0,0.871300,0.480754,cter blocks in order
325,1,backward,1.730835,17.304405,0.451524,0.917583,0.211055,3968,3840,0,0.870904,0.319023,om scratch. The text
326,1,backward,1.728949,17.265710,0.435898,0.917251,0.194548,3840,3712,0,0.870508,0.410949,s no pretrained embe
327,0,forward,1.001941,17.055197,0.452159,0.917126,0.211055,3712,3840,0,0.870112,0.650523,om scratch. The text
328,2,fast_forward,1.255126,17.069444,0.432965,0.917034,0.178443,3840,4352,0,0.869716,0.477268,ing agent can form p
329,3,fast_backward,1.883310,17.147137,0.452267,0.917117,0.211055,4352,3840,0,0.869320,0.604865,om scratch. The text
330,2,fast_forward,1.780908,17.061655,0.433215,0.917182,0.178443,3840,4352,0,0.868924,0.471503,ing agent can form p
331,2,fast_forward,1.899549,17.016441,0.482613,0.917202,0.257925,4352,4864,0,0.868528,0.216436,table the current ch
332,3,fast_backward,1.674392,17.130633,0.434993,0.917149,0.178443,4864,4352,0,0.868132,0.468512,ing agent can form p
333,1,backward,1.413388,17.218408,0.460169,0.917664,0.207990,4352,4224,0,0.867736,0.588146,he spontaneous forma
334,2,fast_forward,1.808239,17.195065,0.471652,0.917541,0.236303,4224,4736,0,0.867340,0.568223,surprise of its obs
335,0,forward,1.500158,17.330925,0.486360,0.917286,0.257925,4736,4864,0,0.866944,0.320936,table the current ch
336,3,fast_backward,1.264086,17.250933,0.438603,0.917072,0.178443,4864,4352,0,0.866548,0.392922,ing agent can form p
337,1,backward,1.551793,17.199731,0.463703,0.917530,0.207990,4352,4224,0,0.866152,0.584378,he spontaneous forma
338,1,backward,1.897542,17.151792,0.456907,0.917237,0.198953,4224,4096,0,0.865756,0.476540,ng a random projecti
339,1,backward,1.318776,16.808813,0.435634,0.917204,0.173957,4096,3968,0,0.865360,0.659986,cter blocks in order
340,4,stay,1.742081,16.749042,0.434864,0.917095,0.173957,3968,3968,0,0.864964,0.308416,cter blocks in order
341,2,fast_forward,1.029530,16.984070,0.446562,0.917914,0.194905,3968,4480,0,0.864568,0.484001,"iser, and no externa"
342,3,fast_backward,1.332448,16.916471,0.434317,0.917023,0.173957,4480,3968,0,0.864172,0.503282,cter blocks in order
343,0,forward,1.712494,17.005485,0.455216,0.917712,0.198953,3968,4096,0,0.863776,0.576279,ng a random projecti
344,2,fast_forward,1.377644,16.855443,0.442528,0.916841,0.204065,4096,4608,0,0.863380,0.435830,s the mathematical f
345,4,stay,1.425617,16.872770,0.442661,0.917047,0.204065,4608,4608,0,0.862984,0.391545,s the mathematical f
346,0,forward,1.519510,17.054341,0.473788,0.917528,0.236303,4608,4736,0,0.862588,0.373992,surprise of its obs
347,3,fast_backward,1.571849,17.193729,0.464363,0.917545,0.207990,4736,4224,0,0.862192,0.487595,he spontaneous forma
348,0,forward,1.699771,17.359533,0.438619,0.917095,0.178443,4224,4352,0,0.861796,0.351791,ing agent can form p
349,4,stay,1.621294,17.270634,0.437929,0.917082,0.178443,4352,4352,0,0.861400,0.350209,ing agent can form p
350,0,forward,1.495858,17.398698,0.447187,0.917338,0.194905,4352,4480,0,0.861004,0.471305,"iser, and no externa"
351,1,backward,1.557152,17.434983,0.437543,0.917083,0.178443,4480,4352,0,0.860608,0.473725,ing agent can form p
352,3,fast_backward,1.468342,17.644908,0.456426,0.917346,0.211055,4352,3840,0,0.860212,0.406674,om scratch. The text
353,3,fast_backward,1.835623,17.673407,0.486974,0.917238,0.253067,3840,3328,0,0.859816,0.436099,ictable the current
354,0,forward,1.682538,17.764987,0.459607,0.917334,0.204990,3328,3456,0,0.859420,0.437213,d decrease. Cognitiv
355,4,stay,1.255929,17.979939,0.459687,0.917557,0.204990,3456,3456,0,0.859024,0.437802,d decrease. Cognitiv
356,4,stay,1.496509,17.833592,0.459775,0.917348,0.204990,3456,3456,0,0.858628,0.350157,d decrease. Cognitiv
357,3,fast_backward,1.230440,17.979922,0.457090,0.917599,0.190799,3456,2944,0,0.858232,0.336504,sing a random projec
358,0,forward,1.319819,18.137923,0.445438,0.916895,0.203670,2944,3072,0,0.857836,0.530121,des the mathematical
359,1,backward,1.896968,18.266466,0.456988,0.917872,0.190799,3072,2944,0,0.857440,0.742595,sing a random projec
360,2,fast_forward,1.714068,18.439288,0.459604,0.917545,0.204990,2944,3456,0,0.857044,0.528461,d decrease. Cognitiv
361,2,fast_forward,1.511283,18.721037,0.438230,0.917357,0.173957,3456,3968,0,0.856648,0.588051,cter blocks in order
362,0,forward,1.374048,18.794632,0.458874,0.917310,0.198953,3968,4096,0,0.856252,0.556612,ng a random projecti
363,1,backward,1.478944,18.659563,0.437867,0.917641,0.173957,4096,3968,0,0.855856,0.575031,cter blocks in order
364,2,fast_forward,1.654031,18.391342,0.449072,0.917401,0.194905,3968,4480,0,0.855460,0.583783,"iser, and no externa"
365,0,forward,1.806603,18.193942,0.446258,0.916931,0.204065,4480,4608,0,0.855064,0.563161,s the mathematical f
366,2,fast_forward,2.010694,18.226695,0.445330,0.917387,0.190034,4608,5120,0,0.854668,0.935510,in term in its actio
367,3,fast_backward,1.359147,17.997680,0.446172,0.916727,0.204065,5120,4608,0,0.854272,0.778938,s the mathematical f
368,4,stay,1.748895,18.143512,0.446375,0.917198,0.204065,4608,4608,0,0.853876,0.746856,s the mathematical f
369,1,backward,1.424662,18.452031,0.449704,0.917411,0.194905,4608,4480,0,0.853480,0.629878,"iser, and no externa"
370,1,backward,1.490902,18.081207,0.440314,0.917110,0.178443,4480,4352,0,0.853084,0.564906,ing agent can form p
371,2,fast_forward,1.525594,18.463069,0.489916,0.917453,0.257925,4352,4864,0,0.852688,0.402884,table the current ch
372,2,fast_forward,1.382357,18.692106,0.484716,0.917564,0.248801,4864,5376,0,0.852292,0.603442,ation of the text lo
373,4,stay,1.735216,18.759861,0.486781,0.917535,0.248801,5376,5376,0,0.851896,0.717863,ation of the text lo
374,4,stay,1.943064,18.582739,0.488744,0.917408,0.248801,5376,5376,0,0.851500,0.572151,ation of the text lo
375,2,fast_forward,1.683837,18.385596,0.456394,0.917335,0.185794,5376,5888,0,0.851104,0.678563,ation-gain term in i
376,4,stay,1.501367,18.390369,0.455553,0.917083,0.185794,5888,5888,0,0.850708,0.600044,ation-gain term in i
377,4,stay,1.838499,18.296382,0.454817,0.917245,0.185794,5888,5888,0,0.850312,0.457940,ation-gain term in i
378,3,fast_backward,1.607283,18.298509,0.488190,0.917382,0.248801,5888,5376,0,0.849916,0.401546,ation of the text lo
379,3,fast_backward,1.581874,18.349759,0.497426,0.917215,0.257925,5376,4864,0,0.849520,0.647021,table the current ch
380,2,fast_forward,1.494235,18.012269,0.492206,0.917130,0.248801,4864,5376,0,0.849124,0.414020,ation of the text lo
381,0,forward,1.446881,17.905793,0.442047,0.917113,0.177647,5376,5504,0,0.848728,0.368316,of the text. If it r
382,2,fast_forward,1.194166,17.733031,0.466319,0.917267,0.211594,5504,6016,0,0.848332,0.660496,d passages that prod
383,4,stay,1.106089,17.791399,0.466130,0.917311,0.211594,6016,6016,0,0.847936,0.687424,d passages that prod
384,0,forward,1.525804,17.879961,0.498917,0.917567,0.258358,6016,6144,0,0.847540,0.516322,t. Evaluation of the
385,1,backward,1.283777,18.214085,0.468185,0.917049,0.211594,6144,6016,0,0.847144,0.580772,d passages that prod
386,2,fast_forward,1.504892,18.323249,0.463907,0.917668,0.187692,6016,6528,0,0.846748,0.702687,bounded prediction e
387,0,forward,1.502437,18.406613,0.468463,0.917505,0.189681,6528,6656,0,0.846352,0.590237,aModel project tests
388,1,backward,1.271742,18.214919,0.462159,0.917825,0.187692,6656,6528,0,0.845956,0.514452,bounded prediction e
389,4,stay,1.565835,18.356570,0.461288,0.917554,0.187692,6528,6528,0,0.845560,0.399685,bounded prediction e
390,3,fast_backward,1.453504,18.143992,0.464971,0.917072,0.211594,6528,6016,0,0.845164,0.574198,d passages that prod
391,0,forward,1.544163,18.014713,0.497694,0.917399,0.258358,6016,6144,0,0.844768,0.273562,t. Evaluation of the
392,2,fast_forward,1.608757,17.754340,0.468743,0.917609,0.189681,6144,6656,0,0.844372,0.273858,aModel project tests
393,2,fast_forward,1.635171,17.738708,0.505305,0.917365,0.257159,6656,7168,0,0.843976,0.564116,"of characters, the f"
394,3,fast_backward,1.288817,17.726333,0.470397,0.917769,0.189681,7168,6656,0,0.843580,0.617886,aModel project tests
395,3,fast_backward,1.572813,17.712829,0.500737,0.917349,0.258358,6656,6144,0,0.843184,0.292623,t. Evaluation of the
396,4,stay,1.215769,17.872553,0.502913,0.917170,0.258358,6144,6144,0,0.842788,0.633430,t. Evaluation of the
397,1,backward,1.639589,17.735399,0.472321,0.917064,0.211594,6144,6016,0,0.842392,0.475298,d passages that prod
398,1,backward,1.878367,17.613879,0.465206,0.917167,0.185794,6016,5888,0,0.841996,0.351392,ation-gain term in i
399,0,forward,1.759638,17.554493,0.470891,0.917400,0.211594,5888,6016,0,0.841600,0.436574,d passages that prod
400,3,fast_backward,1.947737,17.653843,0.446013,0.917022,0.177647,6016,5504,0,0.841204,0.538924,of the text. If it r
401,3,fast_backward,1.745359,17.619456,0.466007,0.917089,0.201395,5504,4992,0,0.840808,0.452230,decrease. Curiosity
402,2,fast_forward,1.696547,17.995854,0.444633,0.917038,0.177647,4992,5504,0,0.840412,0.465848,of the text. If it r
403,0,forward,1.847608,17.712874,0.446873,0.916530,0.179660,5504,5632,0,0.840016,0.482967,ditional diagnostic
404,0,forward,1.207707,17.601287,0.457598,0.917231,0.191195,5632,5760,0,0.839620,0.508106,prediction error. Cu
405,2,fast_forward,1.359691,17.556141,0.440700,0.917357,0.172580,5760,6272,0,0.839224,0.438402,tistics of the text.
406,4,stay,1.499182,17.787375,0.439511,0.917293,0.172580,6272,6272,0,0.838828,0.435525,tistics of the text.
407,4,stay,1.705849,17.638926,0.438445,0.917711,0.172580,6272,6272,0,0.838432,0.425850,tistics of the text.
408,4,stay,1.402817,17.606192,0.437491,0.917213,0.172580,6272,6272,0,0.838036,0.482959,tistics of the text.
409,1,backward,1.615165,17.467979,0.495661,0.917900,0.258358,6272,6144,0,0.837640,0.655043,t. Evaluation of the
410,4,stay,1.580417,17.599963,0.498240,0.917634,0.258358,6144,6144,0,0.837244,0.439972,t. Evaluation of the
411,1,backward,1.876782,17.273484,0.468491,0.917307,0.211594,6144,6016,0,0.836848,0.414419,d passages that prod
412,3,fast_backward,1.069594,17.370513,0.443683,0.917076,0.177647,6016,5504,0,0.836452,0.630787,of the text. If it r
413,0,forward,1.672441,17.474035,0.446840,0.916621,0.179660,5504,5632,0,0.836056,0.456777,ditional diagnostic
414,4,stay,1.628398,17.571764,0.445828,0.916456,0.179660,5632,5632,0,0.835660,0.560211,ditional diagnostic
415,0,forward,0.985230,17.664746,0.456143,0.917383,0.191195,5632,5760,0,0.835264,0.572738,prediction error. Cu
416,0,forward,1.501690,17.650689,0.458719,0.917461,0.185794,5760,5888,0,0.834868,0.654149,ation-gain term in i
417,4,stay,1.352761,17.350167,0.458612,0.917254,0.185794,5888,5888,0,0.834472,0.497214,ation-gain term in i
418,2,fast_forward,1.558246,17.467227,0.444193,0.916618,0.178724,5888,6400,0,0.834076,0.530348,ovide additional dia
419,4,stay,1.380990,17.494131,0.443479,0.916734,0.178724,6400,6400,0,0.833680,0.469627,ovide additional dia
420,3,fast_backward,1.616043,17.471061,0.456950,0.917266,0.185794,6400,5888,0,0.833284,0.305698,ation-gain term in i
421,1,backward,1.613803,17.658552,0.454619,0.917250,0.191195,5888,5760,0,0.832888,0.439510,prediction error. Cu
422,4,stay,1.242189,17.775878,0.454983,0.917781,0.191195,5760,5760,0,0.832492,0.474347,prediction error. Cu
423,2,fast_forward,1.860830,17.902402,0.438636,0.917496,0.172580,5760,6272,0,0.832096,0.519038,tistics of the text.
424,3,fast_backward,1.572627,18.080513,0.454739,0.917374,0.191195,6272,5760,0,0.831700,0.448194,prediction error. Cu
425,1,backward,1.640352,17.966339,0.444722,0.916959,0.179660,5760,5632,0,0.831304,0.518333,ditional diagnostic
426,2,fast_forward,1.553329,17.894742,0.496431,0.917325,0.258358,5632,6144,0,0.830908,0.385796,t. Evaluation of the
427,3,fast_backward,1.212996,17.922730,0.446763,0.916557,0.179660,6144,5632,0,0.830512,0.433431,ditional diagnostic
428,4,stay,1.543789,18.010948,0.446103,0.916661,0.179660,5632,5632,0,0.830116,0.493898,ditional diagnostic
429,1,backward,1.162292,18.081270,0.440531,0.917209,0.177647,5632,5504,0,0.829720,0.307284,of the text. If it r
430,2,fast_forward,1.670288,18.328299,0.466348,0.917263,0.211594,5504,6016,0,0.829324,0.415903,d passages that prod
431,0,forward,1.597115,18.531192,0.498191,0.917176,0.258358,6016,6144,0,0.828928,0.472580,t. Evaluation of the
432,2,fast_forward,1.904956,18.378353,0.470966,0.917928,0.189681,6144,6656,0,0.828532,0.518809,aModel project tests
433,0,forward,2.032867,18.273777,0.465800,0.916675,0.213473,6656,6784,0,0.828136,0.638290,. The model has no p
434,4,stay,1.808384,18.315896,0.466783,0.916872,0.213473,6784,6784,0,0.827740,0.441470,. The model has no p
435,1,backward,1.653744,18.676064,0.472980,0.917638,0.189681,6784,6656,0,0.827344,0.510762,aModel project tests
436,0,forward,1.535404,18.617185,0.467682,0.916768,0.213473,6656,6784,0,0.826948,0.681259,. The model has no p
437,1,backward,1.657400,18.675213,0.473871,0.917721,0.189681,6784,6656,0,0.826552,0.561965,aModel project tests
438,0,forward,1.511136,18.517663,0.468545,0.916793,0.213473,6656,6784,0,0.826156,0.520549,. The model has no p
439,3,fast_backward,1.588905,18.707150,0.446490,0.917514,0.172580,6784,6272,0,0.825760,0.525499,tistics of the text.
440,4,stay,1.639030,18.777107,0.445625,0.917269,0.172580,6272,6272,0,0.825364,0.753216,tistics of the text.
441,0,forward,1.697018,18.971327,0.449991,0.916477,0.178724,6272,6400,0,0.824968,0.576778,ovide additional dia
442,0,forward,1.412539,18.678114,0.466205,0.917694,0.187692,6400,6528,0,0.824572,0.519184,bounded prediction e
443,0,forward,1.636212,18.734851,0.472494,0.917852,0.189681,6528,6656,0,0.824176,0.475883,aModel project tests
444,4,stay,1.750791,18.750707,0.472536,0.917646,0.189681,6656,6656,0,0.823780,0.777274,aModel project tests
445,0,forward,1.258607,18.789786,0.467674,0.916741,0.213473,6656,6784,0,0.823384,0.626349,. The model has no p
446,1,backward,1.748870,18.835878,0.473703,0.917705,0.189681,6784,6656,0,0.822988,0.470685,aModel project tests
447,0,forward,1.572898,18.726955,0.468759,0.916682,0.213473,6656,6784,0,0.822592,0.530989,. The model has no p
448,2,fast_forward,1.652316,18.835930,0.486048,0.917404,0.229653,6784,7296,0,0.822196,0.849789,ns the statistics of
449,4,stay,1.504589,19.135681,0.487436,0.917185,0.229653,7296,7296,0,0.821800,0.449568,ns the statistics of
450,3,fast_backward,1.623607,18.964768,0.472516,0.916694,0.213473,7296,6784,0,0.821404,0.484537,. The model has no p
451,0,forward,1.803153,18.959923,0.466099,0.917087,0.181668,6784,6912,0,0.821008,0.575903,nsory input from scr
452,4,stay,1.663399,18.911417,0.465718,0.916940,0.181668,6912,6912,0,0.820612,0.803426,nsory input from scr
453,0,forward,1.695051,18.821627,0.475413,0.917071,0.218436,6912,7040,0,0.820216,0.598244,d updates it to mini
454,4,stay,1.974299,18.831705,0.476247,0.917081,0.218436,7040,7040,0,0.819820,0.591685,d updates it to mini
455,0,forward,1.466947,18.811472,0.515286,0.917763,0.257159,7040,7168,0,0.819424,0.510548,"of characters, the f"
456,1,backward,1.652939,19.022126,0.479572,0.917216,0.218436,7168,7040,0,0.819028,0.817831,d updates it to mini
457,1,backward,1.983063,18.985265,0.470029,0.917039,0.181668,7040,6912,0,0.818632,0.320662,nsory input from scr
458,2,fast_forward,1.423133,18.977193,0.465852,0.916985,0.193286,6912,7424,0,0.818236,0.532142,in-text file. The mo
459,1,backward,1.554697,19.035348,0.492766,0.917414,0.229653,7424,7296,0,0.817840,0.238578,ns the statistics of
460,4,stay,1.741118,19.002480,0.493890,0.917172,0.229653,7296,7296,0,0.817444,0.254764,ns the statistics of
461,2,fast_forward,1.532955,19.042519,0.462485,0.917438,0.171053,7296,7808,0,0.817048,0.395158,information-gain ter
462,4,stay,1.566763,18.890519,0.461203,0.917555,0.171053,7808,7808,0,0.816652,0.253218,information-gain ter
463,2,fast_forward,1.357231,18.882792,0.456052,0.916951,0.167731,7808,8320,0,0.816256,0.762180,ion provide addition
464,0,forward,1.525532,18.680835,0.468494,0.917501,0.188304,8320,8448,0,0.815860,0.574544,e and bounded predic
465,0,forward,1.864734,18.764744,0.480446,0.917576,0.187869,8448,8576,0,0.815464,0.627426,eroDataModel project
466,2,fast_forward,1.512801,18.506059,0.483315,0.917314,0.192782,8576,9088,0,0.815068,0.358543,servation vector usi
467,0,forward,1.465490,18.385570,0.473485,0.916760,0.205784,9088,9216,0,0.814672,0.527655,ve inference provide
468,3,fast_backward,2.023126,18.473572,0.478211,0.916858,0.214366,9216,8704,0,0.814276,0.705144,treams. The model ha
469,4,stay,1.554073,18.167789,0.479083,0.916905,0.214366,8704,8704,0,0.813880,0.393209,treams. The model ha
470,3,fast_backward,1.586677,18.392369,0.460812,0.917131,0.185017,8704,8192,0,0.813484,0.271889,he statistics of the
471,0,forward,1.538932,18.155465,0.456013,0.916940,0.167731,8192,8320,0,0.813088,0.548622,ion provide addition
472,1,backward,1.482896,18.173826,0.459083,0.917145,0.185017,8320,8192,0,0.812692,0.650891,he statistics of the
473,1,backward,1.436202,17.825863,0.507538,0.917623,0.257430,8192,8064,0,0.812296,0.462059,es next. Evaluation
474,1,backward,1.571346,17.956053,0.488782,0.917123,0.214474,8064,7936,0,0.811900,0.512021,re-read passages tha
475,4,stay,1.610820,18.164630,0.489239,0.917103,0.214474,7936,7936,0,0.811504,0.392533,re-read passages tha
476,4,stay,1.865085,18.154332,0.489690,0.917202,0.214474,7936,7936,0,0.811108,0.449401,re-read passages tha
477,2,fast_forward,1.260016,18.151523,0.472415,0.917618,0.188304,7936,8448,0,0.810712,0.455823,e and bounded predic
478,2,fast_forward,1.557983,18.056477,0.465152,0.916764,0.183160,8448,8960,0,0.810316,0.537758,s fixed-length chara
479,2,fast_forward,1.571265,18.012638,0.511642,0.917239,0.251548,8960,9472,0,0.809920,0.467226,reflects how predic
480,4,stay,1.655735,17.912947,0.513467,0.917364,0.251548,9472,9472,0,0.809524,0.460254,reflects how predic
481,3,fast_backward,1.695742,17.687143,0.468085,0.916628,0.183160,9472,8960,0,0.809128,0.564922,s fixed-length chara
482,4,stay,1.497849,17.581781,0.467606,0.916950,0.183160,8960,8960,0,0.808732,0.601673,s fixed-length chara
483,1,backward,1.778378,17.402448,0.482573,0.917438,0.199805,8960,8832,0,0.808336,0.484204,its sensory input fr
484,3,fast_backward,1.797170,17.423375,0.461332,0.916825,0.167731,8832,8320,0,0.807940,0.669888,ion provide addition
485,0,forward,1.477204,17.435589,0.473564,0.917365,0.188304,8320,8448,0,0.807544,0.566261,e and bounded predic
486,4,stay,1.445345,17.529933,0.473199,0.917476,0.188304,8448,8448,0,0.807148,0.550843,e and bounded predic
487,0,forward,1.352711,17.572982,0.485264,0.917883,0.187869,8448,8576,0,0.806752,0.763858,eroDataModel project
488,2,fast_forward,1.333686,17.404519,0.488070,0.917351,0.192782,8576,9088,0,0.806356,0.621351,servation vector usi
489,2,fast_forward,2.041218,17.592930,0.490467,0.917604,0.221889,9088,9600,0,0.805960,0.580508,free energy should
490,4,stay,1.893748,17.673843,0.491230,0.917613,0.221889,9600,9600,0,0.805564,0.654371,free energy should
491,1,backward,1.741521,17.480921,0.514676,0.917336,0.251548,9600,9472,0,0.805168,0.789719,reflects how predic
492,4,stay,1.642501,17.246056,0.516383,0.917874,0.251548,9472,9472,0,0.804772,0.814425,reflects how predic
493,3,fast_backward,1.324300,17.356139,0.470780,0.916823,0.183160,9472,8960,0,0.804376,0.625905,s fixed-length chara
494,3,fast_backward,1.569823,17.288087,0.477741,0.918141,0.188304,8960,8448,0,0.803980,0.773317,e and bounded predic
495,0,forward,1.462742,17.399530,0.489480,0.917658,0.187869,8448,8576,0,0.803584,0.712983,eroDataModel project
496,3,fast_backward,1.479716,17.665078,0.515098,0.917544,0.257430,8576,8064,0,0.803188,0.551494,es next. Evaluation
497,0,forward,1.228535,17.766098,0.469613,0.917356,0.185017,8064,8192,0,0.802792,0.486876,he statistics of the
498,0,forward,1.814737,18.061420,0.464660,0.916767,0.167731,8192,8320,0,0.802396,0.617333,ion provide addition
499,3,fast_backward,2.051692,18.004533,0.466628,0.917334,0.171053,8320,7808,0,0.802000,0.686945,information-gain ter
500,3,fast_backward,1.603811,17.842929,0.498213,0.917287,0.229653,7808,7296,0,0.801604,0.591728,ns the statistics of
501,2,fast_forward,1.808224,17.933031,0.467030,0.917303,0.171053,7296,7808,0,0.801208,0.386608,information-gain ter
502,3,fast_backward,1.880681,17.571996,0.498313,0.917346,0.229653,7808,7296,0,0.800812,0.541886,ns the statistics of
503,1,backward,1.494955,17.731718,0.524279,0.917450,0.257159,7296,7168,0,0.800416,0.364071,"of characters, the f"
504,2,fast_forward,1.938653,17.565168,0.494487,0.916851,0.222201,7168,7680,0,0.800020,0.511935,oduces the same vect
505,1,backward,1.748545,17.597043,0.488784,0.917428,0.184508,7680,7552,0,0.799624,0.502574,each block to a fixe
506,1,backward,1.665165,17.556212,0.476668,0.916868,0.193286,7552,7424,0,0.799228,0.389355,in-text file. The mo
507,3,fast_backward,1.247725,17.604275,0.479205,0.916956,0.181668,7424,6912,0,0.798832,0.530769,nsory input from scr
508,4,stay,1.258871,17.833372,0.478623,0.917016,0.181668,6912,6912,0,0.798436,0.345758,nsory input from scr
509,4,stay,1.596642,17.733755,0.478089,0.916903,0.181668,6912,6912,0,0.798040,0.346014,nsory input from scr
510,0,forward,1.591786,17.750107,0.487237,0.917002,0.218436,6912,7040,0,0.797644,0.437643,d updates it to mini
511,4,stay,1.815311,17.781236,0.487899,0.917262,0.218436,7040,7040,0,0.797248,0.401785,d updates it to mini
512,1,backward,1.385007,17.843549,0.478917,0.916929,0.181668,7040,6912,0,0.796852,0.367302,nsory input from scr
513,0,forward,1.491627,17.801450,0.487997,0.917208,0.218436,6912,7040,0,0.796456,0.350860,d updates it to mini
514,4,stay,1.930012,17.927185,0.488662,0.917715,0.218436,7040,7040,0,0.796060,0.424419,d updates it to mini
515,2,fast_forward,1.684319,18.245751,0.488162,0.917442,0.184508,7040,7552,0,0.795664,0.430503,each block to a fixe
516,4,stay,1.287428,18.174522,0.487870,0.917583,0.184508,7552,7552,0,0.795268,0.438340,each block to a fixe
517,1,backward,1.174108,18.027806,0.475837,0.916898,0.193286,7552,7424,0,0.794872,0.485294,in-text file. The mo
518,1,backward,1.783258,17.941415,0.501493,0.917282,0.229653,7424,7296,0,0.794476,0.381398,ns the statistics of
519,1,backward,1.395435,18.253788,0.527173,0.917523,0.257159,7296,7168,0,0.794080,0.556210,"of characters, the f"
520,1,backward,1.813842,18.408108,0.492049,0.917161,0.218436,7168,7040,0,0.793684,0.489428,d updates it to mini
521,0,forward,1.461994,18.200690,0.529557,0.917960,0.257159,7040,7168,0,0.793288,0.401054,"of characters, the f"
522,2,fast_forward,1.669565,18.170393,0.500132,0.917003,0.222201,7168,7680,0,0.792892,0.494684,oduces the same vect
523,4,stay,1.599537,18.272985,0.500811,0.917277,0.222201,7680,7680,0,0.792496,0.545877,oduces the same vect
524,1,backward,1.800976,18.652145,0.494478,0.917612,0.184508,7680,7552,0,0.792100,0.461530,each block to a fixe
525,1,backward,1.641283,18.689249,0.482091,0.916873,0.193286,7552,7424,0,0.791704,0.570912,in-text file. The mo
526,1,backward,1.468939,18.995502,0.507660,0.917137,0.229653,7424,7296,0,0.791308,0.358267,ns the statistics of
527,3,fast_backward,1.716391,18.715743,0.492731,0.916793,0.213473,7296,6784,0,0.790912,0.463290,. The model has no p
528,3,fast_backward,1.897817,18.587152,0.470784,0.917359,0.172580,6784,6272,0,0.790516,0.595437,tistics of the text.
529,3,fast_backward,1.668337,18.528415,0.485753,0.917072,0.191195,6272,5760,0,0.790120,0.469863,prediction error. Cu
530,1,backward,1.422385,18.486876,0.475232,0.916322,0.179660,5760,5632,0,0.789724,0.623675,ditional diagnostic
531,0,forward,1.518219,18.363113,0.484026,0.917119,0.191195,5632,5760,0,0.789328,0.599508,prediction error. Cu
532,3,fast_backward,1.436980,18.551142,0.497175,0.917497,0.213764,5760,5248,0,0.788932,0.355554,es that produced hig
533,1,backward,1.433633,18.699603,0.484273,0.917298,0.190034,5248,5120,0,0.788536,0.487307,in term in its actio
534,1,backward,1.529241,18.967407,0.489403,0.917212,0.201395,5120,4992,0,0.788140,0.508474,decrease. Curiosity
535,4,stay,1.506387,18.977812,0.489585,0.916978,0.201395,4992,4992,0,0.787744,0.643883,decrease. Curiosity
536,0,forward,1.926645,19.114859,0.484311,0.917314,0.190034,4992,5120,0,0.787348,0.604484,in term in its actio
537,0,forward,1.612770,19.550479,0.497044,0.917415,0.213764,5120,5248,0,0.786952,0.688301,es that produced hig
538,1,backward,1.355444,19.755727,0.484414,0.917205,0.190034,5248,5120,0,0.786556,0.790745,in term in its actio
539,3,fast_backward,1.548433,19.730029,0.484286,0.916748,0.204065,5120,4608,0,0.786160,0.801411,s the mathematical f
540,2,fast_forward,1.365163,19.500754,0.484205,0.917361,0.190034,4608,5120,0,0.785764,0.661202,in term in its actio
541,4,stay,2.025609,19.581206,0.484014,0.917114,0.190034,5120,5120,0,0.785368,0.824068,in term in its actio
542,1,backward,1.577521,19.507565,0.489283,0.916878,0.201395,5120,4992,0,0.784972,0.863002,decrease. Curiosity
543,3,fast_backward,1.796081,19.593466,0.487032,0.917241,0.194905,4992,4480,0,0.784576,0.772432,"iser, and no externa"
544,1,backward,1.630459,19.680422,0.480667,0.917222,0.178443,4480,4352,0,0.784180,0.724448,ing agent can form p
545,4,stay,1.705369,19.941509,0.480099,0.917371,0.178443,4352,4352,0,0.783784,0.523854,ing agent can form p
546,0,forward,1.325915,19.882027,0.486011,0.917366,0.194905,4352,4480,0,0.783388,0.805950,"iser, and no externa"
547,4,stay,1.211113,19.839616,0.486237,0.917383,0.194905,4480,4480,0,0.782992,0.451793,"iser, and no externa"
548,3,fast_backward,1.661698,19.973958,0.477584,0.917252,0.173957,4480,3968,0,0.782596,0.851081,cter blocks in order
549,3,fast_backward,1.569719,19.830501,0.495180,0.917452,0.204990,3968,3456,0,0.782200,0.871543,d decrease. Cognitiv
550,0,forward,1.405419,19.775543,0.494383,0.917388,0.197040,3456,3584,0,0.781804,0.357499,tests whether a fre
551,1,backward,1.912082,19.711581,0.495723,0.917542,0.204990,3584,3456,0,0.781408,0.876373,d decrease. Cognitiv
552,1,backward,1.572157,19.780917,0.523576,0.917453,0.253067,3456,3328,0,0.781012,0.718421,ictable the current
553,4,stay,1.691243,20.016850,0.525462,0.917249,0.253067,3328,3328,0,0.780616,0.758383,ictable the current
554,2,fast_forward,1.673786,19.937740,0.500410,0.917355,0.211055,3328,3840,0,0.780220,0.853668,om scratch. The text
555,4,stay,1.484160,19.868739,0.500855,0.917088,0.211055,3840,3840,0,0.779824,0.824544,om scratch. The text
556,3,fast_backward,1.177469,19.480948,0.527761,0.917158,0.253067,3840,3328,0,0.779428,0.632498,ictable the current
557,0,forward,1.121196,19.237737,0.502664,0.917670,0.204990,3328,3456,0,0.779032,0.679283,d decrease. Cognitiv
558,0,forward,1.658788,19.242558,0.501116,0.917413,0.197040,3456,3584,0,0.778636,0.744815,tests whether a fre
559,2,fast_forward,1.578286,19.484227,0.503140,0.917349,0.198953,3584,4096,0,0.778240,0.688042,ng a random projecti
560,3,fast_backward,1.889318,19.341600,0.500893,0.917676,0.197040,4096,3584,0,0.777844,0.816301,tests whether a fre
561,4,stay,1.658207,19.407554,0.500744,0.917517,0.197040,3584,3584,0,0.777448,0.788568,tests whether a fre
562,1,backward,1.875371,19.294570,0.501911,0.917563,0.204990,3584,3456,0,0.777052,0.552505,d decrease. Cognitiv
563,2,fast_forward,1.627099,19.514947,0.483654,0.917221,0.173957,3456,3968,0,0.776656,0.512104,cter blocks in order
564,0,forward,1.751786,19.281439,0.502040,0.917413,0.198953,3968,4096,0,0.776260,0.794815,ng a random projecti
565,2,fast_forward,1.410555,19.175089,0.489778,0.916991,0.204065,4096,4608,0,0.775864,0.320756,s the mathematical f
566,0,forward,1.157127,19.163094,0.516128,0.917297,0.236303,4608,4736,0,0.775468,0.437420,surprise of its obs
567,3,fast_backward,1.794631,19.079715,0.508832,0.917641,0.207990,4736,4224,0,0.775072,0.789948,he spontaneous forma
568,2,fast_forward,1.904282,19.028146,0.517546,0.917186,0.236303,4224,4736,0,0.774676,0.542099,surprise of its obs
569,3,fast_backward,1.549839,18.991113,0.510221,0.917507,0.207990,4736,4224,0,0.774280,0.657174,he spontaneous forma
570,3,fast_backward,1.467773,18.916611,0.490119,0.916813,0.194548,4224,3712,0,0.773884,0.589591,s no pretrained embe
571,2,fast_forward,1.635079,18.802630,0.509778,0.917727,0.207990,3712,4224,0,0.773488,0.452368,he spontaneous forma
572,2,fast_forward,1.644128,18.622310,0.518434,0.917253,0.236303,4224,4736,0,0.773092,0.464552,surprise of its obs
573,3,fast_backward,1.703893,18.367823,0.511130,0.917809,0.207990,4736,4224,0,0.772696,0.537064,he spontaneous forma
574,4,stay,1.645404,18.416546,0.511051,0.917466,0.207990,4224,4224,0,0.772300,0.602813,he spontaneous forma
575,2,fast_forward,1.605342,18.555313,0.519635,0.917609,0.236303,4224,4736,0,0.771904,0.563801,surprise of its obs
576,1,backward,1.627191,18.478746,0.495521,0.916545,0.204065,4736,4608,0,0.771508,0.652697,s the mathematical f
577,0,forward,1.461310,18.552430,0.520612,0.917709,0.236303,4608,4736,0,0.771112,0.587650,surprise of its obs
578,1,backward,1.630998,18.623174,0.496390,0.916873,0.204065,4736,4608,0,0.770716,0.740797,s the mathematical f
579,0,forward,1.688511,18.578386,0.521547,0.917607,0.236303,4608,4736,0,0.770320,0.550159,surprise of its obs
580,4,stay,1.740746,18.692933,0.522735,0.917756,0.236303,4736,4736,0,0.769924,0.570591,surprise of its obs
581,2,fast_forward,1.397028,18.609445,0.509703,0.917132,0.213764,4736,5248,0,0.769528,0.480125,es that produced hig
582,0,forward,1.590018,18.852426,0.528756,0.917297,0.248801,5248,5376,0,0.769132,0.671965,ation of the text lo
583,0,forward,1.750316,18.777125,0.483542,0.916964,0.177647,5376,5504,0,0.768736,0.534448,of the text. If it r
584,4,stay,1.241076,18.707176,0.482099,0.917300,0.177647,5504,5504,0,0.768340,0.585954,of the text. If it r
585,2,fast_forward,1.216699,18.524952,0.504460,0.917442,0.211594,5504,6016,0,0.767944,0.517771,d passages that prod
586,4,stay,1.840313,18.706638,0.504357,0.917258,0.211594,6016,6016,0,0.767548,0.552489,d passages that prod
587,4,stay,1.481430,18.549886,0.504287,0.917175,0.211594,6016,6016,0,0.767152,0.658034,d passages that prod
588,2,fast_forward,1.509127,18.705212,0.500601,0.917484,0.187692,6016,6528,0,0.766756,0.572163,bounded prediction e
589,1,backward,1.564480,18.891577,0.483986,0.916749,0.178724,6528,6400,0,0.766360,0.465728,ovide additional dia
590,3,fast_backward,1.466981,18.971007,0.495677,0.917542,0.185794,6400,5888,0,0.765964,0.445362,ation-gain term in i
591,1,backward,1.610330,18.634788,0.492733,0.917129,0.191195,5888,5760,0,0.765568,0.361522,prediction error. Cu
592,0,forward,1.619642,18.527973,0.494991,0.917247,0.185794,5760,5888,0,0.765172,0.424898,ation-gain term in i
593,0,forward,1.303966,18.348577,0.501162,0.917156,0.211594,5888,6016,0,0.764776,0.568628,d passages that prod
594,3,fast_backward,1.232845,18.524563,0.478044,0.916866,0.177647,6016,5504,0,0.764380,0.635797,of the text. If it r
595,0,forward,1.317246,18.352892,0.482788,0.916793,0.179660,5504,5632,0,0.763984,0.469178,ditional diagnostic
596,0,forward,1.333210,18.540720,0.490556,0.917436,0.191195,5632,5760,0,0.763588,0.470130,prediction error. Cu
597,0,forward,1.376337,18.234397,0.493091,0.917360,0.185794,5760,5888,0,0.763192,0.422472,ation-gain term in i
598,1,backward,1.604889,18.084141,0.490429,0.917364,0.191195,5888,5760,0,0.762796,0.367607,prediction error. Cu
599,3,fast_backward,1.740921,17.910441,0.503530,0.917273,0.213764,5760,5248,0,0.762400,0.436958,es that produced hig
600,4,stay,1.676264,18.068550,0.504046,0.917298,0.213764,5248,5248,0,0.762004,0.455974,es that produced hig
601,2,fast_forward,1.863451,18.050254,0.491611,0.917382,0.191195,5248,5760,0,0.761608,0.688836,prediction error. Cu
602,3,fast_backward,1.848265,18.066698,0.504528,0.917365,0.213764,5760,5248,0,0.761212,0.357236,es that produced hig
603,4,stay,1.664741,18.001145,0.505018,0.917229,0.213764,5248,5248,0,0.760816,0.358736,es that produced hig
604,2,fast_forward,1.957251,18.179761,0.492670,0.917233,0.191195,5248,5760,0,0.760420,0.595932,prediction error. Cu
605,3,fast_backward,1.746151,18.354677,0.505428,0.917341,0.213764,5760,5248,0,0.760024,0.245963,es that produced hig
606,1,backward,1.936850,18.434074,0.493476,0.917472,0.190034,5248,5120,0,0.759628,0.521369,in term in its actio
607,1,backward,1.422959,18.388225,0.498589,0.916852,0.201395,5120,4992,0,0.759232,0.256573,decrease. Curiosity
608,0,forward,1.731951,18.324990,0.493665,0.917180,0.190034,4992,5120,0,0.758836,0.512585,in term in its actio
609,0,forward,1.609566,18.149666,0.505907,0.917027,0.213764,5120,5248,0,0.758440,0.523007,es that produced hig
610,3,fast_backward,1.659017,18.073253,0.519708,0.917180,0.236303,5248,4736,0,0.758044,0.449139,surprise of its obs
611,1,backward,1.677851,18.284520,0.496190,0.916766,0.204065,4736,4608,0,0.757648,0.475489,s the mathematical f
612,1,backward,1.226218,18.434664,0.498354,0.917504,0.194905,4608,4480,0,0.757252,0.330773,"iser, and no externa"
613,1,backward,1.496662,18.509063,0.492681,0.917240,0.178443,4480,4352,0,0.756856,0.396542,ing agent can form p
614,3,fast_backward,1.500952,18.388878,0.507757,0.917201,0.211055,4352,3840,0,0.756460,0.474191,om scratch. The text
615,4,stay,1.553669,18.444195,0.508389,0.917264,0.211055,3840,3840,0,0.756064,0.323751,om scratch. The text
616,3,fast_backward,1.780519,18.093205,0.534180,0.917309,0.253067,3840,3328,0,0.755668,0.375296,ictable the current
617,3,fast_backward,1.506839,18.145604,0.496176,0.916919,0.177215,3328,2816,0,0.755272,0.361738,racter blocks in ord
618,2,fast_forward,1.634572,17.947241,0.535464,0.917526,0.253067,2816,3328,0,0.754876,0.350393,ictable the current
619,3,fast_backward,2.029787,17.921612,0.497163,0.917098,0.177215,3328,2816,0,0.754480,0.288287,racter blocks in ord
620,3,fast_backward,1.790563,17.928344,0.500236,0.917098,0.197942,2816,2304,0,0.754084,0.228521,nd bounded predictio
621,0,forward,1.757735,17.700564,0.487087,0.917242,0.168851,2304,2432,0,0.753688,0.325037,h an information-gai
622,0,forward,1.596190,17.380965,0.512752,0.917169,0.214403,2432,2560,0,0.753292,0.460243,s or re-read passage
623,4,stay,1.315002,17.492486,0.513147,0.917527,0.214403,2560,2560,0,0.752896,0.492733,s or re-read passage
624,3,fast_backward,1.994913,17.599477,0.484724,0.917255,0.175441,2560,2048,0,0.752500,0.452818,statistics of the te
625,3,fast_backward,1.612484,17.696298,0.534059,0.917271,0.263143,2048,1536,0,0.752104,0.290203,text loop focuses o
626,1,backward,1.592246,17.606496,0.515808,0.917483,0.200901,1536,1408,0,0.751708,0.369681,tor using a random p
627,4,stay,2.003082,17.826763,0.515987,0.917445,0.200901,1408,1408,0,0.751312,0.504835,tor using a random p
628,0,forward,1.753867,17.742798,0.536936,0.917466,0.263143,1408,1536,0,0.750916,0.454403,text loop focuses o
629,2,fast_forward,1.783072,17.907910,0.488751,0.917239,0.175441,1536,2048,0,0.750520,0.452784,statistics of the te
630,4,stay,1.715049,17.910030,0.487383,0.917228,0.175441,2048,2048,0,0.750124,0.492109,statistics of the te
631,3,fast_backward,1.463194,17.864639,0.536678,0.917460,0.263143,2048,1536,0,0.749728,0.520445,text loop focuses o
632,2,fast_forward,1.246097,17.730560,0.488517,0.917381,0.175441,1536,2048,0,0.749332,0.371068,statistics of the te
633,0,forward,1.421192,17.826918,0.492904,0.916882,0.177662,2048,2176,0,0.748936,0.483589,provide additional
634,0,forward,2.136038,17.923381,0.501413,0.917067,0.197942,2176,2304,0,0.748540,0.513962,nd bounded predictio
635,4,stay,1.887719,17.918020,0.501444,0.917052,0.197942,2304,2304,0,0.748144,0.502976,nd bounded predictio
636,0,forward,1.494605,17.884859,0.488286,0.917322,0.168851,2304,2432,0,0.747748,0.295158,h an information-gai
637,2,fast_forward,1.812734,17.913750,0.510259,0.917714,0.190799,2432,2944,0,0.747352,0.373618,sing a random projec
638,0,forward,1.665226,17.983585,0.497418,0.916664,0.203670,2944,3072,0,0.746956,0.485972,des the mathematical
639,4,stay,1.428814,17.841357,0.497480,0.916655,0.203670,3072,3072,0,0.746560,0.347073,des the mathematical
640,1,backward,1.638869,17.838336,0.510259,0.917687,0.190799,3072,2944,0,0.746164,0.479291,sing a random projec
641,4,stay,1.687953,17.966698,0.510176,0.917672,0.190799,2944,2944,0,0.745768,0.407972,sing a random projec
642,4,stay,1.966652,17.955441,0.510096,0.917558,0.190799,2944,2944,0,0.745372,0.439343,sing a random projec
643,3,fast_backward,1.411517,18.046467,0.486780,0.917445,0.168851,2944,2432,0,0.744976,0.571850,h an information-gai
644,1,backward,1.466180,17.985077,0.499435,0.917174,0.197942,2432,2304,0,0.744580,0.439509,nd bounded predictio
645,1,backward,1.648583,17.943589,0.489801,0.917067,0.177662,2304,2176,0,0.744184,0.408160,provide additional
646,0,forward,1.458606,17.838651,0.498766,0.917048,0.197942,2176,2304,0,0.743788,0.384437,nd bounded predictio
647,2,fast_forward,1.779710,17.979217,0.495589,0.917102,0.177215,2304,2816,0,0.743392,0.338946,racter blocks in ord
648,4,stay,1.715828,18.235253,0.495272,0.917193,0.177215,2816,2816,0,0.742996,0.405767,racter blocks in ord
649,1,backward,1.605425,18.625767,0.510650,0.917431,0.221963,2816,2688,0,0.742600,0.458426,e comes next. The te
650,3,fast_backward,1.370621,18.703563,0.489975,0.917205,0.177662,2688,2176,0,0.742204,0.459070,provide additional
651,2,fast_forward,0.959708,18.979667,0.510980,0.917142,0.221963,2176,2688,0,0.741808,0.477566,e comes next. The te
652,1,backward,1.456563,18.980769,0.513662,0.917177,0.214403,2688,2560,0,0.741412,0.562698,s or re-read passage
653,2,fast_forward,1.714336,19.254829,0.497360,0.916712,0.203670,2560,3072,0,0.741016,0.661051,des the mathematical
654,0,forward,1.623938,19.303420,0.530235,0.917565,0.245962,3072,3200,0,0.740620,0.770236,he surprise of its o
655,2,fast_forward,1.491509,19.364043,0.499373,0.917112,0.194548,3200,3712,0,0.740224,0.525855,s no pretrained embe
656,4,stay,1.453946,19.340404,0.499314,0.916954,0.194548,3712,3712,0,0.739828,0.520181,s no pretrained embe
657,0,forward,1.499891,19.142040,0.512804,0.917196,0.211055,3712,3840,0,0.739432,0.457785,om scratch. The text
658,0,forward,1.598198,18.819929,0.496073,0.916931,0.173957,3840,3968,0,0.739036,0.492785,cter blocks in order
659,0,forward,1.414806,18.973545,0.514134,0.917266,0.198953,3968,4096,0,0.738640,0.552627,ng a random projecti
660,2,fast_forward,1.963156,18.922410,0.501155,0.916659,0.204065,4096,4608,0,0.738244,0.679271,s the mathematical f
661,1,backward,1.443502,19.017759,0.503849,0.917294,0.194905,4608,4480,0,0.737848,0.548779,"iser, and no externa"
662,1,backward,1.475678,19.037330,0.498580,0.917304,0.178443,4480,4352,0,0.737452,0.689992,ing agent can form p
663,0,forward,1.811068,19.111888,0.503388,0.917404,0.194905,4352,4480,0,0.737056,0.608838,"iser, and no externa"
664,3,fast_backward,1.792962,19.186687,0.495499,0.917075,0.173957,4480,3968,0,0.736660,0.583561,cter blocks in order
665,2,fast_forward,1.428676,18.827959,0.503011,0.917470,0.194905,3968,4480,0,0.736264,0.537387,"iser, and no externa"
666,1,backward,1.647580,18.672919,0.497973,0.917239,0.178443,4480,4352,0,0.735868,0.554889,ing agent can form p
667,1,backward,1.567505,19.012576,0.518354,0.917616,0.207990,4352,4224,0,0.735472,0.906410,he spontaneous forma
668,2,fast_forward,1.500981,19.052586,0.526430,0.917435,0.236303,4224,4736,0,0.735076,0.515507,surprise of its obs
669,3,fast_backward,1.361316,19.112506,0.520296,0.917508,0.207990,4736,4224,0,0.734680,0.512307,he spontaneous forma
670,2,fast_forward,1.605764,19.108634,0.528233,0.917418,0.236303,4224,4736,0,0.734284,0.499802,surprise of its obs
671,1,backward,1.550022,19.152105,0.504631,0.916906,0.204065,4736,4608,0,0.733888,0.650210,s the mathematical f
672,1,backward,1.538756,19.041674,0.506600,0.917476,0.194905,4608,4480,0,0.733492,0.712134,"iser, and no externa"
673,3,fast_backward,1.554092,18.734838,0.498342,0.917197,0.173957,4480,3968,0,0.733096,0.542844,cter blocks in order
674,3,fast_backward,1.383903,18.533746,0.514925,0.917407,0.204990,3968,3456,0,0.732700,0.549120,d decrease. Cognitiv
675,3,fast_backward,1.408556,18.439853,0.514546,0.917715,0.190799,3456,2944,0,0.732304,0.547888,sing a random projec
676,0,forward,1.921234,18.444497,0.502714,0.916704,0.203670,2944,3072,0,0.731908,0.923814,des the mathematical
677,3,fast_backward,1.749046,18.197621,0.518392,0.917054,0.214403,3072,2560,0,0.731512,0.518166,s or re-read passage
678,2,fast_forward,1.754974,18.338339,0.503059,0.916723,0.203670,2560,3072,0,0.731116,0.553894,des the mathematical
679,3,fast_backward,1.795291,18.386443,0.518825,0.917135,0.214403,3072,2560,0,0.730720,0.851012,s or re-read passage
680,4,stay,1.663289,18.221746,0.519215,0.917309,0.214403,2560,2560,0,0.730324,0.560559,s or re-read passage
681,1,backward,1.115668,18.060674,0.492784,0.917477,0.168851,2560,2432,0,0.729928,0.542967,h an information-gai
682,1,backward,1.359632,17.841981,0.505035,0.917149,0.197942,2432,2304,0,0.729532,0.496610,nd bounded predictio
683,2,fast_forward,1.687436,17.860817,0.501564,0.917300,0.177215,2304,2816,0,0.729136,0.506366,racter blocks in ord
684,2,fast_forward,1.385236,17.884605,0.540998,0.917340,0.253067,2816,3328,0,0.728740,0.658236,ictable the current
685,0,forward,1.647664,17.707988,0.516686,0.917334,0.204990,3328,3456,0,0.728344,0.629844,d decrease. Cognitiv
686,1,backward,1.786612,17.714647,0.543067,0.917430,0.253067,3456,3328,0,0.727948,0.582320,ictable the current
687,0,forward,1.587093,17.494575,0.518629,0.917592,0.204990,3328,3456,0,0.727552,0.562360,d decrease. Cognitiv
688,2,fast_forward,1.405265,17.469659,0.501515,0.917175,0.173957,3456,3968,0,0.727156,0.732936,cter blocks in order
689,2,fast_forward,1.734530,17.721071,0.508808,0.917380,0.194905,3968,4480,0,0.726760,0.522835,"iser, and no externa"
690,1,backward,1.530209,17.847843,0.503349,0.917096,0.178443,4480,4352,0,0.726364,0.783677,ing agent can form p
691,0,forward,1.683600,17.758585,0.508012,0.917294,0.194905,4352,4480,0,0.725968,0.587356,"iser, and no externa"
692,3,fast_backward,1.276397,17.740012,0.500081,0.917195,0.173957,4480,3968,0,0.725572,0.627332,cter blocks in order
693,0,forward,1.629311,17.585263,0.518150,0.917454,0.198953,3968,4096,0,0.725176,0.455019,ng a random projecti
694,2,fast_forward,1.647149,17.531705,0.505774,0.917107,0.204065,4096,4608,0,0.724780,0.631843,s the mathematical f
695,1,backward,1.688038,17.417187,0.507662,0.917340,0.194905,4608,4480,0,0.724384,0.613988,"iser, and no externa"
696,1,backward,1.420067,17.469846,0.502354,0.917541,0.178443,4480,4352,0,0.723988,0.878642,ing agent can form p
697,1,backward,1.457866,17.439726,0.522615,0.918057,0.207990,4352,4224,0,0.723592,0.667460,he spontaneous forma
698,1,backward,1.899813,17.449184,0.518242,0.917314,0.198953,4224,4096,0,0.723196,0.559924,ng a random projecti
699,0,forward,1.362231,17.421858,0.523070,0.917706,0.207990,4096,4224,0,0.722800,0.627064,he spontaneous forma
700,2,fast_forward,2.012746,17.483705,0.531079,0.917319,0.236303,4224,4736,0,0.722404,0.731872,surprise of its obs
701,0,forward,1.664409,17.133181,0.545872,0.917223,0.257925,4736,4864,0,0.722008,0.747642,table the current ch
702,2,fast_forward,1.620728,17.120655,0.539279,0.917348,0.248801,4864,5376,0,0.721612,0.857311,ation of the text lo
703,2,fast_forward,1.059607,16.828832,0.512399,0.917306,0.185794,5376,5888,0,0.721216,0.876510,ation-gain term in i
704,1,backward,1.374664,16.771792,0.509511,0.917288,0.191195,5888,5760,0,0.720820,0.865236,prediction error. Cu
705,2,fast_forward,1.709690,16.854368,0.493745,0.917221,0.172580,5760,6272,0,0.720424,0.687769,tistics of the text.
706,3,fast_backward,1.656525,17.064872,0.507830,0.917280,0.191195,6272,5760,0,0.720028,0.890875,prediction error. Cu
707,1,backward,1.322511,16.756137,0.499377,0.916636,0.179660,5760,5632,0,0.719632,0.538782,ditional diagnostic
708,1,backward,1.387829,16.677634,0.491895,0.916780,0.177647,5632,5504,0,0.719236,0.855485,of the text. If it r
709,3,fast_backward,1.617232,16.984656,0.511314,0.917012,0.201395,5504,4992,0,0.718840,0.793861,decrease. Curiosity
710,3,fast_backward,2.135969,16.920350,0.508958,0.917281,0.194905,4992,4480,0,0.718444,0.611060,"iser, and no externa"
711,0,forward,1.725943,16.718681,0.507296,0.916691,0.204065,4480,4608,0,0.718048,0.856501,s the mathematical f
712,1,backward,1.853876,16.719034,0.509184,0.917456,0.194905,4608,4480,0,0.717652,0.832836,"iser, and no externa"
713,0,forward,1.403770,16.522139,0.507552,0.916454,0.204065,4480,4608,0,0.717256,0.942077,s the mathematical f
714,3,fast_backward,1.639138,16.737883,0.520138,0.917520,0.198953,4608,4096,0,0.716860,0.493564,ng a random projecti
715,1,backward,1.470295,16.731946,0.501505,0.917295,0.173957,4096,3968,0,0.716464,0.584076,cter blocks in order
716,0,forward,1.860092,16.681383,0.519780,0.917398,0.198953,3968,4096,0,0.716068,0.714580,ng a random projecti
717,3,fast_backward,1.756655,16.878599,0.517654,0.917536,0.197040,4096,3584,0,0.715672,0.536274,tests whether a fre
718,2,fast_forward,1.547608,16.886558,0.520136,0.917492,0.198953,3584,4096,0,0.715276,0.684503,ng a random projecti
719,2,fast_forward,1.637975,16.875397,0.507957,0.916723,0.204065,4096,4608,0,0.714880,0.470594,s the mathematical f
720,2,fast_forward,1.187724,16.942055,0.506490,0.917603,0.190034,4608,5120,0,0.714484,0.685945,in term in its actio
721,3,fast_backward,1.796091,16.757391,0.507820,0.916742,0.204065,5120,4608,0,0.714088,0.371337,s the mathematical f
722,4,stay,1.566447,16.964865,0.507958,0.917352,0.204065,4608,4608,0,0.713692,0.665941,s the mathematical f
723,3,fast_backward,1.279082,16.595830,0.520478,0.917477,0.198953,4608,4096,0,0.713296,0.776946,ng a random projecti
724,1,backward,1.972838,16.792664,0.501642,0.917103,0.173957,4096,3968,0,0.712900,0.534492,cter blocks in order
725,1,backward,1.655631,16.664437,0.518527,0.917252,0.211055,3968,3840,0,0.712504,0.622708,om scratch. The text
726,2,fast_forward,1.715603,16.814999,0.504693,0.917344,0.178443,3840,4352,0,0.712108,0.665791,ing agent can form p
727,3,fast_backward,1.556625,16.641774,0.518618,0.917235,0.211055,4352,3840,0,0.711712,0.795550,om scratch. The text
728,1,backward,1.864450,16.620956,0.506495,0.917009,0.194548,3840,3712,0,0.711316,0.718893,s no pretrained embe
729,1,backward,1.291230,16.980245,0.518543,0.917456,0.197040,3712,3584,0,0.710920,0.735915,tests whether a fre
730,4,stay,1.774493,16.996870,0.518711,0.917609,0.197040,3584,3584,0,0.710524,0.577606,tests whether a fre
731,0,forward,1.738686,16.944630,0.506833,0.916817,0.194548,3584,3712,0,0.710128,0.532047,s no pretrained embe
732,2,fast_forward,1.282734,16.855400,0.526084,0.917601,0.207990,3712,4224,0,0.709732,0.577412,he spontaneous forma
733,4,stay,1.447380,17.035271,0.526343,0.917617,0.207990,4224,4224,0,0.709336,0.563987,he spontaneous forma
734,1,backward,1.602542,16.811405,0.521829,0.917481,0.198953,4224,4096,0,0.708940,0.458179,ng a random projecti
735,4,stay,1.950014,17.023057,0.522038,0.917398,0.198953,4096,4096,0,0.708544,0.538145,ng a random projecti
736,2,fast_forward,1.711087,17.087932,0.510107,0.916846,0.204065,4096,4608,0,0.708148,0.569194,s the mathematical f
737,4,stay,1.729574,17.142403,0.510169,0.917174,0.204065,4608,4608,0,0.707752,0.471800,s the mathematical f
738,3,fast_backward,1.440279,17.004899,0.522347,0.917262,0.198953,4608,4096,0,0.707356,0.479299,ng a random projecti
739,4,stay,1.646390,17.259322,0.522545,0.917517,0.198953,4096,4096,0,0.706960,0.356477,ng a random projecti
740,3,fast_backward,1.260342,17.289023,0.520409,0.917493,0.197040,4096,3584,0,0.706564,0.329870,tests whether a fre
741,0,forward,1.907260,17.269246,0.508553,0.917041,0.194548,3584,3712,0,0.706168,0.579955,s no pretrained embe
742,3,fast_backward,1.510828,17.255499,0.540833,0.917396,0.245962,3712,3200,0,0.705772,0.367206,he surprise of its o
743,0,forward,1.740326,17.503889,0.549624,0.917343,0.253067,3200,3328,0,0.705376,0.502193,ictable the current
744,0,forward,1.487378,17.500078,0.524676,0.917219,0.204990,3328,3456,0,0.704980,0.375481,d decrease. Cognitiv
745,2,fast_forward,1.861971,17.660413,0.506957,0.917217,0.173957,3456,3968,0,0.704584,0.477512,cter blocks in order
746,2,fast_forward,1.754062,17.721932,0.514671,0.917326,0.194905,3968,4480,0,0.704188,0.614359,"iser, and no externa"
747,4,stay,1.943423,17.731046,0.514534,0.917446,0.194905,4480,4480,0,0.703792,0.571372,"iser, and no externa"
748,3,fast_backward,1.630951,17.814209,0.505991,0.916911,0.173957,4480,3968,0,0.703396,0.463803,cter blocks in order
749,2,fast_forward,1.483624,17.956546,0.513585,0.917616,0.194905,3968,4480,0,0.703000,0.290637,"iser, and no externa"
750,0,forward,1.427130,18.196267,0.512217,0.916740,0.204065,4480,4608,0,0.702604,0.535298,s the mathematical f
751,2,fast_forward,1.882846,18.208453,0.510261,0.917251,0.190034,4608,5120,0,0.702208,0.658854,in term in its actio
752,0,forward,1.734478,18.120216,0.522835,0.917341,0.213764,5120,5248,0,0.701812,0.603425,es that produced hig
753,3,fast_backward,1.605907,18.166995,0.536444,0.917290,0.236303,5248,4736,0,0.701416,0.556311,surprise of its obs
754,4,stay,1.670145,18.155358,0.537843,0.917435,0.236303,4736,4736,0,0.701020,0.563020,surprise of its obs
755,0,forward,1.462315,18.463825,0.552328,0.917358,0.257925,4736,4864,0,0.700624,0.663967,table the current ch
756,3,fast_backward,1.315586,18.284086,0.512743,0.917030,0.178443,4864,4352,0,0.700228,0.534737,ing agent can form p
757,2,fast_forward,1.351740,18.645705,0.553224,0.917541,0.257925,4352,4864,0,0.699832,0.567508,table the current ch
758,1,backward,1.483876,18.373084,0.541996,0.917964,0.236303,4864,4736,0,0.699436,0.594768,surprise of its obs
759,3,fast_backward,1.882614,18.395487,0.535868,0.917641,0.207990,4736,4224,0,0.699040,0.722470,he spontaneous forma
760,3,fast_backward,1.305279,18.539695,0.516487,0.916897,0.194548,4224,3712,0,0.698644,0.703998,s no pretrained embe
761,0,forward,1.649489,18.516105,0.528320,0.917168,0.211055,3712,3840,0,0.698248,0.626435,om scratch. The text
762,2,fast_forward,1.266309,18.534999,0.514327,0.917200,0.178443,3840,4352,0,0.697852,0.522256,ing agent can form p
763,3,fast_backward,1.909323,18.609188,0.527533,0.917183,0.211055,4352,3840,0,0.697456,0.782709,om scratch. The text
764,2,fast_forward,1.387298,18.741495,0.513710,0.917183,0.178443,3840,4352,0,0.697060,0.516779,ing agent can form p
765,3,fast_backward,1.530272,18.895474,0.526931,0.917286,0.211055,4352,3840,0,0.696664,0.474688,om scratch. The text
766,2,fast_forward,1.350650,19.073363,0.513261,0.917076,0.178443,3840,4352,0,0.696268,0.771373,ing agent can form p
767,4,stay,1.244769,19.073997,0.512474,0.917165,0.178443,4352,4352,0,0.695872,0.623598,ing agent can form p
768,0,forward,1.798216,18.789491,0.516881,0.917787,0.194905,4352,4480,0,0.695476,0.706237,"iser, and no externa"
769,0,forward,1.722393,18.724588,0.515039,0.916590,0.204065,4480,4608,0,0.695080,0.609470,s the mathematical f
770,4,stay,1.805801,18.686616,0.515044,0.916902,0.204065,4608,4608,0,0.694684,1.032971,s the mathematical f
771,0,forward,1.614665,18.715101,0.539758,0.917699,0.236303,4608,4736,0,0.694288,0.652945,surprise of its obs
772,2,fast_forward,1.315314,18.631497,0.527743,0.917261,0.213764,4736,5248,0,0.693892,0.640683,es that produced hig
773,1,backward,1.358100,18.466731,0.515414,0.917307,0.190034,5248,5120,0,0.693496,0.477328,in term in its actio
774,4,stay,1.800185,18.470044,0.515045,0.917163,0.190034,5120,5120,0,0.693100,0.564931,in term in its actio
775,3,fast_backward,1.711972,18.394141,0.515961,0.916896,0.204065,5120,4608,0,0.692704,0.705950,s the mathematical f
776,2,fast_forward,1.511503,18.422878,0.514716,0.917158,0.190034,4608,5120,0,0.692308,0.553140,in term in its actio
777,2,fast_forward,1.423260,18.528764,0.506682,0.916515,0.179660,5120,5632,0,0.691912,0.600477,ditional diagnostic
778,3,fast_backward,1.785090,18.477433,0.513391,0.917456,0.190034,5632,5120,0,0.691516,0.674110,in term in its actio
779,3,fast_backward,1.245484,18.341401,0.514624,0.916901,0.204065,5120,4608,0,0.691120,0.452994,s the mathematical f
780,0,forward,1.333502,18.353293,0.539171,0.917451,0.236303,4608,4736,0,0.690724,0.424712,surprise of its obs
781,0,forward,1.478924,18.036372,0.553649,0.917202,0.257925,4736,4864,0,0.690328,0.451706,table the current ch
782,4,stay,1.798519,17.835549,0.555559,0.917797,0.257925,4864,4864,0,0.689932,0.470764,table the current ch
783,4,stay,1.324918,17.872301,0.557382,0.917263,0.257925,4864,4864,0,0.689536,0.410728,table the current ch
784,4,stay,1.431194,17.959035,0.559118,0.917443,0.257925,4864,4864,0,0.689140,0.524660,table the current ch
785,0,forward,1.550381,17.942625,0.528157,0.917631,0.201395,4864,4992,0,0.688744,0.551364,decrease. Curiosity
786,0,forward,1.940791,17.694565,0.522350,0.917127,0.190034,4992,5120,0,0.688348,0.682647,in term in its actio
787,0,forward,1.382393,17.597624,0.533596,0.916994,0.213764,5120,5248,0,0.687952,0.553722,es that produced hig
788,1,backward,1.717012,17.615698,0.521588,0.916905,0.190034,5248,5120,0,0.687556,0.551060,in term in its actio
789,4,stay,1.623552,17.709118,0.520938,0.917054,0.190034,5120,5120,0,0.687160,0.552343,in term in its actio
790,1,backward,1.610181,17.748059,0.525832,0.917239,0.201395,5120,4992,0,0.686764,0.435941,decrease. Curiosity
791,0,forward,1.887323,17.823544,0.520282,0.917022,0.190034,4992,5120,0,0.686368,0.549076,in term in its actio
792,2,fast_forward,1.761429,17.850002,0.511824,0.916722,0.179660,5120,5632,0,0.685972,0.346144,ditional diagnostic
793,4,stay,1.085801,17.736807,0.510689,0.916617,0.179660,5632,5632,0,0.685576,0.498956,ditional diagnostic
794,1,backward,1.648545,17.507679,0.502886,0.917350,0.177647,5632,5504,0,0.685180,0.453418,of the text. If it r
795,1,backward,1.456017,17.485102,0.546690,0.917317,0.248801,5504,5376,0,0.684784,0.608481,ation of the text lo
796,4,stay,1.648306,17.383647,0.548521,0.917497,0.248801,5376,5376,0,0.684388,0.541016,ation of the text lo
797,4,stay,1.542746,17.201211,0.550262,0.917430,0.248801,5376,5376,0,0.683992,0.588115,ation of the text lo
798,2,fast_forward,1.469241,17.321890,0.524483,0.917208,0.185794,5376,5888,0,0.683596,0.530517,ation-gain term in i
799,4,stay,1.733027,17.462664,0.523786,0.917422,0.185794,5888,5888,0,0.683200,0.536583,ation-gain term in i
800,0,forward,1.878629,17.436265,0.529326,0.917136,0.211594,5888,6016,0,0.682804,0.597282,d passages that prod
801,0,forward,1.138930,17.515288,0.556588,0.917463,0.258358,6016,6144,0,0.682408,0.554957,t. Evaluation of the
802,3,fast_backward,1.637615,17.553100,0.515067,0.916609,0.179660,6144,5632,0,0.682012,0.703421,ditional diagnostic
803,4,stay,1.535578,17.783631,0.513823,0.916550,0.179660,5632,5632,0,0.681616,0.548414,ditional diagnostic
804,4,stay,1.455048,17.834473,0.512731,0.916382,0.179660,5632,5632,0,0.681220,0.487652,ditional diagnostic
805,3,fast_backward,1.643549,17.860723,0.519258,0.917661,0.190034,5632,5120,0,0.680824,0.496911,in term in its actio
806,2,fast_forward,1.673385,17.530894,0.511657,0.916658,0.179660,5120,5632,0,0.680428,0.473341,ditional diagnostic
807,2,fast_forward,1.475946,17.611599,0.554227,0.917484,0.258358,5632,6144,0,0.680032,0.414078,t. Evaluation of the
808,4,stay,1.807823,17.511015,0.556387,0.917478,0.258358,6144,6144,0,0.679636,0.438388,t. Evaluation of the
809,3,fast_backward,1.631025,17.315219,0.514909,0.916434,0.179660,6144,5632,0,0.679240,0.443638,ditional diagnostic
810,0,forward,1.763882,17.421419,0.521376,0.917618,0.191195,5632,5760,0,0.678844,0.531974,prediction error. Cu
811,1,backward,1.659842,17.509321,0.513711,0.916428,0.179660,5760,5632,0,0.678448,0.370328,ditional diagnostic
812,4,stay,1.672396,17.425269,0.512804,0.916591,0.179660,5632,5632,0,0.678052,0.584032,ditional diagnostic
813,2,fast_forward,1.603601,17.485531,0.555392,0.917325,0.258358,5632,6144,0,0.677656,0.581897,t. Evaluation of the
814,1,backward,1.681293,17.601662,0.530603,0.917155,0.211594,6144,6016,0,0.677260,0.469853,d passages that prod
815,0,forward,1.765223,17.751955,0.557499,0.917403,0.258358,6016,6144,0,0.676864,0.390187,t. Evaluation of the
816,3,fast_backward,1.536642,17.678155,0.516279,0.916549,0.179660,6144,5632,0,0.676468,0.372026,ditional diagnostic
817,3,fast_backward,1.893722,17.642821,0.522674,0.917276,0.190034,5632,5120,0,0.676072,0.458168,in term in its actio
818,0,forward,1.398953,17.782862,0.534830,0.917304,0.213764,5120,5248,0,0.675676,0.377487,es that produced hig
819,2,fast_forward,1.502986,17.746993,0.522573,0.917343,0.191195,5248,5760,0,0.675280,0.531265,prediction error. Cu
820,4,stay,1.751716,17.767184,0.522365,0.917082,0.191195,5760,5760,0,0.674884,0.389995,prediction error. Cu
821,2,fast_forward,1.454207,17.620734,0.507305,0.917348,0.172580,5760,6272,0,0.674488,0.373441,tistics of the text.
822,0,forward,1.446824,17.613102,0.512649,0.916593,0.178724,6272,6400,0,0.674092,0.327867,ovide additional dia
823,2,fast_forward,1.753736,17.644023,0.520602,0.917481,0.181668,6400,6912,0,0.673696,0.258431,nsory input from scr
824,3,fast_backward,1.799997,17.558293,0.511397,0.916542,0.178724,6912,6400,0,0.673300,0.260256,ovide additional dia
825,2,fast_forward,1.344208,17.699767,0.519536,0.917217,0.181668,6400,6912,0,0.672904,0.392378,nsory input from scr
826,3,fast_backward,1.925019,17.676106,0.510371,0.916516,0.178724,6912,6400,0,0.672508,0.399686,ovide additional dia
827,1,backward,1.466365,17.734865,0.503162,0.917336,0.172580,6400,6272,0,0.672112,0.351900,tistics of the text.
828,1,backward,1.583502,17.730236,0.553501,0.917647,0.258358,6272,6144,0,0.671716,0.261346,t. Evaluation of the
829,2,fast_forward,1.919567,17.943072,0.531855,0.917673,0.189681,6144,6656,0,0.671320,0.358531,aModel project tests
830,3,fast_backward,1.663337,17.931330,0.555571,0.917299,0.258358,6656,6144,0,0.670924,0.399080,t. Evaluation of the
831,2,fast_forward,1.699952,17.887127,0.533927,0.917666,0.189681,6144,6656,0,0.670528,0.248120,aModel project tests
832,0,forward,1.716322,18.038927,0.528762,0.916834,0.213473,6656,6784,0,0.670132,0.435191,. The model has no p
833,4,stay,1.301760,17.945881,0.529419,0.916620,0.213473,6784,6784,0,0.669736,0.317089,. The model has no p
834,1,backward,1.469856,18.123530,0.535002,0.917850,0.189681,6784,6656,0,0.669340,0.377850,aModel project tests
835,0,forward,1.557248,17.983340,0.529779,0.916829,0.213473,6656,6784,0,0.668944,0.362436,. The model has no p
836,4,stay,1.248252,17.727792,0.530436,0.916689,0.213473,6784,6784,0,0.668548,0.297860,. The model has no p
837,1,backward,1.294794,17.821503,0.536043,0.917384,0.189681,6784,6656,0,0.668152,0.495631,aModel project tests
838,3,fast_backward,1.687282,18.077305,0.559619,0.917226,0.258358,6656,6144,0,0.667756,0.381319,t. Evaluation of the
839,4,stay,1.516047,18.080870,0.561681,0.917531,0.258358,6144,6144,0,0.667360,0.362010,t. Evaluation of the
840,2,fast_forward,1.326424,18.146361,0.539845,0.917617,0.189681,6144,6656,0,0.666964,0.376616,aModel project tests
841,3,fast_backward,1.825848,18.326912,0.563024,0.917449,0.258358,6656,6144,0,0.666568,0.488263,t. Evaluation of the
842,1,backward,1.682784,18.161174,0.538103,0.917069,0.211594,6144,6016,0,0.666172,0.425895,d passages that prod
843,2,fast_forward,1.464244,18.338591,0.534481,0.918335,0.187692,6016,6528,0,0.665776,0.423599,bounded prediction e
844,4,stay,1.659497,18.258448,0.533597,0.917430,0.187692,6528,6528,0,0.665380,0.409199,bounded prediction e
845,0,forward,1.290343,17.969009,0.539481,0.917551,0.189681,6528,6656,0,0.664984,0.347521,aModel project tests
846,4,stay,1.728977,18.016664,0.538905,0.917535,0.189681,6656,6656,0,0.664588,0.441010,aModel project tests
847,4,stay,1.230876,18.081925,0.538369,0.917695,0.189681,6656,6656,0,0.664192,0.244723,aModel project tests
848,1,backward,1.369448,18.105295,0.531156,0.917687,0.187692,6656,6528,0,0.663796,0.240054,bounded prediction e
849,0,forward,1.896447,18.052700,0.537282,0.917607,0.189681,6528,6656,0,0.663400,0.349613,aModel project tests
850,0,forward,1.627943,18.049652,0.532138,0.916691,0.213473,6656,6784,0,0.663004,0.284379,. The model has no p
851,0,forward,1.359783,17.816038,0.526233,0.917292,0.181668,6784,6912,0,0.662608,0.360810,nsory input from scr
852,0,forward,1.666980,17.766806,0.532477,0.917288,0.218436,6912,7040,0,0.662212,0.385192,d updates it to mini
853,2,fast_forward,1.720054,17.619419,0.534736,0.917397,0.184508,7040,7552,0,0.661816,0.328806,each block to a fixe
854,4,stay,2.206760,17.596347,0.534370,0.917436,0.184508,7552,7552,0,0.661420,0.395578,each block to a fixe
855,0,forward,1.895232,17.876883,0.538447,0.917069,0.222201,7552,7680,0,0.661024,0.401214,oduces the same vect
856,3,fast_backward,1.447756,18.153591,0.569107,0.917303,0.257159,7680,7168,0,0.660628,0.359605,"of characters, the f"
857,1,backward,1.896718,18.068021,0.535087,0.917203,0.218436,7168,7040,0,0.660232,0.526218,d updates it to mini
858,2,fast_forward,1.670273,18.117200,0.536785,0.917432,0.184508,7040,7552,0,0.659836,0.399134,each block to a fixe
859,4,stay,1.387568,18.049863,0.536305,0.917451,0.184508,7552,7552,0,0.659440,0.520374,each block to a fixe
860,3,fast_backward,1.517640,18.086456,0.534295,0.917414,0.218436,7552,7040,0,0.659044,0.316559,d updates it to mini
861,4,stay,1.448425,18.021364,0.534692,0.917350,0.218436,7040,7040,0,0.658648,0.390726,d updates it to mini
862,1,backward,2.081272,18.078982,0.527793,0.917104,0.181668,7040,6912,0,0.658252,0.600598,nsory input from scr
863,4,stay,1.619991,17.969559,0.527106,0.917282,0.181668,6912,6912,0,0.657856,0.353435,nsory input from scr
864,4,stay,1.552106,18.105799,0.526468,0.917271,0.181668,6912,6912,0,0.657460,0.597351,nsory input from scr
865,1,backward,1.939572,18.201146,0.532308,0.916671,0.213473,6912,6784,0,0.657064,0.623366,. The model has no p
866,4,stay,1.036790,18.102997,0.532854,0.917071,0.213473,6784,6784,0,0.656668,0.343349,. The model has no p
867,3,fast_backward,1.763387,18.143729,0.511680,0.917475,0.172580,6784,6272,0,0.656272,0.615519,tistics of the text.
868,0,forward,1.545932,18.402818,0.516566,0.916945,0.178724,6272,6400,0,0.655876,0.360744,ovide additional dia
869,1,backward,1.893269,18.433797,0.509555,0.917565,0.172580,6400,6272,0,0.655480,0.653951,tistics of the text.
870,4,stay,1.684263,18.432357,0.508629,0.917060,0.172580,6272,6272,0,0.655084,0.460124,tistics of the text.
871,0,forward,2.010251,18.418257,0.514369,0.916729,0.178724,6272,6400,0,0.654688,0.494639,ovide additional dia
872,4,stay,1.670491,18.217650,0.513751,0.916748,0.178724,6400,6400,0,0.654292,0.366790,ovide additional dia
873,0,forward,1.374565,18.297611,0.526706,0.917587,0.187692,6400,6528,0,0.653896,0.460334,bounded prediction e
874,1,backward,1.433973,18.324640,0.513134,0.916949,0.178724,6528,6400,0,0.653500,0.300261,ovide additional dia
875,2,fast_forward,1.398408,18.234602,0.521377,0.917207,0.181668,6400,6912,0,0.653104,0.460945,nsory input from scr
876,1,backward,1.170713,18.193977,0.528172,0.916755,0.213473,6912,6784,0,0.652708,0.368236,. The model has no p
877,2,fast_forward,1.533631,18.197692,0.541262,0.917093,0.229653,6784,7296,0,0.652312,0.376560,ns the statistics of
878,0,forward,1.699218,18.262133,0.521311,0.916860,0.193286,7296,7424,0,0.651916,0.614359,in-text file. The mo
879,4,stay,1.710638,18.202739,0.521560,0.916931,0.193286,7424,7424,0,0.651520,0.375680,in-text file. The mo
880,4,stay,1.758040,18.046127,0.521826,0.916911,0.193286,7424,7424,0,0.651124,0.364397,in-text file. The mo
881,4,stay,1.697491,17.942780,0.522106,0.917046,0.193286,7424,7424,0,0.650728,0.315843,in-text file. The mo
882,2,fast_forward,1.572059,18.137862,0.540496,0.917145,0.214474,7424,7936,0,0.650332,0.317376,re-read passages tha
883,4,stay,1.215316,18.284463,0.541022,0.917266,0.214474,7936,7936,0,0.649936,0.346217,re-read passages tha
884,2,fast_forward,1.742247,18.054996,0.525551,0.917590,0.188304,7936,8448,0,0.649540,0.301273,e and bounded predic
885,4,stay,1.724288,18.191529,0.525303,0.917399,0.188304,8448,8448,0,0.649144,0.323951,e and bounded predic
886,4,stay,1.636890,18.081715,0.525083,0.917466,0.188304,8448,8448,0,0.648748,0.438041,e and bounded predic
887,0,forward,1.425116,17.776571,0.537071,0.917889,0.187869,8448,8576,0,0.648352,0.374775,eroDataModel project
888,0,forward,1.602818,17.648144,0.535071,0.916752,0.214366,8576,8704,0,0.647956,0.355323,treams. The model ha
889,3,fast_backward,2.041107,17.502009,0.516452,0.917193,0.185017,8704,8192,0,0.647560,0.314625,he statistics of the
890,3,fast_backward,1.815230,17.528144,0.538834,0.917106,0.222201,8192,7680,0,0.647164,0.360904,oduces the same vect
891,0,forward,1.643389,17.429537,0.516841,0.917582,0.171053,7680,7808,0,0.646768,0.394122,information-gain ter
892,2,fast_forward,1.491169,17.423134,0.515025,0.917094,0.167731,7808,8320,0,0.646372,0.445912,ion provide addition
893,4,stay,1.957393,17.502284,0.514058,0.916881,0.167731,8320,8320,0,0.645976,0.387148,ion provide addition
894,4,stay,1.507618,17.337692,0.513192,0.916741,0.167731,8320,8320,0,0.645580,0.655313,ion provide addition
895,2,fast_forward,1.221559,17.413653,0.529008,0.917354,0.199805,8320,8832,0,0.645184,0.682344,its sensory input fr
896,1,backward,1.242418,17.288872,0.533929,0.916970,0.214366,8832,8704,0,0.644788,0.567152,treams. The model ha
897,1,backward,1.233023,17.110726,0.536495,0.917654,0.187869,8704,8576,0,0.644392,0.488006,eroDataModel project
898,2,fast_forward,1.607329,17.200590,0.539549,0.917588,0.192782,8576,9088,0,0.643996,0.416453,servation vector usi
899,4,stay,1.912440,17.175749,0.539735,0.917727,0.192782,9088,9088,0,0.643600,0.413526,servation vector usi
900,3,fast_backward,1.706456,17.027711,0.536813,0.917785,0.187869,9088,8576,0,0.643204,0.392821,eroDataModel project
901,2,fast_forward,1.812461,16.854445,0.539832,0.917606,0.192782,8576,9088,0,0.642808,0.511531,servation vector usi
902,4,stay,1.673058,17.060427,0.539976,0.917209,0.192782,9088,9088,0,0.642412,0.701169,servation vector usi
903,2,fast_forward,1.538181,17.186102,0.540201,0.917662,0.221889,9088,9600,0,0.642016,0.472307,free energy should
904,1,backward,1.399478,17.320430,0.562577,0.917661,0.251548,9600,9472,0,0.641620,0.531327,reflects how predic
905,4,stay,1.786818,17.241104,0.564112,0.918365,0.251548,9472,9472,0,0.641224,0.506834,reflects how predic
906,2,fast_forward,1.455914,17.237324,0.533741,0.917276,0.189270,9472,9984,0,0.640828,0.462086,s sensory input from
907,3,fast_backward,1.670846,17.211782,0.565274,0.917230,0.251548,9984,9472,0,0.640432,0.431257,reflects how predic
908,2,fast_forward,1.585539,17.387288,0.535005,0.917219,0.189270,9472,9984,0,0.640036,0.473174,s sensory input from
909,4,stay,1.495677,17.534234,0.534581,0.917162,0.189270,9984,9984,0,0.639640,0.497616,s sensory input from
910,3,fast_backward,1.454430,17.505726,0.565927,0.917421,0.251548,9984,9472,0,0.639244,0.711598,reflects how predic
911,0,forward,1.665278,17.404051,0.546329,0.917432,0.221889,9472,9600,0,0.638848,0.539655,free energy should
912,4,stay,1.601761,17.501006,0.546650,0.917726,0.221889,9600,9600,0,0.638452,0.447327,free energy should
913,1,backward,1.727551,17.614890,0.568387,0.917708,0.251548,9600,9472,0,0.638056,0.407316,reflects how predic
914,2,fast_forward,1.422903,17.455832,0.538137,0.918110,0.189270,9472,9984,0,0.637660,0.404485,s sensory input from
915,2,fast_forward,1.545277,17.291726,0.545165,0.917129,0.231112,9984,10496,0,0.637264,0.393571,the curve decreases
916,2,fast_forward,2.189791,17.400496,0.542192,0.917552,0.205078,10496,11008,0,0.636868,0.509507,curiosity could driv
917,1,backward,1.648288,17.350818,0.528702,0.917009,0.184111,11008,10880,0,0.636472,0.402926,ative observations.
918,0,forward,1.602810,17.338620,0.541199,0.917522,0.205078,10880,11008,0,0.636076,0.283251,curiosity could driv
919,0,forward,1.783924,17.572381,0.544429,0.917462,0.212097,11008,11136,0,0.635680,0.478399,lays the passive rea
920,1,backward,1.121632,17.545954,0.541135,0.917732,0.205078,11136,11008,0,0.635284,0.425229,curiosity could driv
921,1,backward,1.674868,17.586377,0.527699,0.917044,0.184111,11008,10880,0,0.634888,0.515088,ative observations.
922,4,stay,1.830280,17.632942,0.526759,0.916977,0.184111,10880,10880,0,0.634492,0.476464,ative observations.
923,2,fast_forward,1.467911,17.602785,0.539784,0.917418,0.187022,10880,11392,0,0.634096,0.273360,ncoder maps each blo
924,0,forward,1.586052,17.638697,0.570926,0.917798,0.260909,11392,11520,0,0.633700,0.383174,ck always produces t
925,2,fast_forward,1.640836,17.460171,0.537969,0.917812,0.184648,11520,12032,0,0.633304,0.275718,lf-organising system
926,1,backward,1.595934,17.326320,0.535842,0.917830,0.188113,12032,11904,0,0.632908,0.379440,curve with stable co
927,0,forward,1.763801,17.067992,0.536645,0.917833,0.184648,11904,12032,0,0.632512,0.429486,lf-organising system
928,4,stay,1.713563,17.076245,0.535878,0.917826,0.184648,12032,12032,0,0.632116,0.458344,lf-organising system
929,4,stay,1.547093,16.913027,0.535168,0.917673,0.184648,12032,12032,0,0.631720,0.349458,lf-organising system
930,4,stay,1.787425,17.003974,0.534507,0.917767,0.184648,12032,12032,0,0.631324,0.372175,lf-organising system
931,3,fast_backward,1.933186,17.102852,0.568678,0.918340,0.260909,12032,11520,0,0.630928,0.379117,ck always produces t
932,0,forward,1.854236,17.297277,0.525642,0.917202,0.198246,11520,11648,0,0.630532,0.283999,"me, the model is lea"
933,0,forward,1.519800,17.255792,0.517425,0.916465,0.168822,11648,11776,0,0.630136,0.327862,"dence, and action di"
934,0,forward,1.790705,17.026336,0.532898,0.917523,0.188113,11776,11904,0,0.629740,0.739827,curve with stable co
935,2,fast_forward,1.643383,17.039254,0.518035,0.917055,0.178816,11904,12416,0,0.629344,0.345218,"E, the model was ex"
936,3,fast_backward,1.307565,16.828632,0.531948,0.917111,0.188113,12416,11904,0,0.628948,0.454912,curve with stable co
937,4,stay,1.808027,17.151804,0.531765,0.917325,0.188113,11904,11904,0,0.628552,0.722896,curve with stable co
938,4,stay,1.642916,17.086125,0.531597,0.917577,0.188113,11904,11904,0,0.628156,0.356341,curve with stable co
939,3,fast_backward,1.394361,17.153169,0.536744,0.918262,0.187022,11904,11392,0,0.627760,0.398639,ncoder maps each blo
940,1,backward,1.613550,17.033800,0.528450,0.916871,0.197953,11392,11264,0,0.627364,0.444332,w over a plain-text
941,3,fast_backward,1.602765,16.850840,0.530140,0.917451,0.185360,11264,10752,0,0.626968,0.396174,wnward-trending free
942,3,fast_backward,1.345636,16.978334,0.569153,0.917156,0.257548,10752,10240,0,0.626572,0.689147,"eam of characters, t"
943,2,fast_forward,1.661612,17.003679,0.532120,0.917333,0.185360,10240,10752,0,0.626176,0.577893,wnward-trending free
944,2,fast_forward,1.527805,17.007839,0.530259,0.916845,0.197953,10752,11264,0,0.625780,0.475111,w over a plain-text
945,4,stay,1.598181,17.183166,0.530521,0.916677,0.197953,11264,11264,0,0.625384,0.381646,w over a plain-text
946,0,forward,1.509926,17.167978,0.539010,0.917686,0.187022,11264,11392,0,0.624988,0.503138,ncoder maps each blo
947,3,fast_backward,1.441153,17.092025,0.524589,0.917206,0.184111,11392,10880,0,0.624592,0.441986,ative observations.
948,1,backward,1.397218,17.297704,0.531851,0.917855,0.185360,10880,10752,0,0.624196,0.366968,wnward-trending free
949,2,fast_forward,1.461667,17.629699,0.530072,0.916910,0.197953,10752,11264,0,0.623800,0.232467,w over a plain-text
950,1,backward,1.610103,17.630469,0.540926,0.917339,0.212097,11264,11136,0,0.623404,0.298147,lays the passive rea
951,4,stay,1.976168,17.689036,0.541123,0.916927,0.212097,11136,11136,0,0.623008,0.472337,lays the passive rea
952,4,stay,1.892702,17.739004,0.541313,0.917398,0.212097,11136,11136,0,0.622612,0.444572,lays the passive rea
953,3,fast_backward,1.554137,17.636817,0.510955,0.916670,0.159154,11136,10624,0,0.622216,0.552769,The prediction erro
954,3,fast_backward,1.558796,17.755645,0.530291,0.917043,0.211942,10624,10112,0,0.621820,0.445722,d and updates it to
955,2,fast_forward,1.124977,17.648678,0.509942,0.916923,0.159154,10112,10624,0,0.621424,0.558476,The prediction erro
956,2,fast_forward,1.542570,17.617609,0.538649,0.917142,0.212097,10624,11136,0,0.621028,0.494567,lays the passive rea
957,4,stay,1.551627,17.757872,0.539045,0.917252,0.212097,11136,11136,0,0.620632,0.420473,lays the passive rea
958,3,fast_backward,1.678032,17.893254,0.509582,0.917026,0.159154,11136,10624,0,0.620236,0.566949,The prediction erro
959,1,backward,1.689461,18.278397,0.537854,0.917224,0.231112,10624,10496,0,0.619840,0.539422,the curve decreases
960,4,stay,1.551579,18.437050,0.539301,0.917180,0.231112,10496,10496,0,0.619444,0.589546,the curve decreases
961,4,stay,1.224202,18.473243,0.540695,0.916972,0.231112,10496,10496,0,0.619048,0.539283,the curve decreases
962,0,forward,1.040854,18.414071,0.512163,0.916776,0.159154,10496,10624,0,0.618652,0.524091,The prediction erro
963,2,fast_forward,1.511552,18.188463,0.540346,0.917067,0.212097,10624,11136,0,0.618256,0.378777,lays the passive rea
964,1,backward,1.736331,18.174443,0.538454,0.917284,0.205078,11136,11008,0,0.617860,0.570638,curiosity could driv
965,4,stay,1.482257,18.176349,0.539069,0.917541,0.205078,11008,11008,0,0.617464,0.527099,curiosity could driv
966,3,fast_backward,1.171815,18.072531,0.541795,0.917090,0.231112,11008,10496,0,0.617068,0.448219,the curve decreases
967,1,backward,1.074757,17.774805,0.567682,0.917304,0.264807,10496,10368,0,0.616672,0.677346,learns the statistic
968,3,fast_backward,1.457098,17.918890,0.541274,0.916745,0.211626,10368,9856,0,0.616276,0.448212,eams. The model has
969,4,stay,1.609021,17.865667,0.541737,0.916669,0.211626,9856,9856,0,0.615880,0.529522,eams. The model has
970,1,backward,1.681705,17.931617,0.545535,0.917945,0.183950,9856,9728,0,0.615484,0.404019,oDataModel project t
971,1,backward,1.616676,17.715246,0.549287,0.917665,0.221889,9728,9600,0,0.615088,0.384840,free energy should
972,0,forward,1.465431,17.542645,0.545642,0.917579,0.183950,9600,9728,0,0.614692,0.516991,oDataModel project t
973,1,backward,1.378493,17.593350,0.549363,0.917474,0.221889,9728,9600,0,0.614296,0.321112,free energy should
974,4,stay,1.286194,17.438709,0.549915,0.917438,0.221889,9600,9600,0,0.613900,0.688052,free energy should
975,3,fast_backward,1.861252,17.461292,0.550507,0.917826,0.192782,9600,9088,0,0.613504,0.312357,servation vector usi
976,2,fast_forward,1.919798,17.390860,0.550219,0.917718,0.221889,9088,9600,0,0.613108,0.385892,free energy should
977,1,backward,1.649968,17.247970,0.571998,0.917431,0.251548,9600,9472,0,0.612712,0.674457,reflects how predic
978,0,forward,1.915994,17.447742,0.552314,0.917870,0.221889,9472,9600,0,0.612316,0.363490,free energy should
979,2,fast_forward,1.659301,17.599018,0.540896,0.917274,0.211942,9600,10112,0,0.611920,0.420966,d and updates it to
980,4,stay,1.468572,17.813993,0.541009,0.917229,0.211942,10112,10112,0,0.611524,0.526037,d and updates it to
981,4,stay,1.189722,17.791221,0.541136,0.917275,0.211942,10112,10112,0,0.611128,0.510130,d and updates it to
982,4,stay,1.513279,17.861493,0.541278,0.916988,0.211942,10112,10112,0,0.610732,0.418390,d and updates it to
983,4,stay,1.520094,17.894843,0.541431,0.916989,0.211942,10112,10112,0,0.610336,0.369618,d and updates it to
984,2,fast_forward,1.752640,17.664423,0.520071,0.916853,0.159154,10112,10624,0,0.609940,0.575940,The prediction erro
985,4,stay,1.807184,17.790703,0.518063,0.916885,0.159154,10624,10624,0,0.609544,0.369790,The prediction erro
986,2,fast_forward,1.370084,17.968971,0.546588,0.917154,0.212097,10624,11136,0,0.609148,0.631570,lays the passive rea
987,0,forward,1.695638,17.793598,0.535753,0.917030,0.197953,11136,11264,0,0.608752,0.544242,w over a plain-text
988,3,fast_backward,1.673442,17.948411,0.537583,0.917295,0.185360,11264,10752,0,0.608356,0.536469,wnward-trending free
989,0,forward,1.544652,17.972477,0.530406,0.916704,0.184111,10752,10880,0,0.607960,0.334041,ative observations.
990,3,fast_backward,1.844803,18.043284,0.570594,0.917572,0.264807,10880,10368,0,0.607564,0.631159,learns the statistic
991,3,fast_backward,1.297394,18.019378,0.543997,0.916544,0.211626,10368,9856,0,0.607168,0.434737,eams. The model has
992,0,forward,1.271830,17.797734,0.541683,0.917098,0.189270,9856,9984,0,0.606772,0.480117,s sensory input from
993,4,stay,1.437972,17.950882,0.541426,0.917049,0.189270,9984,9984,0,0.606376,0.622691,s sensory input from
994,3,fast_backward,1.572761,17.899182,0.571942,0.917420,0.251548,9984,9472,0,0.605980,0.419783,reflects how predic
995,3,fast_backward,1.666195,17.973436,0.532808,0.916935,0.183160,9472,8960,0,0.605584,0.339811,s fixed-length chara
996,0,forward,1.482625,18.247176,0.552209,0.917731,0.192782,8960,9088,0,0.605188,0.439830,servation vector usi
997,0,forward,1.737284,18.132478,0.541993,0.916657,0.205784,9088,9216,0,0.604792,0.512866,ve inference provide
998,3,fast_backward,1.514664,18.322531,0.547345,0.916770,0.214366,9216,8704,0,0.604396,0.408807,treams. The model ha
999,4,stay,1.435513,18.621931,0.547933,0.916793,0.214366,8704,8704,0,0.604000,0.277679,treams. The model ha
1000,1,backward,1.663991,18.688328,0.550897,0.917769,0.187869,8704,8576,0,0.603604,0.526870,eroDataModel project
1001,3,fast_backward,1.664082,18.661455,0.570848,0.917447,0.257430,8576,8064,0,0.603208,0.360253,es next. Evaluation
1002,2,fast_forward,1.695191,18.726650,0.552419,0.917422,0.187869,8064,8576,0,0.602812,0.539765,eroDataModel project
1003,0,forward,1.539529,18.668257,0.549640,0.916355,0.214366,8576,8704,0,0.602416,0.543778,treams. The model ha
1004,2,fast_forward,1.766597,18.771617,0.544778,0.916496,0.205784,8704,9216,0,0.602020,0.567490,ve inference provide
1005,0,forward,1.482704,18.891284,0.560229,0.917234,0.230188,9216,9344,0,0.601624,0.513440,"energy, which is the"
1006,1,backward,0.973561,19.004923,0.545844,0.916568,0.205784,9344,9216,0,0.601228,0.400481,ve inference provide
1007,4,stay,1.602511,18.921715,0.545859,0.916776,0.205784,9216,9216,0,0.600832,0.640074,ve inference provide
1008,4,stay,1.641397,18.941226,0.545895,0.916615,0.205784,9216,9216,0,0.600436,0.413263,ve inference provide
1009,3,fast_backward,1.638765,18.712303,0.551028,0.916871,0.214366,9216,8704,0,0.600040,0.587165,treams. The model ha
1010,1,backward,1.433149,18.801952,0.553967,0.917662,0.187869,8704,8576,0,0.599644,0.445383,eroDataModel project
1011,0,forward,1.654373,18.705555,0.551070,0.917178,0.214366,8576,8704,0,0.599248,0.512527,treams. The model ha
1012,0,forward,1.882621,18.464484,0.548062,0.917270,0.199805,8704,8832,0,0.598852,0.581092,its sensory input fr
1013,0,forward,1.650073,18.294154,0.536204,0.916665,0.183160,8832,8960,0,0.598456,0.612608,s fixed-length chara
1014,0,forward,1.668542,18.072389,0.555718,0.917628,0.192782,8960,9088,0,0.598060,0.639904,servation vector usi
1015,0,forward,1.347382,18.137356,0.545279,0.916759,0.205784,9088,9216,0,0.597664,0.568125,ve inference provide
1016,4,stay,1.801987,18.353047,0.545407,0.916841,0.205784,9216,9216,0,0.597268,0.662105,ve inference provide
1017,1,backward,1.889430,18.232063,0.555761,0.917589,0.192782,9216,9088,0,0.596872,0.515903,servation vector usi
1018,1,backward,1.584486,17.736112,0.535478,0.916678,0.183160,9088,8960,0,0.596476,0.498522,s fixed-length chara
1019,0,forward,1.451412,18.077368,0.555000,0.917300,0.192782,8960,9088,0,0.596080,0.522786,servation vector usi
1020,3,fast_backward,1.679730,18.051527,0.552181,0.917563,0.187869,9088,8576,0,0.595684,0.606116,eroDataModel project
1021,2,fast_forward,1.724081,17.671612,0.554440,0.917659,0.192782,8576,9088,0,0.595288,0.523780,servation vector usi
1022,3,fast_backward,1.604953,17.650904,0.551567,0.917736,0.187869,9088,8576,0,0.594892,0.378689,eroDataModel project
1023,2,fast_forward,1.319901,17.737541,0.553909,0.917752,0.192782,8576,9088,0,0.594496,0.540687,servation vector usi
1024,3,fast_backward,1.488676,17.665262,0.550989,0.917964,0.187869,9088,8576,0,0.594100,0.578109,eroDataModel project
1025,0,forward,1.376928,17.599625,0.549165,0.916797,0.214366,8576,8704,0,0.593704,0.538763,treams. The model ha
1026,2,fast_forward,1.459021,17.459355,0.543712,0.916969,0.205784,8704,9216,0,0.593308,0.746302,ve inference provide
1027,4,stay,1.700871,17.748805,0.543867,0.916872,0.205784,9216,9216,0,0.592912,0.613917,ve inference provide
1028,0,forward,1.649920,17.509096,0.559566,0.917363,0.230188,9216,9344,0,0.592516,0.615256,"energy, which is the"
1029,0,forward,1.522162,17.575803,0.576344,0.917435,0.251548,9344,9472,0,0.592120,0.760376,reflects how predic
1030,1,backward,1.604436,17.507413,0.562090,0.917284,0.230188,9472,9344,0,0.591724,0.581212,"energy, which is the"
1031,2,fast_forward,1.311652,17.299236,0.550343,0.916747,0.211626,9344,9856,0,0.591328,0.669204,eams. The model has
1032,1,backward,1.535459,17.218239,0.553765,0.917743,0.183950,9856,9728,0,0.590932,0.730267,oDataModel project t
1033,2,fast_forward,1.365653,17.125664,0.583185,0.917336,0.257548,9728,10240,0,0.590536,0.549799,"eam of characters, t"
1034,4,stay,1.608480,17.074837,0.584899,0.917530,0.257548,10240,10240,0,0.590140,0.658590,"eam of characters, t"
1035,4,stay,1.732982,17.343769,0.586530,0.917318,0.257548,10240,10240,0,0.589744,0.745607,"eam of characters, t"
1036,1,backward,1.866422,17.534535,0.550715,0.917162,0.211942,10240,10112,0,0.589348,0.675455,d and updates it to
1037,1,backward,1.496611,17.558490,0.552062,0.917527,0.189270,10112,9984,0,0.588952,0.814557,s sensory input from
1038,1,backward,1.466309,17.493987,0.553715,0.916848,0.211626,9984,9856,0,0.588556,0.629896,eams. The model has
1039,0,forward,1.720885,17.353826,0.551252,0.917240,0.189270,9856,9984,0,0.588160,0.718426,s sensory input from
1040,2,fast_forward,1.681963,17.394574,0.558113,0.916827,0.231112,9984,10496,0,0.587764,0.679381,the curve decreases
1041,4,stay,1.839560,17.518513,0.558833,0.916991,0.231112,10496,10496,0,0.587368,0.595269,the curve decreases
1042,3,fast_backward,1.247353,17.412509,0.551953,0.917206,0.189270,10496,9984,0,0.586972,0.492904,s sensory input from
1043,4,stay,1.560551,17.316658,0.551211,0.917343,0.189270,9984,9984,0,0.586576,0.383679,s sensory input from
1044,4,stay,1.715067,17.322669,0.550516,0.917297,0.189270,9984,9984,0,0.586180,0.361100,s sensory input from
1045,4,stay,1.734517,17.342929,0.549862,0.917246,0.189270,9984,9984,0,0.585784,0.363272,s sensory input from
1046,2,fast_forward,1.823241,17.665913,0.556797,0.916976,0.231112,9984,10496,0,0.585388,0.769256,the curve decreases
1047,0,forward,1.552662,17.622833,0.525601,0.916861,0.159154,10496,10624,0,0.584992,0.636371,The prediction erro
1048,2,fast_forward,1.574510,17.599904,0.554471,0.917226,0.212097,10624,11136,0,0.584596,0.372420,lays the passive rea
1049,0,forward,1.510633,17.473028,0.543006,0.916867,0.197953,11136,11264,0,0.584200,0.237728,w over a plain-text
1050,2,fast_forward,1.607731,17.742379,0.529655,0.916780,0.168822,11264,11776,0,0.583804,0.453677,"dence, and action di"
1051,1,backward,1.989030,17.816960,0.535854,0.917110,0.198246,11776,11648,0,0.583408,0.724586,"me, the model is lea"
1052,0,forward,1.585561,17.743729,0.528074,0.916652,0.168822,11648,11776,0,0.583012,0.666698,"dence, and action di"
1053,4,stay,1.427414,18.101684,0.526592,0.916711,0.168822,11776,11776,0,0.582616,0.213333,"dence, and action di"
1054,2,fast_forward,1.702596,18.154256,0.544636,0.917775,0.198617,11776,12288,0,0.582220,0.563918,discover the struct
1055,4,stay,1.823462,18.137647,0.544610,0.917867,0.198617,12288,12288,0,0.581824,0.550858,discover the struct
1056,1,backward,1.775437,18.215119,0.547132,0.916642,0.207896,12288,12160,0,0.581428,0.315569,om raw pixel or char
1057,2,fast_forward,1.514376,18.242219,0.548992,0.917319,0.212453,12160,12672,0,0.581032,0.678266,eline; the active re
1058,4,stay,1.714774,18.239212,0.549442,0.917379,0.212453,12672,12672,0,0.580636,0.403339,eline; the active re
1059,0,forward,1.498743,18.074748,0.542059,0.916760,0.195961,12672,12800,0,0.580240,0.527984,e model reads fixed-
1060,1,backward,1.502520,18.014987,0.550054,0.917463,0.212453,12800,12672,0,0.579844,0.397070,eline; the active re
1061,4,stay,1.587392,18.000261,0.550457,0.917429,0.212453,12672,12672,0,0.579448,0.576939,eline; the active re
1062,0,forward,1.542441,17.924542,0.542892,0.916915,0.195961,12672,12800,0,0.579052,0.465183,e model reads fixed-
1063,0,forward,1.645317,18.424527,0.550618,0.917579,0.191578,12800,12928,0,0.578656,0.492757,fixed-dim observatio
1064,3,fast_backward,1.939784,18.600097,0.529664,0.917059,0.178816,12928,12416,0,0.578260,0.541591,"E, the model was ex"
1065,2,fast_forward,1.639667,18.686086,0.550022,0.917378,0.191578,12416,12928,0,0.577864,0.481206,fixed-dim observatio
1066,1,backward,1.585967,18.696754,0.542610,0.916623,0.195961,12928,12800,0,0.577468,0.377141,e model reads fixed-
1067,0,forward,1.488574,18.824472,0.550277,0.917463,0.191578,12800,12928,0,0.577072,0.541100,fixed-dim observatio
1068,0,forward,1.552265,18.814884,0.544514,0.916929,0.198331,12928,13056,0,0.576676,0.580350,vector. Active infer
1069,4,stay,1.834638,19.059289,0.544637,0.917421,0.198331,13056,13056,0,0.576280,0.714389,vector. Active infer
1070,3,fast_backward,1.477936,19.165430,0.556274,0.917030,0.219217,13056,12544,0,0.575884,0.366820,del to seek unfamili
1071,3,fast_backward,1.698928,19.094375,0.546732,0.917638,0.184648,12544,12032,0,0.575488,0.702340,lf-organising system
1072,4,stay,1.664120,19.187432,0.546103,0.917969,0.184648,12032,12032,0,0.575092,0.667398,lf-organising system
1073,4,stay,1.495417,18.952623,0.545515,0.917846,0.184648,12032,12032,0,0.574696,0.545130,lf-organising system
1074,1,backward,1.403071,18.833016,0.543346,0.917421,0.188113,12032,11904,0,0.574300,0.629827,curve with stable co
1075,3,fast_backward,1.601167,18.963863,0.548363,0.917696,0.187022,11904,11392,0,0.573904,0.613116,ncoder maps each blo
1076,1,backward,1.595104,19.020057,0.539985,0.916728,0.197953,11392,11264,0,0.573508,0.472024,w over a plain-text
1077,3,fast_backward,1.849445,18.992137,0.541881,0.917391,0.185360,11264,10752,0,0.573112,0.775674,wnward-trending free
1078,3,fast_backward,1.658579,18.932716,0.579753,0.917329,0.257548,10752,10240,0,0.572716,0.518546,"eam of characters, t"
1079,3,fast_backward,1.745129,18.984978,0.551532,0.917707,0.183950,10240,9728,0,0.572320,0.531959,oDataModel project t
1080,3,fast_backward,1.406032,19.108239,0.545084,0.916880,0.205784,9728,9216,0,0.571924,0.592825,ve inference provide
1081,0,forward,2.024663,19.302650,0.560655,0.917291,0.230188,9216,9344,0,0.571528,0.915905,"energy, which is the"
1082,3,fast_backward,1.612190,19.544931,0.547931,0.917246,0.199805,9344,8832,0,0.571132,0.858957,its sensory input fr
1083,2,fast_forward,1.575372,19.323712,0.561685,0.917490,0.230188,8832,9344,0,0.570736,0.699293,"energy, which is the"
1084,4,stay,1.408745,19.428853,0.562720,0.917432,0.230188,9344,9344,0,0.570340,0.561782,"energy, which is the"
1085,3,fast_backward,1.728404,19.471618,0.550041,0.917639,0.199805,9344,8832,0,0.569944,0.576030,its sensory input fr
1086,4,stay,1.501828,19.445604,0.549968,0.917328,0.199805,8832,8832,0,0.569548,0.515283,its sensory input fr
1087,1,backward,1.807039,19.441311,0.554093,0.916714,0.214366,8832,8704,0,0.569152,0.616644,treams. The model ha
1088,3,fast_backward,1.664893,19.378061,0.535192,0.917260,0.185017,8704,8192,0,0.568756,0.375106,he statistics of the
1089,2,fast_forward,1.475860,19.367720,0.553943,0.916647,0.214366,8192,8704,0,0.568360,0.396611,treams. The model ha
1090,3,fast_backward,1.914127,19.633345,0.535010,0.917097,0.185017,8704,8192,0,0.567964,0.553803,he statistics of the
1091,2,fast_forward,1.641616,19.467077,0.553915,0.916661,0.214366,8192,8704,0,0.567568,0.785601,treams. The model ha
1092,2,fast_forward,1.669002,19.464821,0.548545,0.916727,0.205784,8704,9216,0,0.567172,0.347064,ve inference provide
1093,1,backward,1.739030,19.345007,0.559007,0.917728,0.192782,9216,9088,0,0.566776,0.305942,servation vector usi
1094,1,backward,1.746470,19.465849,0.539037,0.916827,0.183160,9088,8960,0,0.566380,0.747013,s fixed-length chara
1095,0,forward,1.494075,19.109950,0.558360,0.917659,0.192782,8960,9088,0,0.565984,0.429500,servation vector usi
1096,2,fast_forward,1.929208,18.923800,0.559000,0.917602,0.221889,9088,9600,0,0.565588,0.673266,free energy should
1097,4,stay,1.356487,18.838976,0.559436,0.917682,0.221889,9600,9600,0,0.565192,0.378928,free energy should
1098,4,stay,1.349546,18.940825,0.559866,0.917764,0.221889,9600,9600,0,0.564796,0.348292,free energy should
1099,1,backward,1.868024,18.899657,0.580556,0.917405,0.251548,9600,9472,0,0.564400,0.286032,reflects how predic
1100,1,backward,1.630417,18.644245,0.566374,0.917507,0.230188,9472,9344,0,0.564004,0.432475,"energy, which is the"
1101,4,stay,1.508504,18.680954,0.567223,0.917391,0.230188,9344,9344,0,0.563608,0.625288,"energy, which is the"
1102,2,fast_forward,1.839035,18.592023,0.555743,0.916706,0.211626,9344,9856,0,0.563212,0.380703,eams. The model has
1103,2,fast_forward,1.721152,18.772684,0.584679,0.917481,0.264807,9856,10368,0,0.562816,0.359923,learns the statistic
1104,1,backward,1.519336,18.780045,0.590337,0.917530,0.257548,10368,10240,0,0.562420,0.359850,"eam of characters, t"
1105,4,stay,1.712616,19.136992,0.591871,0.917703,0.257548,10240,10240,0,0.562024,0.378662,"eam of characters, t"
1106,0,forward,1.633273,19.345036,0.589598,0.917764,0.264807,10240,10368,0,0.561628,0.470193,learns the statistic
1107,0,forward,1.707142,19.395377,0.567378,0.917176,0.231112,10368,10496,0,0.561232,0.394569,the curve decreases
1108,3,fast_backward,1.617051,19.362171,0.560282,0.917200,0.189270,10496,9984,0,0.560836,0.487849,s sensory input from
1109,3,fast_backward,1.554739,19.151278,0.589437,0.917325,0.251548,9984,9472,0,0.560440,0.467923,reflects how predic
1110,0,forward,1.557763,19.018271,0.570797,0.917757,0.221889,9472,9600,0,0.560044,0.357258,free energy should
1111,0,forward,1.377983,18.731375,0.566106,0.917453,0.183950,9600,9728,0,0.559648,0.576477,oDataModel project t
1112,4,stay,1.715378,18.504084,0.564807,0.917812,0.183950,9728,9728,0,0.559252,0.408309,oDataModel project t
1113,3,fast_backward,2.114291,18.223551,0.557832,0.916981,0.205784,9728,9216,0,0.558856,0.500852,ve inference provide
1114,1,backward,1.452743,18.090392,0.566869,0.917507,0.192782,9216,9088,0,0.558460,0.426232,servation vector usi
1115,1,backward,1.344252,18.229407,0.546109,0.917123,0.183160,9088,8960,0,0.558064,0.476229,s fixed-length chara
1116,2,fast_forward,1.713535,18.157207,0.585845,0.917425,0.251548,8960,9472,0,0.557668,0.577917,reflects how predic
1117,1,backward,1.266398,18.159500,0.571768,0.917237,0.230188,9472,9344,0,0.557272,0.535424,"energy, which is the"
1118,0,forward,1.409166,18.261781,0.587470,0.917308,0.251548,9344,9472,0,0.556876,0.696850,reflects how predic
1119,4,stay,1.288035,18.189954,0.588482,0.917585,0.251548,9472,9472,0,0.556480,0.725513,reflects how predic
1120,4,stay,1.723919,18.187755,0.589435,0.917532,0.251548,9472,9472,0,0.556084,0.668097,reflects how predic
1121,0,forward,1.709328,18.145223,0.571187,0.917498,0.221889,9472,9600,0,0.555688,0.554909,free energy should
1122,2,fast_forward,1.779320,17.865709,0.558844,0.917317,0.211942,9600,10112,0,0.555292,0.695364,d and updates it to
1123,4,stay,2.067870,17.909314,0.558338,0.917096,0.211942,10112,10112,0,0.554896,0.545404,d and updates it to
1124,0,forward,1.895623,17.834295,0.593951,0.917504,0.257548,10112,10240,0,0.554500,0.564003,"eam of characters, t"
1125,4,stay,1.675465,17.891081,0.595329,0.917391,0.257548,10240,10240,0,0.554104,0.493499,"eam of characters, t"
1126,3,fast_backward,1.550802,17.837239,0.568452,0.917952,0.183950,10240,9728,0,0.553708,0.615244,oDataModel project t
1127,0,forward,1.235879,17.915051,0.563037,0.916864,0.211626,9728,9856,0,0.553312,0.663859,eams. The model has
1128,3,fast_backward,1.612682,18.149876,0.575531,0.917465,0.230188,9856,9344,0,0.552916,0.584145,"energy, which is the"
1129,3,fast_backward,1.827095,18.026704,0.562452,0.917274,0.199805,9344,8832,0,0.552520,0.381665,its sensory input fr
1130,0,forward,1.800809,17.730155,0.549362,0.916733,0.183160,8832,8960,0,0.552124,0.682747,s fixed-length chara
1131,1,backward,1.443122,17.600865,0.560420,0.917618,0.199805,8960,8832,0,0.551728,0.373524,its sensory input fr
1132,0,forward,1.435491,17.597993,0.547852,0.917283,0.183160,8832,8960,0,0.551332,0.505292,s fixed-length chara
1133,3,fast_backward,1.969571,17.649559,0.553513,0.917691,0.188304,8960,8448,0,0.550936,0.506434,e and bounded predic
1134,4,stay,1.702313,17.633363,0.552496,0.917476,0.188304,8448,8448,0,0.550540,0.551010,e and bounded predic
1135,1,backward,1.472188,17.538049,0.540548,0.916790,0.167731,8448,8320,0,0.550144,0.422540,ion provide addition
1136,3,fast_backward,1.341347,17.364864,0.540220,0.917105,0.171053,8320,7808,0,0.549748,0.437884,information-gain ter
1137,2,fast_forward,1.448410,17.230852,0.537750,0.917020,0.167731,7808,8320,0,0.549352,0.805246,ion provide addition
1138,1,backward,1.772897,17.162038,0.537304,0.917172,0.185017,8320,8192,0,0.548956,0.438375,he statistics of the
1139,0,forward,1.685873,17.285474,0.535950,0.916837,0.167731,8192,8320,0,0.548560,0.798699,ion provide addition
1140,3,fast_backward,1.801776,17.284780,0.535522,0.917396,0.171053,8320,7808,0,0.548164,0.489693,information-gain ter
1141,4,stay,2.058177,17.347141,0.534690,0.917441,0.171053,7808,7808,0,0.547768,0.592443,information-gain ter
1142,0,forward,1.305695,17.456395,0.558025,0.917340,0.214474,7808,7936,0,0.547372,0.740375,re-read passages tha
1143,4,stay,1.944874,17.625651,0.558488,0.917178,0.214474,7936,7936,0,0.546976,0.715054,re-read passages tha
1144,0,forward,1.604086,17.825739,0.575656,0.917454,0.257430,7936,8064,0,0.546580,0.627031,es next. Evaluation
1145,0,forward,1.686257,17.868086,0.537112,0.917214,0.185017,8064,8192,0,0.546184,0.750349,he statistics of the
1146,3,fast_backward,1.242930,17.921298,0.558221,0.917013,0.222201,8192,7680,0,0.545788,0.436115,oduces the same vect
1147,3,fast_backward,1.860550,17.887210,0.587698,0.917374,0.257159,7680,7168,0,0.545392,0.480459,"of characters, the f"
1148,1,backward,1.772832,17.750216,0.554998,0.918199,0.218436,7168,7040,0,0.544996,0.403764,d updates it to mini
1149,2,fast_forward,1.769309,17.595368,0.557810,0.917976,0.184508,7040,7552,0,0.544600,0.432753,each block to a fixe
1150,4,stay,1.280641,17.597676,0.557390,0.917507,0.184508,7552,7552,0,0.544204,0.535280,each block to a fixe
1151,2,fast_forward,1.533056,17.521206,0.579550,0.917602,0.257430,7552,8064,0,0.543808,0.654427,es next. Evaluation
1152,3,fast_backward,1.460787,17.569298,0.558747,0.917776,0.184508,8064,7552,0,0.543412,0.422333,each block to a fixe
1153,0,forward,1.289493,17.568500,0.561921,0.917456,0.222201,7552,7680,0,0.543016,0.830028,oduces the same vect
1154,4,stay,1.622534,17.706723,0.562531,0.916956,0.222201,7680,7680,0,0.542620,0.389188,oduces the same vect
1155,2,fast_forward,1.577890,17.879728,0.541333,0.917519,0.185017,7680,8192,0,0.542224,0.400109,he statistics of the
1156,0,forward,1.417241,18.092051,0.539739,0.916826,0.167731,8192,8320,0,0.541828,0.400000,ion provide addition
1157,2,fast_forward,1.446469,18.174662,0.554044,0.917590,0.199805,8320,8832,0,0.541432,0.438320,its sensory input fr
1158,2,fast_forward,1.658970,18.236022,0.567244,0.917678,0.230188,8832,9344,0,0.541036,0.573364,"energy, which is the"
1159,2,fast_forward,1.717173,18.292359,0.556655,0.916648,0.211626,9344,9856,0,0.540640,0.399845,eams. The model has
1160,1,backward,1.842347,18.267657,0.559926,0.917786,0.183950,9856,9728,0,0.540244,0.581170,oDataModel project t
1161,3,fast_backward,1.404084,18.284672,0.552962,0.916896,0.205784,9728,9216,0,0.539848,0.493181,ve inference provide
1162,1,backward,1.976270,18.511230,0.563329,0.917453,0.192782,9216,9088,0,0.539452,0.504992,servation vector usi
1163,0,forward,1.918008,18.739107,0.552798,0.916785,0.205784,9088,9216,0,0.539056,0.679177,ve inference provide
1164,2,fast_forward,1.605085,18.827576,0.559169,0.917627,0.183950,9216,9728,0,0.538660,0.564323,oDataModel project t
1165,4,stay,1.683055,18.639913,0.558587,0.917569,0.183950,9728,9728,0,0.538264,0.613562,oDataModel project t
1166,2,fast_forward,1.640248,18.800896,0.587095,0.917609,0.257548,9728,10240,0,0.537868,0.531555,"eam of characters, t"
1167,2,fast_forward,1.649030,18.696879,0.552142,0.917440,0.185360,10240,10752,0,0.537472,0.746420,wnward-trending free
1168,2,fast_forward,1.460969,18.782072,0.549590,0.916798,0.197953,10752,11264,0,0.537076,0.744389,w over a plain-text
1169,3,fast_backward,1.256735,18.884535,0.551607,0.917370,0.185360,11264,10752,0,0.536680,0.517001,wnward-trending free
1170,0,forward,1.806863,18.876697,0.543627,0.917267,0.184111,10752,10880,0,0.536284,0.654800,ative observations.
1171,0,forward,1.479621,18.826817,0.556373,0.917330,0.205078,10880,11008,0,0.535888,0.689555,curiosity could driv
1172,3,fast_backward,1.433883,18.868525,0.559279,0.916982,0.231112,11008,10496,0,0.535492,0.662831,the curve decreases
1173,3,fast_backward,1.673496,18.821006,0.553031,0.917552,0.189270,10496,9984,0,0.535096,0.466871,s sensory input from
1174,2,fast_forward,1.712625,18.594541,0.559939,0.916869,0.231112,9984,10496,0,0.534700,0.621469,the curve decreases
1175,2,fast_forward,1.493872,18.598409,0.558199,0.917434,0.205078,10496,11008,0,0.534304,0.493735,curiosity could driv
1176,2,fast_forward,1.718702,18.212774,0.588498,0.918006,0.260909,11008,11520,0,0.533908,0.568631,ck always produces t
1177,3,fast_backward,1.469170,18.490678,0.560286,0.917242,0.205078,11520,11008,0,0.533512,0.738939,curiosity could driv
1178,3,fast_backward,1.814272,18.511050,0.563053,0.916688,0.231112,11008,10496,0,0.533116,0.637021,the curve decreases
1179,4,stay,1.661912,18.544559,0.563887,0.916906,0.231112,10496,10496,0,0.532720,0.757464,the curve decreases
1180,3,fast_backward,1.921753,18.358608,0.557390,0.917206,0.189270,10496,9984,0,0.532324,0.263435,s sensory input from
1181,0,forward,1.532631,18.661373,0.554934,0.917695,0.211942,9984,10112,0,0.531928,0.510379,d and updates it to
1182,2,fast_forward,1.787570,18.571311,0.534304,0.916890,0.159154,10112,10624,0,0.531532,0.380699,The prediction erro
1183,2,fast_forward,1.301236,18.669153,0.561308,0.917127,0.212097,10624,11136,0,0.531136,0.617522,lays the passive rea
1184,1,backward,1.579854,18.393721,0.558964,0.917472,0.205078,11136,11008,0,0.530740,0.542656,curiosity could driv
1185,4,stay,1.182891,18.514532,0.559174,0.917509,0.205078,11008,11008,0,0.530344,0.449550,curiosity could driv
1186,2,fast_forward,1.545590,18.662130,0.588937,0.917634,0.260909,11008,11520,0,0.529948,0.470850,ck always produces t
1187,0,forward,1.563564,18.379995,0.547517,0.917324,0.198246,11520,11648,0,0.529552,0.714006,"me, the model is lea"
1188,4,stay,1.309640,18.231014,0.547306,0.917123,0.198246,11648,11648,0,0.529156,0.453113,"me, the model is lea"
1189,3,fast_backward,1.437309,18.408258,0.563122,0.917180,0.212097,11648,11136,0,0.528760,0.387111,lays the passive rea
1190,0,forward,2.037205,18.522856,0.552804,0.917206,0.197953,11136,11264,0,0.528364,0.523592,w over a plain-text
1191,1,backward,1.594821,18.377023,0.562947,0.917241,0.212097,11264,11136,0,0.527968,0.447119,lays the passive rea
1192,3,fast_backward,1.661870,18.482014,0.534224,0.916901,0.159154,11136,10624,0,0.527572,0.418208,The prediction erro
1193,4,stay,1.544902,18.807260,0.532287,0.916881,0.159154,10624,10624,0,0.527176,0.639412,The prediction erro
1194,2,fast_forward,1.497443,18.605296,0.558758,0.917207,0.212097,10624,11136,0,0.526780,0.385984,lays the passive rea
1195,4,stay,1.493122,18.510790,0.558938,0.917136,0.212097,11136,11136,0,0.526384,0.442259,lays the passive rea
1196,0,forward,2.007926,18.275128,0.549415,0.916925,0.197953,11136,11264,0,0.525988,0.442578,w over a plain-text
1197,0,forward,1.621597,18.277035,0.558298,0.917435,0.187022,11264,11392,0,0.525592,0.453294,ncoder maps each blo
1198,1,backward,1.685045,18.269322,0.549607,0.916953,0.197953,11392,11264,0,0.525196,0.344883,w over a plain-text
1199,2,fast_forward,1.730067,18.235168,0.537271,0.916579,0.168822,11264,11776,0,0.524800,0.408600,"dence, and action di"
1200,1,backward,1.369951,18.365819,0.542006,0.917078,0.198246,11776,11648,0,0.524404,0.443540,"me, the model is lea"
1201,4,stay,1.541931,18.414661,0.542304,0.917199,0.198246,11648,11648,0,0.524008,0.409517,"me, the model is lea"
1202,1,backward,1.642578,18.459704,0.586483,0.917774,0.260909,11648,11520,0,0.523612,0.329582,ck always produces t
1203,1,backward,1.827615,18.345102,0.559640,0.917563,0.187022,11520,11392,0,0.523216,0.417114,ncoder maps each blo
1204,2,fast_forward,1.545703,18.305918,0.553937,0.917287,0.188113,11392,11904,0,0.522820,0.477724,curve with stable co
1205,0,forward,1.716428,18.414893,0.555418,0.917876,0.184648,11904,12032,0,0.522424,0.363537,lf-organising system
1206,1,backward,1.425453,18.459268,0.552989,0.917554,0.188113,12032,11904,0,0.522028,0.411258,curve with stable co
1207,4,stay,1.460057,18.402262,0.552725,0.917837,0.188113,11904,11904,0,0.521632,0.278130,curve with stable co
1208,3,fast_backward,1.389091,18.584885,0.558058,0.917410,0.187022,11904,11392,0,0.521236,0.355104,ncoder maps each blo
1209,0,forward,1.651356,18.505262,0.586810,0.918250,0.260909,11392,11520,0,0.520840,0.413795,ck always produces t
1210,2,fast_forward,1.469931,18.729486,0.556202,0.917882,0.184648,11520,12032,0,0.520444,0.417317,lf-organising system
1211,4,stay,1.504850,18.546064,0.555502,0.917734,0.184648,12032,12032,0,0.520048,0.469314,lf-organising system
1212,0,forward,1.338429,18.830045,0.558296,0.916755,0.207896,12032,12160,0,0.519652,0.465325,om raw pixel or char
1213,0,forward,1.625505,18.734087,0.555260,0.917606,0.198617,12160,12288,0,0.519256,0.236527,discover the struct
1214,0,forward,1.804183,18.763899,0.539129,0.917311,0.178816,12288,12416,0,0.518860,0.413852,"E, the model was ex"
1215,1,backward,1.854347,18.853273,0.554320,0.917736,0.198617,12416,12288,0,0.518464,0.402153,discover the struct
1216,4,stay,1.908325,18.994240,0.554201,0.918164,0.198617,12288,12288,0,0.518068,0.466772,discover the struct
1217,3,fast_backward,1.243207,19.021426,0.536812,0.916560,0.168822,12288,11776,0,0.517672,0.349431,"dence, and action di"
1218,3,fast_backward,2.006258,18.964328,0.548293,0.916757,0.197953,11776,11264,0,0.517276,0.570801,w over a plain-text
1219,0,forward,1.663475,18.806085,0.556788,0.917492,0.187022,11264,11392,0,0.516880,0.284657,ncoder maps each blo
1220,1,backward,1.508474,18.746263,0.548591,0.916904,0.197953,11392,11264,0,0.516484,0.395366,w over a plain-text
1221,0,forward,1.619729,18.594117,0.557079,0.917410,0.187022,11264,11392,0,0.516088,0.355678,ncoder maps each blo
1222,0,forward,1.776258,18.620235,0.586041,0.917747,0.260909,11392,11520,0,0.515692,0.424039,ck always produces t
1223,2,fast_forward,1.175398,18.765886,0.555190,0.917569,0.184648,11520,12032,0,0.515296,0.380041,lf-organising system
1224,0,forward,1.621524,18.375752,0.558433,0.916599,0.207896,12032,12160,0,0.514900,0.377686,om raw pixel or char
1225,3,fast_backward,1.715970,18.250747,0.544242,0.917390,0.198246,12160,11648,0,0.514504,0.429171,"me, the model is lea"
1226,2,fast_forward,1.532875,18.436123,0.558780,0.916786,0.207896,11648,12160,0,0.514108,0.395917,om raw pixel or char
1227,3,fast_backward,1.803735,18.417264,0.544663,0.917059,0.198246,12160,11648,0,0.513712,0.342246,"me, the model is lea"
1228,1,backward,1.722819,18.495602,0.588599,0.917422,0.260909,11648,11520,0,0.513316,0.378838,ck always produces t
1229,0,forward,1.396303,18.492025,0.546867,0.917106,0.198246,11520,11648,0,0.512920,0.370791,"me, the model is lea"
1230,1,backward,1.789775,18.469414,0.590519,0.917565,0.260909,11648,11520,0,0.512524,0.328226,ck always produces t
1231,4,stay,1.517879,18.873368,0.592308,0.917723,0.260909,11520,11520,0,0.512128,0.648776,ck always produces t
1232,1,backward,1.916781,18.994182,0.564519,0.917396,0.187022,11520,11392,0,0.511732,0.503244,ncoder maps each blo
1233,2,fast_forward,1.201222,18.889934,0.559329,0.917451,0.188113,11392,11904,0,0.511336,0.653560,curve with stable co
1234,2,fast_forward,1.575638,18.832879,0.544200,0.917063,0.178816,11904,12416,0,0.510940,0.237152,"E, the model was ex"
1235,4,stay,1.237474,18.967263,0.543126,0.917072,0.178816,12416,12416,0,0.510544,0.432617,"E, the model was ex"
1236,0,forward,1.509013,18.931878,0.567826,0.917628,0.219217,12416,12544,0,0.510148,0.301334,del to seek unfamili
1237,0,forward,1.672108,18.897644,0.563008,0.917719,0.212453,12544,12672,0,0.509752,0.376599,eline; the active re
1238,4,stay,1.654962,18.856268,0.563146,0.917229,0.212453,12672,12672,0,0.509356,0.313308,eline; the active re
1239,3,fast_backward,1.606703,18.950096,0.562357,0.916428,0.207896,12672,12160,0,0.508960,0.381446,om raw pixel or char
1240,3,fast_backward,1.531179,18.843520,0.548152,0.917354,0.198246,12160,11648,0,0.508564,0.438475,"me, the model is lea"
1241,2,fast_forward,1.586243,18.648827,0.562393,0.916906,0.207896,11648,12160,0,0.508168,0.388136,om raw pixel or char
1242,4,stay,1.376699,18.546808,0.562562,0.916623,0.207896,12160,12160,0,0.507772,0.446184,om raw pixel or char
1243,2,fast_forward,1.877397,18.626065,0.563711,0.917252,0.212453,12160,12672,0,0.507376,0.401818,eline; the active re
1244,4,stay,1.187144,18.623440,0.563900,0.917268,0.212453,12672,12672,0,0.506980,0.329477,eline; the active re
1245,1,backward,1.290035,18.597389,0.569346,0.917062,0.219217,12672,12544,0,0.506584,0.337784,del to seek unfamili
1246,0,forward,1.666820,18.499311,0.564498,0.917258,0.212453,12544,12672,0,0.506188,0.354744,eline; the active re
1247,2,fast_forward,1.182939,18.346357,0.568150,0.917397,0.222642,12672,13184,0,0.505792,0.345929,"nimise free energy,"
1248,4,stay,1.692893,18.382020,0.568793,0.917443,0.222642,13184,13184,0,0.505396,0.308757,"nimise free energy,"
1249,1,backward,1.728259,18.109340,0.560051,0.916750,0.198331,13184,13056,0,0.505000,0.332995,vector. Active infer
1250,3,fast_backward,1.497521,18.098885,0.570672,0.917587,0.219217,13056,12544,0,0.504604,0.506987,del to seek unfamili
1251,3,fast_backward,1.727274,18.324114,0.561849,0.917810,0.184648,12544,12032,0,0.504208,0.317939,lf-organising system
1252,0,forward,1.282685,18.628081,0.563655,0.916580,0.207896,12032,12160,0,0.503812,0.448960,om raw pixel or char
1253,3,fast_backward,1.445709,18.822162,0.549945,0.917175,0.198246,12160,11648,0,0.503416,0.336794,"me, the model is lea"
1254,4,stay,1.684171,18.824585,0.549916,0.917018,0.198246,11648,11648,0,0.503020,0.371594,"me, the model is lea"
1255,0,forward,1.548254,18.396252,0.543227,0.916692,0.168822,11648,11776,0,0.502624,0.374235,"dence, and action di"
1256,3,fast_backward,1.535480,18.557417,0.554267,0.916904,0.197953,11776,11264,0,0.502228,0.350479,w over a plain-text
1257,0,forward,1.858201,18.594998,0.562940,0.917466,0.187022,11264,11392,0,0.501832,0.382846,ncoder maps each blo
1258,2,fast_forward,1.665361,18.436694,0.557629,0.917495,0.188113,11392,11904,0,0.501436,0.455595,curve with stable co
1259,0,forward,1.720064,18.464036,0.559184,0.917793,0.184648,11904,12032,0,0.501040,0.497658,lf-organising system
1260,3,fast_backward,2.181674,18.424393,0.591028,0.917862,0.260909,12032,11520,0,0.500644,0.588373,ck always produces t
1261,0,forward,1.734304,18.283368,0.549525,0.917110,0.198246,11520,11648,0,0.500248,0.496200,"me, the model is lea"
1262,3,fast_backward,1.448024,18.473036,0.565489,0.917395,0.212097,11648,11136,0,0.499852,0.446214,lays the passive rea
1263,0,forward,1.472357,18.400066,0.555492,0.917031,0.197953,11136,11264,0,0.499456,0.611159,w over a plain-text
1264,4,stay,1.809764,18.281909,0.555663,0.916954,0.197953,11264,11264,0,0.499060,0.551370,w over a plain-text
1265,3,fast_backward,1.811551,18.149843,0.557735,0.917365,0.185360,11264,10752,0,0.498664,0.355810,wnward-trending free
1266,3,fast_backward,1.792184,18.076852,0.593524,0.917356,0.257548,10752,10240,0,0.498268,0.311050,"eam of characters, t"
1267,2,fast_forward,1.421385,18.122674,0.559222,0.917350,0.185360,10240,10752,0,0.497872,0.401020,wnward-trending free
1268,4,stay,1.813282,18.138320,0.558706,0.917502,0.185360,10752,10752,0,0.497476,0.239915,wnward-trending free
1269,4,stay,2.056959,18.071465,0.558233,0.917239,0.185360,10752,10752,0,0.497080,0.366129,wnward-trending free
1270,1,backward,0.866761,18.133292,0.537052,0.917064,0.159154,10752,10624,0,0.496684,0.651875,The prediction erro
1271,2,fast_forward,1.415141,18.053705,0.563897,0.917199,0.212097,10624,11136,0,0.496288,0.662617,lays the passive rea
1272,4,stay,1.671727,17.983862,0.564034,0.917354,0.212097,11136,11136,0,0.495892,0.479026,lays the passive rea
1273,1,backward,1.339844,18.109694,0.562190,0.917214,0.205078,11136,11008,0,0.495496,0.447518,curiosity could driv
1274,0,forward,1.445922,17.954810,0.564550,0.917326,0.212097,11008,11136,0,0.495100,0.318940,lays the passive rea
1275,4,stay,1.274492,18.086725,0.564661,0.917175,0.212097,11136,11136,0,0.494704,0.354924,lays the passive rea
1276,3,fast_backward,1.381650,18.271163,0.536935,0.917031,0.159154,11136,10624,0,0.494308,0.507965,The prediction erro
1277,1,backward,1.805454,18.304533,0.562941,0.916853,0.231112,10624,10496,0,0.493912,0.381922,the curve decreases
1278,0,forward,1.775898,18.171244,0.536412,0.917003,0.159154,10496,10624,0,0.493516,0.517982,The prediction erro
1279,0,forward,1.494346,18.103996,0.554587,0.917284,0.185360,10624,10752,0,0.493120,0.282684,wnward-trending free
1280,0,forward,1.856883,18.145924,0.547205,0.916789,0.184111,10752,10880,0,0.492724,0.420127,ative observations.
1281,0,forward,1.290821,18.374805,0.560097,0.917358,0.205078,10880,11008,0,0.492328,0.344908,curiosity could driv
1282,2,fast_forward,1.478869,18.281464,0.589602,0.917628,0.260909,11008,11520,0,0.491932,0.328281,ck always produces t
1283,4,stay,1.355832,18.085807,0.591580,0.917674,0.260909,11520,11520,0,0.491536,0.459671,ck always produces t
1284,1,backward,1.598507,17.705603,0.565365,0.917576,0.187022,11520,11392,0,0.491140,0.308356,ncoder maps each blo
1285,4,stay,1.997704,17.909866,0.565125,0.917497,0.187022,11392,11392,0,0.490744,0.487949,ncoder maps each blo
1286,1,backward,1.822094,17.877174,0.556647,0.917577,0.197953,11392,11264,0,0.490348,0.580332,w over a plain-text
1287,3,fast_backward,1.268358,18.145520,0.558441,0.917244,0.185360,11264,10752,0,0.489952,0.592738,wnward-trending free
1288,4,stay,1.846693,18.019028,0.558049,0.917289,0.185360,10752,10752,0,0.489556,0.308307,wnward-trending free
1289,4,stay,1.277254,18.180248,0.557690,0.917328,0.185360,10752,10752,0,0.489160,0.530464,wnward-trending free
1290,3,fast_backward,1.674523,18.253186,0.593433,0.917440,0.257548,10752,10240,0,0.488764,0.432051,"eam of characters, t"
1291,3,fast_backward,1.591742,18.112798,0.566828,0.917573,0.183950,10240,9728,0,0.488368,0.295162,oDataModel project t
1292,1,backward,1.535173,18.156484,0.570581,0.917641,0.221889,9728,9600,0,0.487972,0.260140,free energy should
1293,4,stay,1.755858,18.209301,0.570973,0.917706,0.221889,9600,9600,0,0.487576,0.486408,free energy should
1294,1,backward,1.490059,18.069248,0.590541,0.917419,0.251548,9600,9472,0,0.487180,0.432246,reflects how predic
1295,4,stay,1.415734,17.956797,0.591817,0.917104,0.251548,9472,9472,0,0.486784,0.431580,reflects how predic
1296,3,fast_backward,1.375372,18.054719,0.554458,0.916696,0.183160,9472,8960,0,0.486388,0.302701,s fixed-length chara
1297,2,fast_forward,1.712060,18.178294,0.592346,0.917230,0.251548,8960,9472,0,0.485992,0.294414,reflects how predic
1298,1,backward,1.337346,18.337341,0.578671,0.917289,0.230188,9472,9344,0,0.485596,0.441823,"energy, which is the"
1299,4,stay,1.540019,18.239958,0.579387,0.917480,0.230188,9344,9344,0,0.485200,0.440509,"energy, which is the"
1300,3,fast_backward,1.767409,18.316791,0.567177,0.917217,0.199805,9344,8832,0,0.484804,0.405714,its sensory input fr
1301,3,fast_backward,1.328185,18.258619,0.551519,0.916786,0.167731,8832,8320,0,0.484408,0.258673,ion provide addition
1302,1,backward,1.627638,18.263250,0.550095,0.917238,0.185017,8320,8192,0,0.484012,0.295954,he statistics of the
1303,0,forward,1.772528,18.202631,0.549147,0.916813,0.167731,8192,8320,0,0.483616,0.374016,ion provide addition
1304,0,forward,1.827342,18.309465,0.557549,0.917474,0.188304,8320,8448,0,0.483220,0.323453,e and bounded predic
1305,1,backward,1.296064,18.369640,0.547161,0.916720,0.167731,8448,8320,0,0.482824,0.382478,ion provide addition
1306,4,stay,1.939869,18.596191,0.545899,0.916661,0.167731,8320,8320,0,0.482428,0.502810,ion provide addition
1307,4,stay,1.499341,18.444512,0.544762,0.916827,0.167731,8320,8320,0,0.482032,0.353417,ion provide addition
1308,4,stay,1.641539,18.174850,0.543738,0.916969,0.167731,8320,8320,0,0.481636,0.352789,ion provide addition
1309,0,forward,1.556711,18.187534,0.552083,0.917594,0.188304,8320,8448,0,0.481240,0.310859,e and bounded predic
1310,2,fast_forward,1.294930,18.188112,0.547997,0.916992,0.183160,8448,8960,0,0.480844,0.342198,s fixed-length chara
1311,3,fast_backward,1.763005,18.043144,0.551881,0.917641,0.188304,8960,8448,0,0.480448,0.205277,e and bounded predic
1312,3,fast_backward,1.816292,17.787100,0.566431,0.917333,0.214474,8448,7936,0,0.480052,0.225726,re-read passages tha
1313,3,fast_backward,1.907303,17.955326,0.551251,0.916920,0.193286,7936,7424,0,0.479656,0.276063,in-text file. The mo
1314,2,fast_forward,1.787038,17.964963,0.567302,0.917471,0.214474,7424,7936,0,0.479260,0.317008,re-read passages tha
1315,2,fast_forward,1.483140,18.013470,0.553266,0.917508,0.188304,7936,8448,0,0.478864,0.293699,e and bounded predic
1316,2,fast_forward,1.714324,18.138487,0.549109,0.916892,0.183160,8448,8960,0,0.478468,0.273071,s fixed-length chara
1317,3,fast_backward,1.632202,17.786464,0.553009,0.917622,0.188304,8960,8448,0,0.478072,0.344777,e and bounded predic
1318,3,fast_backward,1.730635,18.039781,0.567555,0.917281,0.214474,8448,7936,0,0.477676,0.338435,re-read passages tha
1319,0,forward,1.507217,18.018417,0.584065,0.917637,0.257430,7936,8064,0,0.477280,0.312654,es next. Evaluation
1320,0,forward,1.881545,18.297418,0.546444,0.917359,0.185017,8064,8192,0,0.476884,0.339613,he statistics of the
1321,2,fast_forward,1.645217,18.157388,0.565544,0.916805,0.214366,8192,8704,0,0.476488,0.277833,treams. The model ha
1322,1,backward,1.274138,18.218682,0.567783,0.917767,0.187869,8704,8576,0,0.476092,0.326082,eroDataModel project
1323,0,forward,1.439970,18.429611,0.566089,0.916811,0.214366,8576,8704,0,0.475696,0.284253,treams. The model ha
1324,2,fast_forward,1.649149,18.608157,0.560396,0.917107,0.205784,8704,9216,0,0.475300,0.352269,ve inference provide
1325,3,fast_backward,1.161445,18.542725,0.566993,0.916804,0.214366,9216,8704,0,0.474904,0.542897,treams. The model ha
1326,3,fast_backward,1.584077,18.482804,0.548225,0.917230,0.185017,8704,8192,0,0.474508,0.229422,he statistics of the
1327,0,forward,1.655494,18.421668,0.547591,0.916787,0.167731,8192,8320,0,0.474112,0.542050,ion provide addition
1328,4,stay,2.130051,18.307803,0.546568,0.917047,0.167731,8320,8320,0,0.473716,0.516401,ion provide addition
1329,3,fast_backward,1.029729,18.227648,0.545714,0.917615,0.171053,8320,7808,0,0.473320,0.353652,information-gain ter
1330,0,forward,1.585119,18.151026,0.568918,0.917349,0.214474,7808,7936,0,0.472924,0.385930,re-read passages tha
1331,4,stay,1.848603,18.010351,0.569485,0.917194,0.214474,7936,7936,0,0.472528,0.235950,re-read passages tha
1332,1,backward,1.433528,18.125258,0.546446,0.917152,0.171053,7936,7808,0,0.472132,0.314011,information-gain ter
1333,1,backward,1.595921,18.139108,0.566805,0.917134,0.222201,7808,7680,0,0.471736,0.511834,oduces the same vect
1334,0,forward,1.414077,18.099842,0.546864,0.917370,0.171053,7680,7808,0,0.471340,0.355187,information-gain ter
1335,2,fast_forward,1.794782,18.367787,0.546089,0.916951,0.167731,7808,8320,0,0.470944,0.414440,ion provide addition
1336,1,backward,1.703802,18.162035,0.545237,0.917030,0.185017,8320,8192,0,0.470548,0.514972,he statistics of the
1337,2,fast_forward,1.787697,18.296232,0.564825,0.916557,0.214366,8192,8704,0,0.470152,0.513110,treams. The model ha
1338,1,backward,1.416285,18.375599,0.566809,0.917682,0.187869,8704,8576,0,0.469756,0.262966,eroDataModel project
1339,0,forward,1.460453,18.512271,0.565687,0.916652,0.214366,8576,8704,0,0.469360,0.407588,treams. The model ha
1340,4,stay,1.509911,18.632921,0.566518,0.916832,0.214366,8704,8704,0,0.468964,0.467889,treams. The model ha
1341,4,stay,1.731281,18.622324,0.567335,0.916620,0.214366,8704,8704,0,0.468568,0.462558,treams. The model ha
1342,1,backward,1.401748,18.656096,0.569380,0.917526,0.187869,8704,8576,0,0.468172,0.457795,eroDataModel project
1343,1,backward,1.961341,18.868838,0.557517,0.917471,0.188304,8576,8448,0,0.467776,0.456308,e and bounded predic
1344,1,backward,1.547978,19.159389,0.547863,0.917001,0.167731,8448,8320,0,0.467380,0.468467,ion provide addition
1345,2,fast_forward,1.367372,19.083258,0.561608,0.917457,0.199805,8320,8832,0,0.466984,0.435763,its sensory input fr
1346,4,stay,1.353780,19.054636,0.561950,0.917410,0.199805,8832,8832,0,0.466588,0.359977,its sensory input fr
1347,2,fast_forward,1.598956,19.216338,0.575232,0.917296,0.230188,8832,9344,0,0.466192,0.423082,"energy, which is the"
1348,2,fast_forward,1.928213,18.974463,0.566209,0.916415,0.211626,9344,9856,0,0.465796,0.664228,eams. The model has
1349,4,stay,1.761691,19.119355,0.566798,0.916953,0.211626,9856,9856,0,0.465400,0.427720,eams. The model has
1350,3,fast_backward,1.471291,19.013814,0.577797,0.917326,0.230188,9856,9344,0,0.465004,0.431276,"energy, which is the"
1351,1,backward,1.479738,18.832433,0.564539,0.916897,0.205784,9344,9216,0,0.464608,0.603704,ve inference provide
1352,1,backward,1.522998,18.257687,0.574834,0.917550,0.192782,9216,9088,0,0.464212,0.454553,servation vector usi
1353,2,fast_forward,1.586271,18.127833,0.574993,0.917680,0.221889,9088,9600,0,0.463816,0.613873,free energy should
1354,2,fast_forward,1.557721,18.060109,0.563081,0.917053,0.211942,9600,10112,0,0.463420,0.455736,d and updates it to
1355,2,fast_forward,1.579661,18.043040,0.543231,0.916877,0.159154,10112,10624,0,0.463024,0.463071,The prediction erro
1356,2,fast_forward,1.413130,17.803182,0.570640,0.917190,0.212097,10624,11136,0,0.462628,0.561034,lays the passive rea
1357,2,fast_forward,1.729856,17.963891,0.554916,0.916999,0.198246,11136,11648,0,0.462232,0.322213,"me, the model is lea"
1358,3,fast_backward,1.516577,18.014860,0.570910,0.917277,0.212097,11648,11136,0,0.461836,0.459701,lays the passive rea
1359,0,forward,1.854049,17.978291,0.560893,0.916972,0.197953,11136,11264,0,0.461440,0.463138,w over a plain-text
1360,4,stay,1.758471,17.896049,0.561170,0.916977,0.197953,11264,11264,0,0.461044,0.539266,w over a plain-text
1361,0,forward,1.469710,17.838689,0.569601,0.917415,0.187022,11264,11392,0,0.460648,0.701013,ncoder maps each blo
1362,4,stay,1.524187,17.870810,0.569520,0.917488,0.187022,11392,11392,0,0.460252,0.553710,ncoder maps each blo
1363,3,fast_backward,1.420585,17.714346,0.556028,0.916800,0.184111,11392,10880,0,0.459856,0.612411,ative observations.
1364,1,backward,1.616724,17.718684,0.562348,0.917206,0.185360,10880,10752,0,0.459460,0.482020,wnward-trending free
1365,1,backward,1.778900,17.568749,0.541762,0.916997,0.159154,10752,10624,0,0.459064,0.402030,The prediction erro
1366,0,forward,1.472421,17.594322,0.560619,0.917287,0.185360,10624,10752,0,0.458668,0.611205,wnward-trending free
1367,3,fast_backward,1.614043,17.319848,0.597247,0.917199,0.257548,10752,10240,0,0.458272,0.429060,"eam of characters, t"
1368,2,fast_forward,1.254699,17.421369,0.562536,0.917237,0.185360,10240,10752,0,0.457876,0.687073,wnward-trending free
1369,3,fast_backward,1.649111,17.320451,0.598933,0.917269,0.257548,10752,10240,0,0.457480,0.600079,"eam of characters, t"
1370,0,forward,1.866851,17.259241,0.596343,0.917548,0.264807,10240,10368,0,0.457084,0.567559,learns the statistic
1371,1,backward,1.553328,17.332279,0.602606,0.917423,0.257548,10368,10240,0,0.456688,0.849615,"eam of characters, t"
1372,2,fast_forward,1.283829,17.409388,0.567985,0.917328,0.185360,10240,10752,0,0.456292,0.684388,wnward-trending free
1373,1,backward,1.484788,17.271811,0.546781,0.916657,0.159154,10752,10624,0,0.455896,0.680931,The prediction erro
1374,3,fast_backward,1.459952,17.300073,0.564718,0.917359,0.211942,10624,10112,0,0.455500,0.684283,d and updates it to
1375,4,stay,1.453253,17.218948,0.564968,0.917385,0.211942,10112,10112,0,0.455104,0.666682,d and updates it to
1376,4,stay,1.879454,17.115667,0.565220,0.917383,0.211942,10112,10112,0,0.454708,0.561103,d and updates it to
1377,3,fast_backward,0.932046,17.100526,0.578333,0.917656,0.221889,10112,9600,0,0.454312,0.863459,free energy should
1378,0,forward,2.120810,17.322839,0.574322,0.917704,0.183950,9600,9728,0,0.453916,0.695479,oDataModel project t
1379,0,forward,1.441832,17.169830,0.571459,0.916603,0.211626,9728,9856,0,0.453520,0.412636,eams. The model has
1380,2,fast_forward,1.505452,17.422070,0.598321,0.917446,0.264807,9856,10368,0,0.453124,0.756906,learns the statistic
1381,3,fast_backward,1.798485,17.702931,0.573704,0.916706,0.211626,10368,9856,0,0.452728,0.905940,eams. The model has
1382,2,fast_forward,1.320635,17.623106,0.600561,0.917444,0.264807,9856,10368,0,0.452332,0.673770,learns the statistic
1383,4,stay,1.776054,17.814795,0.602336,0.917466,0.264807,10368,10368,0,0.451936,0.579403,learns the statistic
1384,0,forward,1.492672,18.225678,0.581417,0.917186,0.231112,10368,10496,0,0.451540,0.377041,the curve decreases
1385,2,fast_forward,1.258912,18.246433,0.578466,0.917275,0.205078,10496,11008,0,0.451144,0.432538,curiosity could driv
1386,1,backward,2.271622,18.264421,0.565952,0.916818,0.184111,11008,10880,0,0.450748,0.799906,ative observations.
1387,2,fast_forward,1.615036,18.094637,0.577429,0.917413,0.187022,10880,11392,0,0.450352,0.740192,ncoder maps each blo
1388,2,fast_forward,1.706455,18.395907,0.572620,0.917477,0.188113,11392,11904,0,0.449956,0.809847,curve with stable co
1389,1,backward,1.771351,18.462509,0.555942,0.916708,0.168822,11904,11776,0,0.449560,0.904649,"dence, and action di"
1390,1,backward,1.568341,18.311556,0.561079,0.917456,0.198246,11776,11648,0,0.449164,0.440867,"me, the model is lea"
1391,2,fast_forward,1.867049,18.441461,0.575154,0.916743,0.207896,11648,12160,0,0.448768,0.814025,om raw pixel or char
1392,1,backward,1.866649,18.533340,0.571934,0.917590,0.184648,12160,12032,0,0.448372,0.864614,lf-organising system
1393,3,fast_backward,1.682794,18.610419,0.602926,0.917601,0.260909,12032,11520,0,0.447976,0.890417,ck always produces t
1394,1,backward,1.552879,18.671217,0.575722,0.917665,0.187022,11520,11392,0,0.447580,0.523249,ncoder maps each blo
1395,0,forward,1.309968,18.710195,0.604248,0.917540,0.260909,11392,11520,0,0.447184,0.670163,ck always produces t
1396,0,forward,1.715042,18.767835,0.563725,0.916995,0.198246,11520,11648,0,0.446788,0.740478,"me, the model is lea"
1397,4,stay,1.777350,18.468646,0.563445,0.917047,0.198246,11648,11648,0,0.446392,0.852715,"me, the model is lea"
1398,1,backward,1.710379,18.484905,0.605549,0.917514,0.260909,11648,11520,0,0.445996,0.717946,ck always produces t
1399,2,fast_forward,1.680502,18.847508,0.575486,0.917728,0.184648,11520,12032,0,0.445600,0.656049,lf-organising system
1400,4,stay,1.311008,18.990468,0.574430,0.917996,0.184648,12032,12032,0,0.445204,0.427328,lf-organising system
1401,2,fast_forward,1.492400,19.110431,0.582359,0.916931,0.219217,12032,12544,0,0.444808,0.738736,del to seek unfamili
1402,0,forward,1.635375,19.024602,0.578122,0.917604,0.212453,12544,12672,0,0.444412,0.877281,eline; the active re
1403,3,fast_backward,1.582311,18.920723,0.577103,0.916387,0.207896,12672,12160,0,0.444016,0.901146,om raw pixel or char
1404,0,forward,1.308025,19.065612,0.573455,0.917533,0.198617,12160,12288,0,0.443620,0.761104,discover the struct
1405,4,stay,1.834795,19.351965,0.572979,0.917601,0.198617,12288,12288,0,0.443224,0.718242,discover the struct
1406,2,fast_forward,1.566126,19.219174,0.569724,0.916807,0.195961,12288,12800,0,0.442828,0.726332,e model reads fixed-
1407,0,forward,1.562427,19.388061,0.576302,0.917687,0.191578,12800,12928,0,0.442432,0.773866,fixed-dim observatio
1408,0,forward,1.506739,19.224711,0.571142,0.917490,0.198331,12928,13056,0,0.442036,0.448040,vector. Active infer
1409,3,fast_backward,1.628742,19.142195,0.581025,0.917072,0.219217,13056,12544,0,0.441640,0.910754,del to seek unfamili
1410,2,fast_forward,1.537719,18.874093,0.571226,0.916857,0.198331,12544,13056,0,0.441244,0.759098,vector. Active infer
1411,2,fast_forward,1.908024,19.271955,0.574991,0.917994,0.191645,13056,13568,0,0.440848,0.547718,tem. The ZeroDataMod
1412,1,backward,1.365697,19.385527,0.577366,0.917764,0.218122,13568,13440,0,0.440452,0.835219,"of the text, free en"
1413,3,fast_backward,1.572505,18.864149,0.575805,0.917545,0.191578,13440,12928,0,0.440056,0.464829,fixed-dim observatio
1414,4,stay,1.451684,18.767557,0.575559,0.917488,0.191578,12928,12928,0,0.439660,1.062254,fixed-dim observatio
1415,3,fast_backward,1.770631,18.610652,0.556133,0.917037,0.178816,12928,12416,0,0.439264,0.237735,"E, the model was ex"
1416,2,fast_forward,1.287810,18.308731,0.574487,0.917546,0.191578,12416,12928,0,0.438868,0.758051,fixed-dim observatio
1417,0,forward,1.763648,18.497842,0.569267,0.916818,0.198331,12928,13056,0,0.438472,0.481240,vector. Active infer
1418,4,stay,1.430317,18.440579,0.569148,0.916944,0.198331,13056,13056,0,0.438076,0.574085,vector. Active infer
1419,2,fast_forward,1.622081,18.399522,0.573079,0.917540,0.191645,13056,13568,0,0.437680,0.439018,tem. The ZeroDataMod
1420,1,backward,1.789514,18.595086,0.575541,0.917316,0.218122,13568,13440,0,0.437284,0.783788,"of the text, free en"
1421,1,backward,2.000137,18.410817,0.599488,0.917455,0.249848,13440,13312,0,0.436888,0.866889,free energy reflect
1422,2,fast_forward,1.342500,18.667363,0.571453,0.917509,0.200124,13312,13824,0,0.436492,0.755330,ucture of its sensor
1423,4,stay,1.340050,18.652262,0.571263,0.917441,0.200124,13824,13824,0,0.436096,0.572460,ucture of its sensor
1424,1,backward,2.062708,18.757809,0.579670,0.916463,0.215574,13824,13696,0,0.435700,0.781296,haracter streams. Th
1425,2,fast_forward,1.557869,18.813100,0.597226,0.918220,0.254678,13696,14208,0,0.435304,0.283914,ctor. Evaluation of
1426,2,fast_forward,1.919116,18.608253,0.557743,0.917300,0.168851,14208,14720,0,0.434908,0.656028,h an information-gai
1427,1,backward,1.581705,18.777440,0.568187,0.916928,0.197942,14720,14592,0,0.434512,0.567125,nd bounded predictio
1428,3,fast_backward,2.163915,18.928337,0.580674,0.917283,0.198817,14592,14080,0,0.434116,0.515386,xed-dim observation
1429,3,fast_backward,1.492569,19.300601,0.574650,0.917958,0.191645,14080,13568,0,0.433720,0.461531,tem. The ZeroDataMod
1430,2,fast_forward,1.783918,19.097169,0.580213,0.917422,0.198817,13568,14080,0,0.433324,0.530045,xed-dim observation
1431,0,forward,1.022918,19.132257,0.596854,0.917621,0.254678,14080,14208,0,0.432928,0.552277,ctor. Evaluation of
1432,0,forward,1.713538,19.147751,0.555014,0.917239,0.175441,14208,14336,0,0.432532,0.532871,statistics of the te
1433,2,fast_forward,1.827614,18.918005,0.579090,0.917220,0.214403,14336,14848,0,0.432136,0.578097,s or re-read passage
1434,1,backward,2.004512,18.860546,0.556114,0.917460,0.168851,14848,14720,0,0.431740,0.869574,h an information-gai
1435,0,forward,1.350898,18.555318,0.577996,0.917124,0.214403,14720,14848,0,0.431344,0.447536,s or re-read passage
1436,0,forward,1.228101,18.453855,0.571966,0.916886,0.206793,14848,14976,0,0.430948,0.625193,e comes next. Active
1437,2,fast_forward,1.831280,18.242466,0.567493,0.917486,0.209899,14976,15488,0,0.430552,0.513309,ief about the world
1438,0,forward,1.729117,18.210898,0.601193,0.917972,0.249726,15488,15616,0,0.430156,0.545137,agent reads a strea
1439,2,fast_forward,1.595841,18.016857,0.571481,0.917666,0.197962,15616,16128,0,0.429760,0.532273,language model. It m
1440,2,fast_forward,1.878308,18.173468,0.569654,0.917109,0.215157,16128,16640,0,0.429364,0.607619,"es over time, the mo"
1441,0,forward,1.460262,18.295888,0.548494,0.916679,0.160017,16640,16768,0,0.428968,0.496541,"ror, confidence, and"
1442,4,stay,1.445085,18.328769,0.546207,0.916808,0.160017,16768,16768,0,0.428572,0.581067,"ror, confidence, and"
1443,1,backward,1.786304,18.080769,0.565200,0.917390,0.215157,16768,16640,0,0.428176,0.337011,"es over time, the mo"
1444,2,fast_forward,1.750215,17.897446,0.580144,0.917459,0.224842,16640,17152,0,0.427780,0.489146,ive the model to see
1445,3,fast_backward,1.478447,18.002933,0.566673,0.916991,0.215157,17152,16640,0,0.427384,0.571156,"es over time, the mo"
1446,4,stay,1.936585,18.076819,0.567223,0.916805,0.215157,16640,16640,0,0.426988,0.581299,"es over time, the mo"
1447,4,stay,1.503027,18.075563,0.567758,0.917024,0.215157,16640,16640,0,0.426592,0.608631,"es over time, the mo"
1448,0,forward,1.799257,18.444271,0.547363,0.916463,0.160017,16640,16768,0,0.426196,0.476209,"ror, confidence, and"
1449,0,forward,1.857094,18.370992,0.573152,0.917656,0.196066,16768,16896,0,0.425800,0.501244,ee-energy curve with
1450,0,forward,1.573159,18.501941,0.551157,0.917126,0.176040,16896,17024,0,0.425404,0.547686,". In Phase E, the mo"
1451,1,backward,1.864351,18.573695,0.572401,0.917407,0.196066,17024,16896,0,0.425008,0.603118,ee-energy curve with
1452,1,backward,1.598314,18.437112,0.544834,0.916671,0.160017,16896,16768,0,0.424612,0.555459,"ror, confidence, and"
1453,3,fast_backward,1.339776,18.550565,0.559089,0.917142,0.186502,16768,16256,0,0.424216,0.497770,racked view over a p
1454,3,fast_backward,1.685578,18.575059,0.586640,0.917038,0.247085,16256,15744,0,0.423820,0.432409,ate. As the model le
1455,3,fast_backward,1.432353,18.656017,0.600465,0.917281,0.257778,15744,15232,0,0.423424,0.491698,"s, the free energy r"
1456,1,backward,1.593531,18.528130,0.573213,0.917469,0.215427,15232,15104,0,0.423028,0.376688,to minimise free en
1457,0,forward,1.642689,18.648833,0.602752,0.917561,0.257778,15104,15232,0,0.422632,0.328327,"s, the free energy r"
1458,2,fast_forward,1.728649,18.653326,0.592482,0.917138,0.247085,15232,15744,0,0.422236,0.465366,ate. As the model le
1459,2,fast_forward,1.296249,18.500204,0.565371,0.917162,0.186502,15744,16256,0,0.421840,0.447692,racked view over a p
1460,3,fast_backward,1.389274,18.373609,0.593392,0.917462,0.247085,16256,15744,0,0.421444,0.399769,ate. As the model le
1461,0,forward,1.328126,18.297232,0.579977,0.917727,0.200565,15744,15872,0,0.421048,0.437750,on of structure in a
1462,3,fast_backward,1.847720,18.498275,0.580991,0.917151,0.220823,15872,15360,0,0.420652,0.326300,"stics of the text, f"
1463,3,fast_backward,1.451439,18.419304,0.581882,0.917036,0.214403,15360,14848,0,0.420256,0.540626,s or re-read passage
1464,1,backward,2.067786,18.289523,0.559205,0.917368,0.168851,14848,14720,0,0.419860,0.531027,h an information-gai
1465,1,backward,1.280972,18.170092,0.569241,0.917252,0.197942,14720,14592,0,0.419464,0.376137,nd bounded predictio
1466,2,fast_forward,1.469483,18.344260,0.576725,0.917378,0.215427,14592,15104,0,0.419068,0.395171,to minimise free en
1467,3,fast_backward,1.510561,18.421877,0.569499,0.917092,0.197942,15104,14592,0,0.418672,0.360883,nd bounded predictio
1468,3,fast_backward,1.634952,18.420366,0.582245,0.917465,0.198817,14592,14080,0,0.418276,0.279490,xed-dim observation
1469,2,fast_forward,1.244123,18.592679,0.569349,0.917306,0.197942,14080,14592,0,0.417880,0.447889,nd bounded predictio
1470,2,fast_forward,1.722308,18.895089,0.576689,0.917732,0.215427,14592,15104,0,0.417484,0.473721,to minimise free en
1471,2,fast_forward,1.759802,19.078003,0.603413,0.917521,0.249726,15104,15616,0,0.417088,0.585897,agent reads a strea
1472,3,fast_backward,1.562573,19.073640,0.578786,0.917225,0.215427,15616,15104,0,0.416692,0.314012,to minimise free en
1473,0,forward,1.520496,19.143113,0.607470,0.917133,0.257778,15104,15232,0,0.416296,0.299415,"s, the free energy r"
1474,4,stay,1.525250,19.164235,0.608952,0.917135,0.257778,15232,15232,0,0.415900,0.392141,"s, the free energy r"
1475,3,fast_backward,1.298428,19.083683,0.563180,0.917150,0.168851,15232,14720,0,0.415504,0.586220,h an information-gai
1476,0,forward,1.123315,19.201395,0.584129,0.917326,0.214403,14720,14848,0,0.415108,0.286501,s or re-read passage
1477,4,stay,1.276190,19.449983,0.584097,0.917072,0.214403,14848,14848,0,0.414712,0.527956,s or re-read passage
1478,3,fast_backward,1.734149,19.681427,0.559247,0.917718,0.175441,14848,14336,0,0.414316,0.648217,statistics of the te
1479,0,forward,1.691403,19.586825,0.564473,0.916741,0.177662,14336,14464,0,0.413920,0.737791,provide additional
1480,1,backward,1.874189,19.283257,0.556761,0.917037,0.175441,14464,14336,0,0.413524,0.646830,statistics of the te
1481,3,fast_backward,1.501916,19.072700,0.572967,0.917449,0.200124,14336,13824,0,0.413128,0.409173,ucture of its sensor
1482,4,stay,1.993971,19.162173,0.572915,0.917677,0.200124,13824,13824,0,0.412732,0.675852,ucture of its sensor
1483,1,backward,1.620408,19.012873,0.581297,0.916765,0.215574,13824,13696,0,0.412336,0.682534,haracter streams. Th
1484,4,stay,1.593527,19.073588,0.581636,0.916644,0.215574,13696,13696,0,0.411940,0.544146,haracter streams. Th
1485,0,forward,1.237605,19.207396,0.573655,0.917485,0.200124,13696,13824,0,0.411544,0.615908,ucture of its sensor
1486,2,fast_forward,1.812465,19.301359,0.556251,0.917215,0.175441,13824,14336,0,0.411148,0.614399,statistics of the te
1487,2,fast_forward,1.133112,19.188789,0.580577,0.917134,0.214403,14336,14848,0,0.410752,0.380142,s or re-read passage
1488,1,backward,1.729265,19.039920,0.557997,0.917478,0.168851,14848,14720,0,0.410356,0.541358,h an information-gai
1489,2,fast_forward,1.630174,18.894118,0.604201,0.917119,0.257778,14720,15232,0,0.409960,0.446318,"s, the free energy r"
1490,2,fast_forward,1.683628,18.905147,0.594108,0.917448,0.247085,15232,15744,0,0.409564,0.425808,ate. As the model le
1491,0,forward,1.434968,18.936076,0.581004,0.917558,0.200565,15744,15872,0,0.409168,0.541449,on of structure in a
1492,1,backward,1.519161,18.937287,0.595343,0.917220,0.247085,15872,15744,0,0.408772,0.600766,ate. As the model le
1493,0,forward,1.466036,18.963454,0.582075,0.917571,0.200565,15744,15872,0,0.408376,0.539401,on of structure in a
1494,1,backward,1.574494,18.950991,0.596453,0.917306,0.247085,15872,15744,0,0.407980,0.492502,ate. As the model le
1495,3,fast_backward,1.859315,19.036705,0.609271,0.917439,0.257778,15744,15232,0,0.407584,0.633367,"s, the free energy r"
1496,1,backward,1.563518,19.041234,0.582617,0.917460,0.215427,15232,15104,0,0.407188,0.467377,to minimise free en
1497,1,backward,1.732939,19.330514,0.580290,0.916880,0.206793,15104,14976,0,0.406792,0.268103,e comes next. Active
1498,3,fast_backward,1.760994,19.168136,0.567449,0.917202,0.177662,14976,14464,0,0.406396,0.402102,provide additional
1499,3,fast_backward,1.554223,19.524708,0.569464,0.916674,0.188260,14464,13952,0,0.406000,0.470615,model reads fixed-le
1500,3,fast_backward,1.773409,19.543028,0.583006,0.917490,0.218122,13952,13440,0,0.405604,0.433492,"of the text, free en"
1501,1,backward,1.988733,19.337073,0.605666,0.917859,0.249848,13440,13312,0,0.405208,0.678607,free energy reflect
1502,4,stay,1.688002,19.057282,0.606919,0.917646,0.249848,13312,13312,0,0.404812,0.274890,free energy reflect
1503,0,forward,1.167913,18.796785,0.585872,0.917359,0.218122,13312,13440,0,0.404416,0.376763,"of the text, free en"
1504,2,fast_forward,1.421521,18.697244,0.571533,0.916658,0.188260,13440,13952,0,0.404020,0.321138,model reads fixed-le
1505,1,backward,1.559717,18.502100,0.579153,0.917342,0.200124,13952,13824,0,0.403624,0.355271,ucture of its sensor
1506,3,fast_backward,1.625512,18.584150,0.607114,0.917555,0.249848,13824,13312,0,0.403228,0.674134,free energy reflect
1507,1,backward,1.847078,18.704604,0.587697,0.917372,0.222642,13312,13184,0,0.402832,0.666780,"nimise free energy,"
1508,1,backward,1.830249,18.792775,0.579499,0.916579,0.198331,13184,13056,0,0.402436,0.340611,vector. Active infer
1509,1,backward,1.334143,18.657084,0.583214,0.917331,0.191578,13056,12928,0,0.402040,0.441994,fixed-dim observatio
1510,0,forward,1.502972,18.717579,0.578313,0.917011,0.198331,12928,13056,0,0.401644,0.413275,vector. Active infer
1511,0,forward,1.331715,18.628029,0.586393,0.917460,0.222642,13056,13184,0,0.401248,0.493595,"nimise free energy,"
1512,0,forward,1.141195,18.813617,0.607416,0.917265,0.249848,13184,13312,0,0.400852,0.491907,free energy reflect
1513,2,fast_forward,1.571206,19.026016,0.580396,0.917433,0.200124,13312,13824,0,0.400456,0.337857,ucture of its sensor
1514,1,backward,1.423002,18.973159,0.587214,0.916703,0.215574,13824,13696,0,0.400060,0.204642,haracter streams. Th
1515,4,stay,1.509145,18.720812,0.587247,0.917064,0.215574,13696,13696,0,0.399664,0.351771,haracter streams. Th
1516,2,fast_forward,1.512455,18.464238,0.605144,0.917634,0.254678,13696,14208,0,0.399268,0.445819,ctor. Evaluation of
1517,4,stay,1.443765,18.236499,0.606624,0.917832,0.254678,14208,14208,0,0.398872,0.666506,ctor. Evaluation of
1518,4,stay,1.730005,18.053035,0.608031,0.917652,0.254678,14208,14208,0,0.398476,0.464343,ctor. Evaluation of
1519,1,backward,1.695303,17.979032,0.592603,0.917563,0.198817,14208,14080,0,0.398080,0.474802,xed-dim observation
1520,3,fast_backward,1.303020,18.093685,0.586737,0.917755,0.191645,14080,13568,0,0.397684,0.479629,tem. The ZeroDataMod
1521,3,fast_backward,1.706033,18.186306,0.581801,0.917090,0.198331,13568,13056,0,0.397288,0.220868,vector. Active infer
1522,2,fast_forward,1.572140,18.236697,0.585223,0.917756,0.191645,13056,13568,0,0.396892,0.488417,tem. The ZeroDataMod
1523,1,backward,1.746877,18.200255,0.587282,0.917654,0.218122,13568,13440,0,0.396496,0.381503,"of the text, free en"
1524,3,fast_backward,1.768793,18.167773,0.584863,0.917727,0.191578,13440,12928,0,0.396100,0.775913,fixed-dim observatio
1525,1,backward,1.700842,18.345012,0.577096,0.916664,0.195961,12928,12800,0,0.395704,0.473854,e model reads fixed-
1526,1,backward,1.507800,18.503892,0.584512,0.917396,0.212453,12800,12672,0,0.395308,0.319845,eline; the active re
1527,0,forward,1.546535,18.417508,0.576521,0.916735,0.195961,12672,12800,0,0.394912,0.750748,e model reads fixed-
1528,3,fast_backward,1.507052,18.310488,0.579869,0.917815,0.198617,12800,12288,0,0.394516,0.309615,discover the struct
1529,1,backward,1.690902,18.308298,0.582558,0.916516,0.207896,12288,12160,0,0.394120,0.340409,om raw pixel or char
1530,3,fast_backward,1.262016,18.359038,0.568837,0.917135,0.198246,12160,11648,0,0.393724,0.374875,"me, the model is lea"
1531,4,stay,1.754901,18.067623,0.568556,0.917029,0.198246,11648,11648,0,0.393328,0.484590,"me, the model is lea"
1532,4,stay,1.272222,17.931861,0.568316,0.917285,0.198246,11648,11648,0,0.392932,0.609092,"me, the model is lea"
1533,4,stay,1.365557,18.073161,0.568111,0.916932,0.198246,11648,11648,0,0.392536,0.593952,"me, the model is lea"
1534,3,fast_backward,1.240742,18.037714,0.582846,0.917460,0.212097,11648,11136,0,0.392140,0.512943,lays the passive rea
1535,1,backward,1.439312,18.215440,0.580437,0.917764,0.205078,11136,11008,0,0.391744,0.525391,curiosity could driv
1536,4,stay,1.247137,18.198936,0.580538,0.917282,0.205078,11008,11008,0,0.391348,0.362538,curiosity could driv
1537,2,fast_forward,1.429938,18.062979,0.609326,0.918042,0.260909,11008,11520,0,0.390952,0.405029,ck always produces t
1538,0,forward,1.581150,18.047456,0.569666,0.917310,0.198246,11520,11648,0,0.390556,0.182501,"me, the model is lea"
1539,0,forward,1.647049,18.015352,0.562670,0.916588,0.168822,11648,11776,0,0.390160,0.579576,"dence, and action di"
1540,4,stay,1.458239,17.720246,0.560826,0.916496,0.168822,11776,11776,0,0.389764,0.346923,"dence, and action di"
1541,2,fast_forward,1.528608,17.593837,0.575569,0.917811,0.198617,11776,12288,0,0.389368,0.405657,discover the struct
1542,4,stay,1.274000,17.433253,0.575302,0.917862,0.198617,12288,12288,0,0.388972,0.554695,discover the struct
1543,2,fast_forward,1.829732,17.698009,0.572771,0.916569,0.195961,12288,12800,0,0.388576,0.627079,e model reads fixed-
1544,4,stay,1.596032,17.597854,0.572695,0.917022,0.195961,12800,12800,0,0.388180,0.377329,e model reads fixed-
1545,2,fast_forward,1.761333,17.497681,0.603759,0.917341,0.249848,12800,13312,0,0.387784,0.578200,free energy reflect
1546,4,stay,1.230547,17.361342,0.605154,0.917400,0.249848,13312,13312,0,0.387388,0.615255,free energy reflect
1547,0,forward,1.512512,17.689453,0.584351,0.917909,0.218122,13312,13440,0,0.386992,0.316340,"of the text, free en"
1548,2,fast_forward,1.411931,17.696543,0.570748,0.916943,0.188260,13440,13952,0,0.386596,0.500757,model reads fixed-le
1549,3,fast_backward,1.561414,17.767564,0.584172,0.917625,0.218122,13952,13440,0,0.386200,0.495773,"of the text, free en"
1550,2,fast_forward,1.894061,17.909942,0.570600,0.916847,0.188260,13440,13952,0,0.385804,0.614049,model reads fixed-le
1551,0,forward,1.602264,17.813590,0.586771,0.917345,0.198817,13952,14080,0,0.385408,0.450556,xed-dim observation
1552,3,fast_backward,1.735468,17.806430,0.580985,0.917484,0.191645,14080,13568,0,0.385012,0.541754,tem. The ZeroDataMod
1553,3,fast_backward,1.459791,17.721222,0.576096,0.916940,0.198331,13568,13056,0,0.384616,0.445191,vector. Active infer
1554,2,fast_forward,1.557375,17.443117,0.580363,0.917625,0.191645,13056,13568,0,0.384220,0.587583,tem. The ZeroDataMod
1555,0,forward,1.651667,17.640698,0.584884,0.916603,0.215574,13568,13696,0,0.383824,0.425864,haracter streams. Th
1556,0,forward,1.176063,17.542383,0.576738,0.917601,0.200124,13696,13824,0,0.383428,0.583436,ucture of its sensor
1557,2,fast_forward,1.911909,17.257045,0.559147,0.917210,0.175441,13824,14336,0,0.383032,0.318271,statistics of the te
1558,0,forward,1.488805,17.165779,0.565030,0.917066,0.177662,14336,14464,0,0.382636,0.428138,provide additional
1559,4,stay,1.294269,17.209805,0.564152,0.916798,0.177662,14464,14464,0,0.382240,0.603753,provide additional
1560,4,stay,1.595640,17.292773,0.563366,0.917047,0.177662,14464,14464,0,0.381844,0.390450,provide additional
1561,0,forward,1.634872,17.268522,0.569456,0.916962,0.197942,14464,14592,0,0.381448,0.427346,nd bounded predictio
1562,3,fast_backward,1.712571,17.242923,0.582871,0.917687,0.198817,14592,14080,0,0.381052,0.559155,xed-dim observation
1563,0,forward,1.658973,17.587077,0.599090,0.917349,0.254678,14080,14208,0,0.380656,0.251925,ctor. Evaluation of
1564,2,fast_forward,1.134270,17.634760,0.559947,0.917483,0.168851,14208,14720,0,0.380260,0.615668,h an information-gai
1565,3,fast_backward,1.422933,17.734928,0.599900,0.917290,0.254678,14720,14208,0,0.379864,0.424037,ctor. Evaluation of
1566,1,backward,1.608498,17.882538,0.585577,0.917728,0.198817,14208,14080,0,0.379468,0.517034,xed-dim observation
1567,3,fast_backward,1.562174,18.003812,0.579523,0.917737,0.191645,14080,13568,0,0.379072,0.396734,tem. The ZeroDataMod
1568,2,fast_forward,1.807377,18.092156,0.585265,0.917534,0.198817,13568,14080,0,0.378676,0.552364,xed-dim observation
1569,3,fast_backward,1.624604,18.310898,0.579220,0.917779,0.191645,14080,13568,0,0.378280,0.456475,tem. The ZeroDataMod
1570,4,stay,1.252762,18.140945,0.578936,0.917662,0.191645,13568,13568,0,0.377884,0.558797,tem. The ZeroDataMod
1571,0,forward,1.400172,18.102235,0.584136,0.916601,0.215574,13568,13696,0,0.377488,0.312308,haracter streams. Th
1572,4,stay,1.662249,18.227852,0.584485,0.916508,0.215574,13696,13696,0,0.377092,0.449052,haracter streams. Th
1573,2,fast_forward,1.466556,18.483360,0.601826,0.917420,0.254678,13696,14208,0,0.376696,0.432848,ctor. Evaluation of
1574,1,backward,1.341338,18.607168,0.587121,0.917324,0.198817,14208,14080,0,0.376300,0.351468,xed-dim observation
1575,1,backward,1.746803,18.455259,0.570745,0.916753,0.188260,14080,13952,0,0.375904,0.488468,model reads fixed-le
1576,0,forward,1.385396,18.460569,0.586709,0.917538,0.198817,13952,14080,0,0.375508,0.487787,xed-dim observation
1577,4,stay,1.365709,18.737338,0.586675,0.917692,0.198817,14080,14080,0,0.375112,0.530027,xed-dim observation
1578,1,backward,1.416213,18.623259,0.570333,0.916587,0.188260,14080,13952,0,0.374716,0.606631,model reads fixed-le
1579,1,backward,1.685145,18.787626,0.576499,0.917471,0.200124,13952,13824,0,0.374320,0.479872,ucture of its sensor
1580,3,fast_backward,1.447188,19.011266,0.605813,0.917480,0.249848,13824,13312,0,0.373924,0.528760,free energy reflect
1581,0,forward,1.570116,19.076150,0.584466,0.917907,0.218122,13312,13440,0,0.373528,0.583099,"of the text, free en"
1582,1,backward,1.390374,18.874996,0.607329,0.917376,0.249848,13440,13312,0,0.373132,0.647768,free energy reflect
1583,3,fast_backward,1.199242,18.868215,0.576519,0.916772,0.195961,13312,12800,0,0.372736,0.456932,e model reads fixed-
1584,3,fast_backward,1.195489,18.898670,0.579572,0.917667,0.198617,12800,12288,0,0.372340,0.581865,discover the struct
1585,2,fast_forward,1.454862,18.835924,0.575837,0.916457,0.195961,12288,12800,0,0.371944,0.694684,e model reads fixed-
1586,3,fast_backward,1.682042,18.908978,0.578753,0.917727,0.198617,12800,12288,0,0.371548,0.688197,discover the struct
1587,3,fast_backward,1.769532,18.759371,0.561248,0.916414,0.168822,12288,11776,0,0.371152,0.548058,"dence, and action di"
1588,2,fast_forward,1.586552,18.718392,0.576157,0.917718,0.198617,11776,12288,0,0.370756,0.591584,discover the struct
1589,2,fast_forward,1.737495,18.981830,0.573390,0.917076,0.195961,12288,12800,0,0.370360,0.539656,e model reads fixed-
1590,1,backward,1.182642,19.107368,0.580096,0.917388,0.212453,12800,12672,0,0.369964,0.634723,eline; the active re
1591,3,fast_backward,1.627960,19.095895,0.580429,0.916513,0.207896,12672,12160,0,0.369568,0.607642,om raw pixel or char
1592,0,forward,1.686370,18.969236,0.576052,0.917663,0.198617,12160,12288,0,0.369172,0.585600,discover the struct
1593,2,fast_forward,1.582230,19.080113,0.573247,0.916663,0.195961,12288,12800,0,0.368776,0.555037,e model reads fixed-
1594,3,fast_backward,1.370149,19.012959,0.575689,0.917958,0.198617,12800,12288,0,0.368380,0.414312,discover the struct
1595,3,fast_backward,1.500699,18.713015,0.558862,0.916544,0.168822,12288,11776,0,0.367984,0.436882,"dence, and action di"
1596,0,forward,1.726400,18.629626,0.572608,0.917568,0.188113,11776,11904,0,0.367588,0.355764,curve with stable co
1597,0,forward,1.881554,18.519092,0.574311,0.918394,0.184648,11904,12032,0,0.367192,0.861690,lf-organising system
1598,1,backward,1.584808,18.289123,0.571625,0.917258,0.188113,12032,11904,0,0.366796,0.697799,curve with stable co
1599,4,stay,1.650937,18.004119,0.571336,0.917506,0.188113,11904,11904,0,0.366400,0.609089,curve with stable co
1600,1,backward,1.383969,18.008608,0.555820,0.916856,0.168822,11904,11776,0,0.366004,0.409361,"dence, and action di"
1601,4,stay,1.443883,18.087678,0.554546,0.916742,0.168822,11776,11776,0,0.365608,0.491558,"dence, and action di"
1602,0,forward,1.209392,18.278342,0.568349,0.917504,0.188113,11776,11904,0,0.365212,0.521826,curve with stable co
1603,3,fast_backward,1.394360,18.434768,0.573621,0.917342,0.187022,11904,11392,0,0.364816,0.373755,ncoder maps each blo
1604,3,fast_backward,1.238774,18.516305,0.560292,0.917665,0.184111,11392,10880,0,0.364420,0.530728,ative observations.
1605,2,fast_forward,1.718997,18.208679,0.573407,0.917427,0.187022,10880,11392,0,0.364024,0.406586,ncoder maps each blo
1606,0,forward,1.184288,18.303027,0.601271,0.918163,0.260909,11392,11520,0,0.363628,0.483643,ck always produces t
1607,0,forward,1.507796,18.265890,0.561665,0.917118,0.198246,11520,11648,0,0.363232,0.381199,"me, the model is lea"
1608,4,stay,1.429767,18.404066,0.561838,0.916976,0.198246,11648,11648,0,0.362836,0.459323,"me, the model is lea"
1609,0,forward,1.646900,18.406404,0.555627,0.916822,0.168822,11648,11776,0,0.362440,0.486505,"dence, and action di"
1610,3,fast_backward,1.577227,18.290102,0.566858,0.916999,0.197953,11776,11264,0,0.362044,0.467513,w over a plain-text
1611,2,fast_forward,1.742409,18.242262,0.554787,0.916490,0.168822,11264,11776,0,0.361648,0.479546,"dence, and action di"
1612,0,forward,1.443152,18.035377,0.568626,0.917530,0.188113,11776,11904,0,0.361252,0.405158,curve with stable co
1613,2,fast_forward,1.408480,18.045228,0.554401,0.917370,0.178816,11904,12416,0,0.360856,0.422171,"E, the model was ex"
1614,3,fast_backward,1.780346,17.924579,0.568286,0.917363,0.188113,12416,11904,0,0.360460,0.382681,curve with stable co
1615,2,fast_forward,1.394001,17.943594,0.554049,0.917081,0.178816,11904,12416,0,0.360064,0.464869,"E, the model was ex"
1616,0,forward,1.869745,17.815097,0.579147,0.917026,0.219217,12416,12544,0,0.359668,0.556622,del to seek unfamili
1617,4,stay,1.737249,17.829416,0.579872,0.916884,0.219217,12544,12544,0,0.359272,0.433366,del to seek unfamili
1618,1,backward,1.430115,17.922055,0.555411,0.917196,0.178816,12544,12416,0,0.358876,0.453399,"E, the model was ex"
1619,2,fast_forward,1.429057,17.874837,0.575072,0.917445,0.191578,12416,12928,0,0.358480,0.477358,fixed-dim observatio
1620,4,stay,1.422545,17.953638,0.575267,0.917431,0.191578,12928,12928,0,0.358084,0.486093,fixed-dim observatio
1621,1,backward,1.608519,17.976828,0.569304,0.916737,0.195961,12928,12800,0,0.357688,0.292688,e model reads fixed-
1622,0,forward,1.793013,17.906278,0.575796,0.917220,0.191578,12800,12928,0,0.357292,0.487865,fixed-dim observatio
1623,1,backward,1.089050,17.946132,0.569780,0.916467,0.195961,12928,12800,0,0.356896,0.452447,e model reads fixed-
1624,4,stay,1.655715,18.248589,0.570050,0.916711,0.195961,12800,12800,0,0.356500,0.476306,e model reads fixed-
1625,1,backward,1.558465,17.926365,0.576047,0.917372,0.212453,12800,12672,0,0.356104,0.337953,eline; the active re
1626,1,backward,1.632766,18.108749,0.582497,0.917376,0.219217,12672,12544,0,0.355708,0.292724,del to seek unfamili
1627,3,fast_backward,1.610692,18.238041,0.574037,0.917876,0.184648,12544,12032,0,0.355312,0.501918,lf-organising system
1628,2,fast_forward,1.468824,18.404756,0.582517,0.917211,0.219217,12032,12544,0,0.354916,0.508797,del to seek unfamili
1629,0,forward,1.312074,18.314410,0.577456,0.917450,0.212453,12544,12672,0,0.354520,0.336884,eline; the active re
1630,1,backward,1.769936,18.530732,0.583469,0.917225,0.219217,12672,12544,0,0.354124,0.465168,del to seek unfamili
1631,4,stay,1.701834,18.685523,0.584029,0.917210,0.219217,12544,12544,0,0.353728,0.473279,del to seek unfamili
1632,3,fast_backward,1.556713,18.870966,0.575775,0.918002,0.184648,12544,12032,0,0.353332,0.498608,lf-organising system
1633,2,fast_forward,1.462256,18.414192,0.583951,0.917140,0.219217,12032,12544,0,0.352936,0.297469,del to seek unfamili
1634,0,forward,1.730199,18.514028,0.579311,0.917239,0.212453,12544,12672,0,0.352540,0.320304,eline; the active re
1635,2,fast_forward,1.018191,18.483898,0.582886,0.917390,0.222642,12672,13184,0,0.352144,0.329644,"nimise free energy,"
1636,2,fast_forward,1.383146,18.440687,0.585035,0.916577,0.215574,13184,13696,0,0.351748,0.459704,haracter streams. Th
1637,0,forward,1.621133,18.697039,0.576074,0.917571,0.200124,13696,13824,0,0.351352,0.499007,ucture of its sensor
1638,4,stay,1.470500,18.453712,0.576105,0.917470,0.200124,13824,13824,0,0.350956,0.394982,ucture of its sensor
1639,0,forward,1.793163,18.326980,0.570006,0.916935,0.188260,13824,13952,0,0.350560,0.411605,model reads fixed-le
1640,0,forward,1.305246,18.216632,0.585814,0.917404,0.198817,13952,14080,0,0.350164,0.398388,xed-dim observation
1641,0,forward,1.545059,17.929373,0.601827,0.917591,0.254678,14080,14208,0,0.349768,0.385142,ctor. Evaluation of
1642,1,backward,1.588176,18.053974,0.587643,0.917422,0.198817,14208,14080,0,0.349372,0.240286,xed-dim observation
1643,1,backward,1.500927,18.008751,0.571614,0.916905,0.188260,14080,13952,0,0.348976,0.337421,model reads fixed-le
1644,1,backward,1.736874,18.035539,0.577641,0.917624,0.200124,13952,13824,0,0.348580,0.378492,ucture of its sensor
1645,0,forward,1.521200,17.890592,0.571291,0.916767,0.188260,13824,13952,0,0.348184,0.424303,model reads fixed-le
1646,1,backward,1.499217,17.867717,0.577319,0.917675,0.200124,13952,13824,0,0.347788,0.383338,ucture of its sensor
1647,3,fast_backward,1.321217,18.006846,0.606554,0.917317,0.249848,13824,13312,0,0.347392,0.396512,free energy reflect
1648,2,fast_forward,1.256406,18.062531,0.578795,0.917542,0.200124,13312,13824,0,0.346996,0.359649,ucture of its sensor
1649,2,fast_forward,1.701421,18.295092,0.561393,0.917303,0.175441,13824,14336,0,0.346600,0.405656,statistics of the te
1650,2,fast_forward,1.635848,18.301813,0.585818,0.917720,0.214403,14336,14848,0,0.346204,0.328849,s or re-read passage
1651,0,forward,1.578102,18.352647,0.579580,0.916968,0.206793,14848,14976,0,0.345808,0.338679,e comes next. Active
1652,1,backward,1.198325,18.482058,0.586060,0.917512,0.214403,14976,14848,0,0.345412,0.338854,s or re-read passage
1653,1,backward,1.449067,18.506381,0.563545,0.917361,0.168851,14848,14720,0,0.345016,0.398635,h an information-gai
1654,4,stay,1.453298,18.425877,0.562417,0.917189,0.168851,14720,14720,0,0.344620,0.364805,h an information-gai
1655,1,backward,1.454058,18.384452,0.572829,0.917072,0.197942,14720,14592,0,0.344224,0.325875,nd bounded predictio
1656,0,forward,1.677523,18.350199,0.561444,0.917334,0.168851,14592,14720,0,0.343828,0.391946,h an information-gai
1657,4,stay,1.445400,18.709981,0.560512,0.917265,0.168851,14720,14720,0,0.343432,0.295877,h an information-gai
1658,3,fast_backward,1.612360,18.406395,0.599963,0.917414,0.254678,14720,14208,0,0.343036,0.329056,ctor. Evaluation of
1659,3,fast_backward,1.524086,18.495626,0.585688,0.916572,0.215574,14208,13696,0,0.342640,0.376030,haracter streams. Th
1660,3,fast_backward,1.257865,18.392984,0.584672,0.917316,0.222642,13696,13184,0,0.342244,0.370820,"nimise free energy,"
1661,4,stay,1.378220,18.333468,0.585439,0.917107,0.222642,13184,13184,0,0.341848,0.340408,"nimise free energy,"
1662,1,backward,1.464730,18.161011,0.577651,0.916811,0.198331,13184,13056,0,0.341452,0.328988,vector. Active infer
1663,2,fast_forward,1.879961,18.126974,0.581971,0.917652,0.191645,13056,13568,0,0.341056,0.371417,tem. The ZeroDataMod
1664,0,forward,1.161327,18.163967,0.586999,0.916610,0.215574,13568,13696,0,0.340660,0.346768,haracter streams. Th
1665,1,backward,1.658485,18.381502,0.582229,0.918089,0.191645,13696,13568,0,0.340264,0.283806,tem. The ZeroDataMod
1666,2,fast_forward,1.386244,18.203575,0.587735,0.917754,0.198817,13568,14080,0,0.339868,0.353071,xed-dim observation
1667,1,backward,1.593439,18.288143,0.571624,0.916780,0.188260,14080,13952,0,0.339472,0.371167,model reads fixed-le
1668,2,fast_forward,1.840196,18.325423,0.567870,0.916744,0.177662,13952,14464,0,0.339076,0.325772,provide additional
1669,1,backward,1.527722,18.208791,0.559860,0.917182,0.175441,14464,14336,0,0.338680,0.188621,statistics of the te
1670,2,fast_forward,1.413545,17.950353,0.584391,0.917046,0.214403,14336,14848,0,0.338284,0.343540,s or re-read passage
1671,2,fast_forward,1.706314,18.056505,0.584344,0.917221,0.220823,14848,15360,0,0.337888,0.758685,"stics of the text, f"
1672,4,stay,1.170929,18.103481,0.585081,0.917379,0.220823,15360,15360,0,0.337492,0.390945,"stics of the text, f"
1673,1,backward,1.692162,18.238004,0.611094,0.917308,0.257778,15360,15232,0,0.337096,0.311540,"s, the free energy r"
1674,1,backward,1.940208,18.372848,0.584006,0.917426,0.215427,15232,15104,0,0.336700,0.428709,to minimise free en
1675,3,fast_backward,1.434793,18.471893,0.576962,0.917097,0.197942,15104,14592,0,0.336304,0.278077,nd bounded predictio
1676,0,forward,1.599390,18.537780,0.565493,0.917756,0.168851,14592,14720,0,0.335908,0.221342,h an information-gai
1677,2,fast_forward,1.428889,18.747255,0.611691,0.917331,0.257778,14720,15232,0,0.335512,0.254562,"s, the free energy r"
1678,3,fast_backward,1.438197,18.941496,0.566059,0.917346,0.168851,15232,14720,0,0.335116,0.443468,h an information-gai
1679,2,fast_forward,1.697249,18.858602,0.612149,0.917612,0.257778,14720,15232,0,0.334720,0.535065,"s, the free energy r"
1680,1,backward,1.516845,19.061904,0.585276,0.917299,0.215427,15232,15104,0,0.334324,0.363854,to minimise free en
1681,2,fast_forward,1.100946,18.873283,0.611515,0.917862,0.249726,15104,15616,0,0.333928,0.526031,agent reads a strea
1682,3,fast_backward,1.796134,18.974347,0.587229,0.917421,0.215427,15616,15104,0,0.333532,0.385535,to minimise free en
1683,2,fast_forward,1.299506,18.942305,0.613191,0.917369,0.249726,15104,15616,0,0.333136,0.179815,agent reads a strea
1684,2,fast_forward,1.602637,18.952176,0.584481,0.917462,0.197962,15616,16128,0,0.332740,0.397429,language model. It m
1685,1,backward,1.483008,18.943779,0.582288,0.916936,0.188066,16128,16000,0,0.332344,0.672997,-linguistic concepts
1686,2,fast_forward,1.308494,18.800249,0.617198,0.917661,0.263751,16000,16512,0,0.331948,0.181387,e same block always
1687,3,fast_backward,1.748242,18.869259,0.583282,0.916982,0.188066,16512,16000,0,0.331552,0.290633,-linguistic concepts
1688,2,fast_forward,1.760546,18.794520,0.618140,0.917636,0.263751,16000,16512,0,0.331156,0.327344,e same block always
1689,1,backward,1.503639,18.806048,0.588036,0.917052,0.191114,16512,16384,0,0.330760,0.282218,ead. The encoder map
1690,4,stay,1.574982,19.315444,0.587606,0.917609,0.191114,16384,16384,0,0.330364,0.468451,ead. The encoder map
1691,3,fast_backward,1.757476,19.396711,0.591374,0.917477,0.200565,16384,15872,0,0.329968,0.520895,on of structure in a
1692,3,fast_backward,1.820411,19.500626,0.592018,0.917320,0.220823,15872,15360,0,0.329572,0.668628,"stics of the text, f"
1693,4,stay,1.790185,19.513456,0.592316,0.917189,0.220823,15360,15360,0,0.329176,0.637329,"stics of the text, f"
1694,1,backward,1.566376,19.525502,0.617859,0.917409,0.257778,15360,15232,0,0.328780,0.512958,"s, the free energy r"
1695,4,stay,1.714282,19.431741,0.619173,0.917498,0.257778,15232,15232,0,0.328384,0.540393,"s, the free energy r"
1696,1,backward,1.623609,19.381109,0.592257,0.917438,0.215427,15232,15104,0,0.327988,0.418640,to minimise free en
1697,4,stay,1.545099,19.495240,0.592186,0.917529,0.215427,15104,15104,0,0.327592,0.674981,to minimise free en
1698,4,stay,1.442163,19.487471,0.592131,0.917319,0.215427,15104,15104,0,0.327196,0.439740,to minimise free en
1699,3,fast_backward,1.270437,19.275886,0.584232,0.917058,0.197942,15104,14592,0,0.326800,0.436066,nd bounded predictio
1700,0,forward,1.758629,19.300793,0.572440,0.917089,0.168851,14592,14720,0,0.326404,0.614202,h an information-gai
1701,1,backward,1.475173,19.136958,0.581990,0.916987,0.197942,14720,14592,0,0.326008,0.351779,nd bounded predictio
1702,2,fast_forward,1.695415,19.334431,0.589133,0.917860,0.215427,14592,15104,0,0.325612,0.570462,to minimise free en
1703,1,backward,1.336396,19.546932,0.586842,0.916659,0.206793,15104,14976,0,0.325216,0.427574,e comes next. Active
1704,2,fast_forward,1.952226,19.714389,0.582331,0.917382,0.209899,14976,15488,0,0.324820,0.604500,ief about the world
1705,4,stay,1.181886,19.669284,0.582180,0.917387,0.209899,15488,15488,0,0.324424,0.562151,ief about the world
1706,4,stay,1.335478,19.663689,0.582045,0.917442,0.209899,15488,15488,0,0.324028,0.612611,ief about the world
1707,3,fast_backward,1.409621,19.604678,0.586270,0.916914,0.206793,15488,14976,0,0.323632,0.605802,e comes next. Active
1708,4,stay,1.692581,19.345930,0.586121,0.916789,0.206793,14976,14976,0,0.323236,0.452347,e comes next. Active
1709,2,fast_forward,1.757227,19.521915,0.581629,0.917509,0.209899,14976,15488,0,0.322840,0.433586,ief about the world
1710,3,fast_backward,1.592303,19.589010,0.585919,0.916945,0.206793,15488,14976,0,0.322444,0.366750,e comes next. Active
1711,4,stay,1.283894,19.611905,0.585811,0.916539,0.206793,14976,14976,0,0.322048,0.506782,e comes next. Active
1712,3,fast_backward,1.835999,19.324770,0.573357,0.916825,0.177662,14976,14464,0,0.321652,0.434938,provide additional
1713,2,fast_forward,1.645538,19.418694,0.584494,0.916912,0.206793,14464,14976,0,0.321256,0.599689,e comes next. Active
1714,3,fast_backward,1.696412,19.331885,0.572201,0.916672,0.177662,14976,14464,0,0.320860,0.496339,provide additional
1715,4,stay,1.463709,19.473506,0.571181,0.916904,0.177662,14464,14464,0,0.320464,0.527533,provide additional
1716,3,fast_backward,1.623746,19.338778,0.573482,0.916684,0.188260,14464,13952,0,0.320068,0.348737,model reads fixed-le
1717,0,forward,1.356784,19.496369,0.589714,0.917735,0.198817,13952,14080,0,0.319672,0.349945,xed-dim observation
1718,0,forward,1.499280,19.553855,0.605936,0.917739,0.254678,14080,14208,0,0.319276,0.607237,ctor. Evaluation of
1719,0,forward,1.486330,19.387505,0.564942,0.916993,0.175441,14208,14336,0,0.318880,0.341339,statistics of the te
1720,4,stay,1.615274,19.330317,0.563865,0.917376,0.175441,14336,14336,0,0.318484,0.448556,statistics of the te
1721,4,stay,1.803767,19.005156,0.562886,0.917366,0.175441,14336,14336,0,0.318088,0.352485,statistics of the te
1722,2,fast_forward,1.902848,18.861183,0.587253,0.917248,0.214403,14336,14848,0,0.317692,0.455279,s or re-read passage
1723,3,fast_backward,1.705755,18.668948,0.562438,0.917308,0.175441,14848,14336,0,0.317296,0.575151,statistics of the te
1724,0,forward,1.705096,18.439341,0.569058,0.916856,0.177662,14336,14464,0,0.316900,0.415189,provide additional
1725,2,fast_forward,1.407759,18.487107,0.579775,0.916893,0.206793,14464,14976,0,0.316504,0.546421,e comes next. Active
1726,2,fast_forward,1.577905,18.207706,0.575407,0.917375,0.209899,14976,15488,0,0.316108,0.532056,ief about the world
1727,3,fast_backward,1.743957,18.157599,0.580494,0.916969,0.206793,15488,14976,0,0.315712,0.525570,e comes next. Active
1728,3,fast_backward,1.755891,18.218797,0.569218,0.916842,0.177662,14976,14464,0,0.315316,0.517398,provide additional
1729,3,fast_backward,1.224583,18.251059,0.571844,0.916838,0.188260,14464,13952,0,0.314920,0.650344,model reads fixed-le
1730,2,fast_forward,1.419689,18.250030,0.568491,0.916881,0.177662,13952,14464,0,0.314524,0.738636,provide additional
1731,1,backward,1.563749,18.096739,0.560381,0.917166,0.175441,14464,14336,0,0.314128,0.446444,statistics of the te
1732,0,forward,1.829051,18.244466,0.567452,0.916910,0.177662,14336,14464,0,0.313732,0.543000,provide additional
1733,0,forward,1.964582,18.359091,0.573015,0.917272,0.197942,14464,14592,0,0.313336,0.556250,nd bounded predictio
1734,4,stay,1.952552,18.214197,0.573338,0.916984,0.197942,14592,14592,0,0.312940,0.442494,nd bounded predictio
1735,1,backward,1.531088,18.010043,0.567665,0.916820,0.177662,14592,14464,0,0.312544,0.604467,provide additional
1736,2,fast_forward,1.834795,17.882037,0.578283,0.916735,0.206793,14464,14976,0,0.312148,0.762065,e comes next. Active
1737,1,backward,1.556893,17.851447,0.585364,0.917166,0.214403,14976,14848,0,0.311752,0.683698,s or re-read passage
1738,0,forward,1.446711,17.866844,0.579363,0.917269,0.206793,14848,14976,0,0.311356,0.814526,e comes next. Active
1739,3,fast_backward,1.910892,17.888210,0.568584,0.916730,0.177662,14976,14464,0,0.310960,0.794366,provide additional
1740,0,forward,1.192836,17.980655,0.573993,0.917131,0.197942,14464,14592,0,0.310564,0.678953,nd bounded predictio
1741,3,fast_backward,1.456268,17.537131,0.587706,0.917273,0.198817,14592,14080,0,0.310168,0.834443,xed-dim observation
1742,3,fast_backward,1.644750,17.583077,0.581749,0.917950,0.191645,14080,13568,0,0.309772,0.935284,tem. The ZeroDataMod
1743,2,fast_forward,1.950293,17.578757,0.587953,0.917222,0.198817,13568,14080,0,0.309376,0.693011,xed-dim observation
1744,2,fast_forward,1.495379,17.464616,0.575001,0.917033,0.197942,14080,14592,0,0.308980,0.732804,nd bounded predictio
1745,4,stay,1.224866,17.460899,0.575196,0.917131,0.197942,14592,14592,0,0.308584,0.666164,nd bounded predictio
1746,1,backward,1.555156,17.334263,0.569303,0.916731,0.177662,14592,14464,0,0.308188,0.517306,provide additional
1747,3,fast_backward,1.683678,17.270584,0.572242,0.916826,0.188260,14464,13952,0,0.307792,0.764517,model reads fixed-le
1748,0,forward,1.774587,17.548259,0.588060,0.917455,0.198817,13952,14080,0,0.307396,0.524909,xed-dim observation
1749,3,fast_backward,1.293973,17.394839,0.582082,0.918155,0.191645,14080,13568,0,0.307000,0.743652,tem. The ZeroDataMod
1750,3,fast_backward,1.623382,17.445012,0.577429,0.916905,0.198331,13568,13056,0,0.306604,0.611463,vector. Active infer
1751,1,backward,1.805624,17.645600,0.583300,0.917652,0.191578,13056,12928,0,0.306208,0.555992,fixed-dim observatio
1752,0,forward,1.515262,17.779021,0.577666,0.916856,0.198331,12928,13056,0,0.305812,0.677511,vector. Active infer
1753,1,backward,1.625383,18.115963,0.583447,0.917372,0.191578,13056,12928,0,0.305416,0.665481,fixed-dim observatio
1754,1,backward,1.743748,18.235223,0.577237,0.916864,0.195961,12928,12800,0,0.305020,0.699544,e model reads fixed-
1755,3,fast_backward,1.554775,18.233556,0.578637,0.917836,0.198617,12800,12288,0,0.304624,0.632938,discover the struct
1756,0,forward,1.361467,18.442656,0.564087,0.917177,0.178816,12288,12416,0,0.304228,0.631490,"E, the model was ex"
1757,3,fast_backward,2.006677,18.421675,0.577579,0.917591,0.188113,12416,11904,0,0.303832,0.480195,curve with stable co
1758,4,stay,1.848384,18.908299,0.577370,0.917256,0.188113,11904,11904,0,0.303436,0.746578,curve with stable co
1759,0,forward,1.373717,18.938742,0.579136,0.918256,0.184648,11904,12032,0,0.303040,0.743186,lf-organising system
1760,0,forward,1.605320,18.981564,0.583181,0.916674,0.207896,12032,12160,0,0.302644,0.681841,om raw pixel or char
1761,3,fast_backward,1.882475,18.886888,0.568464,0.917217,0.198246,12160,11648,0,0.302248,0.604983,"me, the model is lea"
1762,0,forward,1.663667,19.044044,0.562682,0.916733,0.168822,11648,11776,0,0.301852,0.474803,"dence, and action di"
1763,2,fast_forward,1.414045,19.543332,0.576413,0.917936,0.198617,11776,12288,0,0.301456,0.540164,discover the struct
1764,3,fast_backward,1.392293,19.446955,0.561704,0.916889,0.168822,12288,11776,0,0.301060,0.694932,"dence, and action di"
1765,0,forward,1.842782,19.156062,0.574995,0.917679,0.188113,11776,11904,0,0.300664,0.724889,curve with stable co
1766,4,stay,1.776127,19.430734,0.575000,0.917281,0.188113,11904,11904,0,0.300268,0.782771,curve with stable co
1767,2,fast_forward,1.936364,19.441141,0.561071,0.917171,0.178816,11904,12416,0,0.299872,0.844794,"E, the model was ex"
1768,4,stay,1.615276,19.223105,0.560717,0.917045,0.178816,12416,12416,0,0.299476,0.970797,"E, the model was ex"
1769,4,stay,1.663449,19.302055,0.560400,0.917010,0.178816,12416,12416,0,0.299080,1.019742,"E, the model was ex"
1770,3,fast_backward,1.656464,19.282789,0.574133,0.917577,0.188113,12416,11904,0,0.298684,1.088024,curve with stable co
1771,4,stay,1.764431,19.085952,0.574189,0.917614,0.188113,11904,11904,0,0.298288,0.695779,curve with stable co
1772,4,stay,1.663715,19.223959,0.574238,0.917309,0.188113,11904,11904,0,0.297892,0.715401,curve with stable co
1773,1,backward,1.356550,19.215974,0.559912,0.916701,0.168822,11904,11776,0,0.297496,0.556401,"dence, and action di"
1774,1,backward,1.652684,19.136326,0.564789,0.917153,0.198246,11776,11648,0,0.297100,0.557543,"me, the model is lea"
1775,4,stay,1.629269,18.900806,0.565278,0.916991,0.198246,11648,11648,0,0.296704,0.977350,"me, the model is lea"
1776,4,stay,1.417975,18.792325,0.565755,0.917178,0.198246,11648,11648,0,0.296308,0.710983,"me, the model is lea"
1777,3,fast_backward,1.226422,18.818957,0.580675,0.917328,0.212097,11648,11136,0,0.295912,0.525034,lays the passive rea
1778,3,fast_backward,1.512969,19.091713,0.553852,0.916813,0.159154,11136,10624,0,0.295516,1.077510,The prediction erro
1779,0,forward,1.399030,18.999793,0.572149,0.917917,0.185360,10624,10752,0,0.295120,0.996891,wnward-trending free
1780,1,backward,1.759373,18.809953,0.552878,0.916877,0.159154,10752,10624,0,0.294724,0.544572,The prediction erro
1781,0,forward,1.772299,18.535432,0.571166,0.917234,0.185360,10624,10752,0,0.294328,0.528922,wnward-trending free
1782,1,backward,1.562377,18.538400,0.552088,0.917015,0.159154,10752,10624,0,0.293932,0.573002,The prediction erro
1783,2,fast_forward,1.458688,18.512097,0.577909,0.917238,0.212097,10624,11136,0,0.293536,0.561804,lays the passive rea
1784,4,stay,1.739108,18.484506,0.578492,0.917094,0.212097,11136,11136,0,0.293140,1.007649,lays the passive rea
1785,1,backward,1.367215,18.556806,0.577117,0.917335,0.205078,11136,11008,0,0.292744,0.687586,curiosity could driv
1786,3,fast_backward,1.420107,18.441635,0.580917,0.917300,0.231112,11008,10496,0,0.292348,0.564522,the curve decreases
1787,1,backward,1.702136,18.463883,0.604418,0.917578,0.264807,10496,10368,0,0.291952,0.555845,learns the statistic
1788,4,stay,1.365290,18.343758,0.606520,0.918012,0.264807,10368,10368,0,0.291556,0.659929,learns the statistic
1789,4,stay,1.159244,18.366731,0.608547,0.917421,0.264807,10368,10368,0,0.291160,0.858080,learns the statistic
1790,1,backward,1.431054,18.107316,0.614643,0.917416,0.257548,10368,10240,0,0.290764,0.457695,"eam of characters, t"
1791,4,stay,1.905964,18.072036,0.616293,0.917446,0.257548,10240,10240,0,0.290368,0.446546,"eam of characters, t"
1792,1,backward,1.923306,17.877627,0.582821,0.917210,0.211942,10240,10112,0,0.289972,0.456875,d and updates it to
1793,4,stay,1.385727,17.874745,0.582851,0.917202,0.211942,10112,10112,0,0.289576,0.514142,d and updates it to
1794,4,stay,1.692537,17.851138,0.582900,0.917206,0.211942,10112,10112,0,0.289180,0.687455,d and updates it to
1795,1,backward,1.873316,17.475854,0.585214,0.917271,0.189270,10112,9984,0,0.288784,0.463977,s sensory input from
1796,1,backward,2.111328,17.581626,0.588598,0.916638,0.211626,9984,9856,0,0.288388,0.674968,eams. The model has
1797,0,forward,1.508144,17.542126,0.584889,0.917165,0.189270,9856,9984,0,0.287992,0.815920,s sensory input from
1798,1,backward,1.908129,17.358071,0.588298,0.916943,0.211626,9984,9856,0,0.287596,0.729897,eams. The model has
1799,2,fast_forward,1.140702,17.457853,0.613812,0.917575,0.264807,9856,10368,0,0.287200,0.681448,learns the statistic
1800,0,forward,1.831285,17.633621,0.593813,0.917047,0.231112,10368,10496,0,0.286804,0.558661,the curve decreases
1801,1,backward,1.587299,17.420396,0.616352,0.917642,0.264807,10496,10368,0,0.286408,0.785755,learns the statistic
1802,0,forward,1.164348,17.576325,0.596356,0.917204,0.231112,10368,10496,0,0.286012,0.583489,the curve decreases
1803,4,stay,1.961045,17.785330,0.596960,0.917851,0.231112,10496,10496,0,0.285616,0.591983,the curve decreases
1804,3,fast_backward,1.639156,17.690843,0.590245,0.917258,0.189270,10496,9984,0,0.285220,0.498257,s sensory input from
1805,1,backward,1.405650,17.907938,0.593078,0.916762,0.211626,9984,9856,0,0.284824,0.681914,eams. The model has
1806,2,fast_forward,1.450409,17.806008,0.618639,0.917566,0.264807,9856,10368,0,0.284428,0.683299,learns the statistic
1807,4,stay,1.331854,17.853572,0.620208,0.917519,0.264807,10368,10368,0,0.284032,0.602597,learns the statistic
1808,2,fast_forward,1.779409,18.022446,0.584736,0.917020,0.184111,10368,10880,0,0.283636,0.486912,ative observations.
1809,4,stay,1.737265,18.191779,0.583385,0.916986,0.184111,10880,10880,0,0.283240,0.664401,ative observations.
1810,2,fast_forward,1.869009,17.909195,0.593694,0.917493,0.187022,10880,11392,0,0.282844,0.414649,ncoder maps each blo
1811,0,forward,1.108819,17.825399,0.621285,0.917658,0.260909,11392,11520,0,0.282448,0.476887,ck always produces t
1812,4,stay,1.899721,17.864186,0.622720,0.917548,0.260909,11520,11520,0,0.282052,0.695414,ck always produces t
1813,1,backward,1.963330,18.007857,0.595909,0.917230,0.187022,11520,11392,0,0.281656,0.688826,ncoder maps each blo
1814,1,backward,1.417064,17.956961,0.587742,0.916960,0.197953,11392,11264,0,0.281260,0.658829,w over a plain-text
1815,4,stay,1.300545,18.003906,0.587373,0.916832,0.197953,11264,11264,0,0.280864,0.628022,w over a plain-text
1816,0,forward,1.799979,17.973185,0.594427,0.917425,0.187022,11264,11392,0,0.280468,0.572462,ncoder maps each blo
1817,0,forward,1.501716,17.693367,0.622098,0.917396,0.260909,11392,11520,0,0.280072,0.544227,ck always produces t
1818,0,forward,1.529239,17.843460,0.583033,0.917090,0.198246,11520,11648,0,0.279676,0.752210,"me, the model is lea"
1819,0,forward,1.622174,17.803460,0.575536,0.916669,0.168822,11648,11776,0,0.279280,0.373564,"dence, and action di"
1820,1,backward,1.611035,17.844332,0.580387,0.917350,0.198246,11776,11648,0,0.278884,0.445527,"me, the model is lea"
1821,0,forward,1.726982,17.750886,0.573287,0.916524,0.168822,11648,11776,0,0.278488,0.382241,"dence, and action di"
1822,3,fast_backward,1.775019,17.835360,0.583623,0.916817,0.197953,11776,11264,0,0.278092,0.399457,w over a plain-text
1823,4,stay,1.807421,18.051350,0.583653,0.916698,0.197953,11264,11264,0,0.277696,0.426308,w over a plain-text
1824,0,forward,1.755743,18.114423,0.591110,0.917904,0.187022,11264,11392,0,0.277300,0.428682,ncoder maps each blo
1825,3,fast_backward,1.309105,18.144375,0.578091,0.916965,0.184111,11392,10880,0,0.276904,0.431293,ative observations.
1826,1,backward,1.734890,18.115241,0.583913,0.917366,0.185360,10880,10752,0,0.276508,0.359078,wnward-trending free
1827,1,backward,1.660609,18.234815,0.563351,0.916718,0.159154,10752,10624,0,0.276112,0.500752,The prediction erro
1828,1,backward,1.791274,18.122301,0.590694,0.916842,0.231112,10624,10496,0,0.275716,0.673863,the curve decreases
1829,3,fast_backward,1.566908,18.102249,0.584151,0.917174,0.189270,10496,9984,0,0.275320,0.430605,s sensory input from
1830,1,backward,1.497115,18.063929,0.588790,0.916529,0.211626,9984,9856,0,0.274924,0.405105,eams. The model has
1831,4,stay,1.776622,18.011972,0.589222,0.916629,0.211626,9856,9856,0,0.274528,0.409004,eams. The model has
1832,2,fast_forward,1.366195,17.960045,0.615005,0.917816,0.264807,9856,10368,0,0.274132,0.446258,learns the statistic
1833,4,stay,1.531776,18.148085,0.616808,0.917406,0.264807,10368,10368,0,0.273736,0.414382,learns the statistic
1834,0,forward,1.690937,18.198840,0.596346,0.916907,0.231112,10368,10496,0,0.273340,0.588219,the curve decreases
1835,0,forward,1.519170,17.978516,0.567744,0.916637,0.159154,10496,10624,0,0.272944,0.461964,The prediction erro
1836,4,stay,1.294210,18.008013,0.565822,0.916919,0.159154,10624,10624,0,0.272548,0.300383,The prediction erro
1837,3,fast_backward,1.624163,18.031076,0.583283,0.917017,0.211942,10624,10112,0,0.272152,0.378825,d and updates it to
1838,1,backward,1.541767,18.098012,0.585786,0.917205,0.189270,10112,9984,0,0.271756,0.279357,s sensory input from
1839,4,stay,1.625912,18.248906,0.585487,0.917440,0.189270,9984,9984,0,0.271360,0.483521,s sensory input from
1840,3,fast_backward,1.622966,18.281295,0.613792,0.917268,0.251548,9984,9472,0,0.270964,0.261580,reflects how predic
1841,1,backward,1.520590,17.930917,0.600028,0.917459,0.230188,9472,9344,0,0.270568,0.381210,"energy, which is the"
1842,3,fast_backward,1.449157,18.044106,0.588437,0.917361,0.199805,9344,8832,0,0.270172,0.489779,its sensory input fr
1843,4,stay,1.375735,18.122380,0.588304,0.917415,0.199805,8832,8832,0,0.269776,0.379489,its sensory input fr
1844,0,forward,1.588699,18.110120,0.578138,0.916602,0.183160,8832,8960,0,0.269380,0.353469,s fixed-length chara
1845,4,stay,1.578553,18.176930,0.577587,0.916947,0.183160,8960,8960,0,0.268984,0.236017,s fixed-length chara
1846,2,fast_forward,1.835034,18.538714,0.614287,0.917275,0.251548,8960,9472,0,0.268588,0.446636,reflects how predic
1847,2,fast_forward,1.805228,18.671688,0.587314,0.917154,0.189270,9472,9984,0,0.268192,0.483757,s sensory input from
1848,1,backward,1.616258,18.648939,0.591182,0.916634,0.211626,9984,9856,0,0.267796,0.510569,eams. The model has
1849,1,backward,1.735325,18.655449,0.593367,0.917713,0.183950,9856,9728,0,0.267400,0.396507,oDataModel project t
1850,3,fast_backward,1.625300,18.753597,0.586801,0.916693,0.205784,9728,9216,0,0.267004,0.434654,ve inference provide
1851,3,fast_backward,1.772500,18.924267,0.593345,0.916699,0.214366,9216,8704,0,0.266608,0.403038,treams. The model ha
1852,2,fast_forward,1.565945,18.846515,0.587251,0.917123,0.205784,8704,9216,0,0.266212,0.448282,ve inference provide
1853,4,stay,1.752128,18.826945,0.587316,0.916929,0.205784,9216,9216,0,0.265816,0.644665,ve inference provide
1854,3,fast_backward,1.660373,18.993804,0.593832,0.916695,0.214366,9216,8704,0,0.265420,0.539862,treams. The model ha
1855,0,forward,1.905863,18.978403,0.588499,0.917253,0.199805,8704,8832,0,0.265024,0.547291,its sensory input fr
1856,0,forward,1.397558,19.030403,0.578228,0.916862,0.183160,8832,8960,0,0.264628,0.258858,s fixed-length chara
1857,0,forward,1.761974,18.993584,0.596470,0.917747,0.192782,8960,9088,0,0.264232,0.724387,servation vector usi
1858,2,fast_forward,1.749436,19.201225,0.597491,0.917703,0.221889,9088,9600,0,0.263836,0.556341,free energy should
1859,0,forward,1.321121,19.045159,0.593158,0.917845,0.183950,9600,9728,0,0.263440,0.426001,oDataModel project t
1860,3,fast_backward,1.888942,18.933224,0.586869,0.916725,0.205784,9728,9216,0,0.263044,0.729415,ve inference provide
1861,4,stay,1.485702,19.080092,0.586962,0.916913,0.205784,9216,9216,0,0.262648,0.587286,ve inference provide
1862,3,fast_backward,1.369091,19.399360,0.593569,0.916990,0.214366,9216,8704,0,0.262252,0.482971,treams. The model ha
1863,1,backward,1.296509,19.634172,0.594710,0.917646,0.187869,8704,8576,0,0.261856,0.663766,eroDataModel project
1864,1,backward,0.948742,19.576963,0.583380,0.917516,0.188304,8576,8448,0,0.261460,0.434354,e and bounded predic
1865,2,fast_forward,1.607119,19.636732,0.577258,0.916838,0.183160,8448,8960,0,0.261064,0.682980,s fixed-length chara
1866,2,fast_forward,1.404403,19.596725,0.614602,0.917320,0.251548,8960,9472,0,0.260668,0.442661,reflects how predic
1867,1,backward,1.648231,19.890509,0.600797,0.917233,0.230188,9472,9344,0,0.260272,0.716813,"energy, which is the"
1868,1,backward,1.456899,19.886519,0.588454,0.916914,0.205784,9344,9216,0,0.259876,0.707289,ve inference provide
1869,2,fast_forward,1.764161,19.504215,0.594088,0.917577,0.183950,9216,9728,0,0.259480,0.801569,oDataModel project t
1870,3,fast_backward,1.710155,19.209448,0.587850,0.916763,0.205784,9728,9216,0,0.259084,0.435109,ve inference provide
1871,0,forward,1.811526,18.859633,0.601004,0.917371,0.230188,9216,9344,0,0.258688,0.390202,"energy, which is the"
1872,1,backward,1.701644,18.905795,0.588801,0.916941,0.205784,9344,9216,0,0.258292,0.383178,ve inference provide
1873,3,fast_backward,1.665692,19.101554,0.594963,0.916647,0.214366,9216,8704,0,0.257896,0.441860,treams. The model ha
1874,4,stay,1.352092,19.115071,0.595359,0.916817,0.214366,8704,8704,0,0.257500,0.527899,treams. The model ha
1875,3,fast_backward,1.465419,19.310919,0.575964,0.917449,0.185017,8704,8192,0,0.257104,0.467746,he statistics of the
1876,0,forward,1.353575,19.315980,0.575490,0.916865,0.167731,8192,8320,0,0.256708,0.639663,ion provide addition
1877,1,backward,1.335375,19.302106,0.573910,0.917060,0.185017,8320,8192,0,0.256312,0.627360,he statistics of the
1878,2,fast_forward,1.686432,18.968669,0.593506,0.917122,0.214366,8192,8704,0,0.255916,0.715960,treams. The model ha
1879,3,fast_backward,1.757973,18.657165,0.573965,0.916994,0.185017,8704,8192,0,0.255520,0.589750,he statistics of the
1880,3,fast_backward,1.462527,18.646725,0.594664,0.917007,0.222201,8192,7680,0,0.255124,0.483966,oduces the same vect
1881,2,fast_forward,1.065148,19.018144,0.574247,0.917298,0.185017,7680,8192,0,0.254728,0.519176,he statistics of the
1882,4,stay,1.761440,18.854839,0.573759,0.917348,0.185017,8192,8192,0,0.254332,0.365254,he statistics of the
1883,3,fast_backward,1.759687,18.759768,0.594463,0.917125,0.222201,8192,7680,0,0.253936,0.448366,oduces the same vect
1884,4,stay,1.865503,18.818374,0.595214,0.916826,0.222201,7680,7680,0,0.253540,0.527825,oduces the same vect
1885,1,backward,1.469497,18.721374,0.591956,0.917835,0.184508,7680,7552,0,0.253144,0.531150,each block to a fixe
1886,0,forward,1.306925,18.701573,0.595553,0.917084,0.222201,7552,7680,0,0.252748,0.519555,oduces the same vect
1887,1,backward,1.647672,18.648191,0.592163,0.917489,0.184508,7680,7552,0,0.252352,0.394892,each block to a fixe
1888,4,stay,1.535367,18.620517,0.591779,0.917600,0.184508,7552,7552,0,0.251956,0.477682,each block to a fixe
1889,1,backward,1.687838,18.681347,0.582089,0.916981,0.193286,7552,7424,0,0.251560,0.390252,in-text file. The mo
1890,2,fast_forward,1.626741,18.399867,0.597238,0.917312,0.214474,7424,7936,0,0.251164,0.304163,re-read passages tha
1891,2,fast_forward,1.661746,18.497993,0.584335,0.917676,0.188304,7936,8448,0,0.250768,0.375770,e and bounded predic
1892,0,forward,1.560166,18.402177,0.594476,0.917740,0.187869,8448,8576,0,0.250372,0.549043,eroDataModel project
1893,3,fast_backward,1.709586,18.244391,0.613037,0.917350,0.257430,8576,8064,0,0.249976,0.554696,es next. Evaluation
1894,0,forward,1.509901,18.068102,0.575227,0.917293,0.185017,8064,8192,0,0.249580,0.539833,he statistics of the
1895,1,backward,1.806971,17.814365,0.614169,0.918222,0.257430,8192,8064,0,0.249184,0.571816,es next. Evaluation
1896,0,forward,1.752599,17.784595,0.576374,0.917016,0.185017,8064,8192,0,0.248788,0.497479,he statistics of the
1897,3,fast_backward,1.690228,17.793214,0.596837,0.917194,0.222201,8192,7680,0,0.248392,0.524687,oduces the same vect
1898,3,fast_backward,1.387650,17.709346,0.624181,0.917135,0.257159,7680,7168,0,0.247996,0.555316,"of characters, the f"
1899,1,backward,1.516448,17.560728,0.593118,0.917505,0.218436,7168,7040,0,0.247600,0.782136,d updates it to mini
1900,3,fast_backward,1.424411,17.369945,0.592500,0.917774,0.187692,7040,6528,0,0.247204,0.642783,bounded prediction e
1901,1,backward,1.763057,17.390324,0.580088,0.916795,0.178724,6528,6400,0,0.246808,0.604630,ovide additional dia
1902,3,fast_backward,1.207630,17.586787,0.587046,0.917508,0.185794,6400,5888,0,0.246412,0.695698,ation-gain term in i
1903,0,forward,1.983829,17.618078,0.592312,0.917171,0.211594,5888,6016,0,0.246016,0.795499,d passages that prod
1904,0,forward,1.448233,17.484639,0.616393,0.917470,0.258358,6016,6144,0,0.245620,0.589075,t. Evaluation of the
1905,1,backward,1.403518,17.505100,0.593951,0.917069,0.211594,6144,6016,0,0.245224,0.597419,d passages that prod
1906,0,forward,1.645627,17.644519,0.617855,0.917466,0.258358,6016,6144,0,0.244828,0.693959,t. Evaluation of the
1907,4,stay,1.277268,17.491391,0.619515,0.917230,0.258358,6144,6144,0,0.244432,0.794233,t. Evaluation of the
1908,1,backward,1.062895,17.534214,0.596945,0.917430,0.211594,6144,6016,0,0.244036,0.588179,d passages that prod
1909,3,fast_backward,1.762785,17.699675,0.576024,0.917200,0.177647,6016,5504,0,0.243640,0.524668,of the text. If it r
1910,3,fast_backward,1.816431,17.887948,0.593200,0.916946,0.201395,5504,4992,0,0.243244,0.425091,decrease. Curiosity
1911,1,backward,1.201266,18.027928,0.621845,0.917387,0.257925,4992,4864,0,0.242848,0.612422,table the current ch
1912,1,backward,1.539206,17.900974,0.610654,0.917323,0.236303,4864,4736,0,0.242452,0.367190,surprise of its obs
1913,3,fast_backward,1.880421,17.784735,0.607566,0.917493,0.207990,4736,4224,0,0.242056,0.501586,he spontaneous forma
1914,1,backward,1.706179,17.804531,0.602833,0.917584,0.198953,4224,4096,0,0.241660,0.601587,ng a random projecti
1915,1,backward,1.779548,17.810753,0.584733,0.917062,0.173957,4096,3968,0,0.241264,0.377814,cter blocks in order
1916,4,stay,1.602581,17.881181,0.583656,0.917122,0.173957,3968,3968,0,0.240868,0.390377,cter blocks in order
1917,0,forward,1.997148,17.979801,0.600469,0.917358,0.198953,3968,4096,0,0.240472,0.393196,ng a random projecti
1918,0,forward,1.395882,17.766130,0.604422,0.917632,0.207990,4096,4224,0,0.240076,0.367688,he spontaneous forma
1919,1,backward,1.517303,17.791368,0.600155,0.917554,0.198953,4224,4096,0,0.239680,0.461265,ng a random projecti
1920,1,backward,1.734456,17.834369,0.582156,0.917165,0.173957,4096,3968,0,0.239284,0.435785,cter blocks in order
1921,4,stay,1.361251,17.917081,0.581242,0.917103,0.173957,3968,3968,0,0.238888,0.696042,cter blocks in order
1922,3,fast_backward,1.388212,18.341185,0.596264,0.917628,0.204990,3968,3456,0,0.238492,0.587661,d decrease. Cognitiv
1923,0,forward,1.893960,18.172812,0.595907,0.917506,0.197040,3456,3584,0,0.238096,0.882442,tests whether a fre
1924,1,backward,1.741232,18.358159,0.595992,0.917591,0.204990,3584,3456,0,0.237700,0.705015,d decrease. Cognitiv
1925,4,stay,1.516122,18.482872,0.595892,0.917578,0.204990,3456,3456,0,0.237304,0.404179,d decrease. Cognitiv
1926,0,forward,1.292271,18.498747,0.595618,0.917742,0.197040,3456,3584,0,0.236908,0.404819,tests whether a fre
1927,2,fast_forward,1.645084,18.604069,0.597792,0.917423,0.198953,3584,4096,0,0.236512,0.582119,ng a random projecti
1928,2,fast_forward,1.293339,18.748662,0.586618,0.916921,0.204065,4096,4608,0,0.236116,0.463266,s the mathematical f
1929,0,forward,1.598376,18.623193,0.605758,0.917653,0.236303,4608,4736,0,0.235720,0.453594,surprise of its obs
1930,0,forward,1.432904,18.865806,0.620130,0.917015,0.257925,4736,4864,0,0.235324,0.452573,table the current ch
1931,0,forward,1.502461,19.065529,0.592014,0.916859,0.201395,4864,4992,0,0.234928,0.521076,decrease. Curiosity
1932,3,fast_backward,1.931058,19.126742,0.589165,0.917498,0.194905,4992,4480,0,0.234532,0.706014,"iser, and no externa"
1933,1,backward,1.392136,19.083000,0.586079,0.917180,0.178443,4480,4352,0,0.234136,0.566262,ing agent can form p
1934,4,stay,1.852916,19.042354,0.585205,0.916999,0.178443,4352,4352,0,0.233740,0.522071,ing agent can form p
1935,2,fast_forward,1.593555,19.246474,0.619311,0.917366,0.257925,4352,4864,0,0.233344,0.628407,table the current ch
1936,4,stay,1.848061,19.218489,0.620799,0.917566,0.257925,4864,4864,0,0.232948,0.470713,table the current ch
1937,4,stay,1.577652,19.006078,0.622215,0.917299,0.257925,4864,4864,0,0.232552,0.669194,table the current ch
1938,2,fast_forward,1.440451,19.039815,0.615139,0.917310,0.248801,4864,5376,0,0.232156,0.553584,ation of the text lo
1939,1,backward,1.557017,19.264478,0.600437,0.917311,0.213764,5376,5248,0,0.231760,0.619661,es that produced hig
1940,4,stay,1.556839,18.805942,0.600118,0.917179,0.213764,5248,5248,0,0.231364,0.625952,es that produced hig
1941,2,fast_forward,1.795890,18.646336,0.589355,0.917151,0.191195,5248,5760,0,0.230968,0.713447,prediction error. Cu
1942,2,fast_forward,1.198553,18.732282,0.575069,0.917523,0.172580,5760,6272,0,0.230572,0.470677,tistics of the text.
1943,1,backward,1.658785,18.630498,0.619030,0.917491,0.258358,6272,6144,0,0.230176,0.656970,t. Evaluation of the
1944,4,stay,1.203665,18.722509,0.620616,0.917323,0.258358,6144,6144,0,0.229780,0.624382,t. Evaluation of the
1945,3,fast_backward,1.874009,18.768572,0.585695,0.916522,0.179660,6144,5632,0,0.229384,0.564327,ditional diagnostic
1946,2,fast_forward,1.707956,18.859266,0.620634,0.917549,0.258358,5632,6144,0,0.228988,0.661823,t. Evaluation of the
1947,0,forward,1.543803,18.607267,0.576742,0.916888,0.172580,6144,6272,0,0.228592,0.740924,tistics of the text.
1948,2,fast_forward,1.962779,18.530214,0.596967,0.916557,0.213473,6272,6784,0,0.228196,0.620394,. The model has no p
1949,3,fast_backward,1.573597,18.461834,0.575224,0.917304,0.172580,6784,6272,0,0.227800,0.462391,tistics of the text.
1950,3,fast_backward,1.514974,18.442926,0.587483,0.917365,0.191195,6272,5760,0,0.227404,0.483506,prediction error. Cu
1951,1,backward,1.467713,18.552814,0.582732,0.916580,0.179660,5760,5632,0,0.227008,0.453396,ditional diagnostic
1952,1,backward,1.192002,18.374052,0.572806,0.917182,0.177647,5632,5504,0,0.226612,0.633459,of the text. If it r
1953,0,forward,1.400746,18.287348,0.580907,0.916926,0.179660,5504,5632,0,0.226216,0.603352,ditional diagnostic
1954,2,fast_forward,1.412380,17.968852,0.616053,0.917577,0.258358,5632,6144,0,0.225820,0.363381,t. Evaluation of the
1955,3,fast_backward,1.279938,18.281027,0.581657,0.916608,0.179660,6144,5632,0,0.225424,0.663839,ditional diagnostic
1956,1,backward,1.729200,18.423135,0.571619,0.917067,0.177647,5632,5504,0,0.225028,0.473420,of the text. If it r
1957,4,stay,1.428221,18.290248,0.570971,0.916986,0.177647,5504,5504,0,0.224632,0.599879,of the text. If it r
1958,1,backward,1.552432,18.296373,0.609655,0.917793,0.248801,5504,5376,0,0.224236,0.353792,ation of the text lo
1959,3,fast_backward,1.435480,18.443729,0.619568,0.917353,0.257925,5376,4864,0,0.223840,0.582922,table the current ch
1960,4,stay,1.517301,18.473559,0.621111,0.917410,0.257925,4864,4864,0,0.223444,0.354920,table the current ch
1961,4,stay,0.951282,18.599210,0.622586,0.917215,0.257925,4864,4864,0,0.223048,0.606201,table the current ch
1962,1,backward,1.350793,18.478162,0.611471,0.917286,0.236303,4864,4736,0,0.222652,0.621891,surprise of its obs
1963,1,backward,1.649150,18.492267,0.592336,0.916730,0.204065,4736,4608,0,0.222256,0.442892,s the mathematical f
1964,2,fast_forward,1.724322,18.498404,0.590527,0.917257,0.190034,4608,5120,0,0.221860,0.275021,in term in its actio
1965,4,stay,1.953581,18.505231,0.589829,0.917119,0.190034,5120,5120,0,0.221464,0.498652,in term in its actio
1966,4,stay,1.198571,18.248143,0.589205,0.917269,0.190034,5120,5120,0,0.221068,0.686464,in term in its actio
1967,2,fast_forward,1.473068,18.153821,0.583987,0.916464,0.179660,5120,5632,0,0.220672,0.719828,ditional diagnostic
1968,1,backward,1.676529,18.166977,0.573940,0.917230,0.177647,5632,5504,0,0.220276,0.256165,of the text. If it r
1969,2,fast_forward,1.800236,18.388290,0.594054,0.917430,0.211594,5504,6016,0,0.219880,0.286828,d passages that prod
1970,4,stay,1.536892,18.377821,0.594075,0.917177,0.211594,6016,6016,0,0.219484,0.554728,d passages that prod
1971,0,forward,1.744114,18.383596,0.617866,0.917207,0.258358,6016,6144,0,0.219088,0.373502,t. Evaluation of the
1972,4,stay,1.641865,18.467375,0.619631,0.917444,0.258358,6144,6144,0,0.218692,0.399715,t. Evaluation of the
1973,3,fast_backward,1.450006,18.565103,0.585509,0.916618,0.179660,6144,5632,0,0.218296,0.231225,ditional diagnostic
1974,2,fast_forward,1.645213,18.320859,0.620129,0.917490,0.258358,5632,6144,0,0.217900,0.208521,t. Evaluation of the
1975,2,fast_forward,1.350373,18.362960,0.601742,0.917787,0.189681,6144,6656,0,0.217504,0.406077,aModel project tests
1976,1,backward,1.756498,18.184659,0.594865,0.917599,0.187692,6656,6528,0,0.217108,0.316581,bounded prediction e
1977,3,fast_backward,1.679370,18.098224,0.596436,0.917193,0.211594,6528,6016,0,0.216712,0.685618,d passages that prod
1978,0,forward,1.745209,17.818395,0.620104,0.917297,0.258358,6016,6144,0,0.216316,0.583868,t. Evaluation of the
1979,0,forward,1.013342,17.970907,0.576791,0.917233,0.172580,6144,6272,0,0.215920,0.367437,tistics of the text.
1980,3,fast_backward,1.644844,18.066260,0.588793,0.917278,0.191195,6272,5760,0,0.215524,0.356158,prediction error. Cu
1981,2,fast_forward,1.472414,18.089507,0.575003,0.917271,0.172580,5760,6272,0,0.215128,0.348480,tistics of the text.
1982,2,fast_forward,1.386252,18.127938,0.595702,0.916568,0.213473,6272,6784,0,0.214732,0.292456,. The model has no p
1983,2,fast_forward,1.758586,18.051465,0.604048,0.917019,0.229653,6784,7296,0,0.214336,0.406140,ns the statistics of
1984,1,backward,1.980184,18.076234,0.626981,0.917238,0.257159,7296,7168,0,0.213940,0.372498,"of characters, the f"
1985,4,stay,1.258816,17.902050,0.628504,0.917390,0.257159,7168,7168,0,0.213544,0.404145,"of characters, the f"
1986,3,fast_backward,2.063191,17.832449,0.603242,0.917523,0.189681,7168,6656,0,0.213148,0.406207,aModel project tests
1987,3,fast_backward,1.304495,17.685846,0.622354,0.917441,0.258358,6656,6144,0,0.212752,0.490930,t. Evaluation of the
1988,1,backward,1.469997,17.734683,0.599914,0.917458,0.211594,6144,6016,0,0.212356,0.423675,d passages that prod
1989,3,fast_backward,1.515829,17.863681,0.579290,0.917601,0.177647,6016,5504,0,0.211960,0.304302,of the text. If it r
1990,0,forward,1.254194,17.935875,0.586739,0.916444,0.179660,5504,5632,0,0.211564,0.540598,ditional diagnostic
1991,1,backward,1.724253,17.988242,0.576755,0.917020,0.177647,5632,5504,0,0.211168,0.448555,of the text. If it r
1992,2,fast_forward,1.956571,17.703092,0.596437,0.917252,0.211594,5504,6016,0,0.210772,0.274212,d passages that prod
1993,0,forward,1.496911,17.903600,0.620024,0.917124,0.258358,6016,6144,0,0.210376,0.487908,t. Evaluation of the
1994,3,fast_backward,1.734393,18.054958,0.586283,0.916474,0.179660,6144,5632,0,0.209980,0.274462,ditional diagnostic
1995,3,fast_backward,1.609545,18.001803,0.589549,0.917061,0.190034,5632,5120,0,0.209584,0.277127,in term in its actio
1996,3,fast_backward,1.780256,17.942755,0.590430,0.916761,0.204065,5120,4608,0,0.209188,0.474831,s the mathematical f
1997,0,forward,1.703825,18.047929,0.609951,0.917430,0.236303,4608,4736,0,0.208792,0.315241,surprise of its obs
1998,3,fast_backward,1.888630,18.113813,0.607286,0.917768,0.207990,4736,4224,0,0.208396,0.310605,he spontaneous forma
1999,3,fast_backward,1.595540,18.213872,0.590949,0.916930,0.194548,4224,3712,0,0.208000,0.600224,s no pretrained embe
2000,3,fast_backward,1.470880,18.127933,0.615630,0.917484,0.245962,3712,3200,0,0.207604,0.286561,he surprise of its o
2001,3,fast_backward,1.466684,18.099855,0.602176,0.917238,0.221963,3200,2688,0,0.207208,0.335199,e comes next. The te
2002,3,fast_backward,1.671291,17.968660,0.586578,0.917057,0.177662,2688,2176,0,0.206812,0.419758,provide additional
2003,3,fast_backward,1.682546,17.919818,0.573738,0.916967,0.169394,2176,1664,0,0.206416,0.322843,"If it remains flat,"
2004,0,forward,1.468246,17.916998,0.588506,0.916830,0.184100,1664,1792,0,0.206020,0.305533,gnostic signals. A s
2005,4,stay,1.674303,17.862353,0.587803,0.916897,0.184100,1792,1792,0,0.205624,0.459422,gnostic signals. A s
2006,0,forward,1.565611,17.933212,0.617594,0.917365,0.254057,1792,1920,0,0.205228,0.259436,rror. Evaluation of
2007,4,stay,1.690291,17.855567,0.619384,0.917469,0.254057,1920,1920,0,0.204832,0.285018,rror. Evaluation of
2008,4,stay,1.425692,18.027094,0.621091,0.917516,0.254057,1920,1920,0,0.204436,0.325310,rror. Evaluation of
2009,4,stay,1.542488,18.083623,0.622718,0.917418,0.254057,1920,1920,0,0.204040,0.463029,rror. Evaluation of
2010,3,fast_backward,1.256467,18.222790,0.608942,0.917426,0.200901,1920,1408,0,0.203644,0.346477,tor using a random p
2011,1,backward,1.521787,18.278800,0.591485,0.917200,0.179216,1408,1280,0,0.203248,0.305544,h character blocks i
2012,1,backward,1.654014,18.095011,0.604306,0.917266,0.222530,1280,1152,0,0.202852,0.473412,phase comes next. T
2013,0,forward,1.625883,18.141751,0.590951,0.916961,0.179216,1152,1280,0,0.202456,0.263910,h character blocks i
2014,1,backward,1.387951,18.154889,0.603812,0.917139,0.222530,1280,1152,0,0.202060,0.272497,phase comes next. T
2015,3,fast_backward,1.378837,18.169156,0.624407,0.917409,0.248914,1152,640,0,0.201664,0.397246,ergy reflects how pr
2016,0,forward,1.571217,18.196939,0.611380,0.917479,0.236386,640,768,0,0.201268,0.249393,"ext, free energy sho"
2017,1,backward,1.700756,18.093673,0.626124,0.917664,0.248914,768,640,0,0.200872,0.370854,ergy reflects how pr
2018,4,stay,1.766764,18.338326,0.627059,0.917239,0.248914,640,640,0,0.200476,0.315964,ergy reflects how pr
2019,0,forward,1.530337,18.341119,0.613864,0.917189,0.236386,640,768,0,0.200080,0.341395,"ext, free energy sho"
2020,1,backward,1.672856,18.146310,0.628449,0.917324,0.248914,768,640,0,0.199684,0.459198,ergy reflects how pr
2021,3,fast_backward,1.611703,18.230069,0.605256,0.917480,0.186413,640,128,0,0.199288,0.204205,er a free-energy-min
2022,2,fast_forward,1.866084,18.041408,0.628145,0.917366,0.248914,128,640,0,0.198892,0.297705,ergy reflects how pr
2023,0,forward,1.723420,18.136005,0.614874,0.917369,0.236386,640,768,0,0.198496,0.384985,"ext, free energy sho"
2024,0,forward,1.561178,18.218684,0.584742,0.917200,0.165020,768,896,0,0.198100,0.375479,d with an informatio
2025,0,forward,1.471052,18.089971,0.610615,0.917392,0.217769,896,1024,0,0.197704,0.327517,ssages or re-read pa
2026,2,fast_forward,1.964488,17.847126,0.625708,0.917226,0.263143,1024,1536,0,0.197308,0.323653,text loop focuses o
2027,4,stay,1.674443,17.884723,0.627164,0.917335,0.263143,1536,1536,0,0.196912,0.290032,text loop focuses o
2028,0,forward,1.658874,17.961972,0.582197,0.917017,0.169394,1536,1664,0,0.196516,0.333579,"If it remains flat,"
2029,1,backward,1.916049,18.081181,0.626177,0.917502,0.263143,1664,1536,0,0.196120,0.422012,text loop focuses o
2030,4,stay,1.805294,18.104808,0.627625,0.917746,0.263143,1536,1536,0,0.195724,0.316645,text loop focuses o
2031,1,backward,1.507670,18.033769,0.613696,0.917819,0.200901,1536,1408,0,0.195328,0.298580,tor using a random p
2032,4,stay,1.443945,18.282740,0.613124,0.917571,0.200901,1408,1408,0,0.194932,0.290788,tor using a random p
2033,3,fast_backward,1.347497,18.464511,0.584894,0.917172,0.165020,1408,896,0,0.194536,0.285458,d with an informatio
2034,2,fast_forward,1.380489,18.615297,0.610738,0.917583,0.200901,896,1408,0,0.194140,0.410960,tor using a random p
2035,3,fast_backward,1.612915,18.759222,0.582388,0.917098,0.165020,1408,896,0,0.193744,0.443899,d with an informatio
2036,2,fast_forward,1.637066,18.798813,0.608683,0.917233,0.200901,896,1408,0,0.193348,0.387358,tor using a random p
2037,0,forward,1.605904,18.590347,0.623738,0.917312,0.263143,1408,1536,0,0.192952,0.325329,text loop focuses o
2038,2,fast_forward,1.569139,18.572885,0.583040,0.917322,0.175441,1536,2048,0,0.192556,0.444752,statistics of the te
2039,3,fast_backward,1.702853,18.673841,0.623763,0.917781,0.263143,2048,1536,0,0.192160,0.392734,text loop focuses o
2040,0,forward,1.889242,18.685942,0.578832,0.916887,0.169394,1536,1664,0,0.191764,0.445148,"If it remains flat,"
2041,0,forward,1.391218,18.805075,0.592416,0.916799,0.184100,1664,1792,0,0.191368,0.297935,gnostic signals. A s
2042,2,fast_forward,1.796095,18.811689,0.593433,0.917072,0.197942,1792,2304,0,0.190972,0.590263,nd bounded predictio
2043,3,fast_backward,1.637263,18.805103,0.591031,0.916763,0.184100,2304,1792,0,0.190576,0.471735,gnostic signals. A s
2044,4,stay,1.790001,19.016565,0.590044,0.916644,0.184100,1792,1792,0,0.190180,0.623484,gnostic signals. A s
2045,0,forward,1.685652,19.021454,0.620134,0.917801,0.254057,1792,1920,0,0.189784,0.491928,rror. Evaluation of
2046,3,fast_backward,1.512402,18.857362,0.606369,0.917366,0.200901,1920,1408,0,0.189388,0.330143,tor using a random p
2047,3,fast_backward,1.646415,18.958321,0.577575,0.917277,0.165020,1408,896,0,0.188992,0.360051,d with an informatio
2048,1,backward,1.435811,18.877331,0.607458,0.917279,0.236386,896,768,0,0.188596,0.405369,"ext, free energy sho"
2049,2,fast_forward,1.223787,18.998677,0.588650,0.917178,0.179216,768,1280,0,0.188200,0.316041,h character blocks i
2050,1,backward,1.406823,19.016266,0.601441,0.917114,0.222530,1280,1152,0,0.187804,0.418065,phase comes next. T
2051,4,stay,1.669374,19.224860,0.601950,0.917619,0.222530,1152,1152,0,0.187408,0.612512,phase comes next. T
2052,2,fast_forward,1.572919,19.201005,0.574511,0.917321,0.169394,1152,1664,0,0.187012,0.601564,"If it remains flat,"
2053,1,backward,1.548984,19.154134,0.619263,0.917249,0.263143,1664,1536,0,0.186616,0.568853,text loop focuses o
2054,0,forward,1.468194,19.283704,0.574791,0.917310,0.169394,1536,1664,0,0.186220,0.334365,"If it remains flat,"
2055,3,fast_backward,1.275053,18.895834,0.600996,0.917188,0.222530,1664,1152,0,0.185824,0.519342,phase comes next. T
2056,0,forward,1.364118,18.911423,0.588328,0.916986,0.179216,1152,1280,0,0.185428,0.447894,h character blocks i
2057,2,fast_forward,1.477743,18.864514,0.589358,0.916926,0.184100,1280,1792,0,0.185032,0.520571,gnostic signals. A s
2058,1,backward,1.707174,18.941200,0.572146,0.917014,0.169394,1792,1664,0,0.184636,0.318294,"If it remains flat,"
2059,2,fast_forward,1.455528,18.910487,0.582928,0.916803,0.177662,1664,2176,0,0.184240,0.409565,provide additional
2060,3,fast_backward,1.637275,18.971986,0.570145,0.917063,0.169394,2176,1664,0,0.183844,0.526422,"If it remains flat,"
2061,1,backward,1.369806,18.827502,0.615279,0.917379,0.263143,1664,1536,0,0.183448,0.314923,text loop focuses o
2062,0,forward,1.426706,18.880944,0.571124,0.917129,0.169394,1536,1664,0,0.183052,0.303649,"If it remains flat,"
2063,4,stay,1.635870,18.869870,0.570060,0.917438,0.169394,1664,1664,0,0.182656,0.309708,"If it remains flat,"
2064,4,stay,1.886074,18.559501,0.569128,0.917721,0.169394,1664,1664,0,0.182260,0.368941,"If it remains flat,"
2065,1,backward,1.462720,18.475029,0.614000,0.917508,0.263143,1664,1536,0,0.181864,0.365722,text loop focuses o
2066,0,forward,1.745466,18.256637,0.570291,0.917028,0.169394,1536,1664,0,0.181468,0.313661,"If it remains flat,"
2067,0,forward,1.714196,18.223201,0.585954,0.916714,0.184100,1664,1792,0,0.181072,0.320553,gnostic signals. A s
2068,0,forward,1.574582,18.029608,0.615543,0.917255,0.254057,1792,1920,0,0.180676,0.373391,rror. Evaluation of
2069,2,fast_forward,1.529788,18.308422,0.577045,0.917648,0.168851,1920,2432,0,0.180280,0.422103,h an information-gai
2070,0,forward,1.463213,18.140123,0.599268,0.917194,0.214403,2432,2560,0,0.179884,0.441892,s or re-read passage
2071,1,backward,1.591757,17.992854,0.576839,0.917332,0.168851,2560,2432,0,0.179488,0.403028,h an information-gai
2072,3,fast_backward,1.088099,18.112818,0.616283,0.917432,0.254057,2432,1920,0,0.179092,0.668278,rror. Evaluation of
2073,1,backward,1.711385,18.060529,0.587981,0.917118,0.184100,1920,1792,0,0.178696,0.434233,gnostic signals. A s
2074,3,fast_backward,1.974846,18.086275,0.585863,0.916844,0.179216,1792,1280,0,0.178300,0.644269,h character blocks i
2075,1,backward,1.539894,18.095772,0.598231,0.917449,0.222530,1280,1152,0,0.177904,0.401540,phase comes next. T
2076,2,fast_forward,1.819794,18.012582,0.571466,0.917246,0.169394,1152,1664,0,0.177508,0.458544,"If it remains flat,"
2077,2,fast_forward,1.295138,17.990295,0.582543,0.917042,0.177662,1664,2176,0,0.177112,0.407244,provide additional
2078,2,fast_forward,1.258176,17.924549,0.597360,0.917437,0.221963,2176,2688,0,0.176716,0.483798,e comes next. The te
2079,0,forward,1.139964,17.908904,0.585920,0.917222,0.177215,2688,2816,0,0.176320,0.604998,racter blocks in ord
2080,4,stay,1.840059,18.038042,0.585638,0.917227,0.177215,2816,2816,0,0.175924,0.355676,racter blocks in ord
2081,2,fast_forward,1.565698,18.072228,0.618788,0.917352,0.253067,2816,3328,0,0.175528,0.617386,ictable the current
2082,0,forward,1.743222,18.066321,0.599245,0.917415,0.204990,3328,3456,0,0.175132,0.544598,d decrease. Cognitiv
2083,2,fast_forward,1.701812,17.594037,0.583956,0.917129,0.173957,3456,3968,0,0.174736,0.503429,cter blocks in order
2084,3,fast_backward,1.726043,17.616781,0.598844,0.917407,0.204990,3968,3456,0,0.174340,0.461015,d decrease. Cognitiv
2085,2,fast_forward,1.346646,17.589707,0.583610,0.917159,0.173957,3456,3968,0,0.173944,0.437641,cter blocks in order
2086,2,fast_forward,1.840944,17.453523,0.589392,0.917298,0.194905,3968,4480,0,0.173548,0.631369,"iser, and no externa"
2087,1,backward,1.568425,17.548074,0.587900,0.917138,0.178443,4480,4352,0,0.173152,0.619768,ing agent can form p
2088,4,stay,1.523908,17.601833,0.587435,0.917214,0.178443,4352,4352,0,0.172756,0.583860,ing agent can form p
2089,3,fast_backward,1.550629,17.456709,0.596144,0.917214,0.211055,4352,3840,0,0.172360,0.481924,om scratch. The text
2090,1,backward,1.405337,17.455572,0.588295,0.917011,0.194548,3840,3712,0,0.171964,0.574531,s no pretrained embe
2091,0,forward,1.592606,17.332386,0.596692,0.917393,0.211055,3712,3840,0,0.171568,0.381326,om scratch. The text
2092,4,stay,1.615688,17.222213,0.597269,0.917490,0.211055,3840,3840,0,0.171172,0.721905,om scratch. The text
2093,4,stay,1.366500,17.216229,0.597816,0.917208,0.211055,3840,3840,0,0.170776,0.514440,om scratch. The text
2094,0,forward,1.668351,17.183655,0.584502,0.917282,0.173957,3840,3968,0,0.170380,0.726624,cter blocks in order
2095,4,stay,1.660159,17.129029,0.583955,0.917011,0.173957,3968,3968,0,0.169984,0.303670,cter blocks in order
2096,2,fast_forward,1.564866,17.321456,0.589853,0.917274,0.194905,3968,4480,0,0.169588,0.350719,"iser, and no externa"
2097,4,stay,1.557831,17.466184,0.589888,0.917354,0.194905,4480,4480,0,0.169192,0.508302,"iser, and no externa"
2098,1,backward,1.586748,17.685405,0.588304,0.917151,0.178443,4480,4352,0,0.168796,0.536662,ing agent can form p
2099,3,fast_backward,1.686094,17.896560,0.596863,0.917313,0.211055,4352,3840,0,0.168400,0.366764,om scratch. The text
2100,4,stay,1.833380,18.073908,0.597421,0.917617,0.211055,3840,3840,0,0.168004,0.706815,om scratch. The text
2101,4,stay,1.701931,17.761080,0.597950,0.916958,0.211055,3840,3840,0,0.167608,0.330438,om scratch. The text
2102,3,fast_backward,1.775959,17.784927,0.621082,0.917447,0.253067,3840,3328,0,0.167212,0.657455,ictable the current
2103,1,backward,1.641594,17.752624,0.616109,0.917534,0.245962,3328,3200,0,0.166816,0.510597,he surprise of its o
2104,4,stay,1.410514,17.692871,0.617455,0.917355,0.245962,3200,3200,0,0.166420,0.401543,he surprise of its o
2105,3,fast_backward,1.430251,17.693726,0.604053,0.917121,0.221963,3200,2688,0,0.166024,0.302220,e comes next. The te
2106,0,forward,1.547688,17.901423,0.591500,0.917280,0.177215,2688,2816,0,0.165628,0.357154,racter blocks in ord
2107,0,forward,1.494859,17.797919,0.603046,0.917575,0.190799,2816,2944,0,0.165232,0.356515,sing a random projec
2108,0,forward,1.187727,17.827053,0.591893,0.916737,0.203670,2944,3072,0,0.164836,0.494752,des the mathematical
2109,2,fast_forward,1.338670,17.664132,0.602817,0.918129,0.197040,3072,3584,0,0.164440,0.717955,tests whether a fre
2110,1,backward,1.623606,17.977924,0.603238,0.917583,0.204990,3584,3456,0,0.164044,0.495402,d decrease. Cognitiv
2111,4,stay,1.540880,18.100218,0.603058,0.917622,0.204990,3456,3456,0,0.163648,0.631190,d decrease. Cognitiv
2112,1,backward,1.272850,18.027984,0.624158,0.917363,0.253067,3456,3328,0,0.163252,0.464479,ictable the current
2113,3,fast_backward,1.512222,17.919723,0.590761,0.917027,0.177215,3328,2816,0,0.162856,0.331101,racter blocks in ord
2114,3,fast_backward,1.849570,17.775954,0.593278,0.917170,0.197942,2816,2304,0,0.162460,0.472302,nd bounded predictio
2115,1,backward,1.365653,17.880592,0.587127,0.916949,0.177662,2304,2176,0,0.162064,0.229643,provide additional
2116,0,forward,1.898898,17.941430,0.591970,0.917168,0.197942,2176,2304,0,0.161668,0.374906,nd bounded predictio
2117,0,forward,1.857978,17.797238,0.580840,0.917193,0.168851,2304,2432,0,0.161272,0.358028,h an information-gai
2118,1,backward,1.529390,17.908866,0.590759,0.916920,0.197942,2432,2304,0,0.160876,0.447885,nd bounded predictio
2119,2,fast_forward,1.566154,17.822269,0.587727,0.917059,0.177215,2304,2816,0,0.160480,0.337533,racter blocks in ord
2120,4,stay,1.573954,17.978467,0.587216,0.917238,0.177215,2816,2816,0,0.160084,0.424957,racter blocks in ord
2121,2,fast_forward,1.307001,18.304380,0.621014,0.917425,0.253067,2816,3328,0,0.159688,0.355076,ictable the current
2122,4,stay,1.365648,18.378179,0.622408,0.917268,0.253067,3328,3328,0,0.159292,0.332283,ictable the current
2123,3,fast_backward,1.651633,18.435543,0.589094,0.917163,0.177215,3328,2816,0,0.158896,0.518769,racter blocks in ord
2124,3,fast_backward,1.828829,18.449391,0.591705,0.917038,0.197942,2816,2304,0,0.158500,0.550823,nd bounded predictio
2125,3,fast_backward,1.815504,18.494153,0.590388,0.916876,0.184100,2304,1792,0,0.158104,0.466158,gnostic signals. A s
2126,3,fast_backward,1.267949,18.534491,0.587112,0.917076,0.179216,1792,1280,0,0.157708,0.377923,h character blocks i
2127,1,backward,1.528015,18.606825,0.600313,0.917015,0.222530,1280,1152,0,0.157312,0.460657,phase comes next. T
2128,0,forward,1.481246,18.513909,0.587237,0.917227,0.179216,1152,1280,0,0.156916,0.480482,h character blocks i
2129,4,stay,1.733918,18.464824,0.586721,0.917115,0.179216,1280,1280,0,0.156520,0.462708,h character blocks i
2130,4,stay,1.510171,18.689672,0.586251,0.917041,0.179216,1280,1280,0,0.156124,0.462855,h character blocks i
2131,3,fast_backward,1.911271,18.588754,0.606200,0.917314,0.236386,1280,768,0,0.155728,0.612332,"ext, free energy sho"
2132,1,backward,1.495245,18.743086,0.620941,0.917223,0.248914,768,640,0,0.155332,0.439513,ergy reflects how pr
2133,1,backward,1.654878,18.664242,0.611342,0.917514,0.237833,640,512,0,0.154936,0.575337,"ree energy, which is"
2134,4,stay,1.308512,18.755187,0.612409,0.917324,0.237833,512,512,0,0.154540,0.501613,"ree energy, which is"
2135,0,forward,1.307756,18.685253,0.624188,0.917464,0.248914,512,640,0,0.154144,0.501153,ergy reflects how pr
2136,2,fast_forward,1.357581,18.590711,0.604929,0.917228,0.222530,640,1152,0,0.153748,0.542087,phase comes next. T
2137,4,stay,1.616367,18.527898,0.605281,0.917166,0.222530,1152,1152,0,0.153352,0.586906,phase comes next. T
2138,0,forward,1.531049,18.319563,0.591347,0.916928,0.179216,1152,1280,0,0.152956,0.481332,h character blocks i
2139,2,fast_forward,1.281230,18.465883,0.593417,0.916828,0.184100,1280,1792,0,0.152560,0.518941,gnostic signals. A s
2140,2,fast_forward,1.615954,18.382872,0.593454,0.916906,0.197942,1792,2304,0,0.152164,0.393677,nd bounded predictio
2141,3,fast_backward,1.780026,18.564182,0.592205,0.916994,0.184100,2304,1792,0,0.151768,0.510175,gnostic signals. A s
2142,4,stay,1.559099,18.277297,0.591320,0.916670,0.184100,1792,1792,0,0.151372,0.355929,gnostic signals. A s
2143,0,forward,1.794526,18.081595,0.620771,0.918009,0.254057,1792,1920,0,0.150976,0.520032,rror. Evaluation of
2144,1,backward,1.805971,18.237056,0.592049,0.916752,0.184100,1920,1792,0,0.150580,0.544497,gnostic signals. A s
2145,4,stay,1.410978,18.114293,0.591213,0.916847,0.184100,1792,1792,0,0.150184,0.529915,gnostic signals. A s
2146,0,forward,1.378310,18.436067,0.620656,0.917615,0.254057,1792,1920,0,0.149788,0.261297,rror. Evaluation of
2147,1,backward,1.315868,18.534141,0.592003,0.916971,0.184100,1920,1792,0,0.149392,0.397024,gnostic signals. A s
2148,0,forward,1.561389,18.284370,0.621430,0.917449,0.254057,1792,1920,0,0.148996,0.502916,rror. Evaluation of
2149,4,stay,1.809848,18.232623,0.623063,0.917445,0.254057,1920,1920,0,0.148600,0.398132,rror. Evaluation of
2150,1,backward,1.534575,18.130115,0.594143,0.916870,0.184100,1920,1792,0,0.148204,0.306109,gnostic signals. A s
2151,2,fast_forward,1.661980,18.122677,0.594194,0.917130,0.197942,1792,2304,0,0.147808,0.518262,nd bounded predictio
2152,2,fast_forward,1.622047,18.237738,0.590707,0.917130,0.177215,2304,2816,0,0.147412,0.271792,racter blocks in ord
2153,1,backward,1.670107,18.091913,0.603325,0.916970,0.221963,2816,2688,0,0.147016,0.296199,e comes next. The te
2154,1,backward,1.738533,18.238861,0.605662,0.916870,0.214403,2688,2560,0,0.146620,0.519505,s or re-read passage
2155,4,stay,1.415702,18.264146,0.605703,0.917025,0.214403,2560,2560,0,0.146224,0.344611,s or re-read passage
2156,0,forward,1.617493,18.361432,0.603992,0.917179,0.221963,2560,2688,0,0.145828,0.433964,e comes next. The te
2157,1,backward,1.352486,18.633626,0.606251,0.917557,0.214403,2688,2560,0,0.145432,0.315790,s or re-read passage
2158,0,forward,1.803305,18.396880,0.604565,0.917106,0.221963,2560,2688,0,0.145036,0.462707,e comes next. The te
2159,3,fast_backward,1.630169,18.424148,0.589530,0.916836,0.177662,2688,2176,0,0.144640,0.453929,provide additional
2160,4,stay,1.660217,18.440375,0.588487,0.916683,0.177662,2176,2176,0,0.144244,0.454857,provide additional
2161,4,stay,1.263265,18.424176,0.587550,0.916930,0.177662,2176,2176,0,0.143848,0.275518,provide additional
2162,1,backward,1.537894,18.113211,0.578493,0.917128,0.175441,2176,2048,0,0.143452,0.409437,statistics of the te
2163,2,fast_forward,1.702506,18.107095,0.603167,0.917263,0.214403,2048,2560,0,0.143056,0.253600,s or re-read passage
2164,1,backward,1.821400,18.051380,0.580719,0.917314,0.168851,2560,2432,0,0.142660,0.421113,h an information-gai
2165,4,stay,1.389543,18.511692,0.579774,0.917595,0.168851,2432,2432,0,0.142264,0.421378,h an information-gai
2166,1,backward,1.329158,18.519103,0.589697,0.917129,0.197942,2432,2304,0,0.141868,0.296251,nd bounded predictio
2167,3,fast_backward,1.642984,18.372958,0.589382,0.916834,0.184100,2304,1792,0,0.141472,0.221708,gnostic signals. A s
2168,1,backward,1.266428,18.479294,0.571790,0.917020,0.169394,1792,1664,0,0.141076,0.256194,"If it remains flat,"
2169,2,fast_forward,1.434947,18.413804,0.583251,0.916727,0.177662,1664,2176,0,0.140680,0.223709,provide additional
2170,2,fast_forward,1.701303,18.598812,0.597972,0.917285,0.221963,2176,2688,0,0.140284,0.367918,e comes next. The te
2171,0,forward,1.647332,18.402338,0.586371,0.917252,0.177215,2688,2816,0,0.139888,0.343199,racter blocks in ord
2172,3,fast_backward,1.756884,18.354229,0.588516,0.916771,0.197942,2816,2304,0,0.139492,0.350719,nd bounded predictio
2173,4,stay,1.389263,18.550768,0.588782,0.917144,0.197942,2304,2304,0,0.139096,0.353933,nd bounded predictio
2174,1,backward,1.915805,18.641036,0.584097,0.917155,0.177662,2304,2176,0,0.138700,0.350444,provide additional
2175,4,stay,1.855772,18.621377,0.583589,0.916949,0.177662,2176,2176,0,0.138304,0.341898,provide additional
2176,3,fast_backward,1.794749,18.505626,0.570596,0.917052,0.169394,2176,1664,0,0.137908,0.429425,"If it remains flat,"
2177,2,fast_forward,1.545740,18.390987,0.582411,0.916791,0.177662,1664,2176,0,0.137512,0.396753,provide additional
2178,4,stay,1.187602,18.181544,0.582085,0.916857,0.177662,2176,2176,0,0.137116,0.374958,provide additional
2179,1,backward,1.506293,18.158044,0.572914,0.917247,0.175441,2176,2048,0,0.136720,0.347254,statistics of the te
2180,3,fast_backward,1.863700,18.398803,0.614881,0.917976,0.263143,2048,1536,0,0.136324,0.364328,text loop focuses o
2181,3,fast_backward,1.508434,18.440321,0.602532,0.917363,0.217769,1536,1024,0,0.135928,0.216030,ssages or re-read pa
2182,1,backward,1.269753,18.411319,0.574017,0.917411,0.165020,1024,896,0,0.135532,0.396642,d with an informatio
2183,2,fast_forward,1.572736,18.483999,0.602406,0.917604,0.200901,896,1408,0,0.135136,0.478578,tor using a random p
2184,4,stay,1.529684,18.407041,0.602752,0.917942,0.200901,1408,1408,0,0.134740,0.482838,tor using a random p
2185,1,backward,1.792339,18.349188,0.586482,0.917013,0.179216,1408,1280,0,0.134344,0.399923,h character blocks i
2186,1,backward,1.584212,18.267985,0.599080,0.917402,0.222530,1280,1152,0,0.133948,0.225413,phase comes next. T
2187,2,fast_forward,1.607167,18.407768,0.572259,0.916961,0.169394,1152,1664,0,0.133552,0.319318,"If it remains flat,"
2188,1,backward,1.472786,18.426634,0.617353,0.917281,0.263143,1664,1536,0,0.133156,0.399895,text loop focuses o
2189,0,forward,1.686822,18.144226,0.573335,0.916913,0.169394,1536,1664,0,0.132760,0.275745,"If it remains flat,"
2190,1,backward,1.600330,18.290960,0.618248,0.917540,0.263143,1664,1536,0,0.132364,0.194726,text loop focuses o
2191,2,fast_forward,1.401221,18.168190,0.578033,0.917416,0.175441,1536,2048,0,0.131968,0.143801,statistics of the te
2192,2,fast_forward,1.596871,18.113679,0.602882,0.916953,0.214403,2048,2560,0,0.131572,0.313254,s or re-read passage
2193,1,backward,1.429942,18.058877,0.580588,0.917616,0.168851,2560,2432,0,0.131176,0.401607,h an information-gai
2194,1,backward,1.528607,18.087658,0.590630,0.917124,0.197942,2432,2304,0,0.130780,0.326686,nd bounded predictio
2195,1,backward,1.481039,18.098217,0.585794,0.916719,0.177662,2304,2176,0,0.130384,0.418381,provide additional
2196,3,fast_backward,1.303752,17.898508,0.572998,0.916882,0.169394,2176,1664,0,0.129988,0.329511,"If it remains flat,"
2197,1,backward,1.793857,17.733079,0.617698,0.917401,0.263143,1664,1536,0,0.129592,0.222724,text loop focuses o
2198,1,backward,1.747776,17.692022,0.605195,0.917470,0.200901,1536,1408,0,0.129196,0.359382,tor using a random p
2199,1,backward,1.685830,17.738546,0.588771,0.916874,0.179216,1408,1280,0,0.128800,0.349064,h character blocks i
2200,0,forward,1.763244,17.908721,0.605094,0.917582,0.200901,1280,1408,0,0.128404,0.337741,tor using a random p
2201,2,fast_forward,1.554727,17.954840,0.620639,0.917566,0.254057,1408,1920,0,0.128008,0.437408,rror. Evaluation of
2202,4,stay,1.243290,17.936380,0.622425,0.917681,0.254057,1920,1920,0,0.127612,0.475560,rror. Evaluation of
2203,1,backward,1.533004,17.886374,0.594142,0.916908,0.184100,1920,1792,0,0.127216,0.382478,gnostic signals. A s
2204,1,backward,1.594109,17.765631,0.576434,0.916922,0.169394,1792,1664,0,0.126820,0.422144,"If it remains flat,"
2205,0,forward,1.483105,17.708961,0.592222,0.916848,0.184100,1664,1792,0,0.126424,0.419890,gnostic signals. A s
2206,4,stay,1.691182,17.376834,0.591651,0.917406,0.184100,1792,1792,0,0.126028,0.479149,gnostic signals. A s
2207,1,backward,1.804325,17.451233,0.573780,0.917202,0.169394,1792,1664,0,0.125632,0.477270,"If it remains flat,"
2208,4,stay,1.506888,17.483936,0.572858,0.917325,0.169394,1664,1664,0,0.125236,0.396712,"If it remains flat,"
2209,4,stay,1.629585,17.640195,0.572062,0.916971,0.169394,1664,1664,0,0.124840,0.312321,"If it remains flat,"
2210,1,backward,1.260795,17.443686,0.617692,0.917230,0.263143,1664,1536,0,0.124444,0.552078,text loop focuses o
2211,1,backward,1.403873,17.207662,0.605112,0.917552,0.200901,1536,1408,0,0.124048,0.631179,tor using a random p
2212,4,stay,1.614579,17.051302,0.605394,0.917439,0.200901,1408,1408,0,0.123652,0.532158,tor using a random p
2213,1,backward,2.043201,16.930201,0.588869,0.917250,0.179216,1408,1280,0,0.123256,0.287563,h character blocks i
2214,2,fast_forward,1.638903,16.904265,0.590883,0.916735,0.184100,1280,1792,0,0.122860,0.587157,gnostic signals. A s
2215,4,stay,1.929771,16.893473,0.590454,0.916986,0.184100,1792,1792,0,0.122464,0.564690,gnostic signals. A s
2216,2,fast_forward,1.582496,16.898508,0.590456,0.916985,0.197942,1792,2304,0,0.122068,0.508182,nd bounded predictio
2217,2,fast_forward,1.595334,16.772081,0.587920,0.917228,0.177215,2304,2816,0,0.121672,0.838262,racter blocks in ord
2218,4,stay,1.794237,16.778942,0.587715,0.917197,0.177215,2816,2816,0,0.121276,0.611949,racter blocks in ord
2219,2,fast_forward,1.647267,16.753856,0.622287,0.917385,0.253067,2816,3328,0,0.120880,0.760805,ictable the current
2220,4,stay,1.809174,16.723537,0.623744,0.917475,0.253067,3328,3328,0,0.120484,0.600572,ictable the current
2221,4,stay,1.716462,16.709222,0.625144,0.917556,0.253067,3328,3328,0,0.120088,0.443631,ictable the current
2222,2,fast_forward,1.496289,16.558996,0.602644,0.917231,0.211055,3328,3840,0,0.119692,0.704483,om scratch. The text
2223,1,backward,1.084968,16.714625,0.595329,0.917609,0.194548,3840,3712,0,0.119296,0.811249,s no pretrained embe
2224,3,fast_backward,1.602003,16.666570,0.619662,0.917129,0.245962,3712,3200,0,0.118900,0.528599,he surprise of its o
2225,1,backward,1.779690,16.630542,0.595031,0.916619,0.203670,3200,3072,0,0.118504,0.683234,des the mathematical
2226,0,forward,1.910081,16.704403,0.620850,0.917364,0.245962,3072,3200,0,0.118108,0.734245,he surprise of its o
2227,4,stay,1.679556,16.709078,0.622129,0.917366,0.245962,3200,3200,0,0.117712,0.527923,he surprise of its o
2228,3,fast_backward,1.130933,16.652051,0.608277,0.917096,0.221963,3200,2688,0,0.117316,0.618315,e comes next. The te
2229,3,fast_backward,1.700983,16.652524,0.593078,0.916951,0.177662,2688,2176,0,0.116920,0.611457,provide additional
2230,4,stay,1.862216,16.484188,0.591988,0.916702,0.177662,2176,2176,0,0.116524,0.511293,provide additional
2231,0,forward,1.760778,16.886976,0.596545,0.916993,0.197942,2176,2304,0,0.116128,0.517156,nd bounded predictio
2232,2,fast_forward,1.606009,16.574949,0.593109,0.917310,0.177215,2304,2816,0,0.115732,0.796151,racter blocks in ord
2233,3,fast_backward,1.888561,16.605609,0.595797,0.917118,0.197942,2816,2304,0,0.115336,0.691308,nd bounded predictio
2234,1,backward,1.750665,16.778139,0.590254,0.917340,0.177662,2304,2176,0,0.114940,0.373613,provide additional
2235,1,backward,1.700602,16.864964,0.581051,0.917263,0.175441,2176,2048,0,0.114544,0.614929,statistics of the te
2236,3,fast_backward,1.698730,16.923272,0.623082,0.917263,0.263143,2048,1536,0,0.114148,0.516416,text loop focuses o
2237,4,stay,1.459764,16.898835,0.624875,0.917476,0.263143,1536,1536,0,0.113752,0.635318,text loop focuses o
2238,2,fast_forward,2.082255,17.147692,0.583964,0.917287,0.175441,1536,2048,0,0.113356,0.586994,statistics of the te
2239,1,backward,1.170168,16.834300,0.625757,0.917785,0.254057,2048,1920,0,0.112960,0.612643,rror. Evaluation of
2240,0,forward,1.718454,16.954240,0.584522,0.917254,0.175441,1920,2048,0,0.112564,0.663322,statistics of the te
2241,2,fast_forward,1.635114,16.792841,0.608863,0.917008,0.214403,2048,2560,0,0.112168,0.653945,s or re-read passage
2242,3,fast_backward,1.874731,16.849837,0.583604,0.917056,0.175441,2560,2048,0,0.111772,0.633228,statistics of the te
2243,3,fast_backward,1.789570,17.076901,0.625053,0.917517,0.263143,2048,1536,0,0.111376,0.518492,text loop focuses o
2244,0,forward,1.344544,17.287088,0.580276,0.916928,0.169394,1536,1664,0,0.110980,0.337183,"If it remains flat,"
2245,4,stay,1.450317,17.247845,0.578840,0.917428,0.169394,1664,1664,0,0.110584,0.473053,"If it remains flat,"
2246,1,backward,1.541527,17.249653,0.623822,0.917519,0.263143,1664,1536,0,0.110188,0.297242,text loop focuses o
2247,1,backward,1.588412,17.335184,0.610615,0.917449,0.200901,1536,1408,0,0.109792,0.481519,tor using a random p
2248,2,fast_forward,1.547197,17.212910,0.626162,0.917363,0.254057,1408,1920,0,0.109396,0.356608,rror. Evaluation of
2249,3,fast_backward,1.440618,17.336361,0.612153,0.917579,0.200901,1920,1408,0,0.109000,0.361418,tor using a random p
2250,4,stay,1.457061,17.567674,0.612059,0.917643,0.200901,1408,1408,0,0.108604,0.550138,tor using a random p
2251,1,backward,1.624706,17.406112,0.594806,0.917696,0.179216,1408,1280,0,0.108208,0.488570,h character blocks i
2252,0,forward,1.698043,17.369451,0.611256,0.917238,0.200901,1280,1408,0,0.107812,0.598241,tor using a random p
2253,2,fast_forward,1.682460,17.505882,0.627093,0.917747,0.254057,1408,1920,0,0.107416,0.301313,rror. Evaluation of
2254,4,stay,1.369501,17.846516,0.628629,0.917853,0.254057,1920,1920,0,0.107020,0.580557,rror. Evaluation of
2255,1,backward,1.833010,17.576542,0.599274,0.916791,0.184100,1920,1792,0,0.106624,0.685028,gnostic signals. A s
2256,2,fast_forward,1.562129,17.642566,0.599742,0.916978,0.197942,1792,2304,0,0.106228,0.444662,nd bounded predictio
2257,2,fast_forward,1.306950,17.637846,0.595835,0.917038,0.177215,2304,2816,0,0.105832,0.627594,racter blocks in ord
2258,1,backward,1.508893,17.690432,0.608635,0.917207,0.221963,2816,2688,0,0.105436,0.413022,e comes next. The te
2259,0,forward,1.803550,17.681229,0.595513,0.917648,0.177215,2688,2816,0,0.105040,0.436674,racter blocks in ord
2260,1,backward,1.531041,17.798781,0.608336,0.917079,0.221963,2816,2688,0,0.104644,0.459699,e comes next. The te
2261,4,stay,1.692543,17.841963,0.608802,0.917111,0.221963,2688,2688,0,0.104248,0.622245,e comes next. The te
2262,4,stay,1.570330,18.073833,0.609248,0.917285,0.221963,2688,2688,0,0.103852,0.620156,e comes next. The te
2263,4,stay,1.522491,17.865983,0.609677,0.916965,0.221963,2688,2688,0,0.103456,0.392606,e comes next. The te
2264,0,forward,1.649061,17.927051,0.596560,0.917162,0.177215,2688,2816,0,0.103060,0.515933,racter blocks in ord
2265,1,backward,1.794362,18.084513,0.609302,0.917177,0.221963,2816,2688,0,0.102664,0.600169,e comes next. The te
2266,3,fast_backward,1.358551,17.957292,0.593922,0.916796,0.177662,2688,2176,0,0.102268,0.571523,provide additional
2267,2,fast_forward,1.475099,17.855204,0.608612,0.917161,0.221963,2176,2688,0,0.101872,0.386454,e comes next. The te
2268,2,fast_forward,1.712637,17.971788,0.623551,0.917353,0.245962,2688,3200,0,0.101476,0.430923,he surprise of its o
2269,4,stay,1.448142,17.988029,0.624743,0.917525,0.245962,3200,3200,0,0.101080,0.349216,he surprise of its o
2270,0,forward,1.650676,18.084911,0.632311,0.917363,0.253067,3200,3328,0,0.100684,0.430487,ictable the current
2271,4,stay,1.333147,18.302540,0.633383,0.917311,0.253067,3328,3328,0,0.100288,0.593976,ictable the current
2272,2,fast_forward,1.446457,18.259659,0.611375,0.917194,0.211055,3328,3840,0,0.099892,0.381584,om scratch. The text
2273,3,fast_backward,1.890683,18.333390,0.634182,0.917562,0.253067,3840,3328,0,0.099496,0.715953,ictable the current
2274,1,backward,1.486356,18.405587,0.628795,0.917252,0.245962,3328,3200,0,0.099100,0.519150,he surprise of its o
2275,2,fast_forward,1.051455,18.427433,0.605346,0.917114,0.194548,3200,3712,0,0.098704,0.437129,s no pretrained embe
2276,0,forward,1.586775,18.124745,0.612211,0.917346,0.211055,3712,3840,0,0.098308,0.363164,om scratch. The text
2277,1,backward,1.826097,18.348628,0.604309,0.917067,0.194548,3840,3712,0,0.097912,0.319152,s no pretrained embe
2278,0,forward,1.916657,18.291718,0.611305,0.917188,0.211055,3712,3840,0,0.097516,0.596685,om scratch. The text
2279,4,stay,1.715657,18.257287,0.611267,0.917428,0.211055,3840,3840,0,0.097120,0.654160,om scratch. The text
2280,4,stay,1.775931,18.318531,0.611243,0.917144,0.211055,3840,3840,0,0.096724,0.590177,om scratch. The text
2281,3,fast_backward,1.423966,18.275191,0.633853,0.917368,0.253067,3840,3328,0,0.096328,0.521383,ictable the current
2282,2,fast_forward,1.308880,18.053603,0.612139,0.917282,0.211055,3328,3840,0,0.095932,0.691864,om scratch. The text
2283,0,forward,1.191820,17.943122,0.597746,0.917454,0.173957,3840,3968,0,0.095536,0.599039,cter blocks in order
2284,0,forward,1.578040,17.976571,0.614400,0.917419,0.198953,3968,4096,0,0.095140,0.566975,ng a random projecti
2285,1,backward,1.503852,17.965646,0.596143,0.917293,0.173957,4096,3968,0,0.094744,0.458372,cter blocks in order
2286,0,forward,1.886729,17.906703,0.612969,0.917378,0.198953,3968,4096,0,0.094348,0.468167,ng a random projecti
2287,2,fast_forward,1.673067,18.066860,0.600551,0.917473,0.204065,4096,4608,0,0.093952,0.336836,s the mathematical f
2288,1,backward,1.642266,18.285002,0.601785,0.917986,0.194905,4608,4480,0,0.093556,0.419680,"iser, and no externa"
2289,0,forward,1.425772,18.323078,0.599835,0.916705,0.204065,4480,4608,0,0.093160,0.337312,s the mathematical f
2290,0,forward,1.096622,18.252956,0.619502,0.917303,0.236303,4608,4736,0,0.092764,0.507949,surprise of its obs
2291,1,backward,1.634356,18.295178,0.600496,0.916743,0.204065,4736,4608,0,0.092368,0.492535,s the mathematical f
2292,3,fast_backward,1.479963,18.228137,0.611995,0.917451,0.198953,4608,4096,0,0.091972,0.411901,ng a random projecti
2293,4,stay,1.533924,18.079545,0.611736,0.917264,0.198953,4096,4096,0,0.091576,0.313538,ng a random projecti
2294,3,fast_backward,1.561568,18.057322,0.609327,0.917321,0.197040,4096,3584,0,0.091180,0.244109,tests whether a fre
2295,2,fast_forward,1.128632,18.080534,0.611156,0.917795,0.198953,3584,4096,0,0.090784,0.479816,ng a random projecti
2296,2,fast_forward,1.389432,18.230261,0.599260,0.916739,0.204065,4096,4608,0,0.090388,0.417590,s the mathematical f
2297,1,backward,1.561505,17.992882,0.600121,0.917753,0.194905,4608,4480,0,0.089992,0.224334,"iser, and no externa"
2298,1,backward,2.138738,18.093991,0.597218,0.917017,0.178443,4480,4352,0,0.089596,0.419863,ing agent can form p
2299,1,backward,1.591451,18.299991,0.613877,0.917526,0.207990,4352,4224,0,0.089200,0.511106,he spontaneous forma
2300,4,stay,1.421309,18.385937,0.613743,0.917632,0.207990,4224,4224,0,0.088804,0.185026,he spontaneous forma
2301,4,stay,1.336890,18.519826,0.613614,0.917610,0.207990,4224,4224,0,0.088408,0.296709,he spontaneous forma
2302,1,backward,1.657479,18.364537,0.609267,0.918172,0.198953,4224,4096,0,0.088012,0.361567,ng a random projecti
2303,4,stay,1.489151,18.598047,0.609118,0.917415,0.198953,4096,4096,0,0.087616,0.349627,ng a random projecti
2304,1,backward,1.781428,18.612733,0.590795,0.917164,0.173957,4096,3968,0,0.087220,0.645937,cter blocks in order
2305,3,fast_backward,1.511399,18.706007,0.606449,0.918320,0.204990,3968,3456,0,0.086824,0.241607,d decrease. Cognitiv
2306,4,stay,1.139216,18.508509,0.606318,0.917686,0.204990,3456,3456,0,0.086428,0.318541,d decrease. Cognitiv
2307,1,backward,1.690428,18.507546,0.628156,0.917437,0.253067,3456,3328,0,0.086032,0.558316,ictable the current
2308,0,forward,1.477670,18.667257,0.607552,0.917602,0.204990,3328,3456,0,0.085636,0.240936,d decrease. Cognitiv
2309,0,forward,1.360374,18.647706,0.606717,0.917573,0.197040,3456,3584,0,0.085240,0.264196,tests whether a fre
2310,0,forward,1.421744,18.513501,0.597110,0.917299,0.194548,3584,3712,0,0.084844,0.255924,s no pretrained embe
2311,2,fast_forward,1.724807,18.522492,0.612438,0.917661,0.207990,3712,4224,0,0.084448,0.293838,he spontaneous forma
2312,3,fast_backward,1.348362,18.628149,0.596645,0.916908,0.194548,4224,3712,0,0.084052,0.234056,s no pretrained embe
2313,0,forward,1.704188,18.643175,0.604181,0.917194,0.211055,3712,3840,0,0.083656,0.476184,om scratch. The text
2314,0,forward,1.775565,18.501349,0.590044,0.917063,0.173957,3840,3968,0,0.083260,0.388305,cter blocks in order
2315,1,backward,1.715694,18.579361,0.603563,0.917268,0.211055,3968,3840,0,0.082864,0.317675,om scratch. The text
2316,0,forward,1.772314,18.374801,0.589554,0.917127,0.173957,3840,3968,0,0.082468,0.237829,cter blocks in order
2317,0,forward,1.769341,18.621538,0.606901,0.917320,0.198953,3968,4096,0,0.082072,0.364679,ng a random projecti
2318,3,fast_backward,1.657670,18.768039,0.604498,0.917663,0.197040,4096,3584,0,0.081676,0.414018,tests whether a fre
2319,4,stay,1.301678,18.780258,0.604388,0.917321,0.197040,3584,3584,0,0.081280,0.267107,tests whether a fre
2320,0,forward,1.654079,18.578637,0.594983,0.916893,0.194548,3584,3712,0,0.080884,0.273565,s no pretrained embe
2321,3,fast_backward,1.933812,18.498604,0.619301,0.917277,0.245962,3712,3200,0,0.080488,0.531973,he surprise of its o
2322,1,backward,1.849875,18.571982,0.595442,0.916475,0.203670,3200,3072,0,0.080092,0.411417,des the mathematical
2323,0,forward,1.658528,18.569567,0.620548,0.917240,0.245962,3072,3200,0,0.079696,0.247344,he surprise of its o
2324,1,backward,1.790282,18.693916,0.596618,0.916725,0.203670,3200,3072,0,0.079300,0.573828,des the mathematical
2325,1,backward,1.380392,18.678677,0.605442,0.917572,0.190799,3072,2944,0,0.078904,0.562812,sing a random projec
2326,0,forward,1.418257,18.429751,0.596000,0.916760,0.203670,2944,3072,0,0.078508,0.537542,des the mathematical
2327,1,backward,1.274451,18.349305,0.604864,0.917444,0.190799,3072,2944,0,0.078112,0.572884,sing a random projec
2328,0,forward,1.546102,18.629603,0.595458,0.916578,0.203670,2944,3072,0,0.077716,0.476790,des the mathematical
2329,3,fast_backward,1.323485,18.657669,0.606799,0.917132,0.214403,3072,2560,0,0.077320,0.460560,s or re-read passage
2330,3,fast_backward,1.579532,18.554499,0.582287,0.917253,0.175441,2560,2048,0,0.076924,0.340404,statistics of the te
2331,2,fast_forward,1.536658,18.303972,0.605993,0.917645,0.214403,2048,2560,0,0.076528,0.363180,s or re-read passage
2332,3,fast_backward,1.589913,18.172663,0.581525,0.917174,0.175441,2560,2048,0,0.076132,0.258191,statistics of the te
2333,2,fast_forward,1.697250,17.991426,0.605341,0.917212,0.214403,2048,2560,0,0.075736,0.349848,s or re-read passage
2334,3,fast_backward,1.550822,17.921046,0.580916,0.917196,0.175441,2560,2048,0,0.075340,0.298387,statistics of the te
2335,1,backward,1.692349,17.912460,0.622621,0.917363,0.254057,2048,1920,0,0.074944,0.302447,rror. Evaluation of
2336,3,fast_backward,1.604151,17.912944,0.608807,0.917613,0.200901,1920,1408,0,0.074548,0.540678,tor using a random p
2337,1,backward,1.550638,17.939372,0.591566,0.916856,0.179216,1408,1280,0,0.074152,0.396216,h character blocks i
2338,2,fast_forward,1.352501,18.088399,0.593862,0.917013,0.184100,1280,1792,0,0.073756,0.526863,gnostic signals. A s
2339,2,fast_forward,1.583632,18.240779,0.594157,0.917162,0.197942,1792,2304,0,0.073360,0.409237,nd bounded predictio
2340,2,fast_forward,1.776306,18.199166,0.590581,0.917240,0.177215,2304,2816,0,0.072964,0.411573,racter blocks in ord
2341,2,fast_forward,1.697755,18.273941,0.625310,0.917304,0.253067,2816,3328,0,0.072568,0.396724,ictable the current
2342,4,stay,1.571938,18.188135,0.626722,0.917208,0.253067,3328,3328,0,0.072172,0.403827,ictable the current
2343,3,fast_backward,1.377825,18.234730,0.592592,0.917253,0.177215,3328,2816,0,0.071776,0.407287,racter blocks in ord
2344,1,backward,1.481541,18.284142,0.605426,0.917492,0.221963,2816,2688,0,0.071380,0.396165,e comes next. The te
2345,2,fast_forward,1.399253,18.314476,0.621111,0.917378,0.245962,2688,3200,0,0.070984,0.327979,he surprise of its o
2346,0,forward,1.445772,18.324319,0.629137,0.917477,0.253067,3200,3328,0,0.070588,0.480357,ictable the current
2347,4,stay,1.629010,18.430732,0.630361,0.917535,0.253067,3328,3328,0,0.070192,0.431979,ictable the current
2348,0,forward,1.346379,18.620018,0.610638,0.917648,0.204990,3328,3456,0,0.069796,0.394582,d decrease. Cognitiv
2349,0,forward,1.661961,18.517754,0.609149,0.917734,0.197040,3456,3584,0,0.069400,0.436272,tests whether a fre
2350,0,forward,1.713186,18.280551,0.599553,0.916798,0.194548,3584,3712,0,0.069004,0.393795,s no pretrained embe
2351,2,fast_forward,1.798441,18.350087,0.615001,0.918062,0.207990,3712,4224,0,0.068608,0.341238,he spontaneous forma
2352,0,forward,1.704893,18.459310,0.597248,0.917377,0.178443,4224,4352,0,0.068212,0.389056,ing agent can form p
2353,2,fast_forward,1.613224,18.496650,0.630335,0.917237,0.257925,4352,4864,0,0.067816,0.376874,table the current ch
2354,3,fast_backward,1.980758,18.547732,0.597704,0.917369,0.178443,4864,4352,0,0.067420,0.464742,ing agent can form p
2355,0,forward,1.344244,18.499701,0.599318,0.917339,0.194905,4352,4480,0,0.067024,0.359818,"iser, and no externa"
2356,3,fast_backward,1.859408,18.515431,0.591213,0.917047,0.173957,4480,3968,0,0.066628,0.376494,cter blocks in order
2357,0,forward,1.186496,18.552720,0.608720,0.917642,0.198953,3968,4096,0,0.066232,0.302667,ng a random projecti
2358,4,stay,1.840683,18.773403,0.608605,0.917375,0.198953,4096,4096,0,0.065836,0.498171,ng a random projecti
2359,4,stay,1.664493,18.761455,0.608492,0.917404,0.198953,4096,4096,0,0.065440,0.370568,ng a random projecti
2360,4,stay,2.021739,18.477869,0.608379,0.917683,0.198953,4096,4096,0,0.065044,0.534138,ng a random projecti
2361,3,fast_backward,1.477748,18.534876,0.605911,0.917547,0.197040,4096,3584,0,0.064648,0.345379,tests whether a fre
2362,4,stay,1.480955,18.620934,0.605709,0.917848,0.197040,3584,3584,0,0.064252,0.338685,tests whether a fre
2363,1,backward,2.158673,18.849830,0.606339,0.918002,0.204990,3584,3456,0,0.063856,0.517006,d decrease. Cognitiv
2364,2,fast_forward,1.643839,18.953906,0.589472,0.917112,0.173957,3456,3968,0,0.063460,0.267764,cter blocks in order
2365,3,fast_backward,1.649068,19.171940,0.605380,0.917690,0.204990,3968,3456,0,0.063064,0.377572,d decrease. Cognitiv
2366,2,fast_forward,1.653939,19.107092,0.588682,0.917080,0.173957,3456,3968,0,0.062668,0.515191,cter blocks in order
2367,0,forward,1.832257,18.905596,0.606292,0.917309,0.198953,3968,4096,0,0.062272,0.547880,ng a random projecti
2368,1,backward,1.737812,18.901355,0.587916,0.917179,0.173957,4096,3968,0,0.061876,0.548166,cter blocks in order
2369,3,fast_backward,1.698271,18.682046,0.603809,0.917654,0.204990,3968,3456,0,0.061480,0.519105,d decrease. Cognitiv
2370,0,forward,1.181470,18.812385,0.603193,0.917599,0.197040,3456,3584,0,0.061084,0.491553,tests whether a fre
2371,0,forward,1.483699,18.684176,0.593899,0.916790,0.194548,3584,3712,0,0.060688,0.498692,s no pretrained embe
2372,1,backward,1.506446,18.618879,0.602925,0.917519,0.197040,3712,3584,0,0.060292,0.521849,tests whether a fre
2373,2,fast_forward,1.763574,18.348748,0.605348,0.917460,0.198953,3584,4096,0,0.059896,0.399280,ng a random projecti
2374,2,fast_forward,1.962741,18.805378,0.594242,0.916722,0.204065,4096,4608,0,0.059500,0.436151,s the mathematical f
2375,2,fast_forward,1.692578,18.780550,0.591340,0.917037,0.190034,4608,5120,0,0.059104,0.409793,in term in its actio
2376,2,fast_forward,1.332824,18.738622,0.587816,0.916729,0.179660,5120,5632,0,0.058708,0.419175,ditional diagnostic
2377,3,fast_backward,1.604824,18.568229,0.590123,0.917293,0.190034,5632,5120,0,0.058312,0.405961,in term in its actio
2378,1,backward,1.664838,18.413834,0.595458,0.916860,0.201395,5120,4992,0,0.057916,0.503397,decrease. Curiosity
2379,1,backward,1.663326,18.372735,0.625312,0.917327,0.257925,4992,4864,0,0.057520,0.439692,table the current ch
2380,1,backward,1.357178,18.629771,0.613480,0.917381,0.236303,4864,4736,0,0.057124,0.375544,surprise of its obs
2381,2,fast_forward,1.632675,18.578457,0.603764,0.917087,0.213764,4736,5248,0,0.056728,0.367054,es that produced hig
2382,1,backward,1.446535,18.616993,0.593289,0.917447,0.190034,5248,5120,0,0.056332,0.370834,in term in its actio
2383,4,stay,1.875138,18.563569,0.592922,0.917433,0.190034,5120,5120,0,0.055936,0.386427,in term in its actio
2384,1,backward,1.590503,18.669963,0.597830,0.917456,0.201395,5120,4992,0,0.055540,0.367761,decrease. Curiosity
2385,2,fast_forward,1.734361,18.667203,0.579515,0.917021,0.177647,4992,5504,0,0.055144,0.515937,of the text. If it r
2386,0,forward,1.702335,18.837486,0.588764,0.917230,0.179660,5504,5632,0,0.054748,0.393951,ditional diagnostic
2387,0,forward,1.365346,18.761363,0.590533,0.917279,0.191195,5632,5760,0,0.054352,0.364743,prediction error. Cu
2388,3,fast_backward,1.225450,18.676011,0.601445,0.917137,0.213764,5760,5248,0,0.053956,0.504490,es that produced hig
2389,4,stay,1.715517,18.553011,0.601710,0.917132,0.213764,5248,5248,0,0.053560,0.448536,es that produced hig
2390,0,forward,1.282893,18.545815,0.617237,0.917523,0.248801,5248,5376,0,0.053164,0.503542,ation of the text lo
2391,1,backward,1.440700,18.834544,0.603495,0.917504,0.213764,5376,5248,0,0.052768,0.338574,es that produced hig
2392,1,backward,1.880883,18.838627,0.593406,0.917077,0.190034,5248,5120,0,0.052372,0.379681,in term in its actio
2393,1,backward,1.746420,18.844204,0.598134,0.916969,0.201395,5120,4992,0,0.051976,0.418796,decrease. Curiosity
2394,3,fast_backward,1.783663,18.955015,0.595715,0.917380,0.194905,4992,4480,0,0.051580,0.472295,"iser, and no externa"
2395,2,fast_forward,1.646953,18.748753,0.598121,0.917175,0.201395,4480,4992,0,0.051184,0.346774,decrease. Curiosity
2396,0,forward,1.376080,18.726553,0.593149,0.917141,0.190034,4992,5120,0,0.050788,0.389619,in term in its actio
2397,0,forward,1.555044,18.653406,0.602992,0.917508,0.213764,5120,5248,0,0.050392,0.493081,es that produced hig
2398,0,forward,1.377856,18.831919,0.618372,0.917560,0.248801,5248,5376,0,0.049996,0.445572,ation of the text lo
2399,4,stay,1.759043,19.084718,0.619894,0.917450,0.248801,5376,5376,0,0.049600,0.409746,ation of the text lo
2400,4,stay,1.367678,19.213708,0.621337,0.917536,0.248801,5376,5376,0,0.049204,0.396036,ation of the text lo
2401,2,fast_forward,1.354127,19.170252,0.599410,0.917431,0.185794,5376,5888,0,0.048808,0.366609,ation-gain term in i
2402,3,fast_backward,1.208779,18.917365,0.621949,0.917732,0.248801,5888,5376,0,0.048412,0.345902,ation of the text lo
2403,4,stay,1.704733,19.007805,0.623289,0.917262,0.248801,5376,5376,0,0.048016,0.448129,ation of the text lo
2404,4,stay,1.230773,19.071899,0.624559,0.917746,0.248801,5376,5376,0,0.047620,0.386828,ation of the text lo
2405,1,backward,1.611996,19.254617,0.610398,0.917347,0.213764,5376,5248,0,0.047224,0.410509,es that produced hig
2406,2,fast_forward,1.709136,19.031944,0.599884,0.917415,0.191195,5248,5760,0,0.046828,0.401884,prediction error. Cu
2407,4,stay,1.034395,19.126935,0.599170,0.917021,0.191195,5760,5760,0,0.046432,0.384180,prediction error. Cu
2408,1,backward,1.302092,19.128097,0.595127,0.916592,0.179660,5760,5632,0,0.046036,0.324260,ditional diagnostic
2409,2,fast_forward,1.275004,19.167970,0.628401,0.917742,0.258358,5632,6144,0,0.045640,0.324394,t. Evaluation of the
2410,1,backward,1.546724,19.012202,0.606252,0.916975,0.211594,6144,6016,0,0.045244,0.393085,d passages that prod
2411,1,backward,1.589792,18.988262,0.600869,0.917318,0.185794,6016,5888,0,0.044848,0.329747,ation-gain term in i
2412,3,fast_backward,1.684122,18.851411,0.623184,0.917191,0.248801,5888,5376,0,0.044452,0.329341,ation of the text lo
2413,1,backward,1.616368,18.914559,0.609224,0.917315,0.213764,5376,5248,0,0.044056,0.389471,es that produced hig
2414,3,fast_backward,1.619677,18.976122,0.619648,0.917370,0.236303,5248,4736,0,0.043660,0.281690,surprise of its obs
2415,0,forward,1.379259,18.902199,0.633373,0.917197,0.257925,4736,4864,0,0.043264,0.378020,table the current ch
2416,3,fast_backward,1.463274,18.954800,0.601487,0.917012,0.178443,4864,4352,0,0.042868,0.341213,ing agent can form p
2417,2,fast_forward,1.259667,18.865975,0.633556,0.917186,0.257925,4352,4864,0,0.042472,0.492605,table the current ch
2418,4,stay,1.782234,18.842548,0.634837,0.917278,0.257925,4864,4864,0,0.042076,0.359212,table the current ch
2419,0,forward,1.617776,18.925886,0.607709,0.917122,0.201395,4864,4992,0,0.041680,0.349036,decrease. Curiosity
2420,3,fast_backward,1.507388,18.750920,0.604898,0.917353,0.194905,4992,4480,0,0.041284,0.396142,"iser, and no externa"
2421,3,fast_backward,1.684766,18.758656,0.596541,0.917174,0.173957,4480,3968,0,0.040888,0.363946,cter blocks in order
2422,0,forward,1.741390,18.535244,0.613311,0.917655,0.198953,3968,4096,0,0.040492,0.283950,ng a random projecti
2423,0,forward,1.620295,18.314843,0.617329,0.917666,0.207990,4096,4224,0,0.040096,0.420563,he spontaneous forma
2424,2,fast_forward,1.510572,18.322292,0.620345,0.917213,0.236303,4224,4736,0,0.039700,0.521683,surprise of its obs
2425,1,backward,1.823716,18.429530,0.602533,0.916984,0.204065,4736,4608,0,0.039304,0.389382,s the mathematical f
2426,4,stay,1.385734,18.206628,0.602010,0.916990,0.204065,4608,4608,0,0.038908,0.300760,s the mathematical f
2427,2,fast_forward,1.665005,18.213972,0.599571,0.917181,0.190034,4608,5120,0,0.038512,0.319571,in term in its actio
2428,4,stay,1.514954,18.357130,0.598888,0.917375,0.190034,5120,5120,0,0.038116,0.435690,in term in its actio
2429,4,stay,1.740719,18.361418,0.598277,0.917215,0.190034,5120,5120,0,0.037720,0.328636,in term in its actio
2430,3,fast_backward,1.359450,18.329699,0.599585,0.916942,0.204065,5120,4608,0,0.037324,0.366231,s the mathematical f
2431,3,fast_backward,1.312066,18.034996,0.610599,0.917535,0.198953,4608,4096,0,0.036928,0.451324,ng a random projecti
2432,4,stay,1.638522,17.805086,0.610442,0.917609,0.198953,4096,4096,0,0.036532,0.513655,ng a random projecti
2433,3,fast_backward,1.549382,17.735094,0.607932,0.917676,0.197040,4096,3584,0,0.036136,0.361005,tests whether a fre
2434,0,forward,1.601951,17.968117,0.598293,0.917021,0.194548,3584,3712,0,0.035740,0.499373,s no pretrained embe
2435,3,fast_backward,1.837578,17.803945,0.622290,0.917332,0.245962,3712,3200,0,0.035344,0.475416,he surprise of its o
2436,0,forward,1.428448,17.559128,0.630727,0.917311,0.253067,3200,3328,0,0.034948,0.673579,ictable the current
2437,2,fast_forward,1.050602,17.694905,0.608259,0.917489,0.211055,3328,3840,0,0.034552,0.665563,om scratch. The text
2438,3,fast_backward,1.354634,17.827334,0.631841,0.917532,0.253067,3840,3328,0,0.034156,0.537664,ictable the current
2439,1,backward,1.657743,18.002398,0.626047,0.917126,0.245962,3328,3200,0,0.033760,0.675373,he surprise of its o
2440,0,forward,1.463061,17.805716,0.634086,0.917531,0.253067,3200,3328,0,0.033364,0.543259,ictable the current
2441,4,stay,1.646076,17.831679,0.635116,0.917185,0.253067,3328,3328,0,0.032968,0.510360,ictable the current
2442,1,backward,1.869384,17.952936,0.629210,0.917224,0.245962,3328,3200,0,0.032572,0.615258,he surprise of its o
2443,2,fast_forward,1.866148,18.199675,0.605794,0.916897,0.194548,3200,3712,0,0.032176,0.361253,s no pretrained embe
2444,4,stay,1.481711,17.903007,0.604856,0.916931,0.194548,3712,3712,0,0.031780,0.708229,s no pretrained embe
2445,4,stay,1.554776,17.885818,0.604015,0.916738,0.194548,3712,3712,0,0.031384,0.620227,s no pretrained embe
2446,2,fast_forward,1.535929,17.921048,0.619573,0.917617,0.207990,3712,4224,0,0.030988,0.707088,he spontaneous forma
2447,2,fast_forward,1.782593,17.915051,0.622343,0.917483,0.236303,4224,4736,0,0.030592,0.388033,surprise of its obs
2448,0,forward,2.103294,17.661308,0.635898,0.917214,0.257925,4736,4864,0,0.030196,0.626115,table the current ch
2449,2,fast_forward,1.747152,17.694493,0.629078,0.917249,0.248801,4864,5376,0,0.029800,0.465875,ation of the text lo
2450,3,fast_backward,1.402342,17.697873,0.638067,0.917290,0.257925,5376,4864,0,0.029404,0.578730,table the current ch
2451,1,backward,1.116603,17.552819,0.626576,0.917513,0.236303,4864,4736,0,0.029008,0.715012,surprise of its obs
2452,1,backward,1.698780,17.517189,0.608094,0.917089,0.204065,4736,4608,0,0.028612,0.583416,s the mathematical f
2453,4,stay,1.298424,17.573504,0.607249,0.916859,0.204065,4608,4608,0,0.028216,0.535072,s the mathematical f
2454,3,fast_backward,1.707663,17.591221,0.617512,0.917543,0.198953,4608,4096,0,0.027820,0.435313,ng a random projecti
2455,1,backward,1.688868,17.667932,0.598476,0.917511,0.173957,4096,3968,0,0.027424,0.712230,cter blocks in order
2456,1,backward,1.419973,17.692620,0.611539,0.917912,0.211055,3968,3840,0,0.027028,0.525775,om scratch. The text
2457,1,backward,1.612400,17.533586,0.603921,0.916786,0.194548,3840,3712,0,0.026632,0.533144,s no pretrained embe
2458,3,fast_backward,1.307749,17.704511,0.627676,0.917474,0.245962,3712,3200,0,0.026236,0.384495,he surprise of its o
2459,1,backward,1.767208,17.842674,0.603350,0.916579,0.203670,3200,3072,0,0.025840,0.699547,des the mathematical
2460,2,fast_forward,1.638655,17.594021,0.613077,0.917503,0.197040,3072,3584,0,0.025444,0.511779,tests whether a fre
2461,4,stay,1.443167,17.549287,0.612578,0.917413,0.197040,3584,3584,0,0.025048,0.291177,tests whether a fre
2462,0,forward,1.487760,17.536506,0.602776,0.917047,0.194548,3584,3712,0,0.024652,0.488414,s no pretrained embe
2463,4,stay,0.978232,17.669278,0.602177,0.916819,0.194548,3712,3712,0,0.024256,0.486526,s no pretrained embe
2464,3,fast_backward,1.834052,17.785148,0.626157,0.917258,0.245962,3712,3200,0,0.023860,0.252476,he surprise of its o
2465,4,stay,1.562121,17.860125,0.627336,0.917440,0.245962,3200,3200,0,0.023464,0.274091,he surprise of its o
2466,4,stay,1.524239,17.739672,0.628453,0.917414,0.245962,3200,3200,0,0.023068,0.708126,he surprise of its o
2467,3,fast_backward,1.847269,17.780885,0.614488,0.917078,0.221963,3200,2688,0,0.022672,0.471729,e comes next. The te
2468,4,stay,1.687271,18.109415,0.614651,0.917043,0.221963,2688,2688,0,0.022276,0.381753,e comes next. The te
2469,3,fast_backward,1.928681,18.049115,0.599166,0.916829,0.177662,2688,2176,0,0.021880,0.461206,provide additional
2470,0,forward,1.603101,18.017582,0.603702,0.916947,0.197942,2176,2304,0,0.021484,0.445620,nd bounded predictio
2471,2,fast_forward,1.686874,17.915823,0.599369,0.917507,0.177215,2304,2816,0,0.021088,0.250501,racter blocks in ord
2472,3,fast_backward,1.476993,17.923041,0.602255,0.917050,0.197942,2816,2304,0,0.020692,0.633216,nd bounded predictio
2473,3,fast_backward,1.698017,17.978915,0.600721,0.916798,0.184100,2304,1792,0,0.020296,0.254561,gnostic signals. A s
2474,1,backward,1.645974,17.907235,0.582584,0.916999,0.169394,1792,1664,0,0.019900,0.206304,"If it remains flat,"
2475,1,backward,1.687223,17.652207,0.628172,0.917342,0.263143,1664,1536,0,0.019504,0.688526,text loop focuses o
2476,2,fast_forward,2.150671,17.964608,0.587552,0.917417,0.175441,1536,2048,0,0.019108,0.660757,statistics of the te
2477,1,backward,1.612692,18.035386,0.628987,0.917655,0.254057,2048,1920,0,0.018712,0.242052,rror. Evaluation of
2478,4,stay,1.485322,17.779428,0.630591,0.917679,0.254057,1920,1920,0,0.018316,0.393995,rror. Evaluation of
2479,4,stay,1.445056,17.706612,0.632118,0.917674,0.254057,1920,1920,0,0.017920,0.556855,rror. Evaluation of
2480,2,fast_forward,1.541413,17.705260,0.593932,0.917290,0.168851,1920,2432,0,0.017524,0.453658,h an information-gai
2481,2,fast_forward,1.596812,17.665621,0.611951,0.917598,0.190799,2432,2944,0,0.017128,0.441896,sing a random projec
2482,2,fast_forward,1.814310,17.362904,0.613045,0.917560,0.204990,2944,3456,0,0.016732,0.232445,d decrease. Cognitiv
2483,0,forward,1.579962,17.648004,0.611887,0.917545,0.197040,3456,3584,0,0.016336,0.209049,tests whether a fre
2484,2,fast_forward,1.757557,17.773764,0.613867,0.917481,0.198953,3584,4096,0,0.015940,0.248063,ng a random projecti
2485,1,backward,1.167845,17.879071,0.595486,0.917129,0.173957,4096,3968,0,0.015544,0.633500,cter blocks in order
2486,3,fast_backward,1.589636,18.018935,0.611171,0.917638,0.204990,3968,3456,0,0.015148,0.192121,d decrease. Cognitiv
2487,1,backward,1.756223,18.130538,0.631942,0.917427,0.253067,3456,3328,0,0.014752,0.342812,ictable the current
2488,2,fast_forward,1.540105,18.146453,0.609624,0.917297,0.211055,3328,3840,0,0.014356,0.372707,om scratch. The text
2489,1,backward,1.700802,18.102221,0.602025,0.916825,0.194548,3840,3712,0,0.013960,0.611968,s no pretrained embe
2490,1,backward,1.751085,18.135079,0.610923,0.917436,0.197040,3712,3584,0,0.013564,0.316705,tests whether a fre
2491,4,stay,1.534813,18.120079,0.610621,0.917698,0.197040,3584,3584,0,0.013168,0.177612,tests whether a fre
2492,3,fast_backward,2.055886,18.263669,0.599918,0.916586,0.203670,3584,3072,0,0.012772,0.426709,des the mathematical
2493,2,fast_forward,1.593622,18.375533,0.610024,0.917597,0.197040,3072,3584,0,0.012376,0.375272,tests whether a fre
2494,1,backward,1.440245,18.433485,0.610816,0.917542,0.204990,3584,3456,0,0.011980,0.427385,d decrease. Cognitiv
2495,1,backward,1.456902,18.536699,0.631628,0.917604,0.253067,3456,3328,0,0.011584,0.338444,ictable the current
2496,3,fast_backward,1.613722,18.896042,0.597441,0.917385,0.177215,3328,2816,0,0.011188,0.412908,racter blocks in ord
2497,1,backward,1.562281,18.866174,0.610183,0.917118,0.221963,2816,2688,0,0.010792,0.303327,e comes next. The te
2498,1,backward,1.558158,18.768989,0.611746,0.917147,0.214403,2688,2560,0,0.010396,0.576733,s or re-read passage
2499,3,fast_backward,1.324929,18.552550,0.587567,0.917315,0.175441,2560,2048,0,0.010000,0.283784,statistics of the te
2500,0,forward,1.471357,18.372155,0.593966,0.916867,0.177662,2048,2176,0,0.010000,0.421847,provide additional
2501,4,stay,1.688537,18.415426,0.592982,0.917010,0.177662,2176,2176,0,0.010000,0.379983,provide additional
2502,1,backward,1.608334,18.552578,0.584329,0.917574,0.175441,2176,2048,0,0.010000,0.427891,statistics of the te
2503,1,backward,1.535575,18.757293,0.625856,0.917730,0.254057,2048,1920,0,0.010000,0.434034,rror. Evaluation of
2504,4,stay,1.509598,18.916763,0.627601,0.917507,0.254057,1920,1920,0,0.010000,0.599489,rror. Evaluation of
2505,2,fast_forward,1.862674,18.905278,0.589520,0.917396,0.168851,1920,2432,0,0.010000,0.529460,h an information-gai
2506,4,stay,1.709315,18.941872,0.588309,0.917157,0.168851,2432,2432,0,0.010000,0.618752,h an information-gai
2507,4,stay,1.775054,19.123420,0.587199,0.917288,0.168851,2432,2432,0,0.010000,0.462605,h an information-gai
2508,2,fast_forward,1.863506,19.095694,0.606138,0.917434,0.190799,2432,2944,0,0.010000,0.519646,sing a random projec
2509,1,backward,1.486464,18.810244,0.593595,0.917602,0.177215,2944,2816,0,0.010000,0.545824,racter blocks in ord
2510,2,fast_forward,1.889355,19.161714,0.627623,0.917435,0.253067,2816,3328,0,0.010000,0.567255,ictable the current
2511,0,forward,1.389226,19.189551,0.608228,0.917569,0.204990,3328,3456,0,0.010000,0.655336,d decrease. Cognitiv
2512,2,fast_forward,1.244216,19.341708,0.591724,0.917111,0.173957,3456,3968,0,0.010000,0.457182,cter blocks in order
2513,1,backward,1.283575,19.352337,0.604982,0.917365,0.211055,3968,3840,0,0.010000,0.549347,om scratch. The text
2514,0,forward,1.527553,19.423997,0.591433,0.917217,0.173957,3840,3968,0,0.010000,0.735197,cter blocks in order
2515,4,stay,1.850548,18.988121,0.590752,0.917455,0.173957,3968,3968,0,0.010000,0.800572,cter blocks in order
2516,3,fast_backward,1.376886,18.841187,0.606626,0.917690,0.204990,3968,3456,0,0.010000,0.738655,d decrease. Cognitiv
2517,0,forward,1.377989,18.749638,0.605900,0.917730,0.197040,3456,3584,0,0.010000,0.455079,tests whether a fre
2518,2,fast_forward,1.540264,18.796446,0.608401,0.917474,0.198953,3584,4096,0,0.010000,0.577418,ng a random projecti
2519,2,fast_forward,1.480031,18.682586,0.596603,0.916909,0.204065,4096,4608,0,0.010000,0.494185,s the mathematical f
2520,4,stay,1.517479,18.581728,0.596544,0.916841,0.204065,4608,4608,0,0.010000,0.433498,s the mathematical f
2521,2,fast_forward,1.420932,18.508534,0.594525,0.917329,0.190034,4608,5120,0,0.010000,0.729375,in term in its actio
2522,0,forward,1.765227,18.507228,0.604701,0.917211,0.213764,5120,5248,0,0.010000,0.508032,es that produced hig
2523,3,fast_backward,1.748729,18.454027,0.615567,0.917409,0.236303,5248,4736,0,0.010000,0.330060,surprise of its obs
2524,0,forward,1.841802,18.541069,0.629689,0.917887,0.257925,4736,4864,0,0.010000,0.535678,table the current ch
2525,0,forward,1.307992,18.493617,0.602438,0.916834,0.201395,4864,4992,0,0.010000,0.436006,decrease. Curiosity
2526,1,backward,1.424299,18.231566,0.631093,0.917280,0.257925,4992,4864,0,0.010000,0.686242,table the current ch
2527,2,fast_forward,1.856194,18.073974,0.624523,0.917503,0.248801,4864,5376,0,0.010000,0.742388,ation of the text lo
2528,3,fast_backward,1.229028,17.890652,0.633809,0.917199,0.257925,5376,4864,0,0.010000,0.612903,table the current ch
2529,2,fast_forward,1.371608,17.984849,0.627198,0.917459,0.248801,4864,5376,0,0.010000,0.661814,ation of the text lo
2530,4,stay,1.775975,17.983637,0.628337,0.917445,0.248801,5376,5376,0,0.010000,0.451181,ation of the text lo
2531,1,backward,1.093163,18.155907,0.613775,0.917392,0.213764,5376,5248,0,0.010000,0.511563,es that produced hig
2532,1,backward,1.818852,18.339989,0.603727,0.917340,0.190034,5248,5120,0,0.010000,0.451335,in term in its actio
2533,4,stay,1.165530,18.290064,0.602806,0.917268,0.190034,5120,5120,0,0.010000,0.537412,in term in its actio
2534,1,backward,1.778838,18.015277,0.606788,0.917035,0.201395,5120,4992,0,0.010000,0.666372,decrease. Curiosity
2535,1,backward,1.680455,17.848784,0.634615,0.917271,0.257925,4992,4864,0,0.010000,0.374271,table the current ch
2536,4,stay,1.769325,17.770491,0.635912,0.917220,0.257925,4864,4864,0,0.010000,0.494591,table the current ch
2537,3,fast_backward,1.561241,17.767243,0.603988,0.917238,0.178443,4864,4352,0,0.010000,0.721895,ing agent can form p
2538,3,fast_backward,1.623141,17.592658,0.611717,0.917813,0.211055,4352,3840,0,0.010000,0.367006,om scratch. The text
2539,3,fast_backward,1.727760,17.374119,0.634882,0.917268,0.253067,3840,3328,0,0.010000,0.680709,ictable the current
2540,1,backward,1.726083,17.164171,0.629358,0.917975,0.245962,3328,3200,0,0.010000,0.440678,he surprise of its o
2541,2,fast_forward,1.447183,17.425309,0.606223,0.917247,0.194548,3200,3712,0,0.010000,0.523464,s no pretrained embe
2542,1,backward,1.498572,17.320288,0.614650,0.917611,0.197040,3712,3584,0,0.010000,0.772579,tests whether a fre
2543,4,stay,1.258515,17.299730,0.614077,0.917526,0.197040,3584,3584,0,0.010000,1.002388,tests whether a fre
2544,1,backward,1.466578,17.128841,0.614894,0.917515,0.204990,3584,3456,0,0.010000,0.902221,d decrease. Cognitiv
2545,2,fast_forward,1.376852,17.035079,0.597190,0.917112,0.173957,3456,3968,0,0.010000,0.741875,cter blocks in order
2546,4,stay,1.568904,17.287419,0.596058,0.917400,0.173957,3968,3968,0,0.010000,0.537624,cter blocks in order
2547,3,fast_backward,1.287582,17.598618,0.612174,0.917483,0.204990,3968,3456,0,0.010000,0.670175,d decrease. Cognitiv
2548,4,stay,1.452348,17.704942,0.611907,0.917556,0.204990,3456,3456,0,0.010000,0.608884,d decrease. Cognitiv
2549,2,fast_forward,1.758973,17.826752,0.594718,0.917265,0.173957,3456,3968,0,0.010000,0.732536,cter blocks in order
2550,4,stay,1.208118,17.758288,0.593763,0.917181,0.173957,3968,3968,0,0.010000,0.583864,cter blocks in order
2551,2,fast_forward,1.809700,17.592057,0.600349,0.917450,0.194905,3968,4480,0,0.010000,0.908727,"iser, and no externa"
2552,0,forward,1.867068,17.659032,0.599283,0.916567,0.204065,4480,4608,0,0.010000,0.568357,s the mathematical f
2553,3,fast_backward,1.688880,17.793274,0.610725,0.917389,0.198953,4608,4096,0,0.010000,0.576615,ng a random projecti
2554,3,fast_backward,1.381958,17.867949,0.608200,0.917575,0.197040,4096,3584,0,0.010000,0.694975,tests whether a fre
2555,4,stay,1.296089,17.999593,0.608035,0.917423,0.197040,3584,3584,0,0.010000,0.507394,tests whether a fre
2556,3,fast_backward,1.780663,17.985469,0.597589,0.916692,0.203670,3584,3072,0,0.010000,0.772975,des the mathematical
2557,0,forward,1.506429,17.832378,0.622766,0.917176,0.245962,3072,3200,0,0.010000,0.755720,he surprise of its o
2558,1,backward,1.628453,18.002984,0.598790,0.916658,0.203670,3200,3072,0,0.010000,0.518932,des the mathematical
2559,3,fast_backward,1.845487,17.918270,0.610034,0.917167,0.214403,3072,2560,0,0.010000,0.519182,s or re-read passage
2560,1,backward,1.814011,17.826258,0.588534,0.917464,0.168851,2560,2432,0,0.010000,0.561929,h an information-gai
2561,4,stay,1.301752,17.768942,0.587321,0.917316,0.168851,2432,2432,0,0.010000,0.514809,h an information-gai
2562,1,backward,1.429950,17.777258,0.597079,0.916798,0.197942,2432,2304,0,0.010000,0.718610,nd bounded predictio
2563,3,fast_backward,1.504655,18.022303,0.595916,0.916929,0.184100,2304,1792,0,0.010000,0.550447,gnostic signals. A s
2564,1,backward,1.834617,17.941470,0.578086,0.917219,0.169394,1792,1664,0,0.010000,0.542115,"If it remains flat,"
2565,0,forward,1.467839,18.085085,0.594108,0.917087,0.184100,1664,1792,0,0.010000,0.622737,gnostic signals. A s
2566,0,forward,1.456887,18.275920,0.623456,0.917384,0.254057,1792,1920,0,0.010000,0.515151,rror. Evaluation of
2567,3,fast_backward,1.858172,18.488811,0.609938,0.917381,0.200901,1920,1408,0,0.010000,0.547481,tor using a random p
2568,4,stay,1.692999,18.310573,0.610110,0.917471,0.200901,1408,1408,0,0.010000,0.489167,tor using a random p
2569,1,backward,1.728696,18.455625,0.592697,0.916841,0.179216,1408,1280,0,0.010000,0.523871,h character blocks i
2570,1,backward,2.123199,18.591749,0.606145,0.917250,0.222530,1280,1152,0,0.010000,0.703156,phase comes next. T
2571,4,stay,1.432706,18.714630,0.606832,0.917515,0.222530,1152,1152,0,0.010000,0.524221,phase comes next. T
2572,2,fast_forward,1.394659,18.546950,0.579445,0.917536,0.169394,1152,1664,0,0.010000,0.397175,"If it remains flat,"
2573,1,backward,1.663718,18.257176,0.624987,0.917427,0.263143,1664,1536,0,0.010000,0.520630,text loop focuses o
2574,1,backward,1.355484,18.403324,0.611489,0.917416,0.200901,1536,1408,0,0.010000,0.379382,tor using a random p
2575,4,stay,1.482732,18.383826,0.611575,0.917778,0.200901,1408,1408,0,0.010000,0.408710,tor using a random p
2576,3,fast_backward,1.591656,18.706695,0.583167,0.917345,0.165020,1408,896,0,0.010000,0.489662,d with an informatio
2577,0,forward,1.545599,18.862827,0.610055,0.917155,0.217769,896,1024,0,0.010000,0.727296,ssages or re-read pa
2578,2,fast_forward,1.476258,18.761030,0.626106,0.917753,0.263143,1024,1536,0,0.010000,0.512964,text loop focuses o
2579,1,backward,1.759948,18.620216,0.612486,0.917516,0.200901,1536,1408,0,0.010000,0.386003,tor using a random p
2580,4,stay,1.395714,18.742791,0.612501,0.917443,0.200901,1408,1408,0,0.010000,0.723583,tor using a random p
2581,2,fast_forward,1.767310,18.540444,0.628239,0.917505,0.254057,1408,1920,0,0.010000,0.413373,rror. Evaluation of
2582,2,fast_forward,1.433613,18.409493,0.589827,0.917128,0.168851,1920,2432,0,0.010000,0.656269,h an information-gai
2583,2,fast_forward,1.425667,18.390882,0.608261,0.917952,0.190799,2432,2944,0,0.010000,0.474878,sing a random projec
2584,3,fast_backward,1.516774,18.304938,0.588115,0.917318,0.168851,2944,2432,0,0.010000,0.540419,h an information-gai
2585,0,forward,1.494612,18.266415,0.608663,0.917255,0.214403,2432,2560,0,0.010000,0.385000,s or re-read passage
2586,0,forward,1.550525,18.208723,0.608019,0.917275,0.221963,2560,2688,0,0.010000,0.390445,e comes next. The te
2587,0,forward,1.509835,18.103103,0.595217,0.917262,0.177215,2688,2816,0,0.010000,0.386770,racter blocks in ord
2588,0,forward,1.478940,18.191658,0.606915,0.917611,0.190799,2816,2944,0,0.010000,0.428761,sing a random projec
2589,0,forward,1.613148,18.269598,0.596799,0.916649,0.203670,2944,3072,0,0.010000,0.337340,des the mathematical
2590,4,stay,1.305480,18.188685,0.596622,0.916577,0.203670,3072,3072,0,0.010000,0.715858,des the mathematical
2591,1,backward,1.395284,18.405211,0.606318,0.917495,0.190799,3072,2944,0,0.010000,0.528174,sing a random projec
2592,3,fast_backward,1.755700,18.367515,0.586155,0.917483,0.168851,2944,2432,0,0.010000,0.523084,h an information-gai
2593,3,fast_backward,2.002122,18.340899,0.625310,0.917463,0.254057,2432,1920,0,0.010000,0.402602,rror. Evaluation of
2594,3,fast_backward,1.582443,18.327316,0.611394,0.917457,0.200901,1920,1408,0,0.010000,0.605813,tor using a random p
2595,2,fast_forward,1.371128,18.208563,0.627192,0.917492,0.254057,1408,1920,0,0.010000,0.444818,rror. Evaluation of
2596,2,fast_forward,1.776281,18.386604,0.588693,0.917618,0.168851,1920,2432,0,0.010000,0.512287,h an information-gai
2597,2,fast_forward,1.842829,18.311333,0.607277,0.918233,0.190799,2432,2944,0,0.010000,0.520730,sing a random projec
2598,3,fast_backward,1.719779,18.354006,0.587103,0.917282,0.168851,2944,2432,0,0.010000,0.408690,h an information-gai
2599,1,backward,1.168264,18.409618,0.597299,0.917589,0.197942,2432,2304,0,0.010000,0.398797,nd bounded predictio
2600,1,backward,1.832181,18.536140,0.591152,0.916715,0.177662,2304,2176,0,0.010000,0.412450,provide additional
2601,0,forward,1.560123,18.453024,0.596201,0.917130,0.197942,2176,2304,0,0.010000,0.343711,nd bounded predictio
2602,1,backward,1.627196,18.547565,0.590328,0.916746,0.177662,2304,2176,0,0.010000,0.342818,provide additional
2603,4,stay,1.469586,18.576187,0.589560,0.916933,0.177662,2176,2176,0,0.010000,0.402536,provide additional
2604,2,fast_forward,1.738558,18.612855,0.604296,0.917136,0.221963,2176,2688,0,0.010000,0.437069,e comes next. The te
2605,0,forward,1.245637,18.800293,0.591869,0.917613,0.177215,2688,2816,0,0.010000,0.694022,racter blocks in ord
2606,4,stay,1.673986,18.517335,0.591458,0.917014,0.177215,2816,2816,0,0.010000,0.442065,racter blocks in ord
2607,4,stay,1.611412,18.599901,0.591079,0.917185,0.177215,2816,2816,0,0.010000,0.433623,racter blocks in ord
2608,4,stay,1.259188,18.416984,0.590731,0.917318,0.177215,2816,2816,0,0.010000,0.253825,racter blocks in ord
2609,4,stay,1.668494,18.459280,0.590409,0.917305,0.177215,2816,2816,0,0.010000,0.645625,racter blocks in ord
2610,3,fast_backward,1.789314,18.510966,0.593524,0.917228,0.197942,2816,2304,0,0.010000,0.568789,nd bounded predictio
2611,1,backward,1.580332,18.660036,0.588325,0.916776,0.177662,2304,2176,0,0.010000,0.299814,provide additional
2612,4,stay,1.438719,18.560349,0.587755,0.916909,0.177662,2176,2176,0,0.010000,0.218962,provide additional
2613,1,backward,1.401526,18.519976,0.578341,0.917139,0.175441,2176,2048,0,0.010000,0.487298,statistics of the te
2614,1,backward,1.532871,18.617576,0.621325,0.917316,0.254057,2048,1920,0,0.010000,0.274630,rror. Evaluation of
2615,3,fast_backward,1.425757,18.470522,0.607659,0.917266,0.200901,1920,1408,0,0.010000,0.264913,tor using a random p
2616,1,backward,1.874258,18.395554,0.590557,0.917201,0.179216,1408,1280,0,0.010000,0.282008,h character blocks i
2617,1,backward,1.534882,18.410993,0.603950,0.917224,0.222530,1280,1152,0,0.010000,0.266097,phase comes next. T
2618,3,fast_backward,1.827371,18.430096,0.625034,0.917642,0.248914,1152,640,0,0.010000,0.259703,ergy reflects how pr
2619,1,backward,1.835377,18.518123,0.615098,0.917305,0.237833,640,512,0,0.010000,0.377135,"ree energy, which is"
2620,1,backward,1.711902,18.481996,0.594469,0.916683,0.192597,512,384,0,0.010000,0.383733,Active inference pro
2621,1,backward,1.964795,18.410093,0.596445,0.916870,0.195890,384,256,0,0.010000,0.277843,"ned embeddings, no t"
2622,4,stay,1.795547,18.573673,0.596344,0.917048,0.195890,256,256,0,0.010000,0.260139,"ned embeddings, no t"
2623,4,stay,1.268597,18.301824,0.596267,0.916749,0.195890,256,256,0,0.010000,0.396442,"ned embeddings, no t"
2624,4,stay,1.879742,18.360828,0.596211,0.916891,0.195890,256,256,0,0.010000,0.289755,"ned embeddings, no t"
2625,2,fast_forward,1.471405,18.505781,0.613160,0.917389,0.236386,256,768,0,0.010000,0.417724,"ext, free energy sho"
2626,0,forward,1.862127,18.495345,0.582013,0.917454,0.165020,768,896,0,0.010000,0.399804,d with an informatio
2627,4,stay,1.092785,18.523020,0.580839,0.917124,0.165020,896,896,0,0.010000,0.461047,d with an informatio
2628,2,fast_forward,1.979404,18.636234,0.608760,0.917372,0.200901,896,1408,0,0.010000,0.407941,tor using a random p
2629,0,forward,1.419853,18.596994,0.624681,0.917529,0.263143,1408,1536,0,0.010000,0.294156,text loop focuses o
2630,3,fast_backward,1.798926,18.649653,0.610607,0.917241,0.217769,1536,1024,0,0.010000,0.319985,ssages or re-read pa
2631,0,forward,1.545270,18.544125,0.607546,0.917067,0.222530,1024,1152,0,0.010000,0.221863,phase comes next. T
2632,1,backward,1.503732,18.656597,0.611396,0.917358,0.217769,1152,1024,0,0.010000,0.209089,ssages or re-read pa
2633,0,forward,1.659001,18.749689,0.608340,0.917342,0.222530,1024,1152,0,0.010000,0.346545,phase comes next. T
2634,2,fast_forward,1.680341,18.751269,0.580954,0.916794,0.169394,1152,1664,0,0.010000,0.425027,"If it remains flat,"
2635,2,fast_forward,1.533734,18.720338,0.592192,0.916488,0.177662,1664,2176,0,0.010000,0.226128,provide additional
2636,1,backward,1.397813,18.974406,0.582877,0.916966,0.175441,2176,2048,0,0.010000,0.443941,statistics of the te
2637,4,stay,1.187903,18.937278,0.582086,0.917255,0.175441,2048,2048,0,0.010000,0.450772,statistics of the te
2638,3,fast_backward,1.685858,19.193092,0.623869,0.917446,0.263143,2048,1536,0,0.010000,0.406774,text loop focuses o
2639,0,forward,1.779807,19.212656,0.579259,0.917070,0.169394,1536,1664,0,0.010000,0.447875,"If it remains flat,"
2640,2,fast_forward,1.560900,19.227461,0.590843,0.917082,0.177662,1664,2176,0,0.010000,0.478217,provide additional
2641,4,stay,1.311664,18.999062,0.590211,0.916966,0.177662,2176,2176,0,0.010000,0.402989,provide additional
2642,2,fast_forward,1.458332,19.029911,0.604307,0.917268,0.221963,2176,2688,0,0.010000,0.456368,e comes next. The te
2643,4,stay,1.450345,19.038944,0.605189,0.917267,0.221963,2688,2688,0,0.010000,0.452961,e comes next. The te
2644,2,fast_forward,1.494363,18.943363,0.620578,0.917565,0.245962,2688,3200,0,0.010000,0.230838,he surprise of its o
2645,4,stay,1.578923,19.150106,0.622072,0.917479,0.245962,3200,3200,0,0.010000,0.386508,he surprise of its o
2646,1,backward,1.718521,19.226433,0.598172,0.916572,0.203670,3200,3072,0,0.010000,0.500440,des the mathematical
2647,4,stay,1.591200,19.436986,0.598081,0.916612,0.203670,3072,3072,0,0.010000,0.452523,des the mathematical
2648,4,stay,1.596655,19.500135,0.598021,0.917352,0.203670,3072,3072,0,0.010000,0.489527,des the mathematical
2649,4,stay,1.480871,19.454465,0.597987,0.916937,0.203670,3072,3072,0,0.010000,0.378724,des the mathematical
2650,3,fast_backward,1.604342,19.526014,0.610180,0.917442,0.214403,3072,2560,0,0.010000,0.527342,s or re-read passage
2651,0,forward,1.181475,19.413459,0.608796,0.917250,0.221963,2560,2688,0,0.010000,0.337557,e comes next. The te
2652,2,fast_forward,1.264281,19.396960,0.624304,0.917868,0.245962,2688,3200,0,0.010000,0.441478,he surprise of its o
2653,3,fast_backward,1.534788,19.667644,0.610875,0.917202,0.221963,3200,2688,0,0.010000,0.379660,e comes next. The te
2654,0,forward,1.519200,19.295562,0.597926,0.917172,0.177215,2688,2816,0,0.010000,0.663698,racter blocks in ord
2655,2,fast_forward,1.246747,19.690414,0.631995,0.917642,0.253067,2816,3328,0,0.010000,0.490335,ictable the current
2656,2,fast_forward,1.128184,19.688698,0.609893,0.917328,0.211055,3328,3840,0,0.010000,0.503318,om scratch. The text
2657,2,fast_forward,1.172495,19.698383,0.601774,0.917189,0.178443,3840,4352,0,0.010000,0.431886,ing agent can form p
2658,3,fast_backward,1.289905,19.780887,0.609309,0.917222,0.211055,4352,3840,0,0.010000,0.479421,om scratch. The text
2659,0,forward,1.687809,19.794859,0.595655,0.917198,0.173957,3840,3968,0,0.010000,0.575954,cter blocks in order
2660,1,backward,1.724904,19.640981,0.608824,0.917414,0.211055,3968,3840,0,0.010000,0.529942,om scratch. The text
2661,3,fast_backward,1.813617,19.580529,0.632243,0.917436,0.253067,3840,3328,0,0.010000,0.712209,ictable the current
2662,3,fast_backward,1.556141,19.336772,0.598929,0.917174,0.177215,3328,2816,0,0.010000,0.250059,racter blocks in ord
2663,2,fast_forward,1.537270,19.398097,0.632853,0.917538,0.253067,2816,3328,0,0.010000,0.233989,ictable the current
2664,0,forward,1.492940,19.270860,0.614606,0.917495,0.204990,3328,3456,0,0.010000,0.503857,d decrease. Cognitiv
2665,4,stay,1.746773,19.217104,0.614298,0.917536,0.204990,3456,3456,0,0.010000,0.373639,d decrease. Cognitiv
2666,4,stay,1.709245,19.271221,0.614014,0.917486,0.204990,3456,3456,0,0.010000,0.384504,d decrease. Cognitiv
2667,1,backward,1.786838,19.346873,0.633745,0.917339,0.253067,3456,3328,0,0.010000,0.331407,ictable the current
2668,1,backward,1.542851,19.307994,0.628347,0.917533,0.245962,3328,3200,0,0.010000,0.285814,he surprise of its o
2669,4,stay,1.723741,19.143498,0.629485,0.917250,0.245962,3200,3200,0,0.010000,0.496234,he surprise of its o
2670,0,forward,1.801177,19.057690,0.637175,0.917410,0.253067,3200,3328,0,0.010000,0.271647,ictable the current
2671,3,fast_backward,1.451727,18.867909,0.602992,0.916866,0.177215,3328,2816,0,0.010000,0.321026,racter blocks in ord
2672,2,fast_forward,1.743422,18.926219,0.637094,0.917513,0.253067,2816,3328,0,0.010000,0.551406,ictable the current
2673,2,fast_forward,1.702983,18.978240,0.614542,0.917362,0.211055,3328,3840,0,0.010000,0.417109,om scratch. The text
2674,3,fast_backward,1.349545,18.905072,0.637835,0.917332,0.253067,3840,3328,0,0.010000,0.301660,ictable the current
2675,4,stay,1.665061,18.730811,0.638823,0.917100,0.253067,3328,3328,0,0.010000,0.387911,ictable the current
2676,3,fast_backward,1.534600,19.021685,0.604516,0.917217,0.177215,3328,2816,0,0.010000,0.449364,racter blocks in ord
2677,1,backward,1.650407,18.992216,0.617097,0.917057,0.221963,2816,2688,0,0.010000,0.381557,e comes next. The te
2678,0,forward,1.492441,18.662349,0.603468,0.917133,0.177215,2688,2816,0,0.010000,0.399150,racter blocks in ord
2679,0,forward,1.817534,18.661199,0.615387,0.917733,0.190799,2816,2944,0,0.010000,0.315280,sing a random projec
2680,1,backward,1.635204,18.740323,0.601757,0.917373,0.177215,2944,2816,0,0.010000,0.272504,racter blocks in ord
2681,0,forward,1.341817,18.809514,0.613735,0.917176,0.190799,2816,2944,0,0.010000,0.370095,sing a random projec
2682,0,forward,1.823582,18.815736,0.603012,0.916638,0.203670,2944,3072,0,0.010000,0.357123,des the mathematical
2683,0,forward,1.604493,18.582656,0.628447,0.917385,0.245962,3072,3200,0,0.010000,0.393583,he surprise of its o
2684,4,stay,1.677644,18.763679,0.629573,0.917340,0.245962,3200,3200,0,0.010000,0.584898,he surprise of its o
2685,3,fast_backward,1.465932,18.466968,0.615708,0.917016,0.221963,3200,2688,0,0.010000,0.494125,e comes next. The te
2686,2,fast_forward,1.704042,18.773410,0.630795,0.917545,0.245962,2688,3200,0,0.010000,0.322702,he surprise of its o
2687,1,backward,1.277758,18.520004,0.606183,0.916736,0.203670,3200,3072,0,0.010000,0.400378,des the mathematical
2688,0,forward,1.730582,18.392810,0.631281,0.917570,0.245962,3072,3200,0,0.010000,0.272207,he surprise of its o
2689,0,forward,1.774047,18.297193,0.638629,0.917672,0.253067,3200,3328,0,0.010000,0.535377,ictable the current
2690,3,fast_backward,1.344580,18.298660,0.604385,0.917451,0.177215,3328,2816,0,0.010000,0.684718,racter blocks in ord
2691,3,fast_backward,1.421952,18.246967,0.607511,0.917222,0.197942,2816,2304,0,0.010000,0.685357,nd bounded predictio
2692,3,fast_backward,1.735592,18.225451,0.605842,0.917073,0.184100,2304,1792,0,0.010000,0.501658,gnostic signals. A s
2693,2,fast_forward,1.400450,18.186286,0.605520,0.917325,0.197942,1792,2304,0,0.010000,0.627679,nd bounded predictio
2694,3,fast_backward,1.608617,18.220249,0.604221,0.916734,0.184100,2304,1792,0,0.010000,0.549678,gnostic signals. A s
2695,3,fast_backward,1.443682,18.006684,0.599344,0.917151,0.179216,1792,1280,0,0.010000,0.642239,h character blocks i
2696,3,fast_backward,1.652271,18.168808,0.619735,0.917362,0.236386,1280,768,0,0.010000,0.566868,"ext, free energy sho"
2697,0,forward,1.428530,17.702769,0.588993,0.917277,0.165020,768,896,0,0.010000,0.646909,d with an informatio
2698,4,stay,1.701830,17.599753,0.587515,0.917165,0.165020,896,896,0,0.010000,0.555964,d with an informatio
2699,0,forward,1.798426,17.496877,0.614568,0.917434,0.217769,896,1024,0,0.010000,0.523292,ssages or re-read pa
2700,1,backward,1.350007,17.763245,0.586456,0.917436,0.165020,1024,896,0,0.010000,0.647771,d with an informatio
2701,0,forward,1.558710,17.834398,0.613521,0.917522,0.217769,896,1024,0,0.010000,0.468808,ssages or re-read pa
2702,2,fast_forward,1.133640,18.105798,0.629139,0.917515,0.263143,1024,1536,0,0.010000,0.695664,text loop focuses o
2703,0,forward,1.339693,18.368805,0.584478,0.916860,0.169394,1536,1664,0,0.010000,0.652608,"If it remains flat,"
2704,0,forward,1.389028,18.310167,0.600235,0.916925,0.184100,1664,1792,0,0.010000,0.620278,gnostic signals. A s
2705,4,stay,1.586306,18.236021,0.599506,0.917053,0.184100,1792,1792,0,0.010000,0.463489,gnostic signals. A s
2706,0,forward,1.753743,18.188280,0.628232,0.917337,0.254057,1792,1920,0,0.010000,0.474724,rror. Evaluation of
2707,3,fast_backward,1.443008,18.212729,0.614665,0.917434,0.200901,1920,1408,0,0.010000,0.330498,tor using a random p
2708,4,stay,1.800961,17.933602,0.614730,0.917430,0.200901,1408,1408,0,0.010000,0.408386,tor using a random p
2709,3,fast_backward,1.706495,17.845859,0.586184,0.917355,0.165020,1408,896,0,0.010000,0.399067,d with an informatio
2710,3,fast_backward,1.415177,18.069991,0.597482,0.916874,0.192597,896,384,0,0.010000,0.682628,Active inference pro
2711,3,fast_backward,1.374242,18.019414,0.612805,0.917672,0.205664,384,0,0,0.010000,0.662146,Cognitive emergence
2712,3,fast_backward,1.321234,18.078532,0.612782,0.917862,0.205664,0,0,0,0.010000,0.509996,Cognitive emergence
2713,3,fast_backward,1.408128,17.836984,0.612753,0.917453,0.205664,0,0,0,0.010000,0.600053,Cognitive emergence
2714,0,forward,1.413752,17.821609,0.605279,0.917408,0.186413,0,128,0,0.010000,0.758199,er a free-energy-min
2715,2,fast_forward,1.869339,17.895270,0.629346,0.917380,0.248914,128,640,0,0.010000,0.528270,ergy reflects how pr
2716,1,backward,1.429029,17.640917,0.619235,0.917311,0.237833,640,512,0,0.010000,0.553047,"ree energy, which is"
2717,4,stay,1.702738,17.748424,0.620355,0.917473,0.237833,512,512,0,0.010000,0.289322,"ree energy, which is"
2718,4,stay,1.689101,17.572155,0.621422,0.917444,0.237833,512,512,0,0.010000,0.694762,"ree energy, which is"
2719,3,fast_backward,1.767244,17.454497,0.617045,0.917634,0.205664,512,0,0,0.010000,0.696516,Cognitive emergence
2720,2,fast_forward,1.488761,17.403376,0.622135,0.917477,0.237833,0,512,0,0.010000,0.377557,"ree energy, which is"
2721,2,fast_forward,1.587017,17.349669,0.617012,0.917177,0.217769,512,1024,0,0.010000,0.747973,ssages or re-read pa
2722,1,backward,1.759110,17.406966,0.589643,0.917399,0.165020,1024,896,0,0.010000,0.449377,d with an informatio
2723,4,stay,1.755976,17.320401,0.588069,0.917434,0.165020,896,896,0,0.010000,0.332132,d with an informatio
2724,1,backward,1.560073,17.175533,0.617478,0.917194,0.236386,896,768,0,0.010000,0.586090,"ext, free energy sho"
2725,1,backward,1.969699,17.183395,0.632116,0.917783,0.248914,768,640,0,0.010000,0.305895,ergy reflects how pr
2726,3,fast_backward,1.237472,17.151644,0.609192,0.917615,0.186413,640,128,0,0.010000,0.475623,er a free-energy-min
2727,2,fast_forward,1.712215,17.321718,0.632601,0.917227,0.248914,128,640,0,0.010000,0.453057,ergy reflects how pr
2728,0,forward,1.229059,17.228278,0.619963,0.917796,0.236386,640,768,0,0.010000,0.523380,"ext, free energy sho"
2729,4,stay,1.741276,17.531428,0.620752,0.917166,0.236386,768,768,0,0.010000,0.449309,"ext, free energy sho"
2730,4,stay,1.311096,17.662828,0.621504,0.917507,0.236386,768,768,0,0.010000,0.487905,"ext, free energy sho"
2731,0,forward,1.878502,17.855487,0.591803,0.917630,0.165020,768,896,0,0.010000,0.449571,d with an informatio
2732,2,fast_forward,1.673700,17.652740,0.617595,0.917556,0.200901,896,1408,0,0.010000,0.342609,tor using a random p
2733,0,forward,1.293524,17.696158,0.632946,0.917551,0.263143,1408,1536,0,0.010000,0.434592,text loop focuses o
2734,1,backward,1.736907,17.480029,0.618963,0.917412,0.200901,1536,1408,0,0.010000,0.520551,tor using a random p
2735,4,stay,1.915761,17.350612,0.618697,0.917536,0.200901,1408,1408,0,0.010000,0.713763,tor using a random p
2736,1,backward,1.326068,17.253904,0.600755,0.917295,0.179216,1408,1280,0,0.010000,0.550788,h character blocks i
2737,1,backward,1.647853,17.219361,0.614413,0.917176,0.222530,1280,1152,0,0.010000,0.515068,phase comes next. T
2738,2,fast_forward,1.875372,17.347464,0.586881,0.917047,0.169394,1152,1664,0,0.010000,0.441726,"If it remains flat,"
2739,0,forward,1.479791,17.384373,0.601793,0.916983,0.184100,1664,1792,0,0.010000,0.425326,gnostic signals. A s
2740,2,fast_forward,1.472782,17.460519,0.601879,0.916809,0.197942,1792,2304,0,0.010000,0.384670,nd bounded predictio
2741,3,fast_backward,1.484268,17.577373,0.600747,0.916665,0.184100,2304,1792,0,0.010000,0.436041,gnostic signals. A s
2742,0,forward,1.757924,17.459579,0.629695,0.917800,0.254057,1792,1920,0,0.010000,0.502073,rror. Evaluation of
2743,4,stay,1.167273,17.642869,0.631366,0.917437,0.254057,1920,1920,0,0.010000,0.486583,rror. Evaluation of
2744,1,backward,1.913184,17.584109,0.602968,0.916892,0.184100,1920,1792,0,0.010000,0.479152,gnostic signals. A s
2745,2,fast_forward,1.682387,17.669794,0.602939,0.917101,0.197942,1792,2304,0,0.010000,0.363175,nd bounded predictio
2746,1,backward,1.159282,17.459170,0.597220,0.916796,0.177662,2304,2176,0,0.010000,0.433392,provide additional
2747,2,fast_forward,1.509427,17.453629,0.611392,0.917120,0.221963,2176,2688,0,0.010000,0.503956,e comes next. The te
2748,3,fast_backward,1.596133,17.431457,0.596871,0.917090,0.177662,2688,2176,0,0.010000,0.308618,provide additional
2749,0,forward,1.531954,17.384821,0.601182,0.917086,0.197942,2176,2304,0,0.010000,0.284620,nd bounded predictio
2750,2,fast_forward,1.645719,17.495472,0.597542,0.917107,0.177215,2304,2816,0,0.010000,0.409111,racter blocks in ord
2751,3,fast_backward,1.534761,17.696642,0.600516,0.916965,0.197942,2816,2304,0,0.010000,0.472582,nd bounded predictio
2752,0,forward,1.989761,17.922240,0.589710,0.917238,0.168851,2304,2432,0,0.010000,0.468991,h an information-gai
2753,0,forward,1.430675,17.732822,0.610580,0.917082,0.214403,2432,2560,0,0.010000,0.254400,s or re-read passage
2754,2,fast_forward,1.429341,17.708555,0.598867,0.916577,0.203670,2560,3072,0,0.010000,0.373318,des the mathematical
2755,4,stay,1.353993,17.708158,0.598832,0.916666,0.203670,3072,3072,0,0.010000,0.426143,des the mathematical
2756,1,backward,1.509060,17.927586,0.608773,0.917550,0.190799,3072,2944,0,0.010000,0.456053,sing a random projec
2757,2,fast_forward,1.181695,17.799939,0.610397,0.917507,0.204990,2944,3456,0,0.010000,0.355604,d decrease. Cognitiv
2758,1,backward,1.405013,17.992890,0.630759,0.917201,0.253067,3456,3328,0,0.010000,0.296732,ictable the current
2759,2,fast_forward,1.492748,17.874672,0.608679,0.917416,0.211055,3328,3840,0,0.010000,0.442952,om scratch. The text
2760,2,fast_forward,1.422550,17.560249,0.600637,0.917353,0.178443,3840,4352,0,0.010000,0.354806,ing agent can form p
2761,3,fast_backward,1.501704,17.514625,0.608302,0.917197,0.211055,4352,3840,0,0.010000,0.290505,om scratch. The text
2762,1,backward,1.928825,17.373367,0.601692,0.916992,0.194548,3840,3712,0,0.010000,0.444253,s no pretrained embe
2763,0,forward,1.763884,17.374470,0.608419,0.917102,0.211055,3712,3840,0,0.010000,0.407193,om scratch. The text
2764,1,backward,1.252312,17.538282,0.601858,0.916848,0.194548,3840,3712,0,0.010000,0.288017,s no pretrained embe
2765,3,fast_backward,1.118156,17.809618,0.625298,0.917677,0.245962,3712,3200,0,0.010000,0.457993,he surprise of its o
2766,4,stay,1.946847,17.838426,0.626682,0.917166,0.245962,3200,3200,0,0.010000,0.478007,he surprise of its o
2767,1,backward,1.383720,17.830848,0.602850,0.916987,0.203670,3200,3072,0,0.010000,0.313294,des the mathematical
2768,4,stay,1.856472,17.883967,0.602604,0.916605,0.203670,3072,3072,0,0.010000,0.477613,des the mathematical
2769,4,stay,1.750512,18.153978,0.602398,0.916678,0.203670,3072,3072,0,0.010000,0.484595,des the mathematical
2770,2,fast_forward,1.846346,18.184269,0.612665,0.917619,0.197040,3072,3584,0,0.010000,0.451991,tests whether a fre
2771,2,fast_forward,1.814123,18.220026,0.614863,0.917328,0.198953,3584,4096,0,0.010000,0.495732,ng a random projecti
2772,0,forward,1.652378,18.289654,0.619488,0.917538,0.207990,4096,4224,0,0.010000,0.486040,he spontaneous forma
2773,3,fast_backward,1.794348,18.161720,0.603497,0.917007,0.194548,4224,3712,0,0.010000,0.492262,s no pretrained embe
2774,2,fast_forward,1.462388,18.489681,0.619129,0.917544,0.207990,3712,4224,0,0.010000,0.498472,he spontaneous forma
2775,2,fast_forward,1.837957,18.243873,0.621953,0.917392,0.236303,4224,4736,0,0.010000,0.481461,surprise of its obs
2776,2,fast_forward,1.762647,18.140014,0.612421,0.917337,0.213764,4736,5248,0,0.010000,0.362066,es that produced hig
2777,3,fast_backward,1.397989,18.070092,0.622972,0.917377,0.236303,5248,4736,0,0.010000,0.465989,surprise of its obs
2778,1,backward,1.652402,18.248311,0.605338,0.916552,0.204065,4736,4608,0,0.010000,0.518912,s the mathematical f
2779,4,stay,1.753915,18.218465,0.605058,0.916653,0.204065,4608,4608,0,0.010000,0.589596,s the mathematical f
2780,2,fast_forward,1.626553,18.146669,0.602823,0.917048,0.190034,4608,5120,0,0.010000,0.458500,in term in its actio
2781,4,stay,1.117577,17.944962,0.602334,0.917269,0.190034,5120,5120,0,0.010000,0.494525,in term in its actio
2782,2,fast_forward,1.819545,18.071043,0.598575,0.916553,0.179660,5120,5632,0,0.010000,0.569384,ditional diagnostic
2783,0,forward,1.362000,18.134221,0.600155,0.917295,0.191195,5632,5760,0,0.010000,0.581212,prediction error. Cu
2784,4,stay,1.646537,18.062693,0.599913,0.917445,0.191195,5760,5760,0,0.010000,0.563567,prediction error. Cu
2785,3,fast_backward,1.703429,18.043129,0.610421,0.917165,0.213764,5760,5248,0,0.010000,0.592835,es that produced hig
2786,0,forward,1.509764,18.061734,0.625930,0.917593,0.248801,5248,5376,0,0.010000,0.478099,ation of the text lo
2787,2,fast_forward,1.511708,18.029130,0.603740,0.917512,0.185794,5376,5888,0,0.010000,0.567028,ation-gain term in i
2788,3,fast_backward,1.204651,18.052300,0.626819,0.917595,0.248801,5888,5376,0,0.010000,0.493803,ation of the text lo
2789,1,backward,1.636787,18.336822,0.612898,0.917348,0.213764,5376,5248,0,0.010000,0.456829,es that produced hig
2790,4,stay,1.507367,18.362442,0.612915,0.917147,0.213764,5248,5248,0,0.010000,0.436855,es that produced hig
2791,4,stay,1.333021,18.292047,0.612937,0.917043,0.213764,5248,5248,0,0.010000,0.446501,es that produced hig
2792,4,stay,1.511852,18.532902,0.612964,0.917318,0.213764,5248,5248,0,0.010000,0.470153,es that produced hig
2793,1,backward,1.849932,18.481685,0.603271,0.917176,0.190034,5248,5120,0,0.010000,0.545943,in term in its actio
2794,2,fast_forward,1.746974,18.660353,0.599494,0.916844,0.179660,5120,5632,0,0.010000,0.464745,ditional diagnostic
2795,4,stay,1.315754,18.517085,0.598465,0.916581,0.179660,5632,5632,0,0.010000,0.414285,ditional diagnostic
2796,3,fast_backward,1.657109,18.484765,0.600567,0.917137,0.190034,5632,5120,0,0.010000,0.438456,in term in its actio
2797,4,stay,1.557699,18.394090,0.600355,0.917484,0.190034,5120,5120,0,0.010000,0.455187,in term in its actio
2798,1,backward,1.574477,18.437443,0.605056,0.916899,0.201395,5120,4992,0,0.010000,0.343028,decrease. Curiosity
2799,1,backward,1.435424,18.406575,0.633385,0.917320,0.257925,4992,4864,0,0.010000,0.276933,table the current ch
2800,4,stay,1.755003,18.460985,0.634998,0.917280,0.257925,4864,4864,0,0.010000,0.516261,table the current ch
2801,2,fast_forward,1.692267,18.303458,0.628593,0.917219,0.248801,4864,5376,0,0.010000,0.542680,ation of the text lo
2802,0,forward,1.617936,18.042401,0.592008,0.917061,0.177647,5376,5504,0,0.010000,0.404012,of the text. If it r
2803,3,fast_backward,1.827668,17.929347,0.608844,0.917007,0.201395,5504,4992,0,0.010000,0.316101,decrease. Curiosity
2804,3,fast_backward,1.907758,17.952023,0.606479,0.917584,0.194905,4992,4480,0,0.010000,0.288555,"iser, and no externa"
2805,0,forward,1.355887,18.204193,0.605404,0.916691,0.204065,4480,4608,0,0.010000,0.399466,s the mathematical f
2806,0,forward,1.598573,18.190835,0.623757,0.917271,0.236303,4608,4736,0,0.010000,0.315011,surprise of its obs
2807,2,fast_forward,2.121259,18.271524,0.614387,0.917183,0.213764,4736,5248,0,0.010000,0.515021,es that produced hig
2808,0,forward,1.530633,18.273109,0.629607,0.917388,0.248801,5248,5376,0,0.010000,0.517533,ation of the text lo
2809,0,forward,1.679213,18.134021,0.593012,0.917730,0.177647,5376,5504,0,0.010000,0.478950,of the text. If it r
2810,4,stay,1.385462,18.241500,0.592021,0.917668,0.177647,5504,5504,0,0.010000,0.315485,of the text. If it r
2811,1,backward,1.941888,18.286790,0.629061,0.917468,0.248801,5504,5376,0,0.010000,0.374286,ation of the text lo
2812,4,stay,1.724794,17.994429,0.630455,0.917566,0.248801,5376,5376,0,0.010000,0.428235,ation of the text lo
2813,0,forward,1.969193,18.137346,0.593911,0.917193,0.177647,5376,5504,0,0.010000,0.433986,of the text. If it r
2814,4,stay,1.462599,17.805106,0.592904,0.917483,0.177647,5504,5504,0,0.010000,0.353615,of the text. If it r
2815,1,backward,1.525423,17.730684,0.629866,0.917338,0.248801,5504,5376,0,0.010000,0.589229,ation of the text lo
2816,2,fast_forward,1.162254,17.852718,0.608143,0.917309,0.185794,5376,5888,0,0.010000,0.508730,ation-gain term in i
2817,2,fast_forward,1.683036,18.215458,0.600635,0.916690,0.178724,5888,6400,0,0.010000,0.511965,ovide additional dia
2818,4,stay,1.882770,18.162211,0.599556,0.916543,0.178724,6400,6400,0,0.010000,0.210728,ovide additional dia
2819,4,stay,1.661182,18.070275,0.598595,0.916722,0.178724,6400,6400,0,0.010000,0.571030,ovide additional dia
2820,4,stay,1.987906,17.712000,0.597742,0.916733,0.178724,6400,6400,0,0.010000,0.571029,ovide additional dia
2821,3,fast_backward,1.345593,17.812111,0.603288,0.917173,0.185794,6400,5888,0,0.010000,0.644623,ation-gain term in i
2822,1,backward,1.657683,17.690970,0.600591,0.917196,0.191195,5888,5760,0,0.010000,0.364724,prediction error. Cu
2823,2,fast_forward,1.388248,17.629417,0.587562,0.917162,0.172580,5760,6272,0,0.010000,0.556031,tistics of the text.
2824,2,fast_forward,1.735276,18.031279,0.609636,0.916848,0.213473,6272,6784,0,0.010000,0.361326,. The model has no p
2825,2,fast_forward,1.515291,18.157874,0.616124,0.917205,0.229653,6784,7296,0,0.010000,0.475014,ns the statistics of
2826,0,forward,1.912995,17.953967,0.601779,0.916962,0.193286,7296,7424,0,0.010000,0.353885,in-text file. The mo
2827,2,fast_forward,1.720006,18.027922,0.615548,0.917141,0.214474,7424,7936,0,0.010000,0.460336,re-read passages tha
2828,2,fast_forward,1.344895,17.899996,0.603849,0.917736,0.188304,7936,8448,0,0.010000,0.473471,e and bounded predic
2829,2,fast_forward,1.544497,18.229167,0.597933,0.916845,0.183160,8448,8960,0,0.010000,0.614638,s fixed-length chara
2830,0,forward,1.870823,18.184655,0.615101,0.917342,0.192782,8960,9088,0,0.010000,0.501571,servation vector usi
2831,4,stay,1.532462,18.176636,0.615023,0.917482,0.192782,9088,9088,0,0.010000,0.376545,servation vector usi
2832,2,fast_forward,1.429082,18.109321,0.616778,0.918047,0.221889,9088,9600,0,0.010000,0.374746,free energy should
2833,0,forward,1.652464,18.131787,0.612402,0.917820,0.183950,9600,9728,0,0.010000,0.592287,oDataModel project t
2834,2,fast_forward,1.608716,18.043446,0.637743,0.917352,0.257548,9728,10240,0,0.010000,0.497834,"eam of characters, t"
2835,0,forward,1.821099,18.034260,0.636462,0.917410,0.264807,10240,10368,0,0.010000,0.332960,learns the statistic
2836,0,forward,1.646368,17.800024,0.617116,0.917017,0.231112,10368,10496,0,0.010000,0.381782,the curve decreases
2837,3,fast_backward,1.670959,17.798732,0.610447,0.917304,0.189270,10496,9984,0,0.010000,0.345924,s sensory input from
2838,1,backward,1.809214,17.687844,0.614659,0.916601,0.211626,9984,9856,0,0.010000,0.311168,eams. The model has
2839,4,stay,1.122852,17.784804,0.614842,0.916733,0.211626,9856,9856,0,0.010000,0.438063,eams. The model has
2840,0,forward,1.627523,17.727458,0.610314,0.917388,0.189270,9856,9984,0,0.010000,0.395832,s sensory input from
2841,1,backward,1.651759,17.999574,0.614517,0.916545,0.211626,9984,9856,0,0.010000,0.304120,eams. The model has
2842,0,forward,1.345029,17.918455,0.610075,0.917359,0.189270,9856,9984,0,0.010000,0.288759,s sensory input from
2843,4,stay,1.589908,17.926563,0.609630,0.917314,0.189270,9984,9984,0,0.010000,0.301967,s sensory input from
2844,0,forward,2.114993,18.398756,0.606585,0.917107,0.211942,9984,10112,0,0.010000,0.593751,d and updates it to
2845,0,forward,1.670984,18.222351,0.640732,0.917062,0.257548,10112,10240,0,0.010000,0.320178,"eam of characters, t"
2846,0,forward,1.336165,18.441870,0.639716,0.917530,0.264807,10240,10368,0,0.010000,0.534917,learns the statistic
2847,2,fast_forward,1.496630,18.592022,0.604907,0.916937,0.184111,10368,10880,0,0.010000,0.600316,ative observations.
2848,3,fast_backward,1.499405,18.531175,0.640380,0.917671,0.264807,10880,10368,0,0.010000,0.621794,learns the statistic
2849,0,forward,1.329078,18.373842,0.620851,0.916926,0.231112,10368,10496,0,0.010000,0.473112,the curve decreases
2850,4,stay,1.111104,18.420463,0.621437,0.916785,0.231112,10496,10496,0,0.010000,0.565403,the curve decreases
2851,4,stay,1.467246,18.419309,0.622005,0.917529,0.231112,10496,10496,0,0.010000,0.557393,the curve decreases
2852,3,fast_backward,1.646732,18.701662,0.615123,0.917613,0.189270,10496,9984,0,0.010000,0.624284,s sensory input from
2853,1,backward,1.591842,18.548186,0.618599,0.916729,0.211626,9984,9856,0,0.010000,0.593068,eams. The model has
2854,3,fast_backward,1.787449,18.575942,0.626402,0.917317,0.230188,9856,9344,0,0.010000,0.629433,"energy, which is the"
2855,4,stay,1.585028,18.756045,0.626946,0.917267,0.230188,9344,9344,0,0.010000,0.504179,"energy, which is the"
2856,2,fast_forward,1.764958,18.542068,0.619543,0.916611,0.211626,9344,9856,0,0.010000,0.575196,eams. The model has
2857,4,stay,1.618554,18.287301,0.619494,0.916806,0.211626,9856,9856,0,0.010000,0.283878,eams. The model has
2858,2,fast_forward,1.790688,18.606274,0.644172,0.917434,0.264807,9856,10368,0,0.010000,0.580894,learns the statistic
2859,1,backward,1.395796,18.531341,0.647844,0.917192,0.257548,10368,10240,0,0.010000,0.232410,"eam of characters, t"
2860,4,stay,1.606941,18.721124,0.649083,0.917354,0.257548,10240,10240,0,0.010000,0.345950,"eam of characters, t"
2861,4,stay,1.278120,18.719764,0.650255,0.917188,0.257548,10240,10240,0,0.010000,0.344454,"eam of characters, t"
2862,0,forward,1.563654,18.663754,0.649316,0.917522,0.264807,10240,10368,0,0.010000,0.514848,learns the statistic
2863,2,fast_forward,1.871965,18.603410,0.613895,0.916764,0.184111,10368,10880,0,0.010000,0.361287,ative observations.
2864,0,forward,1.833054,18.640844,0.622747,0.917149,0.205078,10880,11008,0,0.010000,0.417837,curiosity could driv
2865,1,backward,1.164999,18.604814,0.611713,0.917023,0.184111,11008,10880,0,0.010000,0.318851,ative observations.
2866,4,stay,1.668962,18.606790,0.610284,0.916758,0.184111,10880,10880,0,0.010000,0.469054,ative observations.
2867,3,fast_backward,1.506875,18.508831,0.645669,0.917512,0.264807,10880,10368,0,0.010000,0.531313,learns the statistic
2868,1,backward,1.292643,18.733240,0.649279,0.917207,0.257548,10368,10240,0,0.010000,0.414551,"eam of characters, t"
2869,4,stay,1.689971,18.545803,0.650462,0.917501,0.257548,10240,10240,0,0.010000,0.459289,"eam of characters, t"
2870,2,fast_forward,1.184342,18.640821,0.618145,0.917163,0.185360,10240,10752,0,0.010000,0.525777,wnward-trending free
2871,3,fast_backward,1.577139,18.427698,0.650360,0.917251,0.257548,10752,10240,0,0.010000,0.283016,"eam of characters, t"
2872,2,fast_forward,1.175377,18.598992,0.618008,0.917210,0.185360,10240,10752,0,0.010000,0.412387,wnward-trending free
2873,2,fast_forward,1.573159,18.354832,0.615649,0.916824,0.197953,10752,11264,0,0.010000,0.508506,w over a plain-text
2874,2,fast_forward,1.618453,18.221467,0.603998,0.916595,0.168822,11264,11776,0,0.010000,0.383602,"dence, and action di"
2875,3,fast_backward,1.538703,18.265484,0.613064,0.916792,0.197953,11776,11264,0,0.010000,0.330277,w over a plain-text
2876,4,stay,1.374666,18.315732,0.612785,0.916995,0.197953,11264,11264,0,0.010000,0.303118,w over a plain-text
2877,3,fast_backward,1.600589,18.352436,0.613223,0.917307,0.185360,11264,10752,0,0.010000,0.526838,wnward-trending free
2878,2,fast_forward,1.444167,18.556539,0.611831,0.916951,0.197953,10752,11264,0,0.010000,0.299932,w over a plain-text
2879,4,stay,1.632158,18.373045,0.611675,0.916849,0.197953,11264,11264,0,0.010000,0.519336,w over a plain-text
2880,3,fast_backward,1.806692,18.409503,0.612081,0.917291,0.185360,11264,10752,0,0.010000,0.341587,wnward-trending free
2881,3,fast_backward,1.734201,18.589463,0.645451,0.917399,0.257548,10752,10240,0,0.010000,0.564609,"eam of characters, t"
2882,4,stay,1.733995,18.679721,0.646849,0.917652,0.257548,10240,10240,0,0.010000,0.588900,"eam of characters, t"
2883,3,fast_backward,1.827343,18.964362,0.622989,0.917600,0.183950,10240,9728,0,0.010000,0.386283,oDataModel project t
2884,0,forward,1.295137,18.864923,0.620413,0.917115,0.211626,9728,9856,0,0.010000,0.300783,eams. The model has
2885,4,stay,1.277722,18.919368,0.620395,0.916601,0.211626,9856,9856,0,0.010000,0.302934,eams. The model has
2886,3,fast_backward,1.519843,19.113164,0.628393,0.917541,0.230188,9856,9344,0,0.010000,0.380114,"energy, which is the"
2887,4,stay,1.712874,19.110288,0.628925,0.917150,0.230188,9344,9344,0,0.010000,0.481924,"energy, which is the"
2888,2,fast_forward,1.732582,18.984690,0.621330,0.916541,0.211626,9344,9856,0,0.010000,0.375684,eams. The model has
2889,4,stay,1.796300,19.072002,0.621293,0.916783,0.211626,9856,9856,0,0.010000,0.371108,eams. The model has
2890,2,fast_forward,1.363318,18.949881,0.646166,0.917550,0.264807,9856,10368,0,0.010000,0.366640,learns the statistic
2891,1,backward,1.955756,18.993595,0.649746,0.917137,0.257548,10368,10240,0,0.010000,0.438826,"eam of characters, t"
2892,2,fast_forward,1.748013,18.739939,0.616972,0.917268,0.185360,10240,10752,0,0.010000,0.385706,wnward-trending free
2893,3,fast_backward,1.559630,18.511139,0.649938,0.917250,0.257548,10752,10240,0,0.010000,0.381023,"eam of characters, t"
2894,4,stay,1.360632,18.468343,0.651148,0.917632,0.257548,10240,10240,0,0.010000,0.440607,"eam of characters, t"
2895,4,stay,1.328663,18.407560,0.652293,0.917136,0.257548,10240,10240,0,0.010000,0.337305,"eam of characters, t"
2896,4,stay,1.672365,18.057381,0.653375,0.917574,0.257548,10240,10240,0,0.010000,0.338531,"eam of characters, t"
2897,2,fast_forward,1.295917,18.161921,0.620604,0.917438,0.185360,10240,10752,0,0.010000,0.512389,wnward-trending free
2898,1,backward,1.704295,18.346735,0.599806,0.916748,0.159154,10752,10624,0,0.010000,0.354208,The prediction erro
2899,2,fast_forward,1.570864,18.518544,0.624376,0.917237,0.212097,10624,11136,0,0.010000,0.482856,lays the passive rea
2900,3,fast_backward,1.303545,18.562320,0.596827,0.916889,0.159154,11136,10624,0,0.010000,0.494981,The prediction erro
2901,0,forward,1.071041,18.320147,0.613389,0.917341,0.185360,10624,10752,0,0.010000,0.448219,wnward-trending free
2902,3,fast_backward,1.441314,18.291595,0.646642,0.917194,0.257548,10752,10240,0,0.010000,0.482046,"eam of characters, t"
2903,1,backward,1.571181,18.519762,0.614170,0.917168,0.211942,10240,10112,0,0.010000,0.471741,d and updates it to
2904,1,backward,1.543654,18.453130,0.616267,0.917238,0.189270,10112,9984,0,0.010000,0.375371,s sensory input from
2905,3,fast_backward,1.578654,18.594499,0.642446,0.917440,0.251548,9984,9472,0,0.010000,0.433584,reflects how predic
2906,3,fast_backward,0.857732,18.800011,0.606873,0.916941,0.183160,9472,8960,0,0.010000,0.580130,s fixed-length chara
2907,4,stay,1.553304,18.746806,0.606015,0.916666,0.183160,8960,8960,0,0.010000,0.501809,s fixed-length chara
2908,0,forward,1.671943,18.826079,0.623531,0.917407,0.192782,8960,9088,0,0.010000,0.551141,servation vector usi
2909,1,backward,1.959858,18.916276,0.604855,0.916768,0.183160,9088,8960,0,0.010000,0.428906,s fixed-length chara
2910,3,fast_backward,1.819372,18.730277,0.611023,0.917443,0.188304,8960,8448,0,0.010000,0.419849,e and bounded predic
2911,0,forward,1.643991,18.673073,0.620603,0.917656,0.187869,8448,8576,0,0.010000,0.545920,eroDataModel project
2912,0,forward,1.770259,19.011179,0.619461,0.916698,0.214366,8576,8704,0,0.010000,0.516345,treams. The model ha
2913,4,stay,1.604657,19.218560,0.619759,0.916585,0.214366,8704,8704,0,0.010000,0.487239,treams. The model ha
2914,3,fast_backward,1.907645,19.301164,0.599245,0.917098,0.185017,8704,8192,0,0.010000,0.467960,he statistics of the
2915,2,fast_forward,1.807819,19.065810,0.619430,0.916642,0.214366,8192,8704,0,0.010000,0.533433,treams. The model ha
2916,3,fast_backward,1.701362,18.975281,0.598889,0.917268,0.185017,8704,8192,0,0.010000,0.559324,he statistics of the
2917,1,backward,1.863006,18.770674,0.637868,0.917598,0.257430,8192,8064,0,0.010000,0.446657,es next. Evaluation
2918,2,fast_forward,1.737151,18.704052,0.621255,0.917639,0.187869,8064,8576,0,0.010000,0.510283,eroDataModel project
2919,2,fast_forward,1.412047,18.712838,0.621706,0.917814,0.192782,8576,9088,0,0.010000,0.511812,servation vector usi
2920,1,backward,1.742021,18.815093,0.603369,0.916810,0.183160,9088,8960,0,0.010000,0.531107,s fixed-length chara
2921,4,stay,1.816454,18.646843,0.602778,0.916696,0.183160,8960,8960,0,0.010000,0.285123,s fixed-length chara
2922,4,stay,1.929550,18.793591,0.602249,0.917210,0.183160,8960,8960,0,0.010000,0.367064,s fixed-length chara
2923,3,fast_backward,1.899375,18.790691,0.608237,0.917456,0.188304,8960,8448,0,0.010000,0.474393,e and bounded predic
2924,1,backward,1.730822,18.832790,0.598737,0.916690,0.167731,8448,8320,0,0.010000,0.571180,ion provide addition
2925,0,forward,2.035433,18.674728,0.606350,0.917552,0.188304,8320,8448,0,0.010000,0.533564,e and bounded predic
2926,3,fast_backward,1.434394,18.663454,0.618261,0.917172,0.214474,8448,7936,0,0.010000,0.538555,re-read passages tha
2927,2,fast_forward,1.647686,18.594738,0.606181,0.917645,0.188304,7936,8448,0,0.010000,0.529379,e and bounded predic
2928,1,backward,1.846815,18.972194,0.597154,0.916989,0.167731,8448,8320,0,0.010000,0.560548,ion provide addition
2929,2,fast_forward,1.363922,18.794500,0.607026,0.917647,0.199805,8320,8832,0,0.010000,0.390717,its sensory input fr
2930,2,fast_forward,1.822905,18.668333,0.620183,0.917717,0.230188,8832,9344,0,0.010000,0.439250,"energy, which is the"
2931,4,stay,1.330792,18.786137,0.621154,0.917410,0.230188,9344,9344,0,0.010000,0.417268,"energy, which is the"
2932,1,backward,2.001041,18.842957,0.609726,0.917095,0.205784,9344,9216,0,0.010000,0.317087,ve inference provide
2933,3,fast_backward,1.706528,19.013183,0.617065,0.916719,0.214366,9216,8704,0,0.010000,0.271783,treams. The model ha
2934,0,forward,1.497971,18.883616,0.609708,0.917414,0.199805,8704,8832,0,0.010000,0.316287,its sensory input fr
2935,3,fast_backward,1.720332,18.706395,0.598726,0.916879,0.167731,8832,8320,0,0.010000,0.416615,ion provide addition
2936,1,backward,1.824898,18.907052,0.595453,0.916955,0.185017,8320,8192,0,0.010000,0.371753,he statistics of the
2937,2,fast_forward,0.917710,19.019515,0.616056,0.916654,0.214366,8192,8704,0,0.010000,0.392441,treams. The model ha
2938,4,stay,1.776372,18.792932,0.616616,0.916612,0.214366,8704,8704,0,0.010000,0.332042,treams. The model ha
2939,2,fast_forward,1.414589,18.755263,0.609701,0.916982,0.205784,8704,9216,0,0.010000,0.416616,ve inference provide
2940,1,backward,1.641911,18.557486,0.618653,0.917420,0.192782,9216,9088,0,0.010000,0.491735,servation vector usi
2941,2,fast_forward,1.720941,18.590411,0.621109,0.917533,0.221889,9088,9600,0,0.010000,0.487758,free energy should
2942,3,fast_backward,1.622064,18.397003,0.618941,0.917734,0.192782,9600,9088,0,0.010000,0.424431,servation vector usi
2943,0,forward,2.099646,18.779306,0.610232,0.916945,0.205784,9088,9216,0,0.010000,0.520898,ve inference provide
2944,1,backward,1.867807,18.837052,0.618858,0.917464,0.192782,9216,9088,0,0.010000,0.513163,servation vector usi
2945,0,forward,1.314185,18.691281,0.610171,0.916809,0.205784,9088,9216,0,0.010000,0.252917,ve inference provide
2946,3,fast_backward,1.985086,18.705259,0.617548,0.916551,0.214366,9216,8704,0,0.010000,0.461311,treams. The model ha
2947,2,fast_forward,1.514789,18.719713,0.610727,0.916595,0.205784,8704,9216,0,0.010000,0.390353,ve inference provide
2948,0,forward,1.183305,18.969697,0.623094,0.917253,0.230188,9216,9344,0,0.010000,0.489245,"energy, which is the"
2949,1,backward,1.494316,18.889850,0.611735,0.917524,0.205784,9344,9216,0,0.010000,0.510502,ve inference provide
2950,3,fast_backward,1.513496,18.858253,0.618796,0.916601,0.214366,9216,8704,0,0.010000,0.385274,treams. The model ha
2951,4,stay,1.778443,18.780541,0.619223,0.916723,0.214366,8704,8704,0,0.010000,0.348136,treams. The model ha
2952,3,fast_backward,1.807143,19.049463,0.598950,0.917285,0.185017,8704,8192,0,0.010000,0.508919,he statistics of the
2953,1,backward,1.473291,19.280901,0.637608,0.917172,0.257430,8192,8064,0,0.010000,0.392996,es next. Evaluation
2954,3,fast_backward,1.527978,19.028396,0.616291,0.917482,0.184508,8064,7552,0,0.010000,0.291209,each block to a fixe
2955,3,fast_backward,1.643741,18.898282,0.614198,0.917314,0.218436,7552,7040,0,0.010000,0.314225,d updates it to mini
2956,1,backward,1.185393,18.998124,0.609220,0.917179,0.181668,7040,6912,0,0.010000,0.278874,nsory input from scr
2957,4,stay,1.740969,18.911928,0.608573,0.917189,0.181668,6912,6912,0,0.010000,0.404054,nsory input from scr
2958,1,backward,1.847005,19.238308,0.616519,0.916667,0.213473,6912,6784,0,0.010000,0.394312,. The model has no p
2959,4,stay,1.749014,19.082600,0.616912,0.916681,0.213473,6784,6784,0,0.010000,0.391563,. The model has no p
2960,0,forward,1.444618,18.949469,0.608715,0.917025,0.181668,6784,6912,0,0.010000,0.339218,nsory input from scr
2961,0,forward,1.725553,19.092306,0.613341,0.917038,0.218436,6912,7040,0,0.010000,0.376478,d updates it to mini
2962,0,forward,1.761573,19.156861,0.645766,0.917553,0.257159,7040,7168,0,0.010000,0.464881,"of characters, the f"
2963,3,fast_backward,1.655044,18.869837,0.620799,0.917819,0.189681,7168,6656,0,0.010000,0.382934,aModel project tests
2964,1,backward,1.779476,18.754418,0.614496,0.917908,0.187692,6656,6528,0,0.010000,0.315452,bounded prediction e
2965,2,fast_forward,2.057203,18.711478,0.614011,0.917278,0.218436,6528,7040,0,0.010000,0.476810,d updates it to mini
2966,3,fast_backward,1.443805,18.799445,0.614001,0.917906,0.187692,7040,6528,0,0.010000,0.456795,bounded prediction e
2967,3,fast_backward,1.638827,18.849490,0.615748,0.917399,0.211594,6528,6016,0,0.010000,0.343185,d passages that prod
2968,3,fast_backward,1.500358,18.602572,0.594320,0.917023,0.177647,6016,5504,0,0.010000,0.397920,of the text. If it r
2969,0,forward,1.737396,18.388900,0.603932,0.916654,0.179660,5504,5632,0,0.010000,0.565401,ditional diagnostic
2970,0,forward,1.302372,18.462873,0.605031,0.917299,0.191195,5632,5760,0,0.010000,0.401810,prediction error. Cu
2971,4,stay,1.997543,18.547822,0.604841,0.917215,0.191195,5760,5760,0,0.010000,0.500435,prediction error. Cu
2972,1,backward,1.629467,18.622035,0.602775,0.916694,0.179660,5760,5632,0,0.010000,0.325610,ditional diagnostic
2973,3,fast_backward,1.611149,18.439483,0.604337,0.917175,0.190034,5632,5120,0,0.010000,0.563035,in term in its actio
2974,0,forward,1.354918,18.469138,0.615120,0.917584,0.213764,5120,5248,0,0.010000,0.478014,es that produced hig
2975,0,forward,1.249794,18.362601,0.630447,0.917690,0.248801,5248,5376,0,0.010000,0.506096,ation of the text lo
2976,1,backward,1.658868,18.125799,0.616885,0.917220,0.213764,5376,5248,0,0.010000,0.443597,es that produced hig
2977,0,forward,1.867619,18.077042,0.632065,0.917533,0.248801,5248,5376,0,0.010000,0.538154,ation of the text lo
2978,2,fast_forward,1.636847,17.967588,0.609431,0.917735,0.185794,5376,5888,0,0.010000,0.615062,ation-gain term in i
2979,3,fast_backward,1.901811,17.928929,0.632921,0.917770,0.248801,5888,5376,0,0.010000,0.452611,ation of the text lo
2980,4,stay,1.440866,17.770484,0.634327,0.917672,0.248801,5376,5376,0,0.010000,0.590155,ation of the text lo
2981,3,fast_backward,1.544379,18.010458,0.643771,0.917569,0.257925,5376,4864,0,0.010000,0.395984,table the current ch
2982,2,fast_forward,1.614430,17.936646,0.637051,0.918004,0.248801,4864,5376,0,0.010000,0.435471,ation of the text lo
2983,1,backward,1.593546,17.836159,0.623039,0.917290,0.213764,5376,5248,0,0.010000,0.537425,es that produced hig
2984,4,stay,1.387162,17.663077,0.622781,0.916996,0.213764,5248,5248,0,0.010000,0.652473,es that produced hig
2985,4,stay,1.744195,17.462245,0.622548,0.917154,0.213764,5248,5248,0,0.010000,0.742085,es that produced hig
2986,1,backward,1.919795,17.579440,0.612228,0.917364,0.190034,5248,5120,0,0.010000,0.634997,in term in its actio
2987,0,forward,1.433986,17.811746,0.621602,0.917363,0.213764,5120,5248,0,0.010000,0.553783,es that produced hig
2988,4,stay,1.731059,17.805677,0.621469,0.917192,0.213764,5248,5248,0,0.010000,0.507000,es that produced hig
2989,3,fast_backward,1.575026,18.008684,0.631449,0.917295,0.236303,5248,4736,0,0.010000,0.504924,surprise of its obs
2990,4,stay,1.378556,17.665804,0.632342,0.917551,0.236303,4736,4736,0,0.010000,0.497565,surprise of its obs
2991,2,fast_forward,1.473485,17.864847,0.623046,0.917341,0.213764,4736,5248,0,0.010000,0.535361,es that produced hig
2992,0,forward,1.836983,17.638688,0.637720,0.917172,0.248801,5248,5376,0,0.010000,0.645102,ation of the text lo
2993,4,stay,1.495889,17.654550,0.638892,0.917395,0.248801,5376,5376,0,0.010000,0.467684,ation of the text lo
2994,2,fast_forward,1.479648,17.920839,0.616972,0.917201,0.185794,5376,5888,0,0.010000,0.379915,ation-gain term in i
2995,4,stay,1.815599,17.854202,0.615898,0.917558,0.185794,5888,5888,0,0.010000,0.745028,ation-gain term in i
2996,1,backward,1.521604,18.050441,0.612375,0.917291,0.191195,5888,5760,0,0.010000,0.651249,prediction error. Cu
2997,2,fast_forward,1.426185,17.997873,0.599065,0.916980,0.172580,5760,6272,0,0.010000,0.687218,tistics of the text.
2998,0,forward,1.459266,17.906751,0.606286,0.916696,0.178724,6272,6400,0,0.010000,0.784205,ovide additional dia
2999,2,fast_forward,1.585784,18.081035,0.610576,0.916968,0.181668,6400,6912,0,0.010000,0.324272,nsory input from scr
3000,2,fast_forward,1.826714,18.162442,0.608526,0.916933,0.193286,6912,7424,0,0.010000,0.464186,in-text file. The mo
3001,2,fast_forward,1.541141,18.309073,0.622021,0.917146,0.214474,7424,7936,0,0.010000,0.352695,re-read passages tha
3002,1,backward,1.639376,18.216297,0.601129,0.917634,0.171053,7936,7808,0,0.010000,0.273081,information-gain ter
3003,1,backward,1.888085,17.934145,0.619140,0.917444,0.222201,7808,7680,0,0.010000,0.437464,oduces the same vect
3004,0,forward,1.589548,17.940790,0.600720,0.917248,0.171053,7680,7808,0,0.010000,0.803881,information-gain ter
3005,3,fast_backward,1.717227,17.565067,0.622386,0.917327,0.229653,7808,7296,0,0.010000,0.405404,ns the statistics of
3006,1,backward,1.819763,17.618564,0.645340,0.917355,0.257159,7296,7168,0,0.010000,0.455045,"of characters, the f"
3007,1,backward,1.700249,17.799875,0.615171,0.917615,0.218436,7168,7040,0,0.010000,0.465073,d updates it to mini
3008,4,stay,1.752853,17.958563,0.615443,0.917224,0.218436,7040,7040,0,0.010000,0.578920,d updates it to mini
3009,4,stay,1.785951,18.064199,0.615710,0.917229,0.218436,7040,7040,0,0.010000,0.390509,d updates it to mini
3010,0,forward,1.965376,18.059057,0.647264,0.917242,0.257159,7040,7168,0,0.010000,0.733632,"of characters, the f"
3011,2,fast_forward,1.655269,18.052807,0.623197,0.917175,0.222201,7168,7680,0,0.010000,0.605374,oduces the same vect
3012,4,stay,1.589613,18.050529,0.623572,0.916893,0.222201,7680,7680,0,0.010000,0.613450,oduces the same vect
3013,1,backward,1.673871,18.063930,0.619952,0.917445,0.184508,7680,7552,0,0.010000,0.369420,each block to a fixe
3014,4,stay,1.771313,18.172632,0.619237,0.917567,0.184508,7552,7552,0,0.010000,0.363404,each block to a fixe
3015,2,fast_forward,1.766602,18.318845,0.640639,0.917620,0.257430,7552,8064,0,0.010000,0.325566,es next. Evaluation
3016,2,fast_forward,1.813989,18.344877,0.624491,0.917672,0.187869,8064,8576,0,0.010000,0.353938,eroDataModel project
3017,4,stay,1.487981,18.460221,0.623697,0.917563,0.187869,8576,8576,0,0.010000,0.343988,eroDataModel project
3018,3,fast_backward,1.572704,18.388412,0.640595,0.917461,0.257430,8576,8064,0,0.010000,0.409450,es next. Evaluation
3019,1,backward,1.225193,18.349634,0.625606,0.917328,0.214474,8064,7936,0,0.010000,0.455578,re-read passages tha
3020,0,forward,1.733940,18.179990,0.641777,0.917450,0.257430,7936,8064,0,0.010000,0.293052,es next. Evaluation
3021,3,fast_backward,1.235283,18.125794,0.621176,0.917410,0.184508,8064,7552,0,0.010000,0.362713,each block to a fixe
3022,3,fast_backward,1.540230,18.184332,0.618584,0.917531,0.218436,7552,7040,0,0.010000,0.446005,d updates it to mini
3023,4,stay,1.896306,18.165642,0.618594,0.917277,0.218436,7040,7040,0,0.010000,0.355023,d updates it to mini
3024,1,backward,1.788106,18.496685,0.613671,0.917305,0.181668,7040,6912,0,0.010000,0.522602,nsory input from scr
3025,0,forward,1.457475,18.368166,0.617628,0.917111,0.218436,6912,7040,0,0.010000,0.362144,d updates it to mini
3026,3,fast_backward,1.128495,18.064214,0.617730,0.917518,0.187692,7040,6528,0,0.010000,0.437452,bounded prediction e
3027,0,forward,1.552976,18.185523,0.622591,0.918181,0.189681,6528,6656,0,0.010000,0.480337,aModel project tests
3028,4,stay,1.875235,18.286739,0.621888,0.917669,0.189681,6656,6656,0,0.010000,0.402152,aModel project tests
3029,1,backward,1.225055,18.552926,0.615409,0.917747,0.187692,6656,6528,0,0.010000,0.435473,bounded prediction e
3030,0,forward,1.644222,18.640589,0.620507,0.918125,0.189681,6528,6656,0,0.010000,0.393193,aModel project tests
3031,4,stay,1.511191,18.455213,0.619932,0.917559,0.189681,6656,6656,0,0.010000,0.465995,aModel project tests
3032,1,backward,1.673209,18.463385,0.613494,0.918153,0.187692,6656,6528,0,0.010000,0.282433,bounded prediction e
3033,0,forward,1.424036,18.373328,0.618779,0.917548,0.189681,6528,6656,0,0.010000,0.481364,aModel project tests
3034,3,fast_backward,1.658944,18.483866,0.637929,0.917274,0.258358,6656,6144,0,0.010000,0.172525,t. Evaluation of the
3035,2,fast_forward,1.491230,18.506837,0.620032,0.917633,0.189681,6144,6656,0,0.010000,0.371601,aModel project tests
3036,3,fast_backward,1.489692,18.516694,0.639047,0.917521,0.258358,6656,6144,0,0.010000,0.359494,t. Evaluation of the
3037,3,fast_backward,1.714763,18.845938,0.606697,0.916664,0.179660,6144,5632,0,0.010000,0.578199,ditional diagnostic
3038,0,forward,1.511543,18.671796,0.607830,0.917610,0.191195,5632,5760,0,0.010000,0.277671,prediction error. Cu
3039,3,fast_backward,1.552753,18.373471,0.618180,0.917248,0.213764,5760,5248,0,0.010000,0.484328,es that produced hig
3040,4,stay,1.534950,18.058371,0.618217,0.917206,0.213764,5248,5248,0,0.010000,0.332255,es that produced hig
3041,4,stay,1.621908,17.891442,0.618260,0.917568,0.213764,5248,5248,0,0.010000,0.579182,es that produced hig
3042,1,backward,1.525442,17.904027,0.608348,0.917562,0.190034,5248,5120,0,0.010000,0.347675,in term in its actio
3043,2,fast_forward,1.829146,17.909720,0.604932,0.916629,0.179660,5120,5632,0,0.010000,0.360940,ditional diagnostic
3044,1,backward,1.732689,17.963060,0.594160,0.917056,0.177647,5632,5504,0,0.010000,0.354704,of the text. If it r
3045,1,backward,1.446653,17.832654,0.631064,0.917444,0.248801,5504,5376,0,0.010000,0.369703,ation of the text lo
3046,3,fast_backward,1.621999,18.140515,0.640713,0.917592,0.257925,5376,4864,0,0.010000,0.358096,table the current ch
3047,4,stay,1.631364,18.243651,0.642200,0.917187,0.257925,4864,4864,0,0.010000,0.290359,table the current ch
3048,4,stay,1.326828,18.245434,0.643619,0.917406,0.257925,4864,4864,0,0.010000,0.399919,table the current ch
3049,0,forward,1.395918,18.319717,0.616811,0.916845,0.201395,4864,4992,0,0.010000,0.364845,decrease. Curiosity
3050,2,fast_forward,1.551773,18.405106,0.598806,0.917089,0.177647,4992,5504,0,0.010000,0.526267,of the text. If it r
3051,1,backward,1.518112,18.368591,0.635590,0.917268,0.248801,5504,5376,0,0.010000,0.372365,ation of the text lo
3052,4,stay,1.595041,18.495934,0.636872,0.917421,0.248801,5376,5376,0,0.010000,0.527397,ation of the text lo
3053,2,fast_forward,1.168839,18.450606,0.614929,0.917183,0.185794,5376,5888,0,0.010000,0.403258,ation-gain term in i
3054,1,backward,1.722448,18.582184,0.611470,0.917289,0.191195,5888,5760,0,0.010000,0.396318,prediction error. Cu
3055,3,fast_backward,1.567512,18.681146,0.621342,0.917276,0.213764,5760,5248,0,0.010000,0.529269,es that produced hig
3056,3,fast_backward,1.755905,18.545250,0.631473,0.917324,0.236303,5248,4736,0,0.010000,0.410166,surprise of its obs
3057,0,forward,1.443473,18.525521,0.644975,0.917171,0.257925,4736,4864,0,0.010000,0.377559,table the current ch
3058,3,fast_backward,1.545150,18.373388,0.613954,0.917228,0.178443,4864,4352,0,0.010000,0.410954,ing agent can form p
3059,3,fast_backward,1.585732,18.544181,0.621278,0.917028,0.211055,4352,3840,0,0.010000,0.367244,om scratch. The text
3060,1,backward,1.723753,18.388237,0.614192,0.916966,0.194548,3840,3712,0,0.010000,0.310218,s no pretrained embe
3061,0,forward,1.710555,18.506030,0.620675,0.917108,0.211055,3712,3840,0,0.010000,0.462625,om scratch. The text
3062,3,fast_backward,1.102499,18.425308,0.643662,0.917130,0.253067,3840,3328,0,0.010000,0.369349,ictable the current
3063,2,fast_forward,1.671832,18.375949,0.621787,0.917271,0.211055,3328,3840,0,0.010000,0.269821,om scratch. The text
3064,2,fast_forward,1.367968,18.366105,0.613446,0.917072,0.178443,3840,4352,0,0.010000,0.387377,ing agent can form p
3065,0,forward,1.193071,18.260798,0.614629,0.917225,0.194905,4352,4480,0,0.010000,0.249486,"iser, and no externa"
3066,2,fast_forward,1.635535,18.345655,0.616291,0.917404,0.201395,4480,4992,0,0.010000,0.259804,decrease. Curiosity
3067,2,fast_forward,1.468398,18.543451,0.598484,0.917065,0.177647,4992,5504,0,0.010000,0.396197,of the text. If it r
3068,3,fast_backward,1.855031,18.595205,0.615069,0.917552,0.201395,5504,4992,0,0.010000,0.536714,decrease. Curiosity
3069,4,stay,2.036294,18.671899,0.614953,0.917153,0.201395,4992,4992,0,0.010000,0.480013,decrease. Curiosity
3070,2,fast_forward,1.655051,19.211303,0.597307,0.916969,0.177647,4992,5504,0,0.010000,0.425072,of the text. If it r
3071,0,forward,1.539548,19.269321,0.606306,0.916478,0.179660,5504,5632,0,0.010000,0.470931,ditional diagnostic
3072,2,fast_forward,1.857939,19.288325,0.638965,0.917561,0.258358,5632,6144,0,0.010000,0.632623,t. Evaluation of the
3073,0,forward,1.389201,19.395203,0.596240,0.917439,0.172580,6144,6272,0,0.010000,0.326688,tistics of the text.
3074,4,stay,1.985593,19.027146,0.595141,0.917144,0.172580,6272,6272,0,0.010000,0.733735,tistics of the text.
3075,3,fast_backward,1.718165,18.919563,0.607049,0.917400,0.191195,6272,5760,0,0.010000,0.634629,prediction error. Cu
3076,0,forward,1.432835,18.815965,0.609325,0.917189,0.185794,5760,5888,0,0.010000,0.504129,ation-gain term in i
3077,1,backward,1.273700,18.913874,0.606446,0.917253,0.191195,5888,5760,0,0.010000,0.406710,prediction error. Cu
3078,0,forward,1.383780,18.686285,0.608775,0.917228,0.185794,5760,5888,0,0.010000,0.470922,ation-gain term in i
3079,0,forward,1.519987,18.554409,0.614198,0.917208,0.211594,5888,6016,0,0.010000,0.335658,d passages that prod
3080,0,forward,1.673028,18.392476,0.637508,0.917277,0.258358,6016,6144,0,0.010000,0.619386,t. Evaluation of the
3081,1,backward,1.013238,18.225871,0.616044,0.917413,0.211594,6144,6016,0,0.010000,0.559298,d passages that prod
3082,4,stay,1.212380,18.093501,0.616072,0.917497,0.211594,6016,6016,0,0.010000,0.501504,d passages that prod
3083,2,fast_forward,1.725216,18.057665,0.614215,0.917555,0.187692,6016,6528,0,0.010000,0.345094,bounded prediction e
3084,0,forward,1.424888,18.020819,0.619526,0.917848,0.189681,6528,6656,0,0.010000,0.700198,aModel project tests
3085,3,fast_backward,1.475611,17.953743,0.638206,0.917409,0.258358,6656,6144,0,0.010000,0.417792,t. Evaluation of the
3086,2,fast_forward,1.604330,17.831165,0.620879,0.917762,0.189681,6144,6656,0,0.010000,0.565073,aModel project tests
3087,2,fast_forward,1.462787,17.640111,0.645674,0.917490,0.257159,6656,7168,0,0.010000,0.839238,"of characters, the f"
3088,1,backward,1.858283,17.778308,0.615666,0.917609,0.218436,7168,7040,0,0.010000,0.524070,d updates it to mini
3089,4,stay,1.278631,17.948248,0.615903,0.917300,0.218436,7040,7040,0,0.010000,0.587863,d updates it to mini
3090,3,fast_backward,1.563850,18.132723,0.616606,0.917978,0.187692,7040,6528,0,0.010000,0.460099,bounded prediction e
3091,2,fast_forward,1.503159,17.998249,0.615433,0.917323,0.218436,6528,7040,0,0.010000,0.481982,d updates it to mini
3092,1,backward,1.712585,18.038468,0.611219,0.917055,0.181668,7040,6912,0,0.010000,0.402664,nsory input from scr
3093,2,fast_forward,1.806508,17.926907,0.608944,0.916932,0.193286,6912,7424,0,0.010000,0.597947,in-text file. The mo
3094,0,forward,1.369087,18.014548,0.616805,0.917184,0.184508,7424,7552,0,0.010000,0.891236,each block to a fixe
3095,0,forward,1.725794,18.175943,0.619927,0.917055,0.222201,7552,7680,0,0.010000,0.440106,oduces the same vect
3096,0,forward,1.399765,18.104064,0.601790,0.917367,0.171053,7680,7808,0,0.010000,0.493256,information-gain ter
3097,3,fast_backward,1.805992,18.273535,0.623115,0.917242,0.229653,7808,7296,0,0.010000,0.492443,ns the statistics of
3098,0,forward,1.339129,18.312372,0.608547,0.916923,0.193286,7296,7424,0,0.010000,0.393388,in-text file. The mo
3099,4,stay,1.896423,18.396189,0.608307,0.916875,0.193286,7424,7424,0,0.010000,0.579139,in-text file. The mo
3100,2,fast_forward,1.327760,18.415975,0.621700,0.917152,0.214474,7424,7936,0,0.010000,0.422578,re-read passages tha
3101,1,backward,1.864143,18.351612,0.601178,0.917349,0.171053,7936,7808,0,0.010000,0.892963,information-gain ter
3102,4,stay,1.451135,18.224674,0.600163,0.917405,0.171053,7808,7808,0,0.010000,0.448869,information-gain ter
3103,0,forward,1.930260,18.212844,0.619971,0.917188,0.214474,7808,7936,0,0.010000,0.366080,re-read passages tha
3104,0,forward,1.379906,18.294830,0.636415,0.917568,0.257430,7936,8064,0,0.010000,0.873893,es next. Evaluation
3105,0,forward,1.940711,18.191497,0.600407,0.917196,0.185017,8064,8192,0,0.010000,0.535219,he statistics of the
3106,1,backward,1.798916,18.575674,0.637614,0.917541,0.257430,8192,8064,0,0.010000,0.677693,es next. Evaluation
3107,0,forward,1.007037,18.753871,0.601517,0.917381,0.185017,8064,8192,0,0.010000,0.395110,he statistics of the
3108,3,fast_backward,1.547196,18.414222,0.620441,0.916808,0.222201,8192,7680,0,0.010000,0.398049,oduces the same vect
3109,4,stay,1.103813,18.407819,0.621016,0.917033,0.222201,7680,7680,0,0.010000,0.305055,oduces the same vect
3110,2,fast_forward,1.485210,18.450287,0.601920,0.917075,0.185017,7680,8192,0,0.010000,0.290970,he statistics of the
3111,3,fast_backward,1.385311,18.633246,0.620867,0.917031,0.222201,8192,7680,0,0.010000,0.641602,oduces the same vect
3112,1,backward,0.898903,18.728323,0.617814,0.917562,0.184508,7680,7552,0,0.010000,0.381759,each block to a fixe
3113,3,fast_backward,1.276079,18.895447,0.615022,0.917220,0.218436,7552,7040,0,0.010000,0.429260,d updates it to mini
3114,4,stay,1.716485,18.824028,0.615331,0.917078,0.218436,7040,7040,0,0.010000,0.408274,d updates it to mini
3115,1,backward,1.730684,18.914751,0.610876,0.916987,0.181668,7040,6912,0,0.010000,0.397106,nsory input from scr
3116,4,stay,1.624995,18.909221,0.610206,0.917255,0.181668,6912,6912,0,0.010000,0.371226,nsory input from scr
3117,1,backward,1.176260,18.965557,0.617706,0.916670,0.213473,6912,6784,0,0.010000,0.393888,. The model has no p
3118,2,fast_forward,1.630220,18.993948,0.624204,0.916955,0.229653,6784,7296,0,0.010000,0.591784,ns the statistics of
3119,0,forward,1.422544,19.193747,0.609247,0.917209,0.193286,7296,7424,0,0.010000,0.388531,in-text file. The mo
3120,4,stay,1.318020,18.973914,0.609019,0.916739,0.193286,7424,7424,0,0.010000,0.345591,in-text file. The mo
3121,0,forward,1.744574,18.553282,0.616968,0.917659,0.184508,7424,7552,0,0.010000,0.613647,each block to a fixe
3122,3,fast_backward,1.356192,18.307339,0.614484,0.917192,0.218436,7552,7040,0,0.010000,0.388444,d updates it to mini
3123,1,backward,2.011065,18.505891,0.609930,0.917093,0.181668,7040,6912,0,0.010000,0.516669,nsory input from scr
3124,2,fast_forward,1.873150,18.435214,0.608076,0.916867,0.193286,6912,7424,0,0.010000,0.512895,in-text file. The mo
3125,1,backward,1.631651,18.255483,0.623630,0.917054,0.229653,7424,7296,0,0.010000,0.487541,ns the statistics of
3126,2,fast_forward,1.119615,18.326317,0.601866,0.917761,0.171053,7296,7808,0,0.010000,0.366488,information-gain ter
3127,0,forward,1.900141,18.326280,0.621670,0.916928,0.214474,7808,7936,0,0.010000,0.355882,re-read passages tha
3128,2,fast_forward,1.850361,18.266481,0.610430,0.917226,0.188304,7936,8448,0,0.010000,0.377711,e and bounded predic
3129,4,stay,1.705304,18.137331,0.609907,0.917480,0.188304,8448,8448,0,0.010000,0.425961,e and bounded predic
3130,3,fast_backward,1.743529,18.204392,0.620987,0.917645,0.214474,8448,7936,0,0.010000,0.596072,re-read passages tha
3131,3,fast_backward,1.883986,18.040995,0.607614,0.916795,0.193286,7936,7424,0,0.010000,0.485622,in-text file. The mo
3132,4,stay,1.565421,17.938013,0.607540,0.917780,0.193286,7424,7424,0,0.010000,0.623010,in-text file. The mo
3133,3,fast_backward,1.559331,17.956444,0.608452,0.917175,0.181668,7424,6912,0,0.010000,0.325081,nsory input from scr
3134,1,backward,1.540030,17.817846,0.616427,0.917079,0.213473,6912,6784,0,0.010000,0.522992,. The model has no p
3135,2,fast_forward,1.470528,17.888803,0.622925,0.917263,0.229653,6784,7296,0,0.010000,0.362006,ns the statistics of
3136,2,fast_forward,1.315685,17.758044,0.601104,0.917353,0.171053,7296,7808,0,0.010000,0.450976,information-gain ter
3137,1,backward,1.856647,17.877972,0.619187,0.916993,0.222201,7808,7680,0,0.010000,0.358486,oduces the same vect
3138,4,stay,1.763604,17.805429,0.619885,0.917059,0.222201,7680,7680,0,0.010000,0.450742,oduces the same vect
3139,3,fast_backward,1.729014,17.965963,0.646159,0.917833,0.257159,7680,7168,0,0.010000,0.458503,"of characters, the f"
3140,4,stay,1.484613,18.035397,0.647724,0.917422,0.257159,7168,7168,0,0.010000,0.525498,"of characters, the f"
3141,0,forward,1.550034,18.062597,0.627416,0.917373,0.229653,7168,7296,0,0.010000,0.583415,ns the statistics of
3142,4,stay,1.677214,17.893019,0.627984,0.917281,0.229653,7296,7296,0,0.010000,0.569803,ns the statistics of
3143,4,stay,1.830292,17.854147,0.628519,0.917254,0.229653,7296,7296,0,0.010000,0.250647,ns the statistics of
3144,2,fast_forward,1.961652,17.792977,0.606846,0.917556,0.171053,7296,7808,0,0.010000,0.354531,information-gain ter
3145,0,forward,1.321839,17.733081,0.625840,0.917058,0.214474,7808,7936,0,0.010000,0.627600,re-read passages tha
3146,3,fast_backward,1.634772,17.995644,0.611915,0.916791,0.193286,7936,7424,0,0.010000,0.449272,in-text file. The mo
3147,1,backward,1.771474,17.954193,0.627136,0.917128,0.229653,7424,7296,0,0.010000,0.388249,ns the statistics of
3148,1,backward,1.666810,18.097888,0.649369,0.917526,0.257159,7296,7168,0,0.010000,0.419066,"of characters, the f"
3149,1,backward,1.696199,17.967678,0.619871,0.917440,0.218436,7168,7040,0,0.010000,0.577449,d updates it to mini
3150,4,stay,1.499840,18.057462,0.619926,0.917169,0.218436,7040,7040,0,0.010000,0.456591,d updates it to mini
3151,3,fast_backward,1.253985,18.012533,0.620684,0.917648,0.187692,7040,6528,0,0.010000,0.428153,bounded prediction e
3152,0,forward,1.639705,17.871500,0.625110,0.917487,0.189681,6528,6656,0,0.010000,0.440460,aModel project tests
3153,4,stay,1.456364,18.031813,0.624378,0.917723,0.189681,6656,6656,0,0.010000,0.469573,aModel project tests
3154,4,stay,1.342992,18.065579,0.623695,0.917742,0.189681,6656,6656,0,0.010000,0.404937,aModel project tests
3155,4,stay,1.873321,18.071923,0.623055,0.917707,0.189681,6656,6656,0,0.010000,0.330407,aModel project tests
3156,0,forward,1.336047,18.131924,0.619856,0.916727,0.213473,6656,6784,0,0.010000,0.199841,. The model has no p
3157,2,fast_forward,1.542876,18.240255,0.626121,0.917616,0.229653,6784,7296,0,0.010000,0.562252,ns the statistics of
3158,2,fast_forward,1.947609,18.192395,0.604584,0.917444,0.171053,7296,7808,0,0.010000,0.418054,information-gain ter
3159,1,backward,1.958033,18.100320,0.621916,0.917261,0.222201,7808,7680,0,0.010000,0.322059,oduces the same vect
3160,0,forward,1.931854,18.001179,0.603916,0.917289,0.171053,7680,7808,0,0.010000,0.543690,information-gain ter
3161,0,forward,1.471547,18.088621,0.623096,0.917074,0.214474,7808,7936,0,0.010000,0.193968,re-read passages tha
3162,0,forward,1.529756,18.046262,0.639614,0.917524,0.257430,7936,8064,0,0.010000,0.266867,es next. Evaluation
3163,0,forward,1.496463,18.080671,0.603515,0.917234,0.185017,8064,8192,0,0.010000,0.366315,he statistics of the
3164,1,backward,1.946025,17.898034,0.640562,0.917699,0.257430,8192,8064,0,0.010000,0.475918,es next. Evaluation
3165,2,fast_forward,1.210453,18.040848,0.624720,0.917644,0.187869,8064,8576,0,0.010000,0.438003,eroDataModel project
3166,4,stay,1.573197,18.145141,0.624072,0.917874,0.187869,8576,8576,0,0.010000,0.232391,eroDataModel project
3167,0,forward,1.716746,18.178932,0.623029,0.916608,0.214366,8576,8704,0,0.010000,0.210527,treams. The model ha
3168,1,backward,1.063328,18.536411,0.623736,0.917616,0.187869,8704,8576,0,0.010000,0.371897,eroDataModel project
3169,2,fast_forward,1.434953,18.387235,0.624158,0.917431,0.192782,8576,9088,0,0.010000,0.261542,servation vector usi
3170,3,fast_backward,1.789942,18.419902,0.622775,0.917577,0.187869,9088,8576,0,0.010000,0.350989,eroDataModel project
3171,0,forward,1.579177,18.211595,0.621992,0.916816,0.214366,8576,8704,0,0.010000,0.368606,treams. The model ha
3172,1,backward,1.204342,18.272513,0.622577,0.918576,0.187869,8704,8576,0,0.010000,0.390669,eroDataModel project
3173,4,stay,1.569891,18.205175,0.622063,0.917781,0.187869,8576,8576,0,0.010000,0.235088,eroDataModel project
3174,4,stay,1.298827,18.293641,0.621577,0.917470,0.187869,8576,8576,0,0.010000,0.289415,eroDataModel project
3175,4,stay,1.320253,18.398500,0.621116,0.917753,0.187869,8576,8576,0,0.010000,0.370596,eroDataModel project
3176,2,fast_forward,1.416265,18.463586,0.621826,0.917698,0.192782,8576,9088,0,0.010000,0.416423,servation vector usi
3177,0,forward,1.867019,18.539456,0.613411,0.916795,0.205784,9088,9216,0,0.010000,0.418673,ve inference provide
3178,3,fast_backward,1.493787,18.284687,0.620359,0.916828,0.214366,9216,8704,0,0.010000,0.381761,treams. The model ha
3179,0,forward,1.961318,18.091175,0.613148,0.917094,0.199805,8704,8832,0,0.010000,0.441985,its sensory input fr
3180,2,fast_forward,1.501248,17.864496,0.625024,0.917433,0.230188,8832,9344,0,0.010000,0.442495,"energy, which is the"
3181,4,stay,1.574655,17.938339,0.625881,0.917358,0.230188,9344,9344,0,0.010000,0.367956,"energy, which is the"
3182,3,fast_backward,1.199038,17.578577,0.614745,0.917540,0.199805,9344,8832,0,0.010000,0.518213,its sensory input fr
3183,0,forward,1.645247,17.533391,0.605724,0.916825,0.183160,8832,8960,0,0.010000,0.294790,s fixed-length chara
3184,0,forward,1.517411,17.821475,0.622644,0.917331,0.192782,8960,9088,0,0.010000,0.384575,servation vector usi
3185,3,fast_backward,1.738355,17.969478,0.621392,0.917435,0.187869,9088,8576,0,0.010000,0.369724,eroDataModel project
3186,3,fast_backward,1.676643,17.912710,0.638687,0.917284,0.257430,8576,8064,0,0.010000,0.436695,es next. Evaluation
3187,1,backward,1.948743,17.579142,0.623448,0.917126,0.214474,8064,7936,0,0.010000,0.382715,re-read passages tha
3188,4,stay,1.295701,17.679222,0.623494,0.917108,0.214474,7936,7936,0,0.010000,0.586481,re-read passages tha
3189,3,fast_backward,1.347823,17.576093,0.610284,0.917006,0.193286,7936,7424,0,0.010000,0.480208,in-text file. The mo
3190,2,fast_forward,1.473752,17.653229,0.623328,0.917198,0.214474,7424,7936,0,0.010000,0.614120,re-read passages tha
3191,4,stay,1.254044,17.763369,0.623431,0.917287,0.214474,7936,7936,0,0.010000,0.658319,re-read passages tha
3192,1,backward,1.243799,17.934381,0.603141,0.917373,0.171053,7936,7808,0,0.010000,0.308999,information-gain ter
3193,0,forward,1.729021,17.868547,0.622463,0.917200,0.214474,7808,7936,0,0.010000,0.488540,re-read passages tha
3194,4,stay,1.987836,17.882759,0.622647,0.917185,0.214474,7936,7936,0,0.010000,0.651063,re-read passages tha
3195,4,stay,1.512906,17.925650,0.622833,0.917250,0.214474,7936,7936,0,0.010000,0.493655,re-read passages tha
3196,0,forward,1.483641,18.015944,0.639124,0.917742,0.257430,7936,8064,0,0.010000,0.362657,es next. Evaluation
3197,4,stay,1.841270,18.023025,0.640754,0.917768,0.257430,8064,8064,0,0.010000,0.452688,es next. Evaluation
3198,2,fast_forward,1.341541,18.305181,0.625362,0.917734,0.187869,8064,8576,0,0.010000,0.308159,eroDataModel project
3199,3,fast_backward,1.636456,18.197798,0.641681,0.917500,0.257430,8576,8064,0,0.010000,0.303717,es next. Evaluation
3200,1,backward,1.483822,17.728746,0.626938,0.917509,0.214474,8064,7936,0,0.010000,0.673432,re-read passages tha
3201,0,forward,1.580754,17.744670,0.643026,0.917338,0.257430,7936,8064,0,0.010000,0.649005,es next. Evaluation
3202,1,backward,1.255529,17.710659,0.628283,0.917151,0.214474,8064,7936,0,0.010000,0.372011,re-read passages tha
3203,3,fast_backward,1.779198,17.790419,0.614843,0.916811,0.193286,7936,7424,0,0.010000,0.562113,in-text file. The mo
3204,2,fast_forward,2.162523,18.084652,0.627678,0.917259,0.214474,7424,7936,0,0.010000,0.521596,re-read passages tha
3205,1,backward,1.729566,18.067014,0.607614,0.917484,0.171053,7936,7808,0,0.010000,0.335275,information-gain ter
3206,0,forward,1.461497,18.160460,0.626328,0.917127,0.214474,7808,7936,0,0.010000,0.620037,re-read passages tha
3207,0,forward,1.652696,18.106222,0.642344,0.917765,0.257430,7936,8064,0,0.010000,0.340446,es next. Evaluation
3208,1,backward,2.010559,18.101131,0.627860,0.917252,0.214474,8064,7936,0,0.010000,0.581743,re-read passages tha
3209,4,stay,1.228516,18.089099,0.627817,0.917127,0.214474,7936,7936,0,0.010000,0.486415,re-read passages tha
3210,0,forward,1.916632,18.148929,0.643630,0.917356,0.257430,7936,8064,0,0.010000,0.385355,es next. Evaluation
3211,3,fast_backward,1.832914,18.359274,0.624097,0.917285,0.184508,8064,7552,0,0.010000,0.331483,each block to a fixe
3212,2,fast_forward,1.772379,18.704754,0.644442,0.917403,0.257430,7552,8064,0,0.010000,0.604128,es next. Evaluation
3213,0,forward,1.821578,18.654344,0.609069,0.917166,0.185017,8064,8192,0,0.010000,0.726446,he statistics of the
3214,2,fast_forward,1.722441,18.801686,0.627294,0.916854,0.214366,8192,8704,0,0.010000,0.429192,treams. The model ha
3215,4,stay,1.581275,18.830428,0.627384,0.916843,0.214366,8704,8704,0,0.010000,0.434377,treams. The model ha
3216,1,backward,1.219275,18.677247,0.628564,0.917929,0.187869,8704,8576,0,0.010000,0.428812,eroDataModel project
3217,3,fast_backward,1.627381,18.723471,0.644678,0.917558,0.257430,8576,8064,0,0.010000,0.580916,es next. Evaluation
3218,3,fast_backward,1.509697,18.793585,0.624738,0.917562,0.184508,8064,7552,0,0.010000,0.522781,each block to a fixe
3219,2,fast_forward,1.760815,18.781400,0.645461,0.917503,0.257430,7552,8064,0,0.010000,0.717659,es next. Evaluation
3220,0,forward,1.284551,18.491899,0.609533,0.917104,0.185017,8064,8192,0,0.010000,0.459703,he statistics of the
3221,2,fast_forward,1.173620,18.522407,0.628086,0.916710,0.214366,8192,8704,0,0.010000,0.437436,treams. The model ha
3222,0,forward,1.356530,18.147932,0.621366,0.917326,0.199805,8704,8832,0,0.010000,0.528154,its sensory input fr
3223,2,fast_forward,1.522853,18.243015,0.632467,0.917375,0.230188,8832,9344,0,0.010000,0.544160,"energy, which is the"
3224,2,fast_forward,1.603381,18.294591,0.626150,0.916629,0.211626,9344,9856,0,0.010000,0.440095,eams. The model has
3225,1,backward,1.851900,18.218876,0.627888,0.917508,0.183950,9856,9728,0,0.010000,0.692105,oDataModel project t
3226,3,fast_backward,1.806078,18.137056,0.620837,0.916621,0.205784,9728,9216,0,0.010000,0.580253,ve inference provide
3227,4,stay,1.506734,18.134372,0.620622,0.916943,0.205784,9216,9216,0,0.010000,0.712527,ve inference provide
3228,4,stay,2.001631,18.441599,0.620439,0.916822,0.205784,9216,9216,0,0.010000,0.464380,ve inference provide
3229,1,backward,1.531898,18.547201,0.628933,0.917559,0.192782,9216,9088,0,0.010000,0.474984,servation vector usi
3230,4,stay,1.606538,18.334982,0.628506,0.917358,0.192782,9088,9088,0,0.010000,0.403870,servation vector usi
3231,4,stay,1.893494,18.026511,0.628094,0.917527,0.192782,9088,9088,0,0.010000,0.363771,servation vector usi
3232,1,backward,1.267846,18.367057,0.609844,0.917043,0.183160,9088,8960,0,0.010000,0.607042,s fixed-length chara
3233,2,fast_forward,1.656440,18.121982,0.644958,0.917279,0.251548,8960,9472,0,0.010000,0.530277,reflects how predic
3234,4,stay,1.502878,17.929983,0.646048,0.917231,0.251548,9472,9472,0,0.010000,0.533889,reflects how predic
3235,4,stay,1.939000,17.941942,0.647080,0.917414,0.251548,9472,9472,0,0.010000,0.462322,reflects how predic
3236,4,stay,1.655315,17.817871,0.648054,0.917364,0.251548,9472,9472,0,0.010000,0.418536,reflects how predic
3237,1,backward,1.442930,17.775600,0.634356,0.917348,0.230188,9472,9344,0,0.010000,0.652465,"energy, which is the"
3238,2,fast_forward,1.737232,17.731824,0.627232,0.916785,0.211626,9344,9856,0,0.010000,0.655550,eams. The model has
3239,4,stay,1.668863,17.668307,0.627068,0.916776,0.211626,9856,9856,0,0.010000,0.278215,eams. The model has
3240,1,backward,1.861385,17.603516,0.629064,0.917642,0.183950,9856,9728,0,0.010000,0.402371,oDataModel project t
3241,1,backward,1.740212,17.429576,0.632979,0.918148,0.221889,9728,9600,0,0.010000,0.437232,free energy should
3242,1,backward,1.443693,17.464532,0.648397,0.917484,0.251548,9600,9472,0,0.010000,0.688448,reflects how predic
3243,0,forward,1.694370,17.409944,0.634026,0.917702,0.221889,9472,9600,0,0.010000,0.420123,free energy should
3244,2,fast_forward,1.469576,17.368950,0.620128,0.917197,0.211942,9600,10112,0,0.010000,0.526541,d and updates it to
3245,4,stay,1.503067,17.560617,0.619825,0.917209,0.211942,10112,10112,0,0.010000,0.697755,d and updates it to
3246,0,forward,1.589257,17.436788,0.652654,0.917477,0.257548,10112,10240,0,0.010000,0.594828,"eam of characters, t"
3247,3,fast_backward,1.267895,17.305863,0.629883,0.917661,0.183950,10240,9728,0,0.010000,0.477817,oDataModel project t
3248,1,backward,1.726844,17.473615,0.633762,0.917558,0.221889,9728,9600,0,0.010000,0.579258,free energy should
3249,1,backward,1.972069,17.341292,0.649098,0.917270,0.251548,9600,9472,0,0.010000,0.372489,reflects how predic
3250,3,fast_backward,1.485043,17.245416,0.613321,0.916691,0.183160,9472,8960,0,0.010000,0.636150,s fixed-length chara
3251,3,fast_backward,1.467155,17.211826,0.619842,0.917505,0.188304,8960,8448,0,0.010000,0.508716,e and bounded predic
3252,3,fast_backward,1.754749,17.233215,0.629664,0.917161,0.214474,8448,7936,0,0.010000,0.542948,re-read passages tha
3253,3,fast_backward,1.207635,17.281778,0.615636,0.916685,0.193286,7936,7424,0,0.010000,0.548415,in-text file. The mo
3254,4,stay,1.007385,17.562401,0.615167,0.916911,0.193286,7424,7424,0,0.010000,0.378512,in-text file. The mo
3255,2,fast_forward,1.670506,17.658270,0.628645,0.917030,0.214474,7424,7936,0,0.010000,0.366745,re-read passages tha
3256,3,fast_backward,1.597171,17.652038,0.614770,0.917045,0.193286,7936,7424,0,0.010000,0.547044,in-text file. The mo
3257,1,backward,1.588682,17.613629,0.630162,0.917181,0.229653,7424,7296,0,0.010000,0.615042,ns the statistics of
3258,4,stay,1.931360,17.666990,0.630721,0.917689,0.229653,7296,7296,0,0.010000,0.425954,ns the statistics of
3259,0,forward,1.528582,17.627708,0.615563,0.916968,0.193286,7296,7424,0,0.010000,0.459165,in-text file. The mo
3260,3,fast_backward,1.105450,17.597027,0.616655,0.917078,0.181668,7424,6912,0,0.010000,0.634923,nsory input from scr
3261,0,forward,1.702879,17.429981,0.620648,0.917250,0.218436,6912,7040,0,0.010000,0.473232,d updates it to mini
3262,1,backward,1.420353,17.687914,0.616041,0.917479,0.181668,7040,6912,0,0.010000,0.430375,nsory input from scr
3263,1,backward,1.312596,18.084219,0.623243,0.917305,0.213473,6912,6784,0,0.010000,0.322548,. The model has no p
3264,4,stay,1.513274,18.009873,0.623507,0.916963,0.213473,6784,6784,0,0.010000,0.616598,. The model has no p
3265,1,backward,1.610831,18.207627,0.626891,0.917741,0.189681,6784,6656,0,0.010000,0.450990,aModel project tests
3266,1,backward,1.399549,18.379273,0.620782,0.917755,0.187692,6656,6528,0,0.010000,0.462832,bounded prediction e
3267,3,fast_backward,1.523792,18.337513,0.621589,0.917136,0.211594,6528,6016,0,0.010000,0.835226,d passages that prod
3268,4,stay,1.571908,18.357882,0.621560,0.917325,0.211594,6016,6016,0,0.010000,0.441985,d passages that prod
3269,1,backward,1.896951,18.706114,0.615261,0.917419,0.185794,6016,5888,0,0.010000,0.753471,ation-gain term in i
3270,1,backward,1.615256,18.807403,0.612465,0.917117,0.191195,5888,5760,0,0.010000,0.551548,prediction error. Cu
3271,3,fast_backward,1.844980,18.875219,0.622987,0.917303,0.213764,5760,5248,0,0.010000,0.896387,es that produced hig
3272,1,backward,1.262015,18.890867,0.612965,0.917268,0.190034,5248,5120,0,0.010000,0.497773,in term in its actio
3273,2,fast_forward,1.603019,18.920291,0.610409,0.916310,0.179660,5120,5632,0,0.010000,0.883640,ditional diagnostic
3274,0,forward,1.462847,18.945053,0.610898,0.917150,0.191195,5632,5760,0,0.010000,0.556424,prediction error. Cu
3275,4,stay,1.762372,18.949267,0.610712,0.917415,0.191195,5760,5760,0,0.010000,0.707400,prediction error. Cu
3276,4,stay,1.413655,18.674306,0.610537,0.917476,0.191195,5760,5760,0,0.010000,0.832374,prediction error. Cu
3277,3,fast_backward,1.457743,18.583417,0.621177,0.917703,0.213764,5760,5248,0,0.010000,0.567718,es that produced hig
3278,3,fast_backward,1.507362,18.517038,0.631339,0.917589,0.236303,5248,4736,0,0.010000,0.631142,surprise of its obs
3279,1,backward,1.384458,18.773615,0.614362,0.916524,0.204065,4736,4608,0,0.010000,0.621356,s the mathematical f
3280,0,forward,1.575443,18.598775,0.632495,0.917561,0.236303,4608,4736,0,0.010000,0.788321,surprise of its obs
3281,3,fast_backward,1.683043,18.697623,0.631798,0.917872,0.207990,4736,4224,0,0.010000,0.732734,he spontaneous forma
3282,0,forward,1.709299,18.590839,0.614531,0.917075,0.178443,4224,4352,0,0.010000,0.823071,ing agent can form p
3283,0,forward,1.529720,18.584452,0.615696,0.917557,0.194905,4352,4480,0,0.010000,0.530270,"iser, and no externa"
3284,0,forward,1.470831,18.589479,0.614757,0.916716,0.204065,4480,4608,0,0.010000,0.629701,s the mathematical f
3285,1,backward,1.553043,18.546764,0.615467,0.917310,0.194905,4608,4480,0,0.010000,0.552426,"iser, and no externa"
3286,4,stay,1.349586,18.497690,0.615338,0.917715,0.194905,4480,4480,0,0.010000,0.827853,"iser, and no externa"
3287,0,forward,1.462767,18.497037,0.614489,0.916578,0.204065,4480,4608,0,0.010000,0.553266,s the mathematical f
3288,0,forward,1.531750,18.243407,0.632432,0.917553,0.236303,4608,4736,0,0.010000,0.608634,surprise of its obs
3289,4,stay,2.155304,18.433026,0.633568,0.917543,0.236303,4736,4736,0,0.010000,0.575728,surprise of its obs
3290,0,forward,1.691303,18.197476,0.647375,0.917049,0.257925,4736,4864,0,0.010000,0.855878,table the current ch
3291,2,fast_forward,1.433238,17.768149,0.641162,0.917276,0.248801,4864,5376,0,0.010000,0.517095,ation of the text lo
3292,1,backward,1.382898,17.551266,0.627207,0.917325,0.213764,5376,5248,0,0.010000,0.668226,es that produced hig
3293,2,fast_forward,1.845023,17.628907,0.616446,0.917200,0.191195,5248,5760,0,0.010000,0.484148,prediction error. Cu
3294,3,fast_backward,1.567990,17.411309,0.626416,0.917263,0.213764,5760,5248,0,0.010000,0.696577,es that produced hig
3295,3,fast_backward,1.908007,17.382767,0.636439,0.917693,0.236303,5248,4736,0,0.010000,0.647167,surprise of its obs
3296,2,fast_forward,1.835889,17.235916,0.627219,0.917281,0.213764,4736,5248,0,0.010000,0.451487,es that produced hig
3297,3,fast_backward,1.515792,17.079927,0.637178,0.917258,0.236303,5248,4736,0,0.010000,0.819295,surprise of its obs
3298,4,stay,1.274635,17.104301,0.638054,0.917411,0.236303,4736,4736,0,0.010000,0.556773,surprise of its obs
3299,4,stay,1.522618,17.181675,0.638885,0.917557,0.236303,4736,4736,0,0.010000,0.858752,surprise of its obs
3300,0,forward,1.496745,17.163740,0.652097,0.917301,0.257925,4736,4864,0,0.010000,0.709091,table the current ch
3301,4,stay,1.385429,17.078268,0.653293,0.917305,0.257925,4864,4864,0,0.010000,0.615569,table the current ch
3302,4,stay,1.817017,17.047182,0.654425,0.917722,0.257925,4864,4864,0,0.010000,0.773390,table the current ch
3303,3,fast_backward,1.809255,17.000460,0.623480,0.917366,0.178443,4864,4352,0,0.010000,0.776570,ing agent can form p
3304,0,forward,1.393514,16.906655,0.624753,0.917308,0.194905,4352,4480,0,0.010000,0.876954,"iser, and no externa"
3305,0,forward,1.823250,16.912541,0.622849,0.916538,0.204065,4480,4608,0,0.010000,0.562795,s the mathematical f
3306,1,backward,1.824472,16.906763,0.623370,0.917294,0.194905,4608,4480,0,0.010000,0.638295,"iser, and no externa"
3307,3,fast_backward,1.999452,17.025583,0.614166,0.917226,0.173957,4480,3968,0,0.010000,0.644295,cter blocks in order
3308,4,stay,1.489327,17.144954,0.612971,0.916945,0.173957,3968,3968,0,0.010000,0.930042,cter blocks in order
3309,1,backward,1.693601,17.015050,0.625649,0.917151,0.211055,3968,3840,0,0.010000,0.457978,om scratch. The text
3310,3,fast_backward,1.542161,17.171591,0.649086,0.917341,0.253067,3840,3328,0,0.010000,0.733640,ictable the current
3311,0,forward,1.436888,17.080829,0.631569,0.917749,0.204990,3328,3456,0,0.010000,0.758047,d decrease. Cognitiv
3312,4,stay,1.339543,17.300858,0.631164,0.917586,0.204990,3456,3456,0,0.010000,0.636320,d decrease. Cognitiv
3313,2,fast_forward,1.409795,17.575219,0.612474,0.917013,0.173957,3456,3968,0,0.010000,0.835795,cter blocks in order
3314,3,fast_backward,1.540624,17.505221,0.629670,0.917552,0.204990,3968,3456,0,0.010000,0.624724,d decrease. Cognitiv
3315,4,stay,1.708219,17.564468,0.629394,0.917514,0.204990,3456,3456,0,0.010000,0.848973,d decrease. Cognitiv
3316,1,backward,1.858339,17.907730,0.648368,0.917418,0.253067,3456,3328,0,0.010000,0.793552,ictable the current
3317,3,fast_backward,1.581209,17.983275,0.614477,0.917055,0.177215,3328,2816,0,0.010000,0.880365,racter blocks in ord
3318,1,backward,1.736994,18.101829,0.627172,0.917315,0.221963,2816,2688,0,0.010000,0.642891,e comes next. The te
3319,0,forward,1.878294,18.056921,0.613893,0.917006,0.177215,2688,2816,0,0.010000,0.557025,racter blocks in ord
3320,4,stay,1.443432,18.256004,0.613010,0.917047,0.177215,2816,2816,0,0.010000,0.542148,racter blocks in ord
3321,4,stay,1.582729,18.326246,0.612200,0.917353,0.177215,2816,2816,0,0.010000,0.468062,racter blocks in ord
3322,4,stay,1.799919,18.449584,0.611456,0.917314,0.177215,2816,2816,0,0.010000,0.905582,racter blocks in ord
3323,3,fast_backward,1.267236,18.884326,0.614661,0.917651,0.197942,2816,2304,0,0.010000,0.464551,nd bounded predictio
3324,2,fast_forward,1.366391,19.131769,0.610613,0.917050,0.177215,2304,2816,0,0.010000,0.933121,racter blocks in ord
3325,4,stay,1.734659,19.059325,0.609989,0.917189,0.177215,2816,2816,0,0.010000,0.800750,racter blocks in ord
3326,1,backward,1.803176,19.077862,0.622979,0.917205,0.221963,2816,2688,0,0.010000,0.624071,e comes next. The te
3327,4,stay,1.884269,19.154675,0.623578,0.917235,0.221963,2688,2688,0,0.010000,0.835518,e comes next. The te
3328,3,fast_backward,1.637363,19.180690,0.610090,0.917129,0.177662,2688,2176,0,0.010000,0.659375,provide additional
3329,2,fast_forward,1.518184,19.343630,0.623200,0.917086,0.221963,2176,2688,0,0.010000,0.945867,e comes next. The te
3330,0,forward,1.322409,19.263878,0.610324,0.917115,0.177215,2688,2816,0,0.010000,0.919222,racter blocks in ord
3331,1,backward,1.698263,19.166398,0.623249,0.917533,0.221963,2816,2688,0,0.010000,1.052836,e comes next. The te
3332,0,forward,1.678937,19.050071,0.610363,0.916996,0.177215,2688,2816,0,0.010000,0.735351,racter blocks in ord
3333,1,backward,1.576819,19.041244,0.623304,0.917144,0.221963,2816,2688,0,0.010000,0.814888,e comes next. The te
3334,4,stay,1.585647,19.076400,0.623916,0.917229,0.221963,2688,2688,0,0.010000,0.902977,e comes next. The te
3335,4,stay,1.754353,19.222728,0.624499,0.917307,0.221963,2688,2688,0,0.010000,0.837009,e comes next. The te
3336,3,fast_backward,1.583455,19.582479,0.611244,0.916558,0.177662,2688,2176,0,0.010000,0.871310,provide additional
3337,4,stay,1.947492,19.803275,0.610290,0.916839,0.177662,2176,2176,0,0.010000,1.092058,provide additional
3338,4,stay,1.231296,20.145243,0.609431,0.916786,0.177662,2176,2176,0,0.010000,1.108646,provide additional
3339,2,fast_forward,1.672598,19.976701,0.622367,0.917537,0.221963,2176,2688,0,0.010000,0.771422,e comes next. The te
3340,0,forward,1.171291,20.091142,0.609733,0.917197,0.177215,2688,2816,0,0.010000,1.039979,racter blocks in ord
3341,1,backward,1.924515,20.147623,0.622628,0.917203,0.221963,2816,2688,0,0.010000,0.711176,e comes next. The te
3342,0,forward,1.107246,20.150239,0.609952,0.917275,0.177215,2688,2816,0,0.010000,0.657201,racter blocks in ord
3343,4,stay,1.639304,20.388283,0.609472,0.917270,0.177215,2816,2816,0,0.010000,0.880937,racter blocks in ord
3344,2,fast_forward,1.380589,20.508776,0.643228,0.917586,0.253067,2816,3328,0,0.010000,1.204078,ictable the current
3345,2,fast_forward,1.229512,20.191625,0.621280,0.917374,0.211055,3328,3840,0,0.010000,1.201632,om scratch. The text
3346,4,stay,1.323298,20.528839,0.621661,0.917438,0.211055,3840,3840,0,0.010000,0.910008,om scratch. The text
3347,2,fast_forward,1.894015,20.544332,0.614947,0.917348,0.178443,3840,4352,0,0.010000,0.785324,ing agent can form p
3348,2,fast_forward,1.484985,20.266376,0.645418,0.917252,0.257925,4352,4864,0,0.010000,0.802352,table the current ch
3349,0,forward,1.850862,20.441570,0.619124,0.917106,0.201395,4864,4992,0,0.010000,0.834231,decrease. Curiosity
3350,4,stay,1.408302,20.300832,0.619061,0.917088,0.201395,4992,4992,0,0.010000,1.011629,decrease. Curiosity
3351,1,backward,1.584325,20.294886,0.646719,0.917381,0.257925,4992,4864,0,0.010000,0.788481,table the current ch
3352,4,stay,1.596978,20.056513,0.648147,0.917218,0.257925,4864,4864,0,0.010000,1.143731,table the current ch
3353,3,fast_backward,1.558466,19.769415,0.618006,0.917295,0.178443,4864,4352,0,0.010000,0.655822,ing agent can form p
3354,4,stay,1.916429,19.538767,0.617068,0.917262,0.178443,4352,4352,0,0.010000,1.248512,ing agent can form p
3355,1,backward,1.464873,19.357364,0.633912,0.918143,0.207990,4352,4224,0,0.010000,1.082222,he spontaneous forma
3356,0,forward,1.589361,19.360662,0.616093,0.917284,0.178443,4224,4352,0,0.010000,0.756063,ing agent can form p
3357,0,forward,1.778184,19.241095,0.617273,0.917597,0.194905,4352,4480,0,0.010000,0.748876,"iser, and no externa"
3358,2,fast_forward,1.550293,19.181629,0.618855,0.916797,0.201395,4480,4992,0,0.010000,0.763804,decrease. Curiosity
3359,4,stay,1.866714,18.877781,0.618803,0.917154,0.201395,4992,4992,0,0.010000,0.501016,decrease. Curiosity
3360,4,stay,1.859792,18.865834,0.618758,0.917321,0.201395,4992,4992,0,0.010000,0.497492,decrease. Curiosity
3361,0,forward,1.713039,18.951765,0.613791,0.917259,0.190034,4992,5120,0,0.010000,1.111589,in term in its actio
3362,3,fast_backward,1.499407,18.700857,0.614937,0.916739,0.204065,5120,4608,0,0.010000,0.727967,s the mathematical f
3363,0,forward,1.524893,18.571822,0.633703,0.917358,0.236303,4608,4736,0,0.010000,1.063550,surprise of its obs
3364,4,stay,1.634993,18.381859,0.634765,0.917573,0.236303,4736,4736,0,0.010000,0.554309,surprise of its obs
3365,3,fast_backward,1.515840,18.155287,0.633958,0.917750,0.207990,4736,4224,0,0.010000,0.825697,he spontaneous forma
3366,0,forward,1.549250,18.049774,0.616261,0.917668,0.178443,4224,4352,0,0.010000,0.877502,ing agent can form p
3367,3,fast_backward,1.453625,17.842533,0.622790,0.917481,0.211055,4352,3840,0,0.010000,0.917862,om scratch. The text
3368,3,fast_backward,1.871473,17.833613,0.646521,0.917587,0.253067,3840,3328,0,0.010000,0.523362,ictable the current
3369,4,stay,1.021421,17.515832,0.647748,0.917385,0.253067,3328,3328,0,0.010000,1.200027,ictable the current
3370,2,fast_forward,1.479971,17.400250,0.625289,0.917093,0.211055,3328,3840,0,0.010000,1.352695,om scratch. The text
3371,3,fast_backward,1.710302,17.258803,0.648832,0.917299,0.253067,3840,3328,0,0.010000,0.745894,ictable the current
3372,0,forward,1.430516,17.171901,0.631617,0.917735,0.204990,3328,3456,0,0.010000,1.207193,d decrease. Cognitiv
3373,4,stay,1.825332,17.144228,0.631168,0.917747,0.204990,3456,3456,0,0.010000,1.085097,d decrease. Cognitiv
3374,3,fast_backward,1.608352,17.340124,0.627694,0.917564,0.190799,3456,2944,0,0.010000,1.117733,sing a random projec
3375,2,fast_forward,1.690749,17.244219,0.630080,0.917553,0.204990,2944,3456,0,0.010000,1.412761,d decrease. Cognitiv
3376,2,fast_forward,1.952374,17.051954,0.611255,0.917196,0.173957,3456,3968,0,0.010000,1.126336,cter blocks in order
3377,1,backward,1.704899,17.185501,0.624046,0.917268,0.211055,3968,3840,0,0.010000,1.065338,om scratch. The text
3378,4,stay,1.483000,17.112741,0.624171,0.917290,0.211055,3840,3840,0,0.010000,0.979128,om scratch. The text
3379,3,fast_backward,1.329343,16.929933,0.647560,0.917546,0.253067,3840,3328,0,0.010000,1.153721,ictable the current
3380,3,fast_backward,1.646672,16.893241,0.613964,0.917348,0.177215,3328,2816,0,0.010000,1.267224,racter blocks in ord
3381,2,fast_forward,1.445217,16.889407,0.647823,0.917540,0.253067,2816,3328,0,0.010000,0.708959,ictable the current
3382,2,fast_forward,1.413612,17.108538,0.625475,0.917378,0.211055,3328,3840,0,0.010000,1.285013,om scratch. The text
3383,4,stay,1.836251,17.261048,0.625506,0.917352,0.211055,3840,3840,0,0.010000,1.293040,om scratch. The text
3384,4,stay,1.428158,17.438334,0.625547,0.917141,0.211055,3840,3840,0,0.010000,0.798026,om scratch. The text
3385,1,backward,1.649687,17.348514,0.619699,0.917248,0.194548,3840,3712,0,0.010000,1.101248,s no pretrained embe
3386,4,stay,1.644373,17.140683,0.619094,0.917032,0.194548,3712,3712,0,0.010000,1.146149,s no pretrained embe
3387,0,forward,1.554931,17.222282,0.624421,0.916969,0.211055,3712,3840,0,0.010000,1.200437,om scratch. The text
3388,3,fast_backward,1.882461,17.180898,0.647719,0.917611,0.253067,3840,3328,0,0.010000,1.333624,ictable the current
3389,4,stay,1.624322,17.322716,0.648878,0.917331,0.253067,3328,3328,0,0.010000,0.596222,ictable the current
3390,1,backward,1.745852,17.350793,0.643789,0.917635,0.245962,3328,3200,0,0.010000,1.144823,he surprise of its o
3391,0,forward,1.589990,17.306675,0.651009,0.917591,0.253067,3200,3328,0,0.010000,0.517612,ictable the current
3392,4,stay,1.205467,17.446549,0.651995,0.917376,0.253067,3328,3328,0,0.010000,1.078544,ictable the current
3393,2,fast_forward,1.778782,17.565668,0.629459,0.917194,0.211055,3328,3840,0,0.010000,0.779484,om scratch. The text
3394,2,fast_forward,1.855525,17.576714,0.621739,0.917383,0.178443,3840,4352,0,0.010000,0.862534,ing agent can form p
3395,1,backward,1.648004,17.268497,0.638409,0.917620,0.207990,4352,4224,0,0.010000,1.159227,he spontaneous forma
3396,1,backward,1.798943,17.554437,0.632704,0.917619,0.198953,4224,4096,0,0.010000,0.584097,ng a random projecti
3397,2,fast_forward,1.409816,17.793569,0.620425,0.916748,0.204065,4096,4608,0,0.010000,0.121840,s the mathematical f
3398,1,backward,1.454459,17.668677,0.621453,0.917243,0.194905,4608,4480,0,0.010000,0.443310,"iser, and no externa"
3399,2,fast_forward,1.683754,17.817809,0.622815,0.917224,0.201395,4480,4992,0,0.010000,1.038407,decrease. Curiosity
3400,4,stay,1.862867,17.515908,0.622472,0.917453,0.201395,4992,4992,0,0.010000,0.747001,decrease. Curiosity
3401,0,forward,1.743518,17.638271,0.617098,0.917125,0.190034,4992,5120,0,0.010000,0.446418,in term in its actio
3402,2,fast_forward,1.820046,17.693318,0.613872,0.916506,0.179660,5120,5632,0,0.010000,0.455332,ditional diagnostic
3403,3,fast_backward,1.411972,17.823626,0.615051,0.917185,0.190034,5632,5120,0,0.010000,0.960781,in term in its actio
3404,4,stay,1.939095,17.858669,0.614565,0.917228,0.190034,5120,5120,0,0.010000,0.572176,in term in its actio
3405,4,stay,1.838702,17.938363,0.614128,0.917028,0.190034,5120,5120,0,0.010000,0.894741,in term in its actio
3406,0,forward,1.225364,17.955998,0.623684,0.917304,0.213764,5120,5248,0,0.010000,0.174944,es that produced hig
3407,4,stay,1.663989,17.935330,0.623770,0.917262,0.213764,5248,5248,0,0.010000,0.513427,es that produced hig
3408,4,stay,1.609339,17.921873,0.623856,0.917341,0.213764,5248,5248,0,0.010000,0.742173,es that produced hig
3409,4,stay,1.389102,17.976395,0.623944,0.917275,0.213764,5248,5248,0,0.010000,0.600551,es that produced hig
3410,3,fast_backward,1.848882,18.016742,0.634185,0.917534,0.236303,5248,4736,0,0.010000,0.401159,surprise of its obs
3411,4,stay,1.917145,18.271743,0.635242,0.917601,0.236303,4736,4736,0,0.010000,0.532195,surprise of its obs
3412,2,fast_forward,1.260914,18.326622,0.626048,0.917086,0.213764,4736,5248,0,0.010000,0.604518,es that produced hig
3413,2,fast_forward,1.442782,18.100506,0.615568,0.917519,0.191195,5248,5760,0,0.010000,0.475539,prediction error. Cu
3414,1,backward,1.340599,17.717114,0.613448,0.916613,0.179660,5760,5632,0,0.010000,0.546288,ditional diagnostic
3415,3,fast_backward,1.249641,17.803174,0.614548,0.917171,0.190034,5632,5120,0,0.010000,0.390483,in term in its actio
3416,1,backward,1.666047,17.951564,0.619080,0.917160,0.201395,5120,4992,0,0.010000,0.916674,decrease. Curiosity
3417,2,fast_forward,1.924092,17.946437,0.601501,0.917087,0.177647,4992,5504,0,0.010000,0.569812,of the text. If it r
3418,3,fast_backward,1.744830,17.992557,0.618297,0.917326,0.201395,5504,4992,0,0.010000,0.456515,decrease. Curiosity
3419,1,backward,1.809175,18.148415,0.645670,0.917177,0.257925,4992,4864,0,0.010000,0.488423,table the current ch
3420,4,stay,2.040076,18.395409,0.647213,0.917506,0.257925,4864,4864,0,0.010000,0.618201,table the current ch
3421,1,backward,1.871696,18.484982,0.636498,0.917473,0.236303,4864,4736,0,0.010000,0.694694,surprise of its obs
3422,1,backward,1.501110,18.435930,0.619043,0.916673,0.204065,4736,4608,0,0.010000,0.437642,s the mathematical f
3423,4,stay,1.611631,18.461337,0.618710,0.916762,0.204065,4608,4608,0,0.010000,0.605707,s the mathematical f
3424,0,forward,1.471785,18.379610,0.636933,0.917524,0.236303,4608,4736,0,0.010000,0.388499,surprise of its obs
3425,3,fast_backward,1.425776,18.120598,0.636202,0.917591,0.207990,4736,4224,0,0.010000,0.241667,he spontaneous forma
3426,3,fast_backward,1.430775,18.301418,0.619815,0.916689,0.194548,4224,3712,0,0.010000,0.652691,s no pretrained embe
3427,4,stay,1.535329,18.697899,0.619319,0.916849,0.194548,3712,3712,0,0.010000,0.558933,s no pretrained embe
3428,4,stay,1.539012,18.803304,0.618880,0.916834,0.194548,3712,3712,0,0.010000,0.358160,s no pretrained embe
3429,4,stay,1.498804,18.681507,0.618492,0.916995,0.194548,3712,3712,0,0.010000,0.574117,s no pretrained embe
3430,1,backward,1.367532,18.836661,0.626795,0.917462,0.197040,3712,3584,0,0.010000,0.400888,tests whether a fre
3431,2,fast_forward,1.757204,18.938647,0.629200,0.917403,0.198953,3584,4096,0,0.010000,0.367457,ng a random projecti
3432,3,fast_backward,1.336090,18.952488,0.626500,0.917568,0.197040,4096,3584,0,0.010000,0.741667,tests whether a fre
3433,4,stay,1.200635,19.166662,0.626332,0.917467,0.197040,3584,3584,0,0.010000,0.415499,tests whether a fre
3434,2,fast_forward,1.684259,19.027283,0.628767,0.917390,0.198953,3584,4096,0,0.010000,0.469978,ng a random projecti
3435,4,stay,1.562929,18.817707,0.628678,0.917373,0.198953,4096,4096,0,0.010000,0.489113,ng a random projecti
3436,1,backward,1.682737,18.755710,0.609564,0.917138,0.173957,4096,3968,0,0.010000,0.508933,cter blocks in order
3437,1,backward,1.927782,18.746339,0.622526,0.917204,0.211055,3968,3840,0,0.010000,0.462820,om scratch. The text
3438,4,stay,1.664840,18.712149,0.622830,0.917342,0.211055,3840,3840,0,0.010000,0.534387,om scratch. The text
3439,4,stay,1.281575,18.727355,0.623123,0.917335,0.211055,3840,3840,0,0.010000,0.476248,om scratch. The text
3440,2,fast_forward,1.341040,18.531050,0.616013,0.917223,0.178443,3840,4352,0,0.010000,0.557633,ing agent can form p
3441,3,fast_backward,1.640956,18.509954,0.622653,0.917732,0.211055,4352,3840,0,0.010000,0.429984,om scratch. The text
3442,4,stay,1.678954,18.366577,0.622980,0.917190,0.211055,3840,3840,0,0.010000,0.443341,om scratch. The text
3443,3,fast_backward,1.439898,18.253806,0.646497,0.917334,0.253067,3840,3328,0,0.010000,0.413730,ictable the current
3444,4,stay,1.757706,18.120906,0.647773,0.917288,0.253067,3328,3328,0,0.010000,0.535593,ictable the current
3445,0,forward,1.234022,18.376722,0.630691,0.917691,0.204990,3328,3456,0,0.010000,0.787174,d decrease. Cognitiv
3446,1,backward,1.711805,18.593314,0.648837,0.917494,0.253067,3456,3328,0,0.010000,0.539619,ictable the current
3447,0,forward,1.160412,18.676464,0.631597,0.917297,0.204990,3328,3456,0,0.010000,0.414011,d decrease. Cognitiv
3448,2,fast_forward,1.706653,18.484785,0.612476,0.917140,0.173957,3456,3968,0,0.010000,0.539278,cter blocks in order
3449,1,backward,1.655638,18.467960,0.625197,0.917142,0.211055,3968,3840,0,0.010000,0.525374,om scratch. The text
3450,4,stay,1.604580,18.544526,0.625321,0.917400,0.211055,3840,3840,0,0.010000,0.642596,om scratch. The text
3451,0,forward,1.800930,18.524705,0.611785,0.917207,0.173957,3840,3968,0,0.010000,0.515424,cter blocks in order
3452,0,forward,1.599942,18.227736,0.629722,0.917444,0.198953,3968,4096,0,0.010000,0.345732,ng a random projecti
3453,2,fast_forward,1.902166,18.007627,0.617543,0.916621,0.204065,4096,4608,0,0.010000,0.473358,s the mathematical f
3454,0,forward,1.694110,18.237168,0.636097,0.917285,0.236303,4608,4736,0,0.010000,0.347044,surprise of its obs
3455,2,fast_forward,1.391153,18.199942,0.626661,0.917109,0.213764,4736,5248,0,0.010000,0.411249,es that produced hig
3456,3,fast_backward,1.783477,18.062103,0.636943,0.917416,0.236303,5248,4736,0,0.010000,0.245979,surprise of its obs
3457,2,fast_forward,1.253137,18.131189,0.627497,0.917203,0.213764,4736,5248,0,0.010000,0.426275,es that produced hig
3458,2,fast_forward,1.542138,18.302969,0.616858,0.917426,0.191195,5248,5760,0,0.010000,0.527607,prediction error. Cu
3459,1,backward,1.326086,18.072163,0.614557,0.916434,0.179660,5760,5632,0,0.010000,0.449216,ditional diagnostic
3460,3,fast_backward,1.625394,17.687174,0.615580,0.917313,0.190034,5632,5120,0,0.010000,0.374661,in term in its actio
3461,3,fast_backward,1.227900,17.808868,0.616887,0.916641,0.204065,5120,4608,0,0.010000,0.512934,s the mathematical f
3462,3,fast_backward,1.752061,17.746275,0.628559,0.917396,0.198953,4608,4096,0,0.010000,0.402975,ng a random projecti
3463,2,fast_forward,1.663615,17.673630,0.616676,0.916831,0.204065,4096,4608,0,0.010000,0.510852,s the mathematical f
3464,4,stay,1.410871,17.804721,0.616522,0.916817,0.204065,4608,4608,0,0.010000,0.593091,s the mathematical f
3465,3,fast_backward,1.854601,17.662032,0.628148,0.917310,0.198953,4608,4096,0,0.010000,0.395035,ng a random projecti
3466,4,stay,1.711176,17.687508,0.628092,0.917497,0.198953,4096,4096,0,0.010000,0.622804,ng a random projecti
3467,3,fast_backward,1.166453,17.929900,0.625416,0.917597,0.197040,4096,3584,0,0.010000,0.531670,tests whether a fre
3468,0,forward,1.552332,18.072495,0.616805,0.917039,0.194548,3584,3712,0,0.010000,0.260598,s no pretrained embe
3469,0,forward,1.671122,18.174809,0.622213,0.917531,0.211055,3712,3840,0,0.010000,0.477001,om scratch. The text
3470,4,stay,1.762325,18.145799,0.622536,0.917363,0.211055,3840,3840,0,0.010000,0.522440,om scratch. The text
3471,4,stay,1.783766,18.218902,0.622847,0.917120,0.211055,3840,3840,0,0.010000,0.259965,om scratch. The text
3472,0,forward,1.417924,18.348272,0.609497,0.917448,0.173957,3840,3968,0,0.010000,0.477158,cter blocks in order
3473,2,fast_forward,1.683255,18.375813,0.617082,0.917302,0.194905,3968,4480,0,0.010000,0.285661,"iser, and no externa"
3474,0,forward,1.629881,18.689573,0.615623,0.916755,0.204065,4480,4608,0,0.010000,0.593228,s the mathematical f
3475,2,fast_forward,1.701369,18.732055,0.613681,0.917342,0.190034,4608,5120,0,0.010000,0.525908,in term in its actio
3476,4,stay,1.558864,18.849034,0.613357,0.917295,0.190034,5120,5120,0,0.010000,0.287915,in term in its actio
3477,0,forward,1.502313,18.656249,0.623214,0.917389,0.213764,5120,5248,0,0.010000,0.460905,es that produced hig
3478,4,stay,1.487682,18.679910,0.623382,0.917484,0.213764,5248,5248,0,0.010000,0.279771,es that produced hig
3479,2,fast_forward,1.842474,18.260447,0.612916,0.917162,0.191195,5248,5760,0,0.010000,0.405949,prediction error. Cu
3480,2,fast_forward,1.770922,18.211917,0.599650,0.917421,0.172580,5760,6272,0,0.010000,0.272557,tistics of the text.
3481,4,stay,1.513064,18.073351,0.598707,0.917187,0.172580,6272,6272,0,0.010000,0.404845,tistics of the text.
3482,3,fast_backward,1.899938,17.942194,0.610880,0.917203,0.191195,6272,5760,0,0.010000,0.623729,prediction error. Cu
3483,1,backward,1.795297,17.885043,0.609750,0.916527,0.179660,5760,5632,0,0.010000,0.615377,ditional diagnostic
3484,2,fast_forward,1.666029,18.068739,0.641548,0.917413,0.258358,5632,6144,0,0.010000,0.579884,t. Evaluation of the
3485,4,stay,1.874224,17.944402,0.643394,0.917471,0.258358,6144,6144,0,0.010000,0.379378,t. Evaluation of the
3486,0,forward,1.805460,17.616323,0.600623,0.917275,0.172580,6144,6272,0,0.010000,0.464112,tistics of the text.
3487,0,forward,1.866705,17.543749,0.609532,0.916688,0.178724,6272,6400,0,0.010000,0.315414,ovide additional dia
3488,2,fast_forward,1.227215,17.650016,0.613129,0.917176,0.181668,6400,6912,0,0.010000,0.653925,nsory input from scr
3489,4,stay,1.712925,17.830321,0.612721,0.917004,0.181668,6912,6912,0,0.010000,0.321589,nsory input from scr
3490,2,fast_forward,1.624300,17.702378,0.611217,0.916944,0.193286,6912,7424,0,0.010000,0.340602,in-text file. The mo
3491,3,fast_backward,1.580643,17.843572,0.612316,0.916820,0.181668,7424,6912,0,0.010000,0.353401,nsory input from scr
3492,4,stay,1.488160,17.975275,0.611967,0.917031,0.181668,6912,6912,0,0.010000,0.568638,nsory input from scr
3493,2,fast_forward,1.644002,17.921550,0.610412,0.916657,0.193286,6912,7424,0,0.010000,0.302718,in-text file. The mo
3494,4,stay,1.779424,17.744001,0.610512,0.917007,0.193286,7424,7424,0,0.010000,0.397029,in-text file. The mo
3495,2,fast_forward,1.426317,17.617494,0.624199,0.917464,0.214474,7424,7936,0,0.010000,0.358570,re-read passages tha
3496,2,fast_forward,1.638323,17.661959,0.613695,0.917379,0.188304,7936,8448,0,0.010000,0.664883,e and bounded predic
3497,3,fast_backward,1.511821,17.841997,0.624281,0.917267,0.214474,8448,7936,0,0.010000,0.330810,re-read passages tha
3498,0,forward,1.608008,17.769327,0.641263,0.917776,0.257430,7936,8064,0,0.010000,0.328319,es next. Evaluation
3499,3,fast_backward,1.749677,17.772290,0.620552,0.917608,0.184508,8064,7552,0,0.010000,0.328005,each block to a fixe
3500,4,stay,1.902747,17.788771,0.620270,0.917198,0.184508,7552,7552,0,0.010000,0.452454,each block to a fixe
3501,0,forward,1.329532,17.574923,0.624094,0.916930,0.222201,7552,7680,0,0.010000,0.582126,oduces the same vect
3502,0,forward,2.000752,17.545274,0.605346,0.917436,0.171053,7680,7808,0,0.010000,0.454151,information-gain ter
3503,0,forward,1.826142,17.635755,0.625492,0.917440,0.214474,7808,7936,0,0.010000,0.453787,re-read passages tha
3504,2,fast_forward,1.801251,17.574762,0.614866,0.917302,0.188304,7936,8448,0,0.010000,0.373937,e and bounded predic
3505,3,fast_backward,1.940909,17.675125,0.625385,0.916907,0.214474,8448,7936,0,0.010000,0.390124,re-read passages tha
3506,1,backward,1.374506,17.579844,0.604708,0.917218,0.171053,7936,7808,0,0.010000,0.343931,information-gain ter
3507,0,forward,1.923797,17.478712,0.624827,0.917092,0.214474,7808,7936,0,0.010000,0.244329,re-read passages tha
3508,3,fast_backward,1.558311,17.339815,0.612122,0.916797,0.193286,7936,7424,0,0.010000,0.507147,in-text file. The mo
3509,0,forward,1.486209,17.235819,0.619621,0.917556,0.184508,7424,7552,0,0.010000,0.762567,each block to a fixe
3510,3,fast_backward,1.291849,17.058632,0.617035,0.917973,0.218436,7552,7040,0,0.010000,0.424481,d updates it to mini
3511,1,backward,1.309811,17.261594,0.613107,0.917267,0.181668,7040,6912,0,0.010000,0.569922,nsory input from scr
3512,2,fast_forward,1.089174,17.284539,0.611813,0.916703,0.193286,6912,7424,0,0.010000,0.576063,in-text file. The mo
3513,0,forward,1.521980,17.378012,0.619361,0.917495,0.184508,7424,7552,0,0.010000,0.428570,each block to a fixe
3514,3,fast_backward,1.094159,17.541160,0.616994,0.917235,0.218436,7552,7040,0,0.010000,0.552496,d updates it to mini
3515,0,forward,1.428681,17.518406,0.649049,0.917459,0.257159,7040,7168,0,0.010000,0.385722,"of characters, the f"
3516,2,fast_forward,1.448772,17.240742,0.625332,0.917120,0.222201,7168,7680,0,0.010000,0.378165,oduces the same vect
3517,2,fast_forward,1.662397,17.284700,0.605765,0.917149,0.185017,7680,8192,0,0.010000,0.396605,he statistics of the
3518,3,fast_backward,1.732719,17.376550,0.625374,0.916949,0.222201,8192,7680,0,0.010000,0.479811,oduces the same vect
3519,4,stay,2.114942,17.423619,0.625997,0.916951,0.222201,7680,7680,0,0.010000,0.486680,oduces the same vect
3520,1,backward,1.704473,17.450685,0.622221,0.917560,0.184508,7680,7552,0,0.010000,0.462418,each block to a fixe
3521,3,fast_backward,1.172775,17.454350,0.620234,0.917200,0.218436,7552,7040,0,0.010000,0.620688,d updates it to mini
3522,4,stay,1.517709,17.472394,0.620554,0.917101,0.218436,7040,7040,0,0.010000,0.488914,d updates it to mini
3523,3,fast_backward,1.608267,17.499109,0.621648,0.917723,0.187692,7040,6528,0,0.010000,0.392088,bounded prediction e
3524,1,backward,1.349845,17.535049,0.610847,0.916660,0.178724,6528,6400,0,0.010000,0.459339,ovide additional dia
3525,0,forward,1.672969,17.369242,0.619901,0.917787,0.187692,6400,6528,0,0.010000,0.380585,bounded prediction e
3526,0,forward,2.170709,17.310316,0.624715,0.917636,0.189681,6528,6656,0,0.010000,0.538538,aModel project tests
3527,2,fast_forward,2.018198,17.498848,0.649675,0.917463,0.257159,6656,7168,0,0.010000,0.385436,"of characters, the f"
3528,2,fast_forward,1.393978,17.453898,0.626023,0.916937,0.222201,7168,7680,0,0.010000,0.517084,oduces the same vect
3529,4,stay,1.764658,17.623399,0.626586,0.917106,0.222201,7680,7680,0,0.010000,0.420770,oduces the same vect
3530,2,fast_forward,1.675382,17.843624,0.606973,0.917383,0.185017,7680,8192,0,0.010000,0.334981,he statistics of the
3531,3,fast_backward,1.594354,17.561087,0.626427,0.916929,0.222201,8192,7680,0,0.010000,0.545241,oduces the same vect
3532,4,stay,1.653846,17.678549,0.626976,0.917247,0.222201,7680,7680,0,0.010000,0.517163,oduces the same vect
3533,3,fast_backward,1.587235,17.953834,0.652521,0.917095,0.257159,7680,7168,0,0.010000,0.535542,"of characters, the f"
3534,1,backward,1.509200,18.093915,0.623303,0.917138,0.218436,7168,7040,0,0.010000,0.543383,d updates it to mini
3535,3,fast_backward,1.286000,18.083283,0.624093,0.917893,0.187692,7040,6528,0,0.010000,0.531380,bounded prediction e
3536,3,fast_backward,1.684157,18.039562,0.624595,0.917035,0.211594,6528,6016,0,0.010000,0.428741,d passages that prod
3537,4,stay,1.498399,18.041038,0.624450,0.917122,0.211594,6016,6016,0,0.010000,0.364210,d passages that prod
3538,0,forward,1.741765,17.997743,0.647443,0.917551,0.258358,6016,6144,0,0.010000,0.416530,t. Evaluation of the
3539,3,fast_backward,1.528501,18.096949,0.616006,0.916374,0.179660,6144,5632,0,0.010000,0.467067,ditional diagnostic
3540,0,forward,0.963962,18.202217,0.616290,0.917304,0.191195,5632,5760,0,0.010000,0.376691,prediction error. Cu
3541,3,fast_backward,1.380818,18.186902,0.626486,0.917176,0.213764,5760,5248,0,0.010000,0.350642,es that produced hig
3542,4,stay,1.423529,18.431756,0.626493,0.917258,0.213764,5248,5248,0,0.010000,0.313252,es that produced hig
3543,2,fast_forward,1.654510,18.401844,0.615882,0.917290,0.191195,5248,5760,0,0.010000,0.546623,prediction error. Cu
3544,4,stay,1.682093,18.494457,0.615463,0.917410,0.191195,5760,5760,0,0.010000,0.418317,prediction error. Cu
3545,0,forward,1.359232,18.509107,0.617260,0.917462,0.185794,5760,5888,0,0.010000,0.402529,ation-gain term in i
3546,1,backward,1.754730,18.374563,0.614502,0.917282,0.191195,5888,5760,0,0.010000,0.657021,prediction error. Cu
3547,2,fast_forward,1.233061,18.422770,0.601404,0.917265,0.172580,5760,6272,0,0.010000,0.494382,tistics of the text.
3548,3,fast_backward,1.534589,18.417511,0.613191,0.917432,0.191195,6272,5760,0,0.010000,0.403642,prediction error. Cu
3549,3,fast_backward,1.674070,18.434782,0.623534,0.917107,0.213764,5760,5248,0,0.010000,0.433493,es that produced hig
3550,1,backward,1.522095,18.733043,0.613962,0.917224,0.190034,5248,5120,0,0.010000,0.499456,in term in its actio
3551,4,stay,1.453521,18.494520,0.613705,0.917417,0.190034,5120,5120,0,0.010000,0.602901,in term in its actio
3552,4,stay,1.294619,18.585816,0.613478,0.917313,0.190034,5120,5120,0,0.010000,0.352613,in term in its actio
3553,3,fast_backward,1.766931,18.319280,0.615126,0.916817,0.204065,5120,4608,0,0.010000,0.379884,s the mathematical f
3554,0,forward,1.260714,18.287310,0.632959,0.917294,0.236303,4608,4736,0,0.010000,0.371658,surprise of its obs
3555,4,stay,1.438318,18.267884,0.634171,0.917363,0.236303,4736,4736,0,0.010000,0.372093,surprise of its obs
3556,0,forward,1.451463,18.189306,0.647768,0.916944,0.257925,4736,4864,0,0.010000,0.383697,table the current ch
3557,3,fast_backward,1.969458,18.242529,0.617800,0.917221,0.178443,4864,4352,0,0.010000,0.564248,ing agent can form p
3558,3,fast_backward,1.772793,18.376550,0.624468,0.917402,0.211055,4352,3840,0,0.010000,0.566244,om scratch. The text
3559,4,stay,1.535063,18.369421,0.624744,0.917293,0.211055,3840,3840,0,0.010000,0.346692,om scratch. The text
3560,1,backward,1.465318,18.470609,0.619226,0.916853,0.194548,3840,3712,0,0.010000,0.314293,s no pretrained embe
3561,0,forward,1.867609,18.316495,0.624656,0.917355,0.211055,3712,3840,0,0.010000,0.323792,om scratch. The text
3562,2,fast_forward,1.634315,18.151697,0.617572,0.917312,0.178443,3840,4352,0,0.010000,0.299463,ing agent can form p
3563,4,stay,1.772011,18.345984,0.616841,0.917215,0.178443,4352,4352,0,0.010000,0.336758,ing agent can form p
3564,3,fast_backward,1.520583,18.343451,0.623515,0.917190,0.211055,4352,3840,0,0.010000,0.275717,om scratch. The text
3565,0,forward,1.966201,18.170422,0.610205,0.916966,0.173957,3840,3968,0,0.010000,0.522153,cter blocks in order
3566,3,fast_backward,1.297956,17.932738,0.628097,0.917453,0.204990,3968,3456,0,0.010000,0.559478,d decrease. Cognitiv
3567,3,fast_backward,1.582328,18.063292,0.625152,0.917537,0.190799,3456,2944,0,0.010000,0.506565,sing a random projec
3568,0,forward,1.334562,18.370479,0.615527,0.916640,0.203670,2944,3072,0,0.010000,0.504031,des the mathematical
3569,2,fast_forward,1.854320,18.186090,0.625578,0.917481,0.197040,3072,3584,0,0.010000,0.528761,tests whether a fre
3570,2,fast_forward,1.830513,18.216332,0.628176,0.917426,0.198953,3584,4096,0,0.010000,0.604365,ng a random projecti
3571,0,forward,1.442782,18.281987,0.632955,0.917668,0.207990,4096,4224,0,0.010000,0.446700,he spontaneous forma
3572,1,backward,1.675024,18.315032,0.628311,0.917383,0.198953,4224,4096,0,0.010000,0.403006,ng a random projecti
3573,3,fast_backward,1.632762,18.716444,0.625678,0.917269,0.197040,4096,3584,0,0.010000,0.587896,tests whether a fre
3574,3,fast_backward,1.773355,18.750652,0.615805,0.916566,0.203670,3584,3072,0,0.010000,0.363211,des the mathematical
3575,2,fast_forward,1.582365,18.687425,0.625513,0.918030,0.197040,3072,3584,0,0.010000,0.553280,tests whether a fre
3576,4,stay,1.581234,18.475173,0.625466,0.917436,0.197040,3584,3584,0,0.010000,0.513085,tests whether a fre
3577,3,fast_backward,1.526151,18.306518,0.615666,0.916700,0.203670,3584,3072,0,0.010000,0.231810,des the mathematical
3578,1,backward,1.602244,18.080372,0.624450,0.917521,0.190799,3072,2944,0,0.010000,0.296900,sing a random projec
3579,4,stay,1.636180,17.914808,0.624230,0.917640,0.190799,2944,2944,0,0.010000,0.349374,sing a random projec
3580,1,backward,2.205415,18.131174,0.610792,0.917017,0.177215,2944,2816,0,0.010000,0.470154,racter blocks in ord
3581,3,fast_backward,1.400182,18.207764,0.614914,0.917044,0.197942,2816,2304,0,0.010000,0.245301,nd bounded predictio
3582,4,stay,1.646990,18.024195,0.614865,0.917185,0.197942,2304,2304,0,0.010000,0.422366,nd bounded predictio
3583,1,backward,1.805731,18.077052,0.610320,0.917134,0.177662,2304,2176,0,0.010000,0.425200,provide additional
3584,3,fast_backward,1.680541,17.862788,0.596176,0.917313,0.169394,2176,1664,0,0.010000,0.407853,"If it remains flat,"
3585,0,forward,1.501086,17.879996,0.613503,0.917046,0.184100,1664,1792,0,0.010000,0.388340,gnostic signals. A s
3586,3,fast_backward,1.817991,17.884913,0.607817,0.916804,0.179216,1792,1280,0,0.010000,0.435986,h character blocks i
3587,0,forward,1.537681,17.849318,0.625398,0.917373,0.200901,1280,1408,0,0.010000,0.585400,tor using a random p
3588,0,forward,1.607898,17.966883,0.641380,0.917463,0.263143,1408,1536,0,0.010000,0.529818,text loop focuses o
3589,3,fast_backward,1.753127,17.969524,0.627316,0.916970,0.217769,1536,1024,0,0.010000,0.383045,ssages or re-read pa
3590,1,backward,1.466894,17.922131,0.599645,0.917153,0.165020,1024,896,0,0.010000,0.527505,d with an informatio
3591,1,backward,1.447471,17.789802,0.630342,0.917536,0.236386,896,768,0,0.010000,0.395892,"ext, free energy sho"
3592,0,forward,1.537494,17.766586,0.599812,0.917271,0.165020,768,896,0,0.010000,0.561557,d with an informatio
3593,3,fast_backward,1.696437,17.867341,0.611773,0.916892,0.192597,896,384,0,0.010000,0.432398,Active inference pro
3594,0,forward,1.585688,17.776202,0.631726,0.917329,0.237833,384,512,0,0.010000,0.370870,"ree energy, which is"
3595,3,fast_backward,1.523592,17.527127,0.628937,0.917692,0.205664,512,0,0,0.010000,0.504620,Cognitive emergence
3596,1,backward,1.941428,17.485662,0.628966,0.917742,0.205664,0,0,0,0.010000,0.183834,Cognitive emergence
3597,3,fast_backward,1.764334,17.622381,0.628986,0.917783,0.205664,0,0,0,0.010000,0.420038,Cognitive emergence
3598,3,fast_backward,1.609187,17.551412,0.628999,0.917749,0.205664,0,0,0,0.010000,0.529661,Cognitive emergence
3599,3,fast_backward,1.437768,17.380717,0.629004,0.917401,0.205664,0,0,0,0.010000,0.678476,Cognitive emergence
3600,4,stay,1.653755,17.266318,0.629002,0.917930,0.205664,0,0,0,0.010000,0.473437,Cognitive emergence
3601,4,stay,1.529820,17.377301,0.628993,0.917520,0.205664,0,0,0,0.010000,0.329566,Cognitive emergence
3602,0,forward,1.774212,17.386452,0.619989,0.917516,0.186413,0,128,0,0.010000,0.489298,er a free-energy-min
3603,4,stay,1.389428,17.373802,0.619552,0.917459,0.186413,128,128,0,0.010000,0.406677,er a free-energy-min
3604,3,fast_backward,1.837561,17.402447,0.628054,0.917611,0.205664,128,0,0,0.010000,0.684901,Cognitive emergence
3605,1,backward,1.113624,17.277950,0.628104,0.917667,0.205664,0,0,0,0.010000,0.818562,Cognitive emergence
3606,3,fast_backward,1.450693,17.210619,0.628143,0.917739,0.205664,0,0,0,0.010000,0.726271,Cognitive emergence
3607,1,backward,1.796914,17.161303,0.628173,0.917795,0.205664,0,0,0,0.010000,0.602425,Cognitive emergence
3608,3,fast_backward,1.456021,17.357653,0.628194,0.917937,0.205664,0,0,0,0.010000,0.444876,Cognitive emergence
3609,2,fast_forward,1.371827,17.526259,0.632161,0.917509,0.237833,0,512,0,0.010000,0.527202,"ree energy, which is"
3610,1,backward,1.587906,17.640242,0.614497,0.916896,0.192597,512,384,0,0.010000,0.366440,Active inference pro
3611,2,fast_forward,1.766589,17.509420,0.600256,0.917335,0.165020,384,896,0,0.010000,0.399032,d with an informatio
3612,2,fast_forward,1.681968,17.256606,0.626442,0.917325,0.200901,896,1408,0,0.010000,0.394827,tor using a random p
3613,2,fast_forward,1.222738,17.218139,0.641807,0.917504,0.254057,1408,1920,0,0.010000,0.435773,rror. Evaluation of
3614,2,fast_forward,1.623430,17.191795,0.604822,0.917292,0.168851,1920,2432,0,0.010000,0.465754,h an information-gai
3615,2,fast_forward,1.577978,17.402455,0.622336,0.917394,0.190799,2432,2944,0,0.010000,0.422438,sing a random projec
3616,3,fast_backward,1.810708,17.456472,0.603419,0.917323,0.168851,2944,2432,0,0.010000,0.411634,h an information-gai
3617,4,stay,1.381284,17.632445,0.602400,0.917133,0.168851,2432,2432,0,0.010000,0.451152,h an information-gai
3618,2,fast_forward,1.773987,17.607823,0.620317,0.917566,0.190799,2432,2944,0,0.010000,0.373510,sing a random projec
3619,0,forward,1.685610,17.768755,0.612549,0.916632,0.203670,2944,3072,0,0.010000,0.550898,des the mathematical
3620,3,fast_backward,1.258827,17.730917,0.621811,0.916914,0.214403,3072,2560,0,0.010000,0.344831,s or re-read passage
3621,0,forward,1.587613,17.722998,0.621881,0.917057,0.221963,2560,2688,0,0.010000,0.358814,e comes next. The te
3622,2,fast_forward,1.773989,17.700264,0.636513,0.917724,0.245962,2688,3200,0,0.010000,0.307065,he surprise of its o
3623,0,forward,1.538131,17.474460,0.645225,0.917228,0.253067,3200,3328,0,0.010000,0.303937,ictable the current
3624,2,fast_forward,1.650913,17.370122,0.622672,0.917301,0.211055,3328,3840,0,0.010000,0.459799,om scratch. The text
3625,3,fast_backward,1.520174,17.269069,0.646666,0.917495,0.253067,3840,3328,0,0.010000,0.314668,ictable the current
3626,4,stay,1.772060,17.205730,0.647942,0.917420,0.253067,3328,3328,0,0.010000,0.251689,ictable the current
3627,3,fast_backward,1.728375,17.080259,0.613421,0.917297,0.177215,3328,2816,0,0.010000,0.316349,racter blocks in ord
3628,3,fast_backward,1.572845,17.193633,0.617469,0.917237,0.197942,2816,2304,0,0.010000,0.341041,nd bounded predictio
3629,3,fast_backward,1.616816,17.098266,0.617077,0.917099,0.184100,2304,1792,0,0.010000,0.354283,gnostic signals. A s
3630,2,fast_forward,1.227380,17.052654,0.616068,0.916872,0.197942,1792,2304,0,0.010000,0.421303,nd bounded predictio
3631,1,backward,1.504767,17.150543,0.611262,0.917420,0.177662,2304,2176,0,0.010000,0.439056,provide additional
3632,0,forward,1.617188,17.068542,0.614825,0.917155,0.197942,2176,2304,0,0.010000,0.398191,nd bounded predictio
3633,4,stay,1.567981,17.003041,0.614722,0.916957,0.197942,2304,2304,0,0.010000,0.320712,nd bounded predictio
3634,3,fast_backward,1.538963,17.009277,0.615044,0.916943,0.184100,2304,1792,0,0.010000,0.317925,gnostic signals. A s
3635,3,fast_backward,1.536941,17.081380,0.609047,0.917146,0.179216,1792,1280,0,0.010000,0.406243,h character blocks i
3636,2,fast_forward,1.701330,17.146609,0.613888,0.916906,0.184100,1280,1792,0,0.010000,0.359054,gnostic signals. A s
3637,0,forward,0.758938,17.170362,0.641456,0.917749,0.254057,1792,1920,0,0.010000,0.655556,rror. Evaluation of
3638,1,backward,1.637437,17.252030,0.614956,0.916863,0.184100,1920,1792,0,0.010000,0.376209,gnostic signals. A s
3639,0,forward,1.590768,17.156049,0.642501,0.917540,0.254057,1792,1920,0,0.010000,0.315012,rror. Evaluation of
3640,2,fast_forward,1.753791,17.093364,0.605024,0.917440,0.168851,1920,2432,0,0.010000,0.309982,h an information-gai
3641,1,backward,1.736713,17.188351,0.614366,0.916889,0.197942,2432,2304,0,0.010000,0.377927,nd bounded predictio
3642,3,fast_backward,1.326519,17.216323,0.614958,0.916881,0.184100,2304,1792,0,0.010000,0.656798,gnostic signals. A s
3643,3,fast_backward,1.604532,17.374753,0.609042,0.917329,0.179216,1792,1280,0,0.010000,0.382938,h character blocks i
3644,1,backward,1.528148,17.437874,0.623274,0.917263,0.222530,1280,1152,0,0.010000,0.297581,phase comes next. T
3645,1,backward,1.269972,17.293269,0.627033,0.917198,0.217769,1152,1024,0,0.010000,0.380981,ssages or re-read pa
3646,0,forward,1.700420,17.370338,0.624345,0.917706,0.222530,1024,1152,0,0.010000,0.317988,phase comes next. T
3647,4,stay,1.965774,17.340405,0.625028,0.917200,0.222530,1152,1152,0,0.010000,0.689700,phase comes next. T
3648,2,fast_forward,1.856528,17.390241,0.598311,0.916652,0.169394,1152,1664,0,0.010000,0.391747,"If it remains flat,"
3649,0,forward,2.065643,17.390420,0.615242,0.916981,0.184100,1664,1792,0,0.010000,0.409183,gnostic signals. A s
3650,2,fast_forward,1.807776,17.365233,0.613541,0.917089,0.197942,1792,2304,0,0.010000,0.272801,nd bounded predictio
3651,0,forward,1.524089,17.307931,0.603445,0.917418,0.168851,2304,2432,0,0.010000,0.384947,h an information-gai
3652,4,stay,1.078612,17.256682,0.602648,0.917416,0.168851,2432,2432,0,0.010000,0.431892,h an information-gai
3653,2,fast_forward,1.453319,17.132118,0.621242,0.917618,0.190799,2432,2944,0,0.010000,0.344017,sing a random projec
3654,2,fast_forward,1.742592,17.349376,0.624099,0.917539,0.204990,2944,3456,0,0.010000,0.285001,d decrease. Cognitiv
3655,1,backward,1.536783,17.384249,0.643308,0.917443,0.253067,3456,3328,0,0.010000,0.265616,ictable the current
3656,0,forward,1.548121,17.337009,0.625875,0.917560,0.204990,3328,3456,0,0.010000,0.273341,d decrease. Cognitiv
3657,2,fast_forward,1.389302,17.514698,0.607471,0.917053,0.173957,3456,3968,0,0.010000,0.333186,cter blocks in order
3658,1,backward,1.660436,17.673224,0.620827,0.916941,0.211055,3968,3840,0,0.010000,0.307469,om scratch. The text
3659,3,fast_backward,1.825854,17.767399,0.644849,0.917680,0.253067,3840,3328,0,0.010000,0.710216,ictable the current
3660,3,fast_backward,1.612126,17.780088,0.610996,0.917476,0.177215,3328,2816,0,0.010000,0.375289,racter blocks in ord
3661,0,forward,1.548014,17.808772,0.623733,0.917618,0.190799,2816,2944,0,0.010000,0.324578,sing a random projec
3662,3,fast_backward,1.541884,17.865818,0.604379,0.917544,0.168851,2944,2432,0,0.010000,0.449035,h an information-gai
3663,3,fast_backward,1.751537,17.975611,0.642600,0.917630,0.254057,2432,1920,0,0.010000,0.422059,rror. Evaluation of
3664,0,forward,1.419841,17.999961,0.602553,0.917316,0.175441,1920,2048,0,0.010000,0.391335,statistics of the te
3665,3,fast_backward,1.480283,18.021591,0.643564,0.917373,0.263143,2048,1536,0,0.010000,0.298621,text loop focuses o
3666,0,forward,1.637838,18.026394,0.599160,0.917227,0.169394,1536,1664,0,0.010000,0.622362,"If it remains flat,"
3667,2,fast_forward,1.752954,18.017565,0.610992,0.916787,0.177662,1664,2176,0,0.010000,0.399521,provide additional
3668,4,stay,1.435981,17.856938,0.610245,0.916900,0.177662,2176,2176,0,0.010000,0.419291,provide additional
3669,0,forward,1.740623,17.780781,0.613499,0.917242,0.197942,2176,2304,0,0.010000,0.387776,nd bounded predictio
3670,0,forward,1.740997,17.939054,0.603319,0.917189,0.168851,2304,2432,0,0.010000,0.381362,h an information-gai
3671,0,forward,1.900352,18.124241,0.623792,0.917036,0.214403,2432,2560,0,0.010000,0.561550,s or re-read passage
3672,1,backward,1.386589,18.308354,0.603030,0.917158,0.168851,2560,2432,0,0.010000,0.468309,h an information-gai
3673,1,backward,1.773514,18.207982,0.612521,0.917293,0.197942,2432,2304,0,0.010000,0.510098,nd bounded predictio
3674,0,forward,1.802054,18.388516,0.602488,0.917221,0.168851,2304,2432,0,0.010000,0.468252,h an information-gai
3675,4,stay,1.344640,18.289561,0.601790,0.917391,0.168851,2432,2432,0,0.010000,0.446525,h an information-gai
3676,3,fast_backward,1.430504,18.339509,0.640256,0.917485,0.254057,2432,1920,0,0.010000,0.477744,rror. Evaluation of
3677,0,forward,1.295884,18.350924,0.600347,0.917062,0.175441,1920,2048,0,0.010000,0.463287,statistics of the te
3678,1,backward,1.842375,18.614586,0.641573,0.917401,0.254057,2048,1920,0,0.010000,0.753795,rror. Evaluation of
3679,1,backward,1.272958,18.504781,0.615263,0.916933,0.184100,1920,1792,0,0.010000,0.566073,gnostic signals. A s
3680,4,stay,1.357543,18.547538,0.614706,0.916778,0.184100,1792,1792,0,0.010000,0.456669,gnostic signals. A s
3681,4,stay,1.468740,18.546225,0.614222,0.916961,0.184100,1792,1792,0,0.010000,0.700970,gnostic signals. A s
3682,1,backward,1.687633,18.565604,0.595476,0.917088,0.169394,1792,1664,0,0.010000,0.472292,"If it remains flat,"
3683,0,forward,1.771026,18.701878,0.612974,0.917173,0.184100,1664,1792,0,0.010000,0.754761,gnostic signals. A s
3684,2,fast_forward,1.345043,18.924787,0.611361,0.917226,0.197942,1792,2304,0,0.010000,0.708249,nd bounded predictio
3685,4,stay,1.609127,18.831201,0.611686,0.917097,0.197942,2304,2304,0,0.010000,0.440658,nd bounded predictio
3686,2,fast_forward,1.825745,18.721977,0.608050,0.916983,0.177215,2304,2816,0,0.010000,0.549227,racter blocks in ord
3687,3,fast_backward,1.376010,18.867198,0.611828,0.917091,0.197942,2816,2304,0,0.010000,0.811094,nd bounded predictio
3688,1,backward,1.655126,18.950056,0.608527,0.916851,0.177662,2304,2176,0,0.010000,0.451200,provide additional
3689,2,fast_forward,1.368636,18.597393,0.621673,0.917013,0.221963,2176,2688,0,0.010000,0.417664,e comes next. The te
3690,3,fast_backward,1.333204,18.695969,0.609060,0.916565,0.177662,2688,2176,0,0.010000,0.493835,provide additional
3691,2,fast_forward,1.360668,18.769037,0.622138,0.917031,0.221963,2176,2688,0,0.010000,0.489216,e comes next. The te
3692,4,stay,1.701675,18.570360,0.623055,0.917624,0.221963,2688,2688,0,0.010000,0.558190,e comes next. The te
3693,0,forward,1.527437,18.756032,0.609909,0.917153,0.177215,2688,2816,0,0.010000,0.410749,racter blocks in ord
3694,4,stay,1.378956,18.748878,0.609627,0.917225,0.177215,2816,2816,0,0.010000,0.545760,racter blocks in ord
3695,4,stay,1.446783,18.834843,0.609368,0.917268,0.177215,2816,2816,0,0.010000,0.417039,racter blocks in ord
3696,1,backward,1.659627,18.935523,0.623272,0.917407,0.221963,2816,2688,0,0.010000,0.748566,e comes next. The te
3697,4,stay,1.565550,18.728881,0.624133,0.916993,0.221963,2688,2688,0,0.010000,0.461565,e comes next. The te
3698,0,forward,1.519631,18.747795,0.610758,0.917208,0.177215,2688,2816,0,0.010000,0.480517,racter blocks in ord
3699,3,fast_backward,1.493336,18.786245,0.614662,0.917025,0.197942,2816,2304,0,0.010000,0.650844,nd bounded predictio
3700,0,forward,1.194778,18.938673,0.604499,0.917364,0.168851,2304,2432,0,0.010000,0.543037,h an information-gai
3701,4,stay,1.733379,19.124050,0.603743,0.917391,0.168851,2432,2432,0,0.010000,0.336411,h an information-gai
3702,0,forward,1.514689,18.841540,0.624715,0.917161,0.214403,2432,2560,0,0.010000,0.257700,s or re-read passage
3703,1,backward,1.909921,19.123894,0.603585,0.917496,0.168851,2560,2432,0,0.010000,0.425801,h an information-gai
3704,4,stay,1.473345,18.885820,0.602917,0.917271,0.168851,2432,2432,0,0.010000,0.249848,h an information-gai
3705,1,backward,1.018786,18.925676,0.612560,0.917044,0.197942,2432,2304,0,0.010000,0.312627,nd bounded predictio
3706,3,fast_backward,1.656525,18.642718,0.614247,0.917243,0.184100,2304,1792,0,0.010000,0.441611,gnostic signals. A s
3707,0,forward,1.541846,18.826577,0.641483,0.917489,0.254057,1792,1920,0,0.010000,0.386037,rror. Evaluation of
3708,0,forward,1.297163,19.198348,0.601173,0.917163,0.175441,1920,2048,0,0.010000,0.330758,statistics of the te
3709,2,fast_forward,1.454922,19.160809,0.625051,0.917248,0.214403,2048,2560,0,0.010000,0.430779,s or re-read passage
3710,3,fast_backward,1.491773,19.089586,0.601139,0.917114,0.175441,2560,2048,0,0.010000,0.467885,statistics of the te
3711,2,fast_forward,1.931062,18.784907,0.624986,0.917236,0.214403,2048,2560,0,0.010000,0.482454,s or re-read passage
3712,2,fast_forward,1.056901,18.663662,0.614025,0.916558,0.203670,2560,3072,0,0.010000,0.534174,des the mathematical
3713,1,backward,1.613597,18.550265,0.623424,0.917460,0.190799,3072,2944,0,0.010000,0.381931,sing a random projec
3714,3,fast_backward,1.875242,18.489308,0.604170,0.917375,0.168851,2944,2432,0,0.010000,0.481784,h an information-gai
3715,1,backward,1.102972,18.553630,0.613659,0.917100,0.197942,2432,2304,0,0.010000,0.370616,nd bounded predictio
3716,4,stay,1.580179,18.342754,0.613903,0.917280,0.197942,2304,2304,0,0.010000,0.407070,nd bounded predictio
3717,4,stay,1.887759,18.502484,0.614134,0.917022,0.197942,2304,2304,0,0.010000,0.346144,nd bounded predictio
3718,4,stay,1.475731,18.605392,0.614352,0.917879,0.197942,2304,2304,0,0.010000,0.523057,nd bounded predictio
3719,2,fast_forward,1.310765,18.694590,0.610311,0.917325,0.177215,2304,2816,0,0.010000,0.477701,racter blocks in ord
3720,1,backward,1.616118,18.624416,0.624288,0.917198,0.221963,2816,2688,0,0.010000,0.423487,e comes next. The te
3721,2,fast_forward,1.400288,18.707983,0.639218,0.917560,0.245962,2688,3200,0,0.010000,0.485306,he surprise of its o
3722,2,fast_forward,1.700870,18.724253,0.618501,0.917024,0.194548,3200,3712,0,0.010000,0.326088,s no pretrained embe
3723,1,backward,1.349657,18.763521,0.626429,0.917512,0.197040,3712,3584,0,0.010000,0.247812,tests whether a fre
3724,4,stay,1.590669,19.116135,0.626462,0.917603,0.197040,3584,3584,0,0.010000,0.194410,tests whether a fre
3725,4,stay,2.031664,18.903194,0.626494,0.917560,0.197040,3584,3584,0,0.010000,0.429523,tests whether a fre
3726,2,fast_forward,1.922449,18.885326,0.628943,0.917283,0.198953,3584,4096,0,0.010000,0.508916,ng a random projecti
3727,4,stay,1.750519,18.850786,0.629018,0.917515,0.198953,4096,4096,0,0.010000,0.472196,ng a random projecti
3728,0,forward,1.933005,18.640793,0.633990,0.917556,0.207990,4096,4224,0,0.010000,0.315696,he spontaneous forma
3729,0,forward,1.094328,18.545017,0.616813,0.917263,0.178443,4224,4352,0,0.010000,0.357725,ing agent can form p
3730,2,fast_forward,1.835607,18.668165,0.648655,0.917441,0.257925,4352,4864,0,0.010000,0.468134,table the current ch
3731,4,stay,1.677955,18.682014,0.650185,0.917356,0.257925,4864,4864,0,0.010000,0.314937,table the current ch
3732,0,forward,1.768332,18.696928,0.623304,0.917076,0.201395,4864,4992,0,0.010000,0.442257,decrease. Curiosity
3733,4,stay,1.947640,18.678720,0.623249,0.917265,0.201395,4992,4992,0,0.010000,0.376153,decrease. Curiosity
3734,4,stay,1.671658,18.774527,0.623206,0.916947,0.201395,4992,4992,0,0.010000,0.505730,decrease. Curiosity
3735,2,fast_forward,1.830064,18.579019,0.605114,0.917121,0.177647,4992,5504,0,0.010000,0.416203,of the text. If it r
3736,3,fast_backward,1.956812,18.532445,0.622394,0.917079,0.201395,5504,4992,0,0.010000,0.397491,decrease. Curiosity
3737,1,backward,1.621454,18.820911,0.650585,0.917463,0.257925,4992,4864,0,0.010000,0.532948,table the current ch
3738,3,fast_backward,1.667315,18.976063,0.619679,0.916978,0.178443,4864,4352,0,0.010000,0.406901,ing agent can form p
3739,0,forward,1.552799,18.942227,0.621224,0.917572,0.194905,4352,4480,0,0.010000,0.359634,"iser, and no externa"
3740,0,forward,1.705609,18.958359,0.620220,0.917036,0.204065,4480,4608,0,0.010000,0.379290,s the mathematical f
3741,0,forward,1.485388,19.171457,0.638198,0.917225,0.236303,4608,4736,0,0.010000,0.396982,surprise of its obs
3742,3,fast_backward,1.556159,19.064156,0.637420,0.917563,0.207990,4736,4224,0,0.010000,0.246109,he spontaneous forma
3743,2,fast_forward,1.876928,18.932623,0.639188,0.917406,0.236303,4224,4736,0,0.010000,0.267838,surprise of its obs
3744,3,fast_backward,1.821185,18.737350,0.638342,0.917766,0.207990,4736,4224,0,0.010000,0.240390,he spontaneous forma
3745,2,fast_forward,1.370868,18.690635,0.640069,0.917252,0.236303,4224,4736,0,0.010000,0.401663,surprise of its obs
3746,3,fast_backward,1.184423,18.815448,0.639161,0.917483,0.207990,4736,4224,0,0.010000,0.387391,he spontaneous forma
3747,2,fast_forward,1.845774,18.826359,0.640853,0.917855,0.236303,4224,4736,0,0.010000,0.298042,surprise of its obs
3748,2,fast_forward,1.400920,19.012467,0.631638,0.917155,0.213764,4736,5248,0,0.010000,0.388493,es that produced hig
3749,1,backward,1.733159,18.805857,0.621469,0.917350,0.190034,5248,5120,0,0.010000,0.397422,in term in its actio
3750,3,fast_backward,1.777464,18.675114,0.623430,0.916697,0.204065,5120,4608,0,0.010000,0.295657,s the mathematical f
3751,2,fast_forward,1.714852,18.768506,0.620522,0.916990,0.190034,4608,5120,0,0.010000,0.262329,in term in its actio
3752,3,fast_backward,1.880118,18.557268,0.622571,0.916475,0.204065,5120,4608,0,0.010000,0.364050,s the mathematical f
3753,3,fast_backward,1.503258,18.620264,0.632947,0.917542,0.198953,4608,4096,0,0.010000,0.399106,ng a random projecti
3754,2,fast_forward,1.642791,18.497911,0.622227,0.916850,0.204065,4096,4608,0,0.010000,0.380521,s the mathematical f
3755,2,fast_forward,1.676588,18.341992,0.619350,0.917219,0.190034,4608,5120,0,0.010000,0.276159,in term in its actio
3756,0,forward,1.577285,18.079003,0.629103,0.917217,0.213764,5120,5248,0,0.010000,0.372053,es that produced hig
3757,2,fast_forward,1.399733,18.074845,0.618220,0.917340,0.191195,5248,5760,0,0.010000,0.399431,prediction error. Cu
3758,1,backward,1.408426,18.292283,0.616524,0.916664,0.179660,5760,5632,0,0.010000,0.414568,ditional diagnostic
3759,2,fast_forward,1.697450,18.237576,0.649128,0.917405,0.258358,5632,6144,0,0.010000,0.656195,t. Evaluation of the
3760,4,stay,1.555811,18.271054,0.650839,0.917790,0.258358,6144,6144,0,0.010000,0.383994,t. Evaluation of the
3761,0,forward,1.627775,18.176431,0.607513,0.917190,0.172580,6144,6272,0,0.010000,0.437831,tistics of the text.
3762,3,fast_backward,1.382474,18.220178,0.619128,0.917280,0.191195,6272,5760,0,0.010000,0.410471,prediction error. Cu
3763,3,fast_backward,1.787181,18.013040,0.629694,0.917290,0.213764,5760,5248,0,0.010000,0.362576,es that produced hig
3764,3,fast_backward,1.708476,17.906075,0.639739,0.917394,0.236303,5248,4736,0,0.010000,0.467611,surprise of its obs
3765,0,forward,1.500075,18.116160,0.653787,0.917351,0.257925,4736,4864,0,0.010000,0.413895,table the current ch
3766,1,backward,1.660472,18.010241,0.642231,0.917509,0.236303,4864,4736,0,0.010000,0.466161,surprise of its obs
3767,2,fast_forward,1.563613,17.747438,0.633009,0.917403,0.213764,4736,5248,0,0.010000,0.404946,es that produced hig
3768,2,fast_forward,1.867039,17.669928,0.622031,0.917275,0.191195,5248,5760,0,0.010000,0.428141,prediction error. Cu
3769,4,stay,1.709141,17.555026,0.621469,0.917282,0.191195,5760,5760,0,0.010000,0.508543,prediction error. Cu
3770,1,backward,1.604601,17.457966,0.619491,0.916792,0.179660,5760,5632,0,0.010000,0.552468,ditional diagnostic
3771,3,fast_backward,1.887687,17.655590,0.620628,0.917348,0.190034,5632,5120,0,0.010000,0.505575,in term in its actio
3772,1,backward,1.976585,17.535961,0.625182,0.917213,0.201395,5120,4992,0,0.010000,0.594954,decrease. Curiosity
3773,1,backward,1.698127,17.454785,0.653044,0.917178,0.257925,4992,4864,0,0.010000,0.529814,table the current ch
3774,4,stay,1.645078,17.630961,0.654481,0.917779,0.257925,4864,4864,0,0.010000,0.551601,table the current ch
3775,2,fast_forward,1.067760,17.680609,0.648522,0.917730,0.248801,4864,5376,0,0.010000,0.679161,ation of the text lo
3776,1,backward,1.678156,17.813383,0.634079,0.917105,0.213764,5376,5248,0,0.010000,0.585474,es that produced hig
3777,3,fast_backward,1.909883,17.794932,0.643989,0.917630,0.236303,5248,4736,0,0.010000,0.726640,surprise of its obs
3778,1,backward,1.314791,17.668279,0.627134,0.916688,0.204065,4736,4608,0,0.010000,0.566269,s the mathematical f
3779,2,fast_forward,1.914115,17.373112,0.624446,0.917173,0.190034,4608,5120,0,0.010000,0.465462,in term in its actio
3780,0,forward,1.750468,17.319412,0.633511,0.917382,0.213764,5120,5248,0,0.010000,0.638365,es that produced hig
3781,3,fast_backward,1.622728,17.435161,0.643439,0.917686,0.236303,5248,4736,0,0.010000,0.514637,surprise of its obs
3782,1,backward,1.925804,17.398982,0.626673,0.916763,0.204065,4736,4608,0,0.010000,0.443133,s the mathematical f
3783,2,fast_forward,1.936377,17.383110,0.624061,0.917275,0.190034,4608,5120,0,0.010000,0.513731,in term in its actio
3784,1,backward,2.098843,17.608873,0.628325,0.917110,0.201395,5120,4992,0,0.010000,0.573482,decrease. Curiosity
3785,2,fast_forward,1.587850,17.720406,0.610278,0.917027,0.177647,4992,5504,0,0.010000,0.466109,of the text. If it r
3786,1,backward,1.612047,17.761964,0.647580,0.917392,0.248801,5504,5376,0,0.010000,0.449690,ation of the text lo
3787,0,forward,1.705385,18.017732,0.610667,0.917068,0.177647,5376,5504,0,0.010000,0.460946,of the text. If it r
3788,2,fast_forward,1.516443,18.121713,0.630083,0.917438,0.211594,5504,6016,0,0.010000,0.493808,d passages that prod
3789,3,fast_backward,1.695645,18.117734,0.609645,0.917040,0.177647,6016,5504,0,0.010000,0.386046,of the text. If it r
3790,2,fast_forward,1.421933,17.862718,0.629201,0.917284,0.211594,5504,6016,0,0.010000,0.458396,d passages that prod
3791,0,forward,1.710990,17.709096,0.652372,0.917314,0.258358,6016,6144,0,0.010000,0.456323,t. Evaluation of the
3792,0,forward,1.865265,17.643771,0.609671,0.917360,0.172580,6144,6272,0,0.010000,0.386581,tistics of the text.
3793,0,forward,1.685506,17.764762,0.618111,0.916584,0.178724,6272,6400,0,0.010000,0.397332,ovide additional dia
3794,1,backward,1.195358,17.623681,0.607441,0.917220,0.172580,6400,6272,0,0.010000,0.349209,tistics of the text.
3795,4,stay,1.746996,17.534704,0.606491,0.917585,0.172580,6272,6272,0,0.010000,0.455413,tistics of the text.
3796,4,stay,1.493264,17.452001,0.605629,0.917335,0.172580,6272,6272,0,0.010000,0.295955,tistics of the text.
3797,0,forward,1.450966,17.287476,0.615005,0.916527,0.178724,6272,6400,0,0.010000,0.428497,ovide additional dia
3798,0,forward,1.476038,17.320487,0.623520,0.917672,0.187692,6400,6528,0,0.010000,0.514429,bounded prediction e
3799,1,backward,1.597533,17.581096,0.614075,0.916810,0.178724,6528,6400,0,0.010000,0.472588,ovide additional dia
3800,2,fast_forward,1.553337,17.820768,0.617647,0.917156,0.181668,6400,6912,0,0.010000,0.362179,nsory input from scr
3801,4,stay,1.430660,17.621014,0.617412,0.917095,0.181668,6912,6912,0,0.010000,0.371475,nsory input from scr
3802,3,fast_backward,1.743191,17.703141,0.612850,0.916776,0.178724,6912,6400,0,0.010000,0.358449,ovide additional dia
3803,4,stay,1.533421,17.614832,0.612362,0.916868,0.178724,6400,6400,0,0.010000,0.364071,ovide additional dia
3804,0,forward,1.984251,17.449153,0.620905,0.917694,0.187692,6400,6528,0,0.010000,0.452240,bounded prediction e
3805,0,forward,1.144848,17.575618,0.626588,0.917749,0.189681,6528,6656,0,0.010000,0.443849,aModel project tests
3806,2,fast_forward,1.737602,17.361475,0.652301,0.917427,0.257159,6656,7168,0,0.010000,0.399580,"of characters, the f"
3807,3,fast_backward,1.492380,17.233590,0.628425,0.917892,0.189681,7168,6656,0,0.010000,0.377180,aModel project tests
3808,3,fast_backward,1.643468,17.311478,0.648129,0.917454,0.258358,6656,6144,0,0.010000,0.378671,t. Evaluation of the
3809,2,fast_forward,1.522339,17.297368,0.630110,0.917762,0.189681,6144,6656,0,0.010000,0.458191,aModel project tests
3810,0,forward,1.717243,17.286458,0.628504,0.916672,0.213473,6656,6784,0,0.010000,0.475322,. The model has no p
3811,2,fast_forward,1.823698,17.383639,0.633694,0.917275,0.229653,6784,7296,0,0.010000,0.476217,ns the statistics of
3812,4,stay,1.597306,17.356796,0.634560,0.917239,0.229653,7296,7296,0,0.010000,0.306268,ns the statistics of
3813,1,backward,1.412142,17.486699,0.657290,0.917472,0.257159,7296,7168,0,0.010000,0.339931,"of characters, the f"
3814,0,forward,1.339729,17.714769,0.637014,0.917121,0.229653,7168,7296,0,0.010000,0.323978,ns the statistics of
3815,3,fast_backward,2.024107,17.657813,0.632817,0.916734,0.213473,7296,6784,0,0.010000,0.496067,. The model has no p
3816,0,forward,1.575772,17.655619,0.624146,0.917781,0.181668,6784,6912,0,0.010000,0.369670,nsory input from scr
3817,3,fast_backward,1.732038,17.634860,0.618760,0.916634,0.178724,6912,6400,0,0.010000,0.274271,ovide additional dia
3818,0,forward,1.758918,17.642030,0.627472,0.917603,0.187692,6400,6528,0,0.010000,0.274736,bounded prediction e
3819,3,fast_backward,1.825301,17.524692,0.629120,0.917223,0.211594,6528,6016,0,0.010000,0.480711,d passages that prod
3820,3,fast_backward,1.696472,17.694077,0.608293,0.916779,0.177647,6016,5504,0,0.010000,0.328138,of the text. If it r
3821,0,forward,1.919003,17.551763,0.618802,0.916518,0.179660,5504,5632,0,0.010000,0.366321,ditional diagnostic
3822,4,stay,1.836447,17.631913,0.618025,0.916544,0.179660,5632,5632,0,0.010000,0.356526,ditional diagnostic
3823,3,fast_backward,1.362841,17.807998,0.618699,0.917328,0.190034,5632,5120,0,0.010000,0.485018,in term in its actio
3824,0,forward,1.657799,17.876318,0.629180,0.917564,0.213764,5120,5248,0,0.010000,0.345899,es that produced hig
3825,3,fast_backward,1.632254,18.160057,0.639153,0.917368,0.236303,5248,4736,0,0.010000,0.307601,surprise of its obs
3826,3,fast_backward,1.843788,18.275838,0.638718,0.917422,0.207990,4736,4224,0,0.010000,0.514946,he spontaneous forma
3827,3,fast_backward,1.674584,18.415686,0.623460,0.917000,0.194548,4224,3712,0,0.010000,0.449171,s no pretrained embe
3828,0,forward,1.595828,18.456692,0.628760,0.917405,0.211055,3712,3840,0,0.010000,0.365751,om scratch. The text
3829,4,stay,1.681954,18.553577,0.629194,0.917344,0.211055,3840,3840,0,0.010000,0.442615,om scratch. The text
3830,2,fast_forward,1.772680,18.376894,0.622367,0.917232,0.178443,3840,4352,0,0.010000,0.504073,ing agent can form p
3831,2,fast_forward,1.711546,18.155717,0.653852,0.917417,0.257925,4352,4864,0,0.010000,0.581546,table the current ch
3832,1,backward,1.549031,18.175819,0.642330,0.917333,0.236303,4864,4736,0,0.010000,0.423782,surprise of its obs
3833,4,stay,1.827142,18.439469,0.643416,0.917261,0.236303,4736,4736,0,0.010000,0.676365,surprise of its obs
3834,4,stay,1.768999,18.270995,0.644447,0.917288,0.236303,4736,4736,0,0.010000,0.412066,surprise of its obs
3835,2,fast_forward,1.343375,18.303258,0.635587,0.917323,0.213764,4736,5248,0,0.010000,0.550018,es that produced hig
3836,1,backward,1.311003,18.501552,0.625475,0.917290,0.190034,5248,5120,0,0.010000,0.454327,in term in its actio
3837,4,stay,1.960000,18.276095,0.624972,0.917088,0.190034,5120,5120,0,0.010000,0.479782,in term in its actio
3838,3,fast_backward,1.712906,18.370896,0.626795,0.916606,0.204065,5120,4608,0,0.010000,0.537734,s the mathematical f
3839,0,forward,1.722337,18.222857,0.644126,0.917261,0.236303,4608,4736,0,0.010000,0.587163,surprise of its obs
3840,0,forward,1.605364,18.104529,0.658090,0.917208,0.257925,4736,4864,0,0.010000,0.406497,table the current ch
3841,0,forward,1.477152,18.205048,0.631616,0.917008,0.201395,4864,4992,0,0.010000,0.726587,decrease. Curiosity
3842,4,stay,1.764269,18.245605,0.631415,0.917247,0.201395,4992,4992,0,0.010000,0.473902,decrease. Curiosity
3843,4,stay,1.574660,18.485594,0.631236,0.917049,0.201395,4992,4992,0,0.010000,0.504606,decrease. Curiosity
3844,1,backward,1.787957,18.625725,0.658847,0.917469,0.257925,4992,4864,0,0.010000,0.484807,table the current ch
3845,2,fast_forward,1.466333,18.575061,0.652881,0.918431,0.248801,4864,5376,0,0.010000,0.556461,ation of the text lo
3846,0,forward,1.736152,18.190102,0.615830,0.917465,0.177647,5376,5504,0,0.010000,0.429588,of the text. If it r
3847,4,stay,1.344189,18.188963,0.614730,0.916965,0.177647,5504,5504,0,0.010000,0.594869,of the text. If it r
3848,3,fast_backward,1.589065,18.100110,0.631500,0.917209,0.201395,5504,4992,0,0.010000,0.446588,decrease. Curiosity
3849,0,forward,1.943063,18.121689,0.626483,0.917163,0.190034,4992,5120,0,0.010000,0.452855,in term in its actio
3850,0,forward,1.254547,18.005408,0.635877,0.917256,0.213764,5120,5248,0,0.010000,0.432976,es that produced hig
3851,4,stay,1.462352,18.025057,0.635884,0.917412,0.213764,5248,5248,0,0.010000,0.373784,es that produced hig
3852,0,forward,1.740592,17.861697,0.651138,0.917626,0.248801,5248,5376,0,0.010000,0.318833,ation of the text lo
3853,1,backward,1.714448,18.147864,0.637172,0.917329,0.213764,5376,5248,0,0.010000,0.358768,es that produced hig
3854,0,forward,1.628915,18.078341,0.652307,0.917664,0.248801,5248,5376,0,0.010000,0.418341,ation of the text lo
3855,0,forward,1.586055,18.266462,0.615867,0.916829,0.177647,5376,5504,0,0.010000,0.349218,of the text. If it r
3856,2,fast_forward,1.747717,18.316946,0.635064,0.917148,0.211594,5504,6016,0,0.010000,0.347665,d passages that prod
3857,4,stay,1.397516,18.118562,0.634919,0.917455,0.211594,6016,6016,0,0.010000,0.330006,d passages that prod
3858,1,backward,1.198474,18.132199,0.628678,0.917810,0.185794,6016,5888,0,0.010000,0.314743,ation-gain term in i
3859,4,stay,1.727564,18.226127,0.628027,0.917451,0.185794,5888,5888,0,0.010000,0.333456,ation-gain term in i
3860,1,backward,1.511138,18.216790,0.624914,0.917377,0.191195,5888,5760,0,0.010000,0.585038,prediction error. Cu
3861,2,fast_forward,1.568258,18.353652,0.612259,0.917166,0.172580,5760,6272,0,0.010000,0.448354,tistics of the text.
3862,1,backward,1.625373,18.383622,0.655063,0.917556,0.258358,6272,6144,0,0.010000,0.375520,t. Evaluation of the
3863,0,forward,1.562968,18.456369,0.612914,0.917328,0.172580,6144,6272,0,0.010000,0.328547,tistics of the text.
3864,2,fast_forward,1.295924,18.471319,0.634772,0.917015,0.213473,6272,6784,0,0.010000,0.505974,. The model has no p
3865,4,stay,1.792982,18.491321,0.635094,0.916556,0.213473,6784,6784,0,0.010000,0.481408,. The model has no p
3866,3,fast_backward,1.432117,18.741021,0.612441,0.917275,0.172580,6784,6272,0,0.010000,0.474753,tistics of the text.
3867,3,fast_backward,1.451067,18.676114,0.623969,0.917224,0.191195,6272,5760,0,0.010000,0.336598,prediction error. Cu
3868,4,stay,1.804060,18.592669,0.623758,0.917261,0.191195,5760,5760,0,0.010000,0.394208,prediction error. Cu
3869,1,backward,1.533292,18.610823,0.622710,0.916609,0.179660,5760,5632,0,0.010000,0.388598,ditional diagnostic
3870,4,stay,1.304381,18.699458,0.621859,0.916541,0.179660,5632,5632,0,0.010000,0.397410,ditional diagnostic
3871,2,fast_forward,1.521033,18.837452,0.653712,0.917455,0.258358,5632,6144,0,0.010000,0.429376,t. Evaluation of the
3872,2,fast_forward,1.398297,18.818591,0.635918,0.917666,0.189681,6144,6656,0,0.010000,0.476140,aModel project tests
3873,4,stay,1.337911,18.770506,0.635544,0.917594,0.189681,6656,6656,0,0.010000,0.342191,aModel project tests
3874,1,backward,1.417409,18.628696,0.629509,0.917541,0.187692,6656,6528,0,0.010000,0.388626,bounded prediction e
3875,4,stay,1.629563,18.576637,0.629018,0.917724,0.187692,6528,6528,0,0.010000,0.422026,bounded prediction e
3876,1,backward,1.693848,18.609298,0.619462,0.916600,0.178724,6528,6400,0,0.010000,0.397103,ovide additional dia
3877,1,backward,1.816118,18.653352,0.608797,0.917277,0.172580,6400,6272,0,0.010000,0.423375,tistics of the text.
3878,0,forward,1.850143,18.954298,0.618162,0.916712,0.178724,6272,6400,0,0.010000,0.457035,ovide additional dia
3879,3,fast_backward,1.992518,19.067530,0.622066,0.917315,0.185794,6400,5888,0,0.010000,0.639932,ation-gain term in i
3880,0,forward,1.745064,19.109187,0.629004,0.917079,0.211594,5888,6016,0,0.010000,0.663578,d passages that prod
3881,4,stay,1.349886,18.842373,0.629297,0.917330,0.211594,6016,6016,0,0.010000,0.646922,d passages that prod
3882,1,backward,1.723215,18.704956,0.622639,0.917468,0.185794,6016,5888,0,0.010000,0.284350,ation-gain term in i
3883,4,stay,1.643408,18.663731,0.622513,0.917533,0.185794,5888,5888,0,0.010000,0.265370,ation-gain term in i
3884,1,backward,1.434290,18.794261,0.619989,0.917332,0.191195,5888,5760,0,0.010000,0.266228,prediction error. Cu
3885,2,fast_forward,1.771398,18.694800,0.607802,0.917305,0.172580,5760,6272,0,0.010000,0.591444,tistics of the text.
3886,2,fast_forward,1.580837,18.750512,0.630718,0.916621,0.213473,6272,6784,0,0.010000,0.413746,. The model has no p
3887,1,backward,1.266522,18.561708,0.632544,0.917720,0.189681,6784,6656,0,0.010000,0.448836,aModel project tests
3888,2,fast_forward,1.049982,18.620903,0.657684,0.917271,0.257159,6656,7168,0,0.010000,0.298694,"of characters, the f"
3889,2,fast_forward,0.946949,18.650401,0.633897,0.917349,0.222201,7168,7680,0,0.010000,0.309613,oduces the same vect
3890,4,stay,1.663778,18.559015,0.634625,0.917123,0.222201,7680,7680,0,0.010000,0.582006,oduces the same vect
3891,4,stay,1.708226,18.411849,0.635314,0.917044,0.222201,7680,7680,0,0.010000,0.370268,oduces the same vect
3892,0,forward,1.561945,18.470968,0.617218,0.917337,0.171053,7680,7808,0,0.010000,0.394690,information-gain ter
3893,1,backward,1.545649,18.502771,0.635081,0.917039,0.222201,7808,7680,0,0.010000,0.257066,oduces the same vect
3894,0,forward,1.695222,18.664883,0.616977,0.917470,0.171053,7680,7808,0,0.010000,0.332257,information-gain ter
3895,0,forward,1.500182,18.509867,0.636576,0.917461,0.214474,7808,7936,0,0.010000,0.355044,re-read passages tha
3896,4,stay,1.928615,18.231836,0.636822,0.916902,0.214474,7936,7936,0,0.010000,0.454813,re-read passages tha
3897,3,fast_backward,1.705548,18.244445,0.624331,0.917110,0.193286,7936,7424,0,0.010000,0.508849,in-text file. The mo
3898,2,fast_forward,1.386608,18.150862,0.637046,0.917100,0.214474,7424,7936,0,0.010000,0.492512,re-read passages tha
3899,4,stay,1.776828,18.061323,0.637304,0.917381,0.214474,7936,7936,0,0.010000,0.462605,re-read passages tha
3900,0,forward,1.549446,18.067592,0.653971,0.917515,0.257430,7936,8064,0,0.010000,0.585564,es next. Evaluation
3901,1,backward,1.811586,18.153863,0.639151,0.917374,0.214474,8064,7936,0,0.010000,0.256026,re-read passages tha
3902,3,fast_backward,1.396822,18.284236,0.626389,0.916770,0.193286,7936,7424,0,0.010000,0.513579,in-text file. The mo
3903,2,fast_forward,1.366195,18.463626,0.639165,0.917340,0.214474,7424,7936,0,0.010000,0.390240,re-read passages tha
3904,2,fast_forward,1.460075,18.583203,0.628323,0.917373,0.188304,7936,8448,0,0.010000,0.220819,e and bounded predic
3905,0,forward,1.764603,18.537852,0.637643,0.918338,0.187869,8448,8576,0,0.010000,0.247111,eroDataModel project
3906,3,fast_backward,1.747081,18.609800,0.654849,0.917582,0.257430,8576,8064,0,0.010000,0.247121,es next. Evaluation
3907,4,stay,1.759707,18.465278,0.656457,0.917410,0.257430,8064,8064,0,0.010000,0.371299,es next. Evaluation
3908,1,backward,2.018348,18.470484,0.641515,0.917081,0.214474,8064,7936,0,0.010000,0.429968,re-read passages tha
3909,4,stay,1.501663,18.597997,0.641532,0.916983,0.214474,7936,7936,0,0.010000,0.264978,re-read passages tha
3910,0,forward,1.278068,18.589232,0.657861,0.917325,0.257430,7936,8064,0,0.010000,0.376404,es next. Evaluation
3911,0,forward,1.597282,18.532495,0.622173,0.917131,0.185017,8064,8192,0,0.010000,0.260113,he statistics of the
3912,0,forward,1.623742,18.438215,0.623382,0.917126,0.167731,8192,8320,0,0.010000,0.284852,ion provide addition
3913,2,fast_forward,1.548044,18.346968,0.631808,0.917312,0.199805,8320,8832,0,0.010000,0.347818,its sensory input fr
3914,3,fast_backward,1.914741,18.406328,0.621941,0.916921,0.167731,8832,8320,0,0.010000,0.328730,ion provide addition
3915,4,stay,1.382418,18.300476,0.620657,0.917476,0.167731,8320,8320,0,0.010000,0.420292,ion provide addition
3916,0,forward,1.633211,18.294387,0.627052,0.917249,0.188304,8320,8448,0,0.010000,0.323449,e and bounded predic
3917,3,fast_backward,1.940621,18.139423,0.637966,0.916937,0.214474,8448,7936,0,0.010000,0.385072,re-read passages tha
3918,2,fast_forward,1.611174,18.026143,0.626990,0.917675,0.188304,7936,8448,0,0.010000,0.365823,e and bounded predic
3919,2,fast_forward,1.649377,18.311949,0.620741,0.916924,0.183160,8448,8960,0,0.010000,0.337585,s fixed-length chara
3920,1,backward,1.779424,18.153027,0.628260,0.917549,0.199805,8960,8832,0,0.010000,0.151330,its sensory input fr
3921,0,forward,1.828678,18.058095,0.620481,0.916980,0.183160,8832,8960,0,0.010000,0.151220,s fixed-length chara
3922,0,forward,1.302033,18.082528,0.636753,0.917457,0.192782,8960,9088,0,0.010000,0.438112,servation vector usi
3923,1,backward,1.865686,17.947130,0.620067,0.916720,0.183160,9088,8960,0,0.010000,0.217642,s fixed-length chara
3924,1,backward,1.796771,18.040844,0.627619,0.917404,0.199805,8960,8832,0,0.010000,0.531828,its sensory input fr
3925,4,stay,1.846332,17.921201,0.627772,0.917201,0.199805,8832,8832,0,0.010000,0.533641,its sensory input fr
3926,1,backward,1.622773,17.865795,0.636771,0.916709,0.214366,8832,8704,0,0.010000,0.389614,treams. The model ha
3927,1,backward,1.352198,17.892431,0.636567,0.917898,0.187869,8704,8576,0,0.010000,0.449407,eroDataModel project
3928,2,fast_forward,1.997467,18.077016,0.636883,0.917648,0.192782,8576,9088,0,0.010000,0.413804,servation vector usi
3929,1,backward,1.616583,17.844954,0.620163,0.917025,0.183160,9088,8960,0,0.010000,0.323840,s fixed-length chara
3930,0,forward,1.520799,17.524869,0.636454,0.917565,0.192782,8960,9088,0,0.010000,0.503526,servation vector usi
3931,3,fast_backward,1.231761,17.733863,0.635754,0.917631,0.187869,9088,8576,0,0.010000,0.578108,eroDataModel project
3932,0,forward,1.141469,17.736000,0.636475,0.916902,0.214366,8576,8704,0,0.010000,0.627333,treams. The model ha
3933,2,fast_forward,1.341113,17.822496,0.629358,0.916783,0.205784,8704,9216,0,0.010000,0.652746,ve inference provide
3934,3,fast_backward,1.452748,17.601546,0.637084,0.916641,0.214366,9216,8704,0,0.010000,0.479984,treams. The model ha
3935,4,stay,1.470740,17.720303,0.637601,0.916938,0.214366,8704,8704,0,0.010000,0.622161,treams. The model ha
3936,0,forward,1.492044,17.879319,0.629159,0.917667,0.199805,8704,8832,0,0.010000,0.538911,its sensory input fr
3937,0,forward,1.416566,17.839594,0.620905,0.916673,0.183160,8832,8960,0,0.010000,0.481427,s fixed-length chara
3938,4,stay,1.954843,17.819272,0.620524,0.916850,0.183160,8960,8960,0,0.010000,0.449632,s fixed-length chara
3939,4,stay,1.641709,17.598075,0.620192,0.917494,0.183160,8960,8960,0,0.010000,0.506708,s fixed-length chara
3940,3,fast_backward,1.715741,17.489350,0.626726,0.917398,0.188304,8960,8448,0,0.010000,0.402017,e and bounded predic
3941,0,forward,1.097563,17.389307,0.636096,0.917723,0.187869,8448,8576,0,0.010000,0.596686,eroDataModel project
3942,3,fast_backward,1.775695,17.295596,0.654225,0.917401,0.257430,8576,8064,0,0.010000,0.515924,es next. Evaluation
3943,2,fast_forward,1.355834,17.233149,0.637567,0.917791,0.187869,8064,8576,0,0.010000,0.659037,eroDataModel project
3944,2,fast_forward,1.494411,17.197498,0.637740,0.917475,0.192782,8576,9088,0,0.010000,0.477935,servation vector usi
3945,1,backward,1.527155,17.429509,0.620665,0.916786,0.183160,9088,8960,0,0.010000,0.492850,s fixed-length chara
3946,1,backward,1.789465,17.553216,0.628490,0.917497,0.199805,8960,8832,0,0.010000,0.644498,its sensory input fr
3947,3,fast_backward,1.302968,17.657073,0.619034,0.916967,0.167731,8832,8320,0,0.010000,0.497116,ion provide addition
3948,1,backward,1.653109,17.302941,0.615132,0.917219,0.185017,8320,8192,0,0.010000,0.556269,he statistics of the
3949,2,fast_forward,1.510923,17.401172,0.636508,0.916460,0.214366,8192,8704,0,0.010000,0.459559,treams. The model ha
3950,2,fast_forward,1.222108,17.436253,0.629189,0.916763,0.205784,8704,9216,0,0.010000,0.579556,ve inference provide
3951,3,fast_backward,1.311582,17.259968,0.637225,0.917002,0.214366,9216,8704,0,0.010000,0.665488,treams. The model ha
3952,4,stay,1.368448,17.383013,0.637792,0.916699,0.214366,8704,8704,0,0.010000,0.595029,treams. The model ha
3953,4,stay,1.632953,17.371678,0.638350,0.916741,0.214366,8704,8704,0,0.010000,0.577949,treams. The model ha
3954,3,fast_backward,1.444651,17.371481,0.617271,0.917326,0.185017,8704,8192,0,0.010000,0.416513,he statistics of the
3955,1,backward,1.783564,17.725554,0.656095,0.917538,0.257430,8192,8064,0,0.010000,0.424375,es next. Evaluation
3956,2,fast_forward,1.833676,17.676451,0.639216,0.917875,0.187869,8064,8576,0,0.010000,0.604036,eroDataModel project
3957,2,fast_forward,1.604557,17.588837,0.639307,0.917937,0.192782,8576,9088,0,0.010000,0.422455,servation vector usi
3958,3,fast_backward,1.420462,17.538353,0.638553,0.917638,0.187869,9088,8576,0,0.010000,0.448738,eroDataModel project
3959,2,fast_forward,1.277377,17.563062,0.638721,0.917746,0.192782,8576,9088,0,0.010000,0.534162,servation vector usi
3960,3,fast_backward,1.594014,17.417873,0.637921,0.917798,0.187869,9088,8576,0,0.010000,0.549687,eroDataModel project
3961,3,fast_backward,1.706222,17.584541,0.656087,0.917606,0.257430,8576,8064,0,0.010000,0.415653,es next. Evaluation
3962,3,fast_backward,1.617762,17.753559,0.633831,0.917398,0.184508,8064,7552,0,0.010000,0.302422,each block to a fixe
3963,4,stay,1.544135,17.487818,0.633429,0.917608,0.184508,7552,7552,0,0.010000,0.396821,each block to a fixe
3964,2,fast_forward,1.675525,17.477397,0.656896,0.917298,0.257430,7552,8064,0,0.010000,0.589511,es next. Evaluation
3965,1,backward,1.500407,17.437073,0.641208,0.917259,0.214474,8064,7936,0,0.010000,0.511437,re-read passages tha
3966,0,forward,1.778812,17.352776,0.658308,0.917768,0.257430,7936,8064,0,0.010000,0.477034,es next. Evaluation
3967,2,fast_forward,1.462694,17.318977,0.641348,0.917537,0.187869,8064,8576,0,0.010000,0.326430,eroDataModel project
3968,1,backward,1.728011,17.181403,0.631145,0.917529,0.188304,8576,8448,0,0.010000,0.265603,e and bounded predic
3969,0,forward,1.881643,17.530776,0.640017,0.917570,0.187869,8448,8576,0,0.010000,0.229659,eroDataModel project
3970,3,fast_backward,1.576461,17.550167,0.657899,0.917429,0.257430,8576,8064,0,0.010000,0.458966,es next. Evaluation
3971,3,fast_backward,1.788718,17.760586,0.635574,0.917522,0.184508,8064,7552,0,0.010000,0.271052,each block to a fixe
3972,2,fast_forward,1.619038,17.757791,0.658826,0.917449,0.257430,7552,8064,0,0.010000,0.307626,es next. Evaluation
3973,1,backward,1.519452,17.675948,0.643060,0.917445,0.214474,8064,7936,0,0.010000,0.307644,re-read passages tha
3974,3,fast_backward,2.050116,17.703509,0.629959,0.916748,0.193286,7936,7424,0,0.010000,0.504798,in-text file. The mo
3975,4,stay,1.839678,17.586803,0.629555,0.916720,0.193286,7424,7424,0,0.010000,0.290813,in-text file. The mo
3976,2,fast_forward,1.743901,17.573150,0.642308,0.917217,0.214474,7424,7936,0,0.010000,0.265700,re-read passages tha
3977,4,stay,1.516022,17.274581,0.642301,0.917142,0.214474,7936,7936,0,0.010000,0.297687,re-read passages tha
3978,4,stay,1.590237,17.387943,0.642307,0.917453,0.214474,7936,7936,0,0.010000,0.413899,re-read passages tha
3979,0,forward,1.374943,17.256999,0.659102,0.917473,0.257430,7936,8064,0,0.010000,0.467221,es next. Evaluation
3980,0,forward,1.412580,17.383478,0.622329,0.917245,0.185017,8064,8192,0,0.010000,0.349109,he statistics of the
3981,1,backward,1.630760,17.317922,0.659761,0.917372,0.257430,8192,8064,0,0.010000,0.478796,es next. Evaluation
3982,3,fast_backward,1.422308,17.293722,0.637702,0.917361,0.184508,8064,7552,0,0.010000,0.235211,each block to a fixe
3983,4,stay,1.874748,17.280787,0.637092,0.917276,0.184508,7552,7552,0,0.010000,0.460412,each block to a fixe
3984,0,forward,1.570027,17.098547,0.641546,0.917098,0.222201,7552,7680,0,0.010000,0.220474,oduces the same vect
3985,3,fast_backward,1.302425,17.063507,0.667232,0.917251,0.257159,7680,7168,0,0.010000,0.502356,"of characters, the f"
3986,4,stay,1.800549,17.044545,0.668566,0.917296,0.257159,7168,7168,0,0.010000,0.452917,"of characters, the f"
3987,1,backward,1.636859,16.990631,0.638864,0.917641,0.218436,7168,7040,0,0.010000,0.519553,d updates it to mini
3988,1,backward,1.655293,17.177703,0.633821,0.917144,0.181668,7040,6912,0,0.010000,0.267940,nsory input from scr
3989,2,fast_forward,1.578032,17.315624,0.631510,0.916842,0.193286,6912,7424,0,0.010000,0.481760,in-text file. The mo
3990,2,fast_forward,1.691130,17.544629,0.644443,0.917039,0.214474,7424,7936,0,0.010000,0.451793,re-read passages tha
3991,0,forward,1.289450,17.691130,0.661266,0.917413,0.257430,7936,8064,0,0.010000,0.408364,es next. Evaluation
3992,3,fast_backward,1.450239,17.555028,0.638905,0.918043,0.184508,8064,7552,0,0.010000,0.196705,each block to a fixe
3993,0,forward,1.300219,17.670412,0.643350,0.917098,0.222201,7552,7680,0,0.010000,0.460381,oduces the same vect
3994,0,forward,1.466125,17.899909,0.624367,0.917544,0.171053,7680,7808,0,0.010000,0.394318,information-gain ter
3995,1,backward,1.443329,17.924153,0.642228,0.916989,0.222201,7808,7680,0,0.010000,0.271278,oduces the same vect
3996,1,backward,1.430111,17.861246,0.637437,0.917496,0.184508,7680,7552,0,0.010000,0.528357,each block to a fixe
3997,4,stay,1.972873,17.805788,0.636830,0.917316,0.184508,7552,7552,0,0.010000,0.543071,each block to a fixe
3998,1,backward,1.538961,17.998744,0.629786,0.916809,0.193286,7552,7424,0,0.010000,0.408703,in-text file. The mo
3999,4,stay,1.466523,18.133105,0.629430,0.916853,0.193286,7424,7424,0,0.010000,0.256205,in-text file. The mo
4000,2,fast_forward,1.706162,18.382236,0.642281,0.917222,0.214474,7424,7936,0,0.010000,0.603436,re-read passages tha
4001,4,stay,0.912765,18.224149,0.642304,0.917363,0.214474,7936,7936,0,0.010000,0.479955,re-read passages tha
4002,2,fast_forward,1.554375,18.142599,0.631438,0.917768,0.188304,7936,8448,0,0.010000,0.632089,e and bounded predic
4003,2,fast_forward,1.716284,18.002990,0.623760,0.916664,0.183160,8448,8960,0,0.010000,0.617953,s fixed-length chara
4004,0,forward,1.507386,17.816707,0.640354,0.917280,0.192782,8960,9088,0,0.010000,0.408954,servation vector usi
4005,2,fast_forward,1.485310,17.761443,0.644378,0.917856,0.221889,9088,9600,0,0.010000,0.596811,free energy should
4006,1,backward,1.584114,17.595499,0.659371,0.917421,0.251548,9600,9472,0,0.010000,0.601270,reflects how predic
4007,1,backward,1.325751,17.877982,0.645348,0.917575,0.230188,9472,9344,0,0.010000,0.604555,"energy, which is the"
4008,2,fast_forward,1.444541,17.959587,0.640271,0.916943,0.211626,9344,9856,0,0.010000,0.573554,eams. The model has
4009,2,fast_forward,1.234162,18.020614,0.663590,0.917449,0.264807,9856,10368,0,0.010000,0.570692,learns the statistic
4010,0,forward,1.846971,17.914717,0.644305,0.917004,0.231112,10368,10496,0,0.010000,0.461969,the curve decreases
4011,0,forward,1.854078,18.107735,0.615013,0.916532,0.159154,10496,10624,0,0.010000,0.552433,The prediction erro
4012,3,fast_backward,1.816236,18.297001,0.631851,0.917390,0.211942,10624,10112,0,0.010000,0.669403,d and updates it to
4013,3,fast_backward,1.713466,18.222344,0.646604,0.917630,0.221889,10112,9600,0,0.010000,0.466960,free energy should
4014,0,forward,1.976870,18.436850,0.640548,0.917720,0.183950,9600,9728,0,0.010000,0.730251,oDataModel project t
4015,3,fast_backward,1.645749,18.333381,0.634910,0.916799,0.205784,9728,9216,0,0.010000,0.511432,ve inference provide
4016,3,fast_backward,1.438155,18.425552,0.641947,0.916814,0.214366,9216,8704,0,0.010000,0.300109,treams. The model ha
4017,0,forward,1.628144,18.557230,0.633288,0.917401,0.199805,8704,8832,0,0.010000,0.520481,its sensory input fr
4018,4,stay,1.585056,18.623972,0.633084,0.917373,0.199805,8832,8832,0,0.010000,0.675408,its sensory input fr
4019,2,fast_forward,1.580675,18.443001,0.645183,0.917406,0.230188,8832,9344,0,0.010000,0.321326,"energy, which is the"
4020,0,forward,1.877839,18.175687,0.660810,0.917554,0.251548,9344,9472,0,0.010000,0.358474,reflects how predic
4021,3,fast_backward,1.459618,17.968442,0.625633,0.916763,0.183160,9472,8960,0,0.010000,0.571880,s fixed-length chara
4022,3,fast_backward,1.464017,17.810476,0.632701,0.917617,0.188304,8960,8448,0,0.010000,0.514393,e and bounded predic
4023,1,backward,1.648338,17.715614,0.623377,0.916966,0.167731,8448,8320,0,0.010000,0.740708,ion provide addition
4024,2,fast_forward,1.970012,17.887869,0.631714,0.917278,0.199805,8320,8832,0,0.010000,0.600910,its sensory input fr
4025,3,fast_backward,1.748879,17.721653,0.622056,0.916909,0.167731,8832,8320,0,0.010000,0.427917,ion provide addition
4026,3,fast_backward,1.797661,17.523579,0.618759,0.917491,0.171053,8320,7808,0,0.010000,0.435014,information-gain ter
4027,2,fast_forward,1.530065,17.548390,0.619995,0.916936,0.167731,7808,8320,0,0.010000,0.477636,ion provide addition
4028,0,forward,1.581996,17.650775,0.626956,0.917569,0.188304,8320,8448,0,0.010000,0.479832,e and bounded predic
4029,1,backward,1.519474,17.744382,0.618669,0.916848,0.167731,8448,8320,0,0.010000,0.452500,ion provide addition
4030,4,stay,1.299127,17.646103,0.617746,0.916814,0.167731,8320,8320,0,0.010000,0.407548,ion provide addition
4031,3,fast_backward,1.579854,17.454638,0.614373,0.917687,0.171053,8320,7808,0,0.010000,0.405306,information-gain ter
4032,2,fast_forward,1.617160,17.373834,0.616413,0.916846,0.167731,7808,8320,0,0.010000,0.492822,ion provide addition
4033,1,backward,1.553177,17.312191,0.612749,0.917059,0.185017,8320,8192,0,0.010000,0.529636,he statistics of the
4034,3,fast_backward,1.385022,17.384826,0.632541,0.916937,0.222201,8192,7680,0,0.010000,0.574786,oduces the same vect
4035,4,stay,1.465903,17.392568,0.633455,0.917346,0.222201,7680,7680,0,0.010000,0.464147,oduces the same vect
4036,0,forward,1.480300,17.654453,0.614860,0.917333,0.171053,7680,7808,0,0.010000,0.465197,information-gain ter
4037,3,fast_backward,1.800040,17.665482,0.636717,0.917059,0.229653,7808,7296,0,0.010000,0.381079,ns the statistics of
4038,1,backward,1.725477,17.756338,0.660328,0.917568,0.257159,7296,7168,0,0.010000,0.563479,"of characters, the f"
4039,3,fast_backward,1.390416,17.669773,0.636844,0.917763,0.189681,7168,6656,0,0.010000,0.359445,aModel project tests
4040,0,forward,1.235959,17.880319,0.635449,0.916986,0.213473,6656,6784,0,0.010000,0.538211,. The model has no p
4041,1,backward,1.648911,18.087885,0.637116,0.918095,0.189681,6784,6656,0,0.010000,0.579982,aModel project tests
4042,3,fast_backward,1.846957,18.029477,0.656215,0.917454,0.258358,6656,6144,0,0.010000,0.522443,t. Evaluation of the
4043,3,fast_backward,1.694044,18.210094,0.625768,0.916601,0.179660,6144,5632,0,0.010000,0.479054,ditional diagnostic
4044,0,forward,1.407177,18.266967,0.624937,0.917455,0.191195,5632,5760,0,0.010000,0.412323,prediction error. Cu
4045,1,backward,1.681405,18.376041,0.624811,0.916694,0.179660,5760,5632,0,0.010000,0.474496,ditional diagnostic
4046,3,fast_backward,1.700252,17.960694,0.624864,0.917161,0.190034,5632,5120,0,0.010000,0.496380,in term in its actio
4047,0,forward,1.401215,18.048179,0.635499,0.917298,0.213764,5120,5248,0,0.010000,0.385405,es that produced hig
4048,4,stay,1.323158,18.172967,0.635775,0.917172,0.213764,5248,5248,0,0.010000,0.400722,es that produced hig
4049,2,fast_forward,1.706376,18.163758,0.624442,0.917403,0.191195,5248,5760,0,0.010000,0.364887,prediction error. Cu
4050,3,fast_backward,1.708162,18.004454,0.635876,0.917199,0.213764,5760,5248,0,0.010000,0.511382,es that produced hig
4051,4,stay,1.732408,18.176824,0.636137,0.917053,0.213764,5248,5248,0,0.010000,0.448729,es that produced hig
4052,3,fast_backward,1.469151,18.254681,0.645828,0.917528,0.236303,5248,4736,0,0.010000,0.488889,surprise of its obs
4053,0,forward,1.510966,18.356846,0.660186,0.917571,0.257925,4736,4864,0,0.010000,0.392449,table the current ch
4054,0,forward,1.543757,18.500803,0.633709,0.917240,0.201395,4864,4992,0,0.010000,0.449078,decrease. Curiosity
4055,0,forward,1.611306,18.681658,0.628631,0.917307,0.190034,4992,5120,0,0.010000,0.429269,in term in its actio
4056,0,forward,1.460635,18.782104,0.638533,0.917590,0.213764,5120,5248,0,0.010000,0.507654,es that produced hig
4057,3,fast_backward,1.727188,18.911380,0.648166,0.917407,0.236303,5248,4736,0,0.010000,0.527631,surprise of its obs
4058,0,forward,1.617346,18.975334,0.662274,0.917326,0.257925,4736,4864,0,0.010000,0.557647,table the current ch
4059,1,backward,1.839034,18.877583,0.650703,0.917142,0.236303,4864,4736,0,0.010000,0.668214,surprise of its obs
4060,2,fast_forward,1.557350,18.693346,0.641964,0.917462,0.213764,4736,5248,0,0.010000,0.372462,es that produced hig
4061,4,stay,1.737398,18.498631,0.641870,0.917483,0.213764,5248,5248,0,0.010000,0.548450,es that produced hig
4062,0,forward,1.410378,18.536846,0.656701,0.917752,0.248801,5248,5376,0,0.010000,0.488101,ation of the text lo
4063,3,fast_backward,1.752673,18.786361,0.665479,0.917204,0.257925,5376,4864,0,0.010000,0.549104,table the current ch
4064,0,forward,1.857289,18.789908,0.639139,0.917013,0.201395,4864,4992,0,0.010000,0.467431,decrease. Curiosity
4065,0,forward,1.529693,18.815760,0.633859,0.917291,0.190034,4992,5120,0,0.010000,0.646871,in term in its actio
4066,4,stay,2.023101,18.736419,0.633122,0.917017,0.190034,5120,5120,0,0.010000,0.685726,in term in its actio
4067,4,stay,1.464634,18.703359,0.632465,0.917310,0.190034,5120,5120,0,0.010000,0.393616,in term in its actio
4068,4,stay,1.610184,18.462452,0.631879,0.917177,0.190034,5120,5120,0,0.010000,0.533924,in term in its actio
4069,4,stay,1.687278,18.432383,0.631354,0.917185,0.190034,5120,5120,0,0.010000,0.509038,in term in its actio
4070,0,forward,1.435820,18.523646,0.640773,0.917291,0.213764,5120,5248,0,0.010000,0.673633,es that produced hig
4071,4,stay,1.657536,18.481640,0.640813,0.917318,0.213764,5248,5248,0,0.010000,0.508058,es that produced hig
4072,3,fast_backward,1.558084,18.429302,0.650321,0.917528,0.236303,5248,4736,0,0.010000,0.567644,surprise of its obs
4073,1,backward,1.746753,18.293370,0.634379,0.916842,0.204065,4736,4608,0,0.010000,0.364831,s the mathematical f
4074,0,forward,1.358123,18.145490,0.651107,0.917307,0.236303,4608,4736,0,0.010000,0.409042,surprise of its obs
4075,0,forward,1.636985,18.208759,0.664955,0.917592,0.257925,4736,4864,0,0.010000,0.508389,table the current ch
4076,3,fast_backward,1.373143,18.095558,0.634737,0.917392,0.178443,4864,4352,0,0.010000,0.503691,ing agent can form p
4077,1,backward,1.548040,18.010393,0.651315,0.917672,0.207990,4352,4224,0,0.010000,0.582078,he spontaneous forma
4078,2,fast_forward,1.293656,18.093803,0.652358,0.917554,0.236303,4224,4736,0,0.010000,0.494869,surprise of its obs
4079,3,fast_backward,1.538583,17.954827,0.652048,0.917709,0.207990,4736,4224,0,0.010000,0.533743,he spontaneous forma
4080,1,backward,1.748682,17.987022,0.646752,0.917306,0.198953,4224,4096,0,0.010000,0.425672,ng a random projecti
4081,0,forward,1.777757,17.992404,0.651483,0.917671,0.207990,4096,4224,0,0.010000,0.436187,he spontaneous forma
4082,1,backward,1.652398,17.934575,0.646331,0.917477,0.198953,4224,4096,0,0.010000,0.452036,ng a random projecti
4083,4,stay,1.236606,17.728189,0.646062,0.917883,0.198953,4096,4096,0,0.010000,0.530687,ng a random projecti
4084,4,stay,1.893343,17.847502,0.645807,0.917412,0.198953,4096,4096,0,0.010000,0.513356,ng a random projecti
4085,1,backward,1.476557,17.990128,0.626252,0.917082,0.173957,4096,3968,0,0.010000,0.383814,cter blocks in order
4086,4,stay,1.881164,17.832155,0.625284,0.916955,0.173957,3968,3968,0,0.010000,0.459193,cter blocks in order
4087,3,fast_backward,1.438429,17.722933,0.643597,0.917382,0.204990,3968,3456,0,0.010000,0.563582,d decrease. Cognitiv
4088,3,fast_backward,1.859770,17.673182,0.639932,0.917435,0.190799,3456,2944,0,0.010000,0.375464,sing a random projec
4089,1,backward,1.698007,17.589100,0.626286,0.917228,0.177215,2944,2816,0,0.010000,0.317653,racter blocks in ord
4090,4,stay,1.475794,17.280374,0.625587,0.917220,0.177215,2816,2816,0,0.010000,0.631930,racter blocks in ord
4091,4,stay,1.522717,17.327082,0.624946,0.917191,0.177215,2816,2816,0,0.010000,0.555691,racter blocks in ord
4092,0,forward,1.615075,17.255943,0.637773,0.917731,0.190799,2816,2944,0,0.010000,0.604991,sing a random projec
4093,4,stay,1.780328,17.356494,0.637554,0.917607,0.190799,2944,2944,0,0.010000,0.412948,sing a random projec
4094,2,fast_forward,1.360412,17.334270,0.640753,0.917565,0.204990,2944,3456,0,0.010000,0.560698,d decrease. Cognitiv
4095,0,forward,1.913360,17.364458,0.638566,0.917459,0.197040,3456,3584,0,0.010000,0.320929,tests whether a fre
4096,1,backward,1.906317,17.255252,0.640724,0.917673,0.204990,3584,3456,0,0.010000,0.612917,d decrease. Cognitiv
4097,3,fast_backward,1.901045,17.314074,0.637300,0.917718,0.190799,3456,2944,0,0.010000,0.618871,sing a random projec
4098,0,forward,1.688180,17.600432,0.629105,0.916659,0.203670,2944,3072,0,0.010000,0.574801,des the mathematical
4099,1,backward,1.753495,17.584911,0.636889,0.917521,0.190799,3072,2944,0,0.010000,0.535830,sing a random projec
4100,2,fast_forward,1.339683,17.998971,0.640163,0.917507,0.204990,2944,3456,0,0.010000,0.289067,d decrease. Cognitiv
4101,3,fast_backward,1.247944,18.050365,0.636719,0.917721,0.190799,3456,2944,0,0.010000,0.787360,sing a random projec
4102,1,backward,1.220840,17.974486,0.623243,0.917187,0.177215,2944,2816,0,0.010000,0.605017,racter blocks in ord
4103,0,forward,1.766611,17.888621,0.635969,0.917598,0.190799,2816,2944,0,0.010000,0.440762,sing a random projec
4104,4,stay,1.645162,17.891010,0.635786,0.917710,0.190799,2944,2944,0,0.010000,0.564072,sing a random projec
4105,3,fast_backward,1.705097,17.935669,0.616464,0.917324,0.168851,2944,2432,0,0.010000,0.201377,h an information-gai
4106,4,stay,1.477306,18.025923,0.615484,0.917224,0.168851,2432,2432,0,0.010000,0.422010,h an information-gai
4107,4,stay,1.607518,17.982356,0.614589,0.917231,0.168851,2432,2432,0,0.010000,0.601043,h an information-gai
4108,3,fast_backward,1.889417,17.959195,0.652834,0.917767,0.254057,2432,1920,0,0.010000,0.456046,rror. Evaluation of
4109,2,fast_forward,1.712500,18.054328,0.615630,0.917251,0.168851,1920,2432,0,0.010000,0.434777,h an information-gai
4110,2,fast_forward,1.715887,18.083032,0.633933,0.917782,0.190799,2432,2944,0,0.010000,0.439186,sing a random projec
4111,1,backward,1.389107,18.190546,0.620670,0.917012,0.177215,2944,2816,0,0.010000,0.389996,racter blocks in ord
4112,4,stay,1.436991,18.255256,0.620241,0.917647,0.177215,2816,2816,0,0.010000,0.380923,racter blocks in ord
4113,2,fast_forward,1.822447,18.124733,0.655737,0.917375,0.253067,2816,3328,0,0.010000,0.459492,ictable the current
4114,0,forward,1.437186,18.344124,0.637917,0.917578,0.204990,3328,3456,0,0.010000,0.356511,d decrease. Cognitiv
4115,1,backward,1.400811,18.318781,0.657291,0.917266,0.253067,3456,3328,0,0.010000,0.537927,ictable the current
4116,1,backward,1.697905,18.248985,0.651176,0.917276,0.245962,3328,3200,0,0.010000,0.562049,he surprise of its o
4117,2,fast_forward,1.740604,17.993246,0.630366,0.916825,0.194548,3200,3712,0,0.010000,0.432853,s no pretrained embe
4118,1,backward,1.482061,18.076740,0.638045,0.917907,0.197040,3712,3584,0,0.010000,0.378905,tests whether a fre
4119,3,fast_backward,1.866751,18.097402,0.628679,0.916647,0.203670,3584,3072,0,0.010000,0.424012,des the mathematical
4120,3,fast_backward,1.541190,18.195518,0.638144,0.917128,0.214403,3072,2560,0,0.010000,0.361548,s or re-read passage
4121,0,forward,1.400748,18.248770,0.637737,0.917224,0.221963,2560,2688,0,0.010000,0.402506,e comes next. The te
4122,4,stay,1.282956,18.288821,0.638266,0.917168,0.221963,2688,2688,0,0.010000,0.423892,e comes next. The te
4123,3,fast_backward,1.088512,18.286084,0.624842,0.916782,0.177662,2688,2176,0,0.010000,0.470439,provide additional
4124,4,stay,1.792040,18.328541,0.623935,0.917008,0.177662,2176,2176,0,0.010000,0.395324,provide additional
4125,1,backward,1.148050,18.264237,0.614356,0.917192,0.175441,2176,2048,0,0.010000,0.408288,statistics of the te
4126,0,forward,1.675228,18.455456,0.622396,0.916645,0.177662,2048,2176,0,0.010000,0.441054,provide additional
4127,3,fast_backward,1.551711,18.225754,0.607846,0.916964,0.169394,2176,1664,0,0.010000,0.389752,"If it remains flat,"
4128,0,forward,1.520917,18.534218,0.625947,0.916920,0.184100,1664,1792,0,0.010000,0.408555,gnostic signals. A s
4129,3,fast_backward,1.592677,18.577221,0.619519,0.917005,0.179216,1792,1280,0,0.010000,0.418318,h character blocks i
4130,0,forward,1.511105,18.547113,0.637237,0.917604,0.200901,1280,1408,0,0.010000,0.395264,tor using a random p
4131,1,backward,1.752723,18.545020,0.619594,0.917452,0.179216,1408,1280,0,0.010000,0.422436,h character blocks i
4132,0,forward,1.295576,18.345770,0.637329,0.917420,0.200901,1280,1408,0,0.010000,0.383413,tor using a random p
4133,1,backward,1.278723,18.207726,0.619654,0.916849,0.179216,1408,1280,0,0.010000,0.396425,h character blocks i
4134,4,stay,1.578058,18.341935,0.619381,0.917210,0.179216,1280,1280,0,0.010000,0.358823,h character blocks i
4135,1,backward,1.420682,18.560351,0.634037,0.917192,0.222530,1280,1152,0,0.010000,0.316546,phase comes next. T
4136,2,fast_forward,1.544514,18.554912,0.606525,0.917295,0.169394,1152,1664,0,0.010000,0.297412,"If it remains flat,"
4137,1,backward,1.334369,18.544750,0.652793,0.917549,0.263143,1664,1536,0,0.010000,0.400938,text loop focuses o
4138,3,fast_backward,1.583589,18.782437,0.638787,0.917751,0.217769,1536,1024,0,0.010000,0.388012,ssages or re-read pa
4139,3,fast_backward,1.747159,18.682263,0.644295,0.917358,0.237833,1024,512,0,0.010000,0.434180,"ree energy, which is"
4140,2,fast_forward,1.732577,18.860616,0.640347,0.917118,0.217769,512,1024,0,0.010000,0.495612,ssages or re-read pa
4141,1,backward,1.421602,18.864163,0.612495,0.917314,0.165020,1024,896,0,0.010000,0.332235,d with an informatio
4142,0,forward,1.598737,19.088074,0.639627,0.917468,0.217769,896,1024,0,0.010000,0.403044,ssages or re-read pa
4143,4,stay,1.695048,19.136692,0.640013,0.917251,0.217769,1024,1024,0,0.010000,0.503100,ssages or re-read pa
4144,3,fast_backward,1.533837,19.160161,0.645404,0.917353,0.237833,1024,512,0,0.010000,0.444853,"ree energy, which is"
4145,1,backward,1.665453,19.087122,0.627118,0.916710,0.192597,512,384,0,0.010000,0.563240,Active inference pro
4146,4,stay,1.160522,18.970062,0.626765,0.916879,0.192597,384,384,0,0.010000,0.268440,Active inference pro
4147,0,forward,1.365182,19.323769,0.645873,0.917102,0.237833,384,512,0,0.010000,0.685344,"ree energy, which is"
4148,1,backward,1.382185,19.274665,0.627702,0.916605,0.192597,512,384,0,0.010000,0.453351,Active inference pro
4149,2,fast_forward,1.504138,19.441168,0.613766,0.917288,0.165020,384,896,0,0.010000,0.358209,d with an informatio
4150,4,stay,2.018878,19.435741,0.612672,0.917139,0.165020,896,896,0,0.010000,0.873664,d with an informatio
4151,3,fast_backward,1.607282,19.433413,0.625181,0.916860,0.192597,896,384,0,0.010000,0.748538,Active inference pro
4152,0,forward,1.600788,19.274512,0.644356,0.917125,0.237833,384,512,0,0.010000,0.571009,"ree energy, which is"
4153,4,stay,1.390212,19.269654,0.645648,0.917211,0.237833,512,512,0,0.010000,0.369281,"ree energy, which is"
4154,0,forward,1.854803,19.273723,0.658573,0.917411,0.248914,512,640,0,0.010000,0.696334,ergy reflects how pr
4155,1,backward,1.237839,19.297772,0.648140,0.917504,0.237833,640,512,0,0.010000,0.406730,"ree energy, which is"
4156,3,fast_backward,1.694877,19.388008,0.646379,0.917835,0.205664,512,0,0,0.010000,0.411148,Cognitive emergence
4157,2,fast_forward,1.553242,19.426306,0.649064,0.917499,0.237833,0,512,0,0.010000,0.789741,"ree energy, which is"
4158,0,forward,1.646139,19.325177,0.661751,0.917394,0.248914,512,640,0,0.010000,0.504342,ergy reflects how pr
4159,3,fast_backward,1.427166,19.407706,0.638685,0.917432,0.186413,640,128,0,0.010000,0.409673,er a free-energy-min
4160,2,fast_forward,1.990435,19.174978,0.662117,0.917262,0.248914,128,640,0,0.010000,0.445543,ergy reflects how pr
4161,0,forward,1.873931,19.310081,0.649803,0.917197,0.236386,640,768,0,0.010000,0.652104,"ext, free energy sho"
4162,2,fast_forward,1.469770,19.228248,0.628223,0.917174,0.179216,768,1280,0,0.010000,0.445121,h character blocks i
4163,4,stay,1.452069,19.459243,0.627342,0.917292,0.179216,1280,1280,0,0.010000,0.642843,h character blocks i
4164,4,stay,1.813090,19.506048,0.626547,0.916810,0.179216,1280,1280,0,0.010000,0.334523,h character blocks i
4165,0,forward,1.247130,19.478718,0.644302,0.917425,0.200901,1280,1408,0,0.010000,0.390956,tor using a random p
4166,4,stay,1.455465,19.235722,0.644273,0.917584,0.200901,1408,1408,0,0.010000,0.751230,tor using a random p
4167,0,forward,1.758345,18.924382,0.660673,0.917479,0.263143,1408,1536,0,0.010000,0.346552,text loop focuses o
4168,0,forward,2.115986,18.911872,0.614790,0.916756,0.169394,1536,1664,0,0.010000,0.631388,"If it remains flat,"
4169,4,stay,1.739214,19.086207,0.613190,0.917768,0.169394,1664,1664,0,0.010000,0.393544,"If it remains flat,"
4170,4,stay,2.000990,18.996354,0.611791,0.917250,0.169394,1664,1664,0,0.010000,0.667046,"If it remains flat,"
4171,0,forward,1.397619,18.780510,0.629754,0.916703,0.184100,1664,1792,0,0.010000,0.452001,gnostic signals. A s
4172,4,stay,1.767137,18.660039,0.629165,0.916938,0.184100,1792,1792,0,0.010000,0.349153,gnostic signals. A s
4173,2,fast_forward,1.651779,18.468859,0.626822,0.917252,0.197942,1792,2304,0,0.010000,0.476618,nd bounded predictio
4174,4,stay,1.691810,18.388943,0.626935,0.917002,0.197942,2304,2304,0,0.010000,0.623427,nd bounded predictio
4175,0,forward,1.384130,18.292273,0.616857,0.917396,0.168851,2304,2432,0,0.010000,0.629271,h an information-gai
4176,3,fast_backward,1.263797,18.136498,0.655402,0.917511,0.254057,2432,1920,0,0.010000,0.555620,rror. Evaluation of
4177,2,fast_forward,1.480068,18.283437,0.617921,0.917259,0.168851,1920,2432,0,0.010000,0.627378,h an information-gai
4178,0,forward,1.710149,18.538427,0.638177,0.917167,0.214403,2432,2560,0,0.010000,0.616917,s or re-read passage
4179,0,forward,1.616161,18.419773,0.637629,0.917171,0.221963,2560,2688,0,0.010000,0.607342,e comes next. The te
4180,3,fast_backward,1.566481,18.303284,0.624961,0.916972,0.177662,2688,2176,0,0.010000,0.573175,provide additional
4181,3,fast_backward,1.879471,18.229337,0.610315,0.916932,0.169394,2176,1664,0,0.010000,0.548082,"If it remains flat,"
4182,3,fast_backward,1.408800,18.224069,0.636952,0.917173,0.222530,1664,1152,0,0.010000,0.512744,phase comes next. T
4183,0,forward,2.018384,18.194853,0.623040,0.917025,0.179216,1152,1280,0,0.010000,0.469026,h character blocks i
4184,0,forward,1.377969,18.142505,0.640640,0.917363,0.200901,1280,1408,0,0.010000,0.611154,tor using a random p
4185,3,fast_backward,1.306894,18.075530,0.612601,0.917366,0.165020,1408,896,0,0.010000,0.716368,d with an informatio
4186,2,fast_forward,1.644389,18.100179,0.640076,0.917542,0.200901,896,1408,0,0.010000,0.541650,tor using a random p
4187,0,forward,1.955716,17.842320,0.656046,0.917637,0.263143,1408,1536,0,0.010000,0.249303,text loop focuses o
4188,4,stay,1.705602,17.922622,0.657845,0.917244,0.263143,1536,1536,0,0.010000,0.568529,text loop focuses o
4189,1,backward,1.392477,17.917380,0.643670,0.917588,0.200901,1536,1408,0,0.010000,0.545110,tor using a random p
4190,3,fast_backward,1.822879,17.882972,0.615871,0.917242,0.165020,1408,896,0,0.010000,0.545510,d with an informatio
4191,2,fast_forward,1.744453,17.884553,0.642627,0.917330,0.200901,896,1408,0,0.010000,0.708813,tor using a random p
4192,2,fast_forward,1.533185,18.017862,0.658465,0.917457,0.254057,1408,1920,0,0.010000,0.327300,rror. Evaluation of
4193,0,forward,1.426953,18.134548,0.618149,0.917287,0.175441,1920,2048,0,0.010000,0.747301,statistics of the te
4194,2,fast_forward,1.025439,18.161393,0.640915,0.917021,0.214403,2048,2560,0,0.010000,0.647120,s or re-read passage
4195,2,fast_forward,1.517022,18.130364,0.630638,0.917082,0.203670,2560,3072,0,0.010000,0.742059,des the mathematical
4196,0,forward,1.305100,18.123626,0.654354,0.917138,0.245962,3072,3200,0,0.010000,0.683300,he surprise of its o
4197,0,forward,1.340936,18.023439,0.662388,0.917317,0.253067,3200,3328,0,0.010000,0.735798,ictable the current
4198,3,fast_backward,1.814559,18.046193,0.627510,0.917167,0.177215,3328,2816,0,0.010000,0.672075,racter blocks in ord
4199,2,fast_forward,1.684209,18.390559,0.662884,0.917301,0.253067,2816,3328,0,0.010000,0.716174,ictable the current
4200,1,backward,1.458123,18.563950,0.657366,0.917621,0.245962,3328,3200,0,0.010000,0.323867,he surprise of its o
4201,3,fast_backward,1.850003,18.313865,0.643956,0.917314,0.221963,3200,2688,0,0.010000,0.541731,e comes next. The te
4202,4,stay,1.691343,18.217669,0.644274,0.917129,0.221963,2688,2688,0,0.010000,0.235377,e comes next. The te
4203,4,stay,1.837070,18.584275,0.644586,0.917247,0.221963,2688,2688,0,0.010000,0.341813,e comes next. The te
4204,4,stay,1.403279,18.599843,0.644890,0.917584,0.221963,2688,2688,0,0.010000,0.624341,e comes next. The te
4205,3,fast_backward,1.770594,18.776472,0.631587,0.916671,0.177662,2688,2176,0,0.010000,0.599852,provide additional
4206,3,fast_backward,1.439832,18.735290,0.616585,0.916961,0.169394,2176,1664,0,0.010000,0.469048,"If it remains flat,"
4207,1,backward,1.475780,18.800533,0.661525,0.917817,0.263143,1664,1536,0,0.010000,0.713531,text loop focuses o
4208,1,backward,1.654388,18.803533,0.647137,0.917321,0.200901,1536,1408,0,0.010000,0.513247,tor using a random p
4209,2,fast_forward,1.225649,18.577554,0.662796,0.917416,0.254057,1408,1920,0,0.010000,0.465156,rror. Evaluation of
4210,1,backward,1.638879,18.154360,0.636487,0.916935,0.184100,1920,1792,0,0.010000,0.558402,gnostic signals. A s
4211,3,fast_backward,1.955416,18.082043,0.628995,0.917297,0.179216,1792,1280,0,0.010000,0.631982,h character blocks i
4212,1,backward,1.582128,18.367456,0.643917,0.917324,0.222530,1280,1152,0,0.010000,0.452097,phase comes next. T
4213,4,stay,1.599572,18.510730,0.644330,0.917199,0.222530,1152,1152,0,0.010000,0.460108,phase comes next. T
4214,0,forward,1.826666,18.403317,0.629049,0.917141,0.179216,1152,1280,0,0.010000,0.449208,h character blocks i
4215,2,fast_forward,1.358481,18.562826,0.634867,0.916953,0.184100,1280,1792,0,0.010000,0.442541,gnostic signals. A s
4216,0,forward,1.628590,18.729556,0.661414,0.917578,0.254057,1792,1920,0,0.010000,0.442940,rror. Evaluation of
4217,2,fast_forward,1.761477,18.996129,0.624004,0.917143,0.168851,1920,2432,0,0.010000,0.432460,h an information-gai
4218,4,stay,1.950890,19.303895,0.622785,0.917349,0.168851,2432,2432,0,0.010000,0.791732,h an information-gai
4219,2,fast_forward,1.495598,19.530930,0.640726,0.917444,0.190799,2432,2944,0,0.010000,0.664680,sing a random projec
4220,2,fast_forward,1.271746,19.368931,0.644268,0.917628,0.204990,2944,3456,0,0.010000,0.423800,d decrease. Cognitiv
4221,3,fast_backward,1.571937,19.525515,0.640386,0.917524,0.190799,3456,2944,0,0.010000,0.443350,sing a random projec
4222,3,fast_backward,1.281003,19.417193,0.621067,0.917408,0.168851,2944,2432,0,0.010000,0.749148,h an information-gai
4223,2,fast_forward,1.403093,19.639810,0.639127,0.917407,0.190799,2432,2944,0,0.010000,0.440886,sing a random projec
4224,0,forward,1.644450,19.561584,0.630494,0.916965,0.203670,2944,3072,0,0.010000,0.568576,des the mathematical
4225,2,fast_forward,1.669535,19.428844,0.639986,0.917448,0.197040,3072,3584,0,0.010000,0.752217,tests whether a fre
4226,3,fast_backward,1.618030,19.379472,0.630357,0.916776,0.203670,3584,3072,0,0.010000,0.495359,des the mathematical
4227,3,fast_backward,1.251851,19.455607,0.640518,0.917275,0.214403,3072,2560,0,0.010000,0.459466,s or re-read passage
4228,1,backward,1.628365,19.272659,0.619843,0.917346,0.168851,2560,2432,0,0.010000,0.514238,h an information-gai
4229,2,fast_forward,1.744810,19.332454,0.637956,0.917622,0.190799,2432,2944,0,0.010000,0.557615,sing a random projec
4230,1,backward,1.238478,19.320397,0.624159,0.917107,0.177215,2944,2816,0,0.010000,0.570429,racter blocks in ord
4231,2,fast_forward,1.730861,19.059822,0.659544,0.917179,0.253067,2816,3328,0,0.010000,0.577740,ictable the current
4232,0,forward,2.156618,18.811924,0.642617,0.917450,0.204990,3328,3456,0,0.010000,0.914605,d decrease. Cognitiv
4233,3,fast_backward,1.305090,18.732629,0.638689,0.917574,0.190799,3456,2944,0,0.010000,0.442656,sing a random projec
4234,0,forward,1.609738,18.935153,0.630316,0.916778,0.203670,2944,3072,0,0.010000,0.478026,des the mathematical
4235,0,forward,1.359437,18.765212,0.653813,0.917593,0.245962,3072,3200,0,0.010000,0.875193,he surprise of its o
4236,2,fast_forward,1.512803,18.811660,0.633161,0.916945,0.194548,3200,3712,0,0.010000,0.414859,s no pretrained embe
4237,4,stay,1.924590,18.775526,0.632881,0.917082,0.194548,3712,3712,0,0.010000,0.665075,s no pretrained embe
4238,3,fast_backward,1.657838,18.732487,0.654643,0.917394,0.245962,3712,3200,0,0.010000,0.771223,he surprise of its o
4239,1,backward,1.902839,18.570816,0.632420,0.916530,0.203670,3200,3072,0,0.010000,0.573453,des the mathematical
4240,0,forward,1.775019,18.417895,0.655828,0.917490,0.245962,3072,3200,0,0.010000,0.439287,he surprise of its o
4241,0,forward,1.200892,18.559995,0.664034,0.917742,0.253067,3200,3328,0,0.010000,0.610687,ictable the current
4242,0,forward,1.625196,18.918549,0.646993,0.917525,0.204990,3328,3456,0,0.010000,0.506056,d decrease. Cognitiv
4243,2,fast_forward,1.821226,19.144531,0.626166,0.917467,0.173957,3456,3968,0,0.010000,0.414213,cter blocks in order
4244,2,fast_forward,1.785530,19.143951,0.635018,0.917280,0.194905,3968,4480,0,0.010000,0.417324,"iser, and no externa"
4245,3,fast_backward,1.459143,19.124620,0.625026,0.917163,0.173957,4480,3968,0,0.010000,0.349683,cter blocks in order
4246,1,backward,1.381557,18.977995,0.638563,0.917037,0.211055,3968,3840,0,0.010000,0.592675,om scratch. The text
4247,1,backward,1.796388,18.908862,0.634253,0.917046,0.194548,3840,3712,0,0.010000,0.550446,s no pretrained embe
4248,3,fast_backward,1.519647,18.804151,0.655927,0.917580,0.245962,3712,3200,0,0.010000,0.438996,he surprise of its o
4249,4,stay,1.655489,18.662965,0.657179,0.917376,0.245962,3200,3200,0,0.010000,0.414820,he surprise of its o
4250,1,backward,1.534972,18.523192,0.634767,0.916667,0.203670,3200,3072,0,0.010000,0.516915,des the mathematical
4251,1,backward,1.944386,18.503971,0.642354,0.917578,0.190799,3072,2944,0,0.010000,0.357303,sing a random projec
4252,0,forward,1.839821,18.464254,0.634013,0.916536,0.203670,2944,3072,0,0.010000,0.238673,des the mathematical
4253,0,forward,1.627306,18.335099,0.657444,0.917517,0.245962,3072,3200,0,0.010000,0.544546,he surprise of its o
4254,1,backward,1.511116,18.473960,0.634958,0.916731,0.203670,3200,3072,0,0.010000,0.321603,des the mathematical
4255,2,fast_forward,1.638346,18.425813,0.643923,0.917524,0.197040,3072,3584,0,0.010000,0.412173,tests whether a fre
4256,2,fast_forward,1.537362,18.528956,0.646152,0.917398,0.198953,3584,4096,0,0.010000,0.364025,ng a random projecti
4257,4,stay,1.747790,18.741552,0.645976,0.917500,0.198953,4096,4096,0,0.010000,0.414416,ng a random projecti
4258,0,forward,1.265214,18.797039,0.651248,0.917841,0.207990,4096,4224,0,0.010000,0.434391,he spontaneous forma
4259,1,backward,1.392826,18.636137,0.645735,0.917355,0.198953,4224,4096,0,0.010000,0.425170,ng a random projecti
4260,1,backward,1.552219,18.790009,0.625420,0.917443,0.173957,4096,3968,0,0.010000,0.512401,cter blocks in order
4261,0,forward,1.704748,18.732987,0.644734,0.917579,0.198953,3968,4096,0,0.010000,0.363903,ng a random projecti
4262,1,backward,1.667912,18.700210,0.624460,0.917071,0.173957,4096,3968,0,0.010000,0.374425,cter blocks in order
4263,2,fast_forward,1.261599,18.960768,0.633412,0.917742,0.194905,3968,4480,0,0.010000,0.338016,"iser, and no externa"
4264,2,fast_forward,1.394108,19.077083,0.635228,0.917069,0.201395,4480,4992,0,0.010000,0.311217,decrease. Curiosity
4265,4,stay,1.793280,19.185696,0.635189,0.917085,0.201395,4992,4992,0,0.010000,0.302464,decrease. Curiosity
4266,1,backward,1.473459,19.015907,0.663565,0.916875,0.257925,4992,4864,0,0.010000,0.352451,table the current ch
4267,2,fast_forward,1.251233,19.136000,0.657391,0.917500,0.248801,4864,5376,0,0.010000,0.423384,ation of the text lo
4268,1,backward,1.156512,18.947400,0.642892,0.917390,0.213764,5376,5248,0,0.010000,0.385365,es that produced hig
4269,3,fast_backward,1.469391,19.039011,0.652793,0.917656,0.236303,5248,4736,0,0.010000,0.326873,surprise of its obs
4270,0,forward,1.381200,19.002452,0.666782,0.917162,0.257925,4736,4864,0,0.010000,0.331269,table the current ch
4271,1,backward,1.637948,18.980470,0.654976,0.917700,0.236303,4864,4736,0,0.010000,0.283589,surprise of its obs
4272,0,forward,1.430370,19.228768,0.668718,0.917274,0.257925,4736,4864,0,0.010000,0.379265,table the current ch
4273,3,fast_backward,1.449406,19.109535,0.637325,0.917249,0.178443,4864,4352,0,0.010000,0.365499,ing agent can form p
4274,3,fast_backward,1.558521,18.773480,0.643057,0.917396,0.211055,4352,3840,0,0.010000,0.281793,om scratch. The text
4275,1,backward,1.107166,18.660910,0.638686,0.917115,0.194548,3840,3712,0,0.010000,0.411066,s no pretrained embe
4276,3,fast_backward,1.276877,18.600994,0.660083,0.917490,0.245962,3712,3200,0,0.010000,0.352472,he surprise of its o
4277,2,fast_forward,1.534415,18.497934,0.639084,0.916574,0.194548,3200,3712,0,0.010000,0.349986,s no pretrained embe
4278,1,backward,1.810374,18.476594,0.646025,0.917364,0.197040,3712,3584,0,0.010000,0.549279,tests whether a fre
4279,3,fast_backward,1.313341,18.479198,0.636313,0.916617,0.203670,3584,3072,0,0.010000,0.525579,des the mathematical
4280,3,fast_backward,1.230376,18.674740,0.645808,0.917023,0.214403,3072,2560,0,0.010000,0.503268,s or re-read passage
4281,3,fast_backward,1.573576,18.358127,0.622461,0.917249,0.175441,2560,2048,0,0.010000,0.450294,statistics of the te
4282,1,backward,1.741964,18.382234,0.662786,0.917575,0.254057,2048,1920,0,0.010000,0.353945,rror. Evaluation of
4283,3,fast_backward,1.447275,18.368248,0.648347,0.917761,0.200901,1920,1408,0,0.010000,0.548420,tor using a random p
4284,2,fast_forward,1.383422,18.505766,0.664134,0.917506,0.254057,1408,1920,0,0.010000,0.369652,rror. Evaluation of
4285,3,fast_backward,1.948414,18.278337,0.649526,0.917490,0.200901,1920,1408,0,0.010000,0.351293,tor using a random p
4286,1,backward,1.745811,18.415094,0.630591,0.916963,0.179216,1408,1280,0,0.010000,0.394248,h character blocks i
4287,0,forward,1.684390,18.005819,0.648369,0.917758,0.200901,1280,1408,0,0.010000,0.381828,tor using a random p
4288,2,fast_forward,1.403088,17.666215,0.664347,0.917635,0.254057,1408,1920,0,0.010000,0.523838,rror. Evaluation of
4289,0,forward,1.774037,17.539220,0.623727,0.917043,0.175441,1920,2048,0,0.010000,0.405109,statistics of the te
4290,2,fast_forward,1.619939,17.466535,0.645906,0.917278,0.214403,2048,2560,0,0.010000,0.505215,s or re-read passage
4291,2,fast_forward,1.389128,17.622863,0.635677,0.916971,0.203670,2560,3072,0,0.010000,0.594663,des the mathematical
4292,1,backward,1.713192,17.561063,0.643383,0.917584,0.190799,3072,2944,0,0.010000,0.428254,sing a random projec
4293,1,backward,1.860656,17.714550,0.629045,0.916684,0.177215,2944,2816,0,0.010000,0.587829,racter blocks in ord
4294,1,backward,1.304777,17.858447,0.643466,0.917053,0.221963,2816,2688,0,0.010000,0.429102,e comes next. The te
4295,1,backward,1.689197,17.455249,0.644679,0.917125,0.214403,2688,2560,0,0.010000,0.645642,s or re-read passage
4296,2,fast_forward,1.849927,17.289995,0.634335,0.917082,0.203670,2560,3072,0,0.010000,0.436459,des the mathematical
4297,4,stay,1.584801,17.092848,0.634037,0.916734,0.203670,3072,3072,0,0.010000,0.729651,des the mathematical
4298,4,stay,1.893021,17.018667,0.633781,0.916790,0.203670,3072,3072,0,0.010000,0.478715,des the mathematical
4299,0,forward,1.482486,16.986281,0.657760,0.917411,0.245962,3072,3200,0,0.010000,0.833807,he surprise of its o
4300,3,fast_backward,1.436960,17.011518,0.644148,0.917274,0.221963,3200,2688,0,0.010000,0.485399,e comes next. The te
4301,2,fast_forward,1.617280,17.118628,0.659305,0.917467,0.245962,2688,3200,0,0.010000,0.550698,he surprise of its o
4302,2,fast_forward,1.439772,17.026543,0.638334,0.916947,0.194548,3200,3712,0,0.010000,0.706411,s no pretrained embe
4303,2,fast_forward,1.779960,17.073600,0.653548,0.917894,0.207990,3712,4224,0,0.010000,0.670999,he spontaneous forma
4304,0,forward,1.556930,16.748165,0.635196,0.917275,0.178443,4224,4352,0,0.010000,0.643633,ing agent can form p
4305,2,fast_forward,1.518747,16.820233,0.666692,0.917294,0.257925,4352,4864,0,0.010000,0.518525,table the current ch
4306,4,stay,1.705499,16.914132,0.668022,0.917410,0.257925,4864,4864,0,0.010000,0.636006,table the current ch
4307,3,fast_backward,1.575851,16.999163,0.636829,0.917195,0.178443,4864,4352,0,0.010000,0.533753,ing agent can form p
4308,2,fast_forward,1.485087,17.067014,0.668317,0.917242,0.257925,4352,4864,0,0.010000,0.551859,table the current ch
4309,2,fast_forward,1.512809,17.061503,0.662327,0.917498,0.248801,4864,5376,0,0.010000,0.456774,ation of the text lo
4310,1,backward,1.829908,17.216342,0.647626,0.917018,0.213764,5376,5248,0,0.010000,0.842267,es that produced hig
4311,1,backward,1.638242,17.035877,0.636942,0.917358,0.190034,5248,5120,0,0.010000,0.853106,in term in its actio
4312,3,fast_backward,1.776171,17.014116,0.638910,0.916794,0.204065,5120,4608,0,0.010000,0.764842,s the mathematical f
4313,4,stay,1.549661,17.122218,0.638477,0.916489,0.204065,4608,4608,0,0.010000,0.939254,s the mathematical f
4314,1,backward,1.485435,17.037899,0.638852,0.917651,0.194905,4608,4480,0,0.010000,0.902777,"iser, and no externa"
4315,2,fast_forward,1.570212,17.120823,0.640285,0.917703,0.201395,4480,4992,0,0.010000,0.421725,decrease. Curiosity
4316,2,fast_forward,1.708176,17.318020,0.621511,0.916852,0.177647,4992,5504,0,0.010000,0.439146,of the text. If it r
4317,1,backward,1.351255,17.562946,0.659695,0.917514,0.248801,5504,5376,0,0.010000,0.850714,ation of the text lo
4318,1,backward,1.455374,17.405515,0.645254,0.916984,0.213764,5376,5248,0,0.010000,0.395114,es that produced hig
4319,0,forward,1.639163,17.813393,0.660738,0.917367,0.248801,5248,5376,0,0.010000,0.489493,ation of the text lo
4320,3,fast_backward,1.795888,18.175542,0.669079,0.917288,0.257925,5376,4864,0,0.010000,0.552522,table the current ch
4321,0,forward,1.516107,18.222898,0.642690,0.917086,0.201395,4864,4992,0,0.010000,0.424633,decrease. Curiosity
4322,3,fast_backward,1.634299,18.182388,0.640384,0.917526,0.194905,4992,4480,0,0.010000,0.494340,"iser, and no externa"
4323,3,fast_backward,1.680922,18.193205,0.629816,0.917056,0.173957,4480,3968,0,0.010000,0.494561,cter blocks in order
4324,1,backward,1.648718,18.425525,0.643119,0.917186,0.211055,3968,3840,0,0.010000,0.784616,om scratch. The text
4325,2,fast_forward,1.605905,18.302932,0.636388,0.916986,0.178443,3840,4352,0,0.010000,0.691089,ing agent can form p
4326,1,backward,1.364920,18.472863,0.653522,0.917674,0.207990,4352,4224,0,0.010000,0.740904,he spontaneous forma
4327,3,fast_backward,1.497490,18.650552,0.637669,0.916732,0.194548,4224,3712,0,0.010000,0.735479,s no pretrained embe
4328,0,forward,1.560950,18.619663,0.641664,0.917240,0.211055,3712,3840,0,0.010000,0.720875,om scratch. The text
4329,0,forward,1.315315,18.893249,0.627585,0.917210,0.173957,3840,3968,0,0.010000,0.718096,cter blocks in order
4330,3,fast_backward,1.850303,18.917769,0.647279,0.917648,0.204990,3968,3456,0,0.010000,0.834637,d decrease. Cognitiv
4331,2,fast_forward,1.892096,18.757666,0.626666,0.917243,0.173957,3456,3968,0,0.010000,0.900183,cter blocks in order
4332,1,backward,1.355395,18.658291,0.640101,0.917261,0.211055,3968,3840,0,0.010000,0.616973,om scratch. The text
4333,4,stay,1.575375,18.766068,0.640367,0.917364,0.211055,3840,3840,0,0.010000,0.775769,om scratch. The text
4334,4,stay,1.541940,18.733188,0.640625,0.917070,0.211055,3840,3840,0,0.010000,0.696354,om scratch. The text
4335,0,forward,1.641807,18.763785,0.626762,0.917129,0.173957,3840,3968,0,0.010000,0.878292,cter blocks in order
4336,0,forward,1.741199,18.948773,0.645913,0.917906,0.198953,3968,4096,0,0.010000,0.831119,ng a random projecti
4337,0,forward,1.866691,18.948928,0.651078,0.917588,0.207990,4096,4224,0,0.010000,0.798055,he spontaneous forma
4338,4,stay,1.764815,18.884497,0.651032,0.917652,0.207990,4224,4224,0,0.010000,1.041006,he spontaneous forma
4339,4,stay,1.606794,18.714032,0.650986,0.917550,0.207990,4224,4224,0,0.010000,0.827822,he spontaneous forma
4340,4,stay,1.622762,18.675959,0.650940,0.917748,0.207990,4224,4224,0,0.010000,0.710995,he spontaneous forma
4341,2,fast_forward,1.506201,18.731199,0.652229,0.917531,0.236303,4224,4736,0,0.010000,0.427038,surprise of its obs
4342,2,fast_forward,1.482105,18.915905,0.643348,0.917144,0.213764,4736,5248,0,0.010000,0.817071,es that produced hig
4343,2,fast_forward,1.699028,19.166210,0.632212,0.917322,0.191195,5248,5760,0,0.010000,0.837454,prediction error. Cu
4344,0,forward,1.863847,19.033565,0.633511,0.917237,0.185794,5760,5888,0,0.010000,0.670125,ation-gain term in i
4345,0,forward,1.544132,18.870069,0.640108,0.917274,0.211594,5888,6016,0,0.010000,0.592894,d passages that prod
4346,0,forward,1.578136,18.948548,0.663031,0.917365,0.258358,6016,6144,0,0.010000,1.080656,t. Evaluation of the
4347,4,stay,1.583426,18.699424,0.664636,0.917658,0.258358,6144,6144,0,0.010000,0.267655,t. Evaluation of the
4348,4,stay,1.259223,18.355600,0.666165,0.917192,0.258358,6144,6144,0,0.010000,0.618018,t. Evaluation of the
4349,1,backward,1.600618,18.241122,0.644472,0.916921,0.211594,6144,6016,0,0.010000,1.013947,d passages that prod
4350,1,backward,1.565047,18.273380,0.637373,0.917443,0.185794,6016,5888,0,0.010000,0.952749,ation-gain term in i
4351,4,stay,1.542224,18.142401,0.636533,0.917492,0.185794,5888,5888,0,0.010000,0.557601,ation-gain term in i
4352,1,backward,1.755222,17.868148,0.633871,0.917187,0.191195,5888,5760,0,0.010000,0.930858,prediction error. Cu
4353,0,forward,1.150761,17.824943,0.635271,0.917518,0.185794,5760,5888,0,0.010000,0.918645,ation-gain term in i
4354,4,stay,1.292706,17.896467,0.634626,0.917364,0.185794,5888,5888,0,0.010000,0.806192,ation-gain term in i
4355,3,fast_backward,1.375617,17.710589,0.658241,0.917246,0.248801,5888,5376,0,0.010000,0.503940,ation of the text lo
4356,0,forward,1.664826,17.612820,0.621727,0.917109,0.177647,5376,5504,0,0.010000,0.572500,of the text. If it r
4357,2,fast_forward,1.263206,17.723889,0.641200,0.917100,0.211594,5504,6016,0,0.010000,0.617341,d passages that prod
4358,4,stay,1.246719,17.693092,0.641128,0.917054,0.211594,6016,6016,0,0.010000,0.731885,d passages that prod
4359,1,backward,1.417792,17.686763,0.634333,0.917527,0.185794,6016,5888,0,0.010000,0.646161,ation-gain term in i
4360,0,forward,1.421650,17.701508,0.640543,0.917853,0.211594,5888,6016,0,0.010000,0.782832,d passages that prod
4361,3,fast_backward,1.557624,17.684633,0.620201,0.916921,0.177647,6016,5504,0,0.010000,0.636915,of the text. If it r
4362,0,forward,1.410891,17.712920,0.630914,0.916533,0.179660,5504,5632,0,0.010000,0.517835,ditional diagnostic
4363,2,fast_forward,1.655150,17.847917,0.661726,0.917365,0.258358,5632,6144,0,0.010000,0.760295,t. Evaluation of the
4364,4,stay,1.770853,18.028530,0.663461,0.917310,0.258358,6144,6144,0,0.010000,0.797575,t. Evaluation of the
4365,1,backward,1.823183,18.089153,0.642299,0.917154,0.211594,6144,6016,0,0.010000,0.788161,d passages that prod
4366,3,fast_backward,1.793741,18.370360,0.621712,0.917225,0.177647,6016,5504,0,0.010000,0.617546,of the text. If it r
4367,2,fast_forward,1.649587,18.258169,0.641449,0.917188,0.211594,5504,6016,0,0.010000,0.601599,d passages that prod
4368,1,backward,1.719884,18.190689,0.634616,0.917440,0.185794,6016,5888,0,0.010000,0.806528,ation-gain term in i
4369,2,fast_forward,1.766163,18.073191,0.630000,0.916568,0.178724,5888,6400,0,0.010000,0.561536,ovide additional dia
4370,1,backward,1.358217,18.234503,0.618724,0.917488,0.172580,6400,6272,0,0.010000,0.420839,tistics of the text.
4371,1,backward,1.337518,18.295257,0.661905,0.917509,0.258358,6272,6144,0,0.010000,0.789133,t. Evaluation of the
4372,3,fast_backward,1.404630,18.243119,0.631982,0.917074,0.179660,6144,5632,0,0.010000,0.476238,ditional diagnostic
4373,1,backward,1.277981,18.355460,0.619419,0.917067,0.177647,5632,5504,0,0.010000,0.355806,of the text. If it r
4374,0,forward,1.485367,18.347413,0.630652,0.916544,0.179660,5504,5632,0,0.010000,0.649804,ditional diagnostic
4375,0,forward,1.488799,18.302653,0.629604,0.917348,0.191195,5632,5760,0,0.010000,0.383706,prediction error. Cu
4376,0,forward,1.733874,18.310179,0.631606,0.917300,0.185794,5760,5888,0,0.010000,0.467383,ation-gain term in i
4377,4,stay,1.297849,18.200470,0.631423,0.917429,0.185794,5888,5888,0,0.010000,0.594498,ation-gain term in i
4378,1,backward,1.629179,18.278493,0.629177,0.917270,0.191195,5888,5760,0,0.010000,0.437317,prediction error. Cu
4379,2,fast_forward,1.836336,18.235805,0.616757,0.917473,0.172580,5760,6272,0,0.010000,0.441751,tistics of the text.
4380,3,fast_backward,1.706666,18.441328,0.628509,0.917251,0.191195,6272,5760,0,0.010000,0.424992,prediction error. Cu
4381,1,backward,1.535176,18.572901,0.629129,0.916947,0.179660,5760,5632,0,0.010000,0.546140,ditional diagnostic
4382,4,stay,1.728374,18.562120,0.628516,0.917105,0.179660,5632,5632,0,0.010000,0.375090,ditional diagnostic
4383,3,fast_backward,1.526041,18.692406,0.628164,0.917212,0.190034,5632,5120,0,0.010000,0.444162,in term in its actio
4384,2,fast_forward,1.485421,18.915711,0.628124,0.916694,0.179660,5120,5632,0,0.010000,0.455691,ditional diagnostic
4385,0,forward,1.536574,19.058011,0.626780,0.917544,0.191195,5632,5760,0,0.010000,0.353653,prediction error. Cu
4386,3,fast_backward,1.668318,19.066008,0.638562,0.917309,0.213764,5760,5248,0,0.010000,0.500892,es that produced hig
4387,0,forward,1.663576,19.065466,0.653848,0.917366,0.248801,5248,5376,0,0.010000,0.573951,ation of the text lo
4388,0,forward,2.147530,18.872574,0.617652,0.916887,0.177647,5376,5504,0,0.010000,0.632496,of the text. If it r
4389,3,fast_backward,1.866056,18.815398,0.634945,0.917006,0.201395,5504,4992,0,0.010000,0.546831,decrease. Curiosity
4390,0,forward,1.389839,18.805314,0.630039,0.917316,0.190034,4992,5120,0,0.010000,0.544078,in term in its actio
4391,4,stay,1.448971,18.801585,0.630051,0.917254,0.190034,5120,5120,0,0.010000,0.698907,in term in its actio
4392,0,forward,1.612075,18.674017,0.640423,0.917335,0.213764,5120,5248,0,0.010000,0.538270,es that produced hig
4393,4,stay,1.256715,18.745180,0.640776,0.917412,0.213764,5248,5248,0,0.010000,0.447653,es that produced hig
4394,3,fast_backward,1.960757,18.761367,0.650413,0.917419,0.236303,5248,4736,0,0.010000,0.535263,surprise of its obs
4395,4,stay,1.528956,18.786265,0.651665,0.917766,0.236303,4736,4736,0,0.010000,0.483823,surprise of its obs
4396,1,backward,1.404804,18.521585,0.635954,0.916562,0.204065,4736,4608,0,0.010000,0.404163,s the mathematical f
4397,1,backward,1.342979,18.501899,0.636368,0.917501,0.194905,4608,4480,0,0.010000,0.535981,"iser, and no externa"
4398,1,backward,1.770975,18.375950,0.634643,0.917037,0.178443,4480,4352,0,0.010000,0.436487,ing agent can form p
4399,4,stay,1.612921,18.404145,0.634089,0.917128,0.178443,4352,4352,0,0.010000,0.392042,ing agent can form p
4400,1,backward,1.616275,18.273363,0.650897,0.917747,0.207990,4352,4224,0,0.010000,0.393841,he spontaneous forma
4401,3,fast_backward,1.472210,18.413879,0.635666,0.916852,0.194548,4224,3712,0,0.010000,0.422934,s no pretrained embe
4402,1,backward,1.747463,18.710404,0.643357,0.917519,0.197040,3712,3584,0,0.010000,0.329519,tests whether a fre
4403,2,fast_forward,1.446818,18.730009,0.646088,0.917387,0.198953,3584,4096,0,0.010000,0.440027,ng a random projecti
4404,1,backward,1.738546,18.661395,0.626452,0.917082,0.173957,4096,3968,0,0.010000,0.522530,cter blocks in order
4405,4,stay,1.730083,18.539536,0.625907,0.917305,0.173957,3968,3968,0,0.010000,0.343055,cter blocks in order
4406,1,backward,1.460029,18.337301,0.639396,0.917866,0.211055,3968,3840,0,0.010000,0.336019,om scratch. The text
4407,4,stay,1.905710,18.482001,0.639893,0.917192,0.211055,3840,3840,0,0.010000,0.454501,om scratch. The text
4408,3,fast_backward,1.599030,18.313900,0.664047,0.917541,0.253067,3840,3328,0,0.010000,0.346153,ictable the current
4409,1,backward,1.542925,18.489320,0.658682,0.917598,0.245962,3328,3200,0,0.010000,0.358890,he surprise of its o
4410,3,fast_backward,1.576003,18.466553,0.645866,0.917329,0.221963,3200,2688,0,0.010000,0.191915,e comes next. The te
4411,4,stay,1.537771,18.422887,0.646395,0.917191,0.221963,2688,2688,0,0.010000,0.444051,e comes next. The te
4412,1,backward,1.733307,18.421839,0.647838,0.917405,0.214403,2688,2560,0,0.010000,0.201780,s or re-read passage
4413,2,fast_forward,1.952606,18.296049,0.637525,0.916603,0.203670,2560,3072,0,0.010000,0.510350,des the mathematical
4414,4,stay,1.616072,18.198664,0.637305,0.916537,0.203670,3072,3072,0,0.010000,0.371450,des the mathematical
4415,4,stay,1.678837,18.174686,0.637122,0.916839,0.203670,3072,3072,0,0.010000,0.641977,des the mathematical
4416,3,fast_backward,1.565853,17.943209,0.647402,0.917147,0.214403,3072,2560,0,0.010000,0.397993,s or re-read passage
4417,3,fast_backward,1.682607,17.798034,0.624348,0.917252,0.175441,2560,2048,0,0.010000,0.680533,statistics of the te
4418,0,forward,1.347713,17.843326,0.632551,0.916817,0.177662,2048,2176,0,0.010000,0.548784,provide additional
4419,3,fast_backward,0.954815,17.829126,0.617880,0.917094,0.169394,2176,1664,0,0.010000,0.885614,"If it remains flat,"
4420,2,fast_forward,1.750932,17.974255,0.630693,0.916848,0.177662,1664,2176,0,0.010000,0.380360,provide additional
4421,1,backward,1.822603,18.011250,0.620613,0.917391,0.175441,2176,2048,0,0.010000,0.367805,statistics of the te
4422,3,fast_backward,1.321695,18.079626,0.661494,0.917334,0.263143,2048,1536,0,0.010000,0.560773,text loop focuses o
4423,1,backward,1.711522,17.913573,0.647783,0.917514,0.200901,1536,1408,0,0.010000,0.562206,tor using a random p
4424,0,forward,1.281773,18.095423,0.663610,0.917480,0.263143,1408,1536,0,0.010000,0.453250,text loop focuses o
4425,2,fast_forward,1.397016,18.022260,0.623935,0.917091,0.175441,1536,2048,0,0.010000,0.438034,statistics of the te
4426,1,backward,1.795527,18.008387,0.664155,0.917469,0.254057,2048,1920,0,0.010000,0.344792,rror. Evaluation of
4427,1,backward,1.425649,18.022512,0.638861,0.916933,0.184100,1920,1792,0,0.010000,0.295450,gnostic signals. A s
4428,2,fast_forward,1.702973,18.081954,0.636336,0.917045,0.197942,1792,2304,0,0.010000,0.558096,nd bounded predictio
4429,2,fast_forward,1.290954,18.054316,0.631367,0.917206,0.177215,2304,2816,0,0.010000,0.431293,racter blocks in ord
4430,0,forward,1.926592,18.064811,0.644724,0.917510,0.190799,2816,2944,0,0.010000,0.384521,sing a random projec
4431,3,fast_backward,1.673670,18.404443,0.625642,0.917144,0.168851,2944,2432,0,0.010000,0.344678,h an information-gai
4432,2,fast_forward,1.441566,18.456446,0.643629,0.917439,0.190799,2432,2944,0,0.010000,0.309137,sing a random projec
4433,4,stay,1.561944,18.408223,0.643463,0.917623,0.190799,2944,2944,0,0.010000,0.509809,sing a random projec
4434,1,backward,1.700010,18.229978,0.629611,0.917173,0.177215,2944,2816,0,0.010000,0.466140,racter blocks in ord
4435,4,stay,1.496934,18.117153,0.629170,0.917076,0.177215,2816,2816,0,0.010000,0.292266,racter blocks in ord
4436,4,stay,1.807672,18.299017,0.628765,0.917143,0.177215,2816,2816,0,0.010000,0.474951,racter blocks in ord
4437,1,backward,1.823337,18.323916,0.643195,0.917069,0.221963,2816,2688,0,0.010000,0.484014,e comes next. The te
4438,3,fast_backward,1.504717,18.473502,0.630742,0.916798,0.177662,2688,2176,0,0.010000,0.334214,provide additional
4439,1,backward,1.568921,18.086692,0.620322,0.917262,0.175441,2176,2048,0,0.010000,0.247981,statistics of the te
4440,2,fast_forward,1.323657,18.119926,0.643720,0.917719,0.214403,2048,2560,0,0.010000,0.319320,s or re-read passage
4441,1,backward,1.669420,18.184912,0.622884,0.917169,0.168851,2560,2432,0,0.010000,0.311919,h an information-gai
4442,4,stay,1.269519,18.132145,0.622147,0.917377,0.168851,2432,2432,0,0.010000,0.378911,h an information-gai
4443,4,stay,1.696970,18.176052,0.621471,0.917628,0.168851,2432,2432,0,0.010000,0.314539,h an information-gai
4444,1,backward,1.786998,18.276124,0.630965,0.917049,0.197942,2432,2304,0,0.010000,0.313671,nd bounded predictio
4445,4,stay,1.400549,18.229701,0.631209,0.917227,0.197942,2304,2304,0,0.010000,0.258384,nd bounded predictio
4446,2,fast_forward,1.851325,17.840724,0.626828,0.917879,0.177215,2304,2816,0,0.010000,0.365316,racter blocks in ord
4447,4,stay,1.649575,17.811945,0.626595,0.917131,0.177215,2816,2816,0,0.010000,0.304966,racter blocks in ord
4448,0,forward,1.449776,17.881953,0.640170,0.917589,0.190799,2816,2944,0,0.010000,0.495133,sing a random projec
4449,1,backward,1.323343,17.946285,0.626443,0.917142,0.177215,2944,2816,0,0.010000,0.631682,racter blocks in ord
4450,4,stay,1.765198,18.015931,0.626224,0.917118,0.177215,2816,2816,0,0.010000,0.318336,racter blocks in ord
4451,2,fast_forward,1.820991,18.194988,0.661502,0.917569,0.253067,2816,3328,0,0.010000,0.332164,ictable the current
4452,4,stay,1.417612,18.219344,0.662926,0.917745,0.253067,3328,3328,0,0.010000,0.363832,ictable the current
4453,0,forward,1.824849,18.312379,0.646621,0.917603,0.204990,3328,3456,0,0.010000,0.371424,d decrease. Cognitiv
4454,3,fast_backward,1.823263,17.917004,0.642487,0.917645,0.190799,3456,2944,0,0.010000,0.245624,sing a random projec
4455,1,backward,1.890845,17.953547,0.628393,0.917359,0.177215,2944,2816,0,0.010000,0.319751,racter blocks in ord
4456,0,forward,1.370083,18.016011,0.641930,0.917593,0.190799,2816,2944,0,0.010000,0.505244,sing a random projec
4457,3,fast_backward,1.515235,18.072860,0.622576,0.917231,0.168851,2944,2432,0,0.010000,0.591439,h an information-gai
4458,1,backward,1.551770,17.961108,0.632089,0.917303,0.197942,2432,2304,0,0.010000,0.297189,nd bounded predictio
4459,4,stay,1.990394,17.945666,0.632151,0.916981,0.197942,2304,2304,0,0.010000,0.542326,nd bounded predictio
4460,0,forward,1.328314,17.913580,0.621906,0.917310,0.168851,2304,2432,0,0.010000,0.540205,h an information-gai
4461,3,fast_backward,1.568012,17.868911,0.660361,0.917530,0.254057,2432,1920,0,0.010000,0.322223,rror. Evaluation of
4462,2,fast_forward,1.786501,17.922408,0.622893,0.917291,0.168851,1920,2432,0,0.010000,0.473180,h an information-gai
4463,4,stay,1.665504,17.804050,0.622034,0.917125,0.168851,2432,2432,0,0.010000,0.319594,h an information-gai
4464,1,backward,1.796483,17.862567,0.631502,0.917087,0.197942,2432,2304,0,0.010000,0.261846,nd bounded predictio
4465,3,fast_backward,1.628249,17.769576,0.633395,0.916903,0.184100,2304,1792,0,0.010000,0.498268,gnostic signals. A s
4466,4,stay,1.245188,17.771868,0.632899,0.916875,0.184100,1792,1792,0,0.010000,0.421022,gnostic signals. A s
4467,3,fast_backward,1.629402,17.944229,0.625694,0.916982,0.179216,1792,1280,0,0.010000,0.213881,h character blocks i
4468,0,forward,1.534286,17.788772,0.643719,0.917514,0.200901,1280,1408,0,0.010000,0.468441,tor using a random p
4469,3,fast_backward,1.421668,17.737381,0.615627,0.917397,0.165020,1408,896,0,0.010000,0.354809,d with an informatio
4470,2,fast_forward,1.519172,17.556441,0.643264,0.917292,0.200901,896,1408,0,0.010000,0.467064,tor using a random p
4471,4,stay,1.335043,17.800329,0.643584,0.917360,0.200901,1408,1408,0,0.010000,0.340058,tor using a random p
4472,4,stay,1.861515,17.714507,0.643882,0.917604,0.200901,1408,1408,0,0.010000,0.311811,tor using a random p
4473,3,fast_backward,1.591020,17.943590,0.615788,0.917398,0.165020,1408,896,0,0.010000,0.302618,d with an informatio
4474,3,fast_backward,1.533452,17.904856,0.628825,0.916674,0.192597,896,384,0,0.010000,0.379077,Active inference pro
4475,1,backward,1.590405,17.787852,0.631801,0.916748,0.195890,384,256,0,0.010000,0.472421,"ned embeddings, no t"
4476,0,forward,1.268520,17.720833,0.628839,0.916754,0.192597,256,384,0,0.010000,0.286235,Active inference pro
4477,0,forward,1.758187,17.811096,0.648250,0.917297,0.237833,384,512,0,0.010000,0.261911,"ree energy, which is"
4478,4,stay,1.188994,18.083027,0.649526,0.917308,0.237833,512,512,0,0.010000,0.333774,"ree energy, which is"
4479,2,fast_forward,1.329486,18.088293,0.645460,0.917197,0.217769,512,1024,0,0.010000,0.320794,ssages or re-read pa
4480,2,fast_forward,1.539562,18.008092,0.662083,0.917677,0.263143,1024,1536,0,0.010000,0.255709,text loop focuses o
4481,3,fast_backward,1.670597,17.843174,0.647501,0.917189,0.217769,1536,1024,0,0.010000,0.264881,ssages or re-read pa
4482,3,fast_backward,1.550991,17.794778,0.652902,0.917415,0.237833,1024,512,0,0.010000,0.278304,"ree energy, which is"
4483,0,forward,1.177540,17.899178,0.665655,0.917589,0.248914,512,640,0,0.010000,0.489575,ergy reflects how pr
4484,0,forward,1.516487,17.976426,0.653834,0.917216,0.236386,640,768,0,0.010000,0.360249,"ext, free energy sho"
4485,3,fast_backward,1.606472,18.120925,0.639087,0.917068,0.195890,768,256,0,0.010000,0.332056,"ned embeddings, no t"
4486,0,forward,1.442760,18.548655,0.636502,0.916930,0.192597,256,384,0,0.010000,0.331057,Active inference pro
4487,2,fast_forward,1.717850,18.482615,0.621884,0.917275,0.165020,384,896,0,0.010000,0.356067,d with an informatio
4488,2,fast_forward,1.355261,18.346617,0.648198,0.917174,0.200901,896,1408,0,0.010000,0.347897,tor using a random p
4489,1,backward,1.652671,18.300563,0.629487,0.917093,0.179216,1408,1280,0,0.010000,0.389563,h character blocks i
4490,0,forward,1.662421,18.366096,0.647626,0.917405,0.200901,1280,1408,0,0.010000,0.351564,tor using a random p
4491,1,backward,1.636905,18.398572,0.628967,0.916929,0.179216,1408,1280,0,0.010000,0.381886,h character blocks i
4492,1,backward,1.383978,18.460151,0.644577,0.917125,0.222530,1280,1152,0,0.010000,0.306566,phase comes next. T
4493,0,forward,1.361824,18.474559,0.628968,0.916938,0.179216,1152,1280,0,0.010000,0.267482,h character blocks i
4494,2,fast_forward,1.835372,18.331993,0.635553,0.916900,0.184100,1280,1792,0,0.010000,0.477157,gnostic signals. A s
4495,2,fast_forward,1.616362,18.193269,0.633379,0.917029,0.197942,1792,2304,0,0.010000,0.368507,nd bounded predictio
4496,1,backward,1.206791,18.268355,0.629724,0.916854,0.177662,2304,2176,0,0.010000,0.334746,provide additional
4497,1,backward,1.467490,18.389475,0.619421,0.917227,0.175441,2176,2048,0,0.010000,0.310532,statistics of the te
4498,1,backward,1.509849,18.405336,0.661011,0.917461,0.254057,2048,1920,0,0.010000,0.286094,rror. Evaluation of
4499,0,forward,1.706659,18.287154,0.620440,0.917070,0.175441,1920,2048,0,0.010000,0.343423,statistics of the te
4500,1,backward,1.599180,18.186365,0.661958,0.917463,0.254057,2048,1920,0,0.010000,0.375712,rror. Evaluation of
4501,0,forward,1.723015,18.192599,0.621344,0.917128,0.175441,1920,2048,0,0.010000,0.336867,statistics of the te
4502,4,stay,1.774785,18.497556,0.620496,0.917230,0.175441,2048,2048,0,0.010000,0.446117,statistics of the te
4503,4,stay,1.553802,18.265530,0.619726,0.917316,0.175441,2048,2048,0,0.010000,0.326040,statistics of the te
4504,3,fast_backward,1.421297,18.454345,0.661663,0.917416,0.263143,2048,1536,0,0.010000,0.416095,text loop focuses o
4505,4,stay,1.200297,18.468810,0.663411,0.917654,0.263143,1536,1536,0,0.010000,0.340789,text loop focuses o
4506,4,stay,1.816804,18.460569,0.665085,0.917508,0.263143,1536,1536,0,0.010000,0.340968,text loop focuses o
4507,2,fast_forward,1.379973,18.255762,0.624367,0.917062,0.175441,1536,2048,0,0.010000,0.447735,statistics of the te
4508,2,fast_forward,1.562829,18.328264,0.647185,0.917435,0.214403,2048,2560,0,0.010000,0.311762,s or re-read passage
4509,4,stay,1.407950,18.310616,0.647241,0.917107,0.214403,2560,2560,0,0.010000,0.323193,s or re-read passage
4510,0,forward,1.815149,18.212412,0.646266,0.917253,0.221963,2560,2688,0,0.010000,0.393362,e comes next. The te
4511,3,fast_backward,1.480067,18.252533,0.633608,0.916749,0.177662,2688,2176,0,0.010000,0.390619,provide additional
4512,1,backward,1.733730,18.390894,0.623112,0.917271,0.175441,2176,2048,0,0.010000,0.457735,statistics of the te
4513,4,stay,1.571333,18.388314,0.622201,0.917303,0.175441,2048,2048,0,0.010000,0.457093,statistics of the te
4514,4,stay,1.628698,18.391320,0.621374,0.917286,0.175441,2048,2048,0,0.010000,0.397734,statistics of the te
4515,4,stay,1.551468,18.303945,0.620623,0.917115,0.175441,2048,2048,0,0.010000,0.303758,statistics of the te
4516,2,fast_forward,1.337032,18.247943,0.643956,0.917171,0.214403,2048,2560,0,0.010000,0.400394,s or re-read passage
4517,0,forward,1.660916,18.302424,0.643047,0.916991,0.221963,2560,2688,0,0.010000,0.357877,e comes next. The te
4518,3,fast_backward,1.507841,18.187461,0.631039,0.916784,0.177662,2688,2176,0,0.010000,0.205082,provide additional
4519,1,backward,1.717672,18.299997,0.620447,0.917428,0.175441,2176,2048,0,0.010000,0.262831,statistics of the te
4520,1,backward,1.510433,18.152994,0.661517,0.917731,0.254057,2048,1920,0,0.010000,0.245710,rror. Evaluation of
4521,0,forward,1.468832,18.203637,0.621565,0.917125,0.175441,1920,2048,0,0.010000,0.305270,statistics of the te
4522,2,fast_forward,1.334185,18.351271,0.644771,0.917298,0.214403,2048,2560,0,0.010000,0.332131,s or re-read passage
4523,3,fast_backward,1.556636,18.079785,0.621286,0.917156,0.175441,2560,2048,0,0.010000,0.330388,statistics of the te
4524,0,forward,1.636948,18.179522,0.630596,0.916956,0.177662,2048,2176,0,0.010000,0.395279,provide additional
4525,3,fast_backward,1.489827,18.040612,0.615912,0.917068,0.169394,2176,1664,0,0.010000,0.348024,"If it remains flat,"
4526,0,forward,1.161096,18.147930,0.634156,0.916660,0.184100,1664,1792,0,0.010000,0.399821,gnostic signals. A s
4527,0,forward,1.728193,18.026755,0.660311,0.917669,0.254057,1792,1920,0,0.010000,0.324231,rror. Evaluation of
4528,1,backward,0.933831,18.210729,0.635417,0.916919,0.184100,1920,1792,0,0.010000,0.334545,gnostic signals. A s
4529,2,fast_forward,1.382292,18.155535,0.632595,0.917155,0.197942,1792,2304,0,0.010000,0.343641,nd bounded predictio
4530,3,fast_backward,1.803098,17.942990,0.635204,0.916786,0.184100,2304,1792,0,0.010000,0.478132,gnostic signals. A s
4531,2,fast_forward,1.648698,18.133402,0.632339,0.916994,0.197942,1792,2304,0,0.010000,0.342042,nd bounded predictio
4532,3,fast_backward,1.458111,18.407076,0.635049,0.916946,0.184100,2304,1792,0,0.010000,0.401605,gnostic signals. A s
4533,3,fast_backward,1.638514,18.609386,0.627547,0.916845,0.179216,1792,1280,0,0.010000,0.342329,h character blocks i
4534,4,stay,1.366833,18.486989,0.627334,0.916857,0.179216,1280,1280,0,0.010000,0.197915,h character blocks i
4535,0,forward,1.579749,18.548158,0.645443,0.917282,0.200901,1280,1408,0,0.010000,0.342837,tor using a random p
4536,4,stay,1.304218,18.237947,0.645770,0.917477,0.200901,1408,1408,0,0.010000,0.405149,tor using a random p
4537,4,stay,1.538437,18.324660,0.646075,0.917379,0.200901,1408,1408,0,0.010000,0.264418,tor using a random p
4538,1,backward,1.782328,18.420367,0.628035,0.917020,0.179216,1408,1280,0,0.010000,0.281250,h character blocks i
4539,2,fast_forward,1.909637,18.488582,0.635004,0.916920,0.184100,1280,1792,0,0.010000,0.585753,gnostic signals. A s
4540,1,backward,1.310978,18.580536,0.614683,0.917229,0.169394,1792,1664,0,0.010000,0.331172,"If it remains flat,"
4541,4,stay,1.571137,18.410838,0.613909,0.917354,0.169394,1664,1664,0,0.010000,0.295857,"If it remains flat,"
4542,0,forward,1.039693,18.306722,0.633197,0.916729,0.184100,1664,1792,0,0.010000,0.377524,gnostic signals. A s
4543,4,stay,1.613335,18.211816,0.632981,0.916793,0.184100,1792,1792,0,0.010000,0.441241,gnostic signals. A s
4544,0,forward,1.775808,18.097789,0.659290,0.917563,0.254057,1792,1920,0,0.010000,0.345337,rror. Evaluation of
4545,0,forward,1.738041,18.305782,0.618925,0.917719,0.175441,1920,2048,0,0.010000,0.318379,statistics of the te
4546,3,fast_backward,1.515979,18.366811,0.661023,0.917578,0.263143,2048,1536,0,0.010000,0.189618,text loop focuses o
4547,2,fast_forward,1.425522,18.414382,0.620447,0.917247,0.175441,1536,2048,0,0.010000,0.309432,statistics of the te
4548,0,forward,1.454201,18.504721,0.630131,0.916804,0.177662,2048,2176,0,0.010000,0.435467,provide additional
4549,2,fast_forward,1.823681,18.343196,0.642400,0.916931,0.221963,2176,2688,0,0.010000,0.346556,e comes next. The te
4550,2,fast_forward,1.543541,18.397949,0.657788,0.917436,0.245962,2688,3200,0,0.010000,0.243670,he surprise of its o
4551,0,forward,1.383155,18.509237,0.665715,0.917273,0.253067,3200,3328,0,0.010000,0.172117,ictable the current
4552,3,fast_backward,1.448679,18.530592,0.630833,0.916950,0.177215,3328,2816,0,0.010000,0.239512,racter blocks in ord
4553,2,fast_forward,1.932314,18.597995,0.666651,0.917091,0.253067,2816,3328,0,0.010000,0.459367,ictable the current
4554,2,fast_forward,1.492662,18.309302,0.643628,0.917470,0.211055,3328,3840,0,0.010000,0.307056,om scratch. The text
4555,3,fast_backward,1.583105,18.583210,0.668136,0.917276,0.253067,3840,3328,0,0.010000,0.188806,ictable the current
4556,1,backward,1.810974,18.318259,0.663008,0.917171,0.245962,3328,3200,0,0.010000,0.356810,he surprise of its o
4557,1,backward,1.939765,18.203186,0.640275,0.916571,0.203670,3200,3072,0,0.010000,0.480747,des the mathematical
4558,4,stay,1.841173,18.172680,0.640010,0.916462,0.203670,3072,3072,0,0.010000,0.195758,des the mathematical
4559,1,backward,1.278736,18.185454,0.647819,0.917508,0.190799,3072,2944,0,0.010000,0.357109,sing a random projec
4560,0,forward,1.693761,17.990440,0.639452,0.916776,0.203670,2944,3072,0,0.010000,0.365798,des the mathematical
4561,1,backward,1.510761,17.952147,0.647229,0.917742,0.190799,3072,2944,0,0.010000,0.383506,sing a random projec
4562,1,backward,1.291192,17.995692,0.632622,0.917097,0.177215,2944,2816,0,0.010000,0.298125,racter blocks in ord
4563,3,fast_backward,1.509836,17.841237,0.637709,0.917017,0.197942,2816,2304,0,0.010000,0.398104,nd bounded predictio
4564,1,backward,1.212762,17.797771,0.634239,0.916719,0.177662,2304,2176,0,0.010000,0.468810,provide additional
4565,3,fast_backward,2.032563,17.902342,0.618996,0.917678,0.169394,2176,1664,0,0.010000,0.385711,"If it remains flat,"
4566,2,fast_forward,1.857873,17.875784,0.632341,0.916931,0.177662,1664,2176,0,0.010000,0.613624,provide additional
4567,1,backward,1.507681,18.035017,0.621782,0.917113,0.175441,2176,2048,0,0.010000,0.407714,statistics of the te
4568,3,fast_backward,1.793851,18.014297,0.663684,0.917549,0.263143,2048,1536,0,0.010000,0.476183,text loop focuses o
4569,0,forward,0.915600,17.811990,0.618539,0.917099,0.169394,1536,1664,0,0.010000,0.555475,"If it remains flat,"
4570,2,fast_forward,1.457473,17.628168,0.631966,0.916792,0.177662,1664,2176,0,0.010000,0.579875,provide additional
4571,1,backward,1.744211,17.734387,0.621320,0.917152,0.175441,2176,2048,0,0.010000,0.489083,statistics of the te
4572,3,fast_backward,1.380789,17.520561,0.663164,0.917485,0.263143,2048,1536,0,0.010000,0.616853,text loop focuses o
4573,2,fast_forward,1.111969,17.748514,0.622704,0.917802,0.175441,1536,2048,0,0.010000,0.626576,statistics of the te
4574,1,backward,1.595025,17.964654,0.664107,0.917454,0.254057,2048,1920,0,0.010000,0.458887,rror. Evaluation of
4575,2,fast_forward,1.528989,18.103420,0.626630,0.917320,0.168851,1920,2432,0,0.010000,0.417707,h an information-gai
4576,2,fast_forward,1.293373,17.957675,0.644749,0.917535,0.190799,2432,2944,0,0.010000,0.546040,sing a random projec
4577,3,fast_backward,1.482080,17.662845,0.625653,0.917182,0.168851,2944,2432,0,0.010000,0.617897,h an information-gai
4578,4,stay,1.610251,17.681576,0.624871,0.917282,0.168851,2432,2432,0,0.010000,0.413231,h an information-gai
4579,0,forward,1.622429,17.723163,0.645449,0.917151,0.214403,2432,2560,0,0.010000,0.340467,s or re-read passage
4580,1,backward,1.486713,17.508732,0.624628,0.917229,0.168851,2560,2432,0,0.010000,0.481929,h an information-gai
4581,3,fast_backward,1.874296,17.576109,0.662952,0.917509,0.254057,2432,1920,0,0.010000,0.364277,rror. Evaluation of
4582,2,fast_forward,1.396923,17.801327,0.625736,0.917358,0.168851,1920,2432,0,0.010000,0.422343,h an information-gai
4583,4,stay,1.513712,17.932505,0.624973,0.917410,0.168851,2432,2432,0,0.010000,0.404969,h an information-gai
4584,1,backward,1.932589,18.056428,0.634347,0.917056,0.197942,2432,2304,0,0.010000,0.503346,nd bounded predictio
4585,0,forward,1.394875,17.815864,0.624467,0.917220,0.168851,2304,2432,0,0.010000,0.498199,h an information-gai
4586,3,fast_backward,1.642321,17.891516,0.662798,0.917505,0.254057,2432,1920,0,0.010000,0.551592,rror. Evaluation of
4587,1,backward,1.682567,18.003047,0.637308,0.917051,0.184100,1920,1792,0,0.010000,0.347105,gnostic signals. A s
4588,4,stay,1.664095,18.033220,0.636795,0.916789,0.184100,1792,1792,0,0.010000,0.431734,gnostic signals. A s
4589,3,fast_backward,1.943042,18.042805,0.629519,0.916956,0.179216,1792,1280,0,0.010000,0.348038,h character blocks i
4590,2,fast_forward,1.655586,17.937125,0.636127,0.916670,0.184100,1280,1792,0,0.010000,0.433304,gnostic signals. A s
4591,3,fast_backward,1.792308,18.121042,0.628812,0.916724,0.179216,1792,1280,0,0.010000,0.434839,h character blocks i
4592,0,forward,1.706887,18.083816,0.647062,0.917546,0.200901,1280,1408,0,0.010000,0.355992,tor using a random p
4593,1,backward,1.533789,17.944216,0.628897,0.917034,0.179216,1408,1280,0,0.010000,0.321979,h character blocks i
4594,2,fast_forward,1.675994,17.934266,0.635750,0.916941,0.184100,1280,1792,0,0.010000,0.530334,gnostic signals. A s
4595,3,fast_backward,1.592904,18.091582,0.628287,0.917027,0.179216,1792,1280,0,0.010000,0.296780,h character blocks i
4596,1,backward,1.202765,18.238255,0.643920,0.916985,0.222530,1280,1152,0,0.010000,0.356032,phase comes next. T
4597,0,forward,1.869110,18.052744,0.628912,0.916934,0.179216,1152,1280,0,0.010000,0.400304,h character blocks i
4598,1,backward,1.778534,18.116770,0.644585,0.917129,0.222530,1280,1152,0,0.010000,0.469596,phase comes next. T
4599,1,backward,1.679357,18.290151,0.648452,0.917511,0.217769,1152,1024,0,0.010000,0.330342,ssages or re-read pa
4600,1,backward,1.466646,18.217539,0.620149,0.917040,0.165020,1024,896,0,0.010000,0.326939,d with an informatio
4601,0,forward,1.632085,18.296938,0.648028,0.917303,0.217769,896,1024,0,0.010000,0.361569,ssages or re-read pa
4602,1,backward,1.816950,18.384292,0.619911,0.917385,0.165020,1024,896,0,0.010000,0.560281,d with an informatio
4603,4,stay,1.337360,18.524133,0.619133,0.917125,0.165020,896,896,0,0.010000,0.484996,d with an informatio
4604,2,fast_forward,1.780016,18.316852,0.646583,0.917529,0.200901,896,1408,0,0.010000,0.589476,tor using a random p
4605,4,stay,1.425543,18.103246,0.646929,0.917527,0.200901,1408,1408,0,0.010000,0.278345,tor using a random p
4606,4,stay,1.954434,18.239891,0.647254,0.917868,0.200901,1408,1408,0,0.010000,0.615862,tor using a random p
4607,3,fast_backward,1.260914,18.145874,0.619441,0.917189,0.165020,1408,896,0,0.010000,0.348893,d with an informatio
4608,0,forward,1.685148,18.394675,0.647121,0.917287,0.217769,896,1024,0,0.010000,0.309533,ssages or re-read pa
4609,0,forward,1.373028,18.474783,0.644871,0.917155,0.222530,1024,1152,0,0.010000,0.606140,phase comes next. T
4610,1,backward,1.946869,18.479913,0.648364,0.917129,0.217769,1152,1024,0,0.010000,0.569330,ssages or re-read pa
4611,3,fast_backward,1.154032,18.302048,0.653486,0.917426,0.237833,1024,512,0,0.010000,0.608373,"ree energy, which is"
4612,1,backward,1.611793,18.541406,0.635743,0.916909,0.192597,512,384,0,0.010000,0.636083,Active inference pro
4613,1,backward,1.521528,18.612722,0.638153,0.916862,0.195890,384,256,0,0.010000,0.526514,"ned embeddings, no t"
4614,1,backward,1.745744,18.530033,0.641944,0.917450,0.186413,256,128,0,0.010000,0.344395,er a free-energy-min
4615,3,fast_backward,1.679957,18.486815,0.651216,0.917617,0.205664,128,0,0,0.010000,0.263167,Cognitive emergence
4616,1,backward,1.815978,18.337037,0.651290,0.917661,0.205664,0,0,0,0.010000,0.522984,Cognitive emergence
4617,4,stay,0.997333,18.505357,0.651354,0.917498,0.205664,0,0,0,0.010000,0.532650,Cognitive emergence
4618,2,fast_forward,1.317237,18.375919,0.654380,0.917510,0.237833,0,512,0,0.010000,0.346709,"ree energy, which is"
4619,2,fast_forward,1.737489,18.467743,0.650381,0.917220,0.217769,512,1024,0,0.010000,0.364450,ssages or re-read pa
4620,0,forward,1.507583,18.423530,0.648185,0.917078,0.222530,1024,1152,0,0.010000,0.408753,phase comes next. T
4621,2,fast_forward,1.463021,18.581633,0.620996,0.917003,0.169394,1152,1664,0,0.010000,0.325959,"If it remains flat,"
4622,3,fast_backward,1.415489,18.688285,0.647464,0.917229,0.222530,1664,1152,0,0.010000,0.251607,phase comes next. T
4623,1,backward,1.250026,18.417440,0.650640,0.917188,0.217769,1152,1024,0,0.010000,0.384313,ssages or re-read pa
4624,3,fast_backward,1.690196,18.296338,0.655826,0.917401,0.237833,1024,512,0,0.010000,0.472684,"ree energy, which is"
4625,1,backward,1.376977,18.388466,0.638546,0.916821,0.192597,512,384,0,0.010000,0.336377,Active inference pro
4626,4,stay,1.635884,18.413679,0.638179,0.916829,0.192597,384,384,0,0.010000,0.217350,Active inference pro
4627,1,backward,1.525783,18.353906,0.639996,0.916824,0.195890,384,256,0,0.010000,0.195338,"ned embeddings, no t"
4628,4,stay,1.567891,18.004207,0.639936,0.917164,0.195890,256,256,0,0.010000,0.298208,"ned embeddings, no t"
4629,0,forward,2.120231,18.026591,0.637682,0.916744,0.192597,256,384,0,0.010000,0.326187,Active inference pro
4630,1,backward,1.630703,17.858515,0.639616,0.916845,0.195890,384,256,0,0.010000,0.380534,"ned embeddings, no t"
4631,0,forward,1.258214,17.628913,0.637389,0.917114,0.192597,256,384,0,0.010000,0.461405,Active inference pro
4632,1,backward,1.277745,17.480558,0.639377,0.916751,0.195890,384,256,0,0.010000,0.514889,"ned embeddings, no t"
4633,4,stay,1.384027,17.419269,0.639416,0.916893,0.195890,256,256,0,0.010000,0.619515,"ned embeddings, no t"
4634,3,fast_backward,1.023247,17.393858,0.653267,0.917595,0.205664,256,0,0,0.010000,0.651258,Cognitive emergence
4635,3,fast_backward,1.411398,17.247133,0.653322,0.917754,0.205664,0,0,0,0.010000,0.593911,Cognitive emergence
4636,2,fast_forward,1.892992,17.344123,0.656016,0.917267,0.237833,0,512,0,0.010000,0.472775,"ree energy, which is"
4637,3,fast_backward,1.538602,17.613079,0.654591,0.917632,0.205664,512,0,0,0.010000,0.368620,Cognitive emergence
4638,4,stay,1.875464,17.709042,0.654555,0.917453,0.205664,0,0,0,0.010000,0.532170,Cognitive emergence
4639,2,fast_forward,1.592875,17.985474,0.657132,0.917269,0.237833,0,512,0,0.010000,0.550023,"ree energy, which is"
4640,0,forward,1.833425,17.868956,0.670301,0.917360,0.248914,512,640,0,0.010000,0.689538,ergy reflects how pr
4641,4,stay,1.571722,17.727776,0.671367,0.917433,0.248914,640,640,0,0.010000,0.432148,ergy reflects how pr
4642,1,backward,1.422884,17.676619,0.660466,0.917356,0.237833,640,512,0,0.010000,0.699955,"ree energy, which is"
4643,3,fast_backward,1.789447,17.833399,0.658899,0.917994,0.205664,512,0,0,0.010000,0.460713,Cognitive emergence
4644,4,stay,1.926034,17.776076,0.658551,0.917728,0.205664,0,0,0,0.010000,0.445590,Cognitive emergence
4645,0,forward,1.460541,17.777982,0.647573,0.917729,0.186413,0,128,0,0.010000,0.448550,er a free-energy-min
4646,2,fast_forward,1.330890,17.794227,0.671966,0.917311,0.248914,128,640,0,0.010000,0.463889,ergy reflects how pr
4647,0,forward,1.265887,17.789922,0.659723,0.917463,0.236386,640,768,0,0.010000,0.528041,"ext, free energy sho"
4648,3,fast_backward,1.221609,17.923000,0.645015,0.916810,0.195890,768,256,0,0.010000,0.654133,"ned embeddings, no t"
4649,1,backward,1.405326,18.027593,0.648109,0.917591,0.186413,256,128,0,0.010000,0.385319,er a free-energy-min
4650,1,backward,1.591519,18.227643,0.657867,0.917561,0.205664,128,0,0,0.010000,0.259840,Cognitive emergence
4651,1,backward,1.738223,18.329226,0.657605,0.917232,0.205664,0,0,0,0.010000,0.666009,Cognitive emergence
4652,2,fast_forward,1.666466,18.190133,0.659973,0.917378,0.237833,0,512,0,0.010000,0.473109,"ree energy, which is"
4653,2,fast_forward,1.885866,17.778759,0.655185,0.917076,0.217769,512,1024,0,0.010000,0.470845,ssages or re-read pa
4654,3,fast_backward,1.595590,17.706261,0.660792,0.917220,0.237833,1024,512,0,0.010000,0.406910,"ree energy, which is"
4655,2,fast_forward,1.799737,17.827472,0.656035,0.917457,0.217769,512,1024,0,0.010000,0.622732,ssages or re-read pa
4656,1,backward,1.456918,18.015586,0.629283,0.917338,0.165020,1024,896,0,0.010000,0.629149,d with an informatio
4657,2,fast_forward,1.704286,18.132085,0.654580,0.917438,0.200901,896,1408,0,0.010000,0.548605,tor using a random p
4658,2,fast_forward,2.164953,18.313626,0.670223,0.917782,0.254057,1408,1920,0,0.010000,0.652862,rror. Evaluation of
4659,4,stay,1.912209,18.168524,0.671673,0.917717,0.254057,1920,1920,0,0.010000,0.405611,rror. Evaluation of
4660,4,stay,1.396034,18.150370,0.673054,0.917624,0.254057,1920,1920,0,0.010000,0.676334,rror. Evaluation of
4661,2,fast_forward,1.475848,18.168509,0.636141,0.917292,0.168851,1920,2432,0,0.010000,0.620930,h an information-gai
4662,4,stay,1.496638,18.093591,0.634620,0.917124,0.168851,2432,2432,0,0.010000,0.382153,h an information-gai
4663,1,backward,1.542291,18.303190,0.643083,0.917366,0.197942,2432,2304,0,0.010000,0.518133,nd bounded predictio
4664,3,fast_backward,1.434053,18.734259,0.643554,0.916987,0.184100,2304,1792,0,0.010000,0.605211,gnostic signals. A s
4665,0,forward,1.355545,18.839097,0.670311,0.917535,0.254057,1792,1920,0,0.010000,0.606710,rror. Evaluation of
4666,0,forward,1.564685,18.955542,0.630865,0.917672,0.175441,1920,2048,0,0.010000,0.683551,statistics of the te
4667,1,backward,1.794798,19.064685,0.670736,0.917963,0.254057,2048,1920,0,0.010000,0.586162,rror. Evaluation of
4668,2,fast_forward,1.887262,19.138988,0.633663,0.917359,0.168851,1920,2432,0,0.010000,0.749497,h an information-gai
4669,1,backward,1.782640,18.972105,0.642278,0.917034,0.197942,2432,2304,0,0.010000,0.648466,nd bounded predictio
4670,4,stay,1.843888,18.647871,0.642020,0.917248,0.197942,2304,2304,0,0.010000,0.620467,nd bounded predictio
4671,4,stay,1.289183,18.522611,0.641786,0.917012,0.197942,2304,2304,0,0.010000,0.381635,nd bounded predictio
4672,4,stay,1.609805,18.509021,0.641572,0.917879,0.197942,2304,2304,0,0.010000,0.759167,nd bounded predictio
4673,2,fast_forward,1.623940,18.817953,0.635881,0.917348,0.177215,2304,2816,0,0.010000,0.581870,racter blocks in ord
4674,0,forward,1.556518,18.907413,0.649013,0.917779,0.190799,2816,2944,0,0.010000,0.441468,sing a random projec
4675,1,backward,1.535700,18.818912,0.634938,0.917056,0.177215,2944,2816,0,0.010000,0.523910,racter blocks in ord
4676,3,fast_backward,1.421459,18.795618,0.639801,0.917194,0.197942,2816,2304,0,0.010000,0.692455,nd bounded predictio
4677,4,stay,1.335420,18.673526,0.639703,0.917123,0.197942,2304,2304,0,0.010000,0.390118,nd bounded predictio
4678,0,forward,1.722628,18.538339,0.629566,0.917910,0.168851,2304,2432,0,0.010000,0.413539,h an information-gai
4679,0,forward,1.914015,18.558714,0.649202,0.917080,0.214403,2432,2560,0,0.010000,0.677948,s or re-read passage
4680,2,fast_forward,1.644817,18.558430,0.639773,0.916729,0.203670,2560,3072,0,0.010000,0.669412,des the mathematical
4681,2,fast_forward,1.658730,18.333999,0.648661,0.917551,0.197040,3072,3584,0,0.010000,0.400803,tests whether a fre
4682,0,forward,1.226237,18.467661,0.641292,0.916679,0.194548,3584,3712,0,0.010000,0.526461,s no pretrained embe
4683,0,forward,1.209910,18.308594,0.645489,0.917379,0.211055,3712,3840,0,0.010000,0.490484,om scratch. The text
4684,2,fast_forward,1.488572,18.160474,0.639177,0.917427,0.178443,3840,4352,0,0.010000,0.362620,ing agent can form p
4685,3,fast_backward,1.615093,18.504184,0.645314,0.917037,0.211055,4352,3840,0,0.010000,0.771216,om scratch. The text
4686,0,forward,1.745607,18.516110,0.631225,0.917235,0.173957,3840,3968,0,0.010000,0.395242,cter blocks in order
4687,2,fast_forward,1.478974,18.520485,0.640414,0.917389,0.194905,3968,4480,0,0.010000,0.497522,"iser, and no externa"
4688,4,stay,1.749180,18.251829,0.640408,0.917569,0.194905,4480,4480,0,0.010000,0.486748,"iser, and no externa"
4689,0,forward,1.676471,18.174073,0.640165,0.916921,0.204065,4480,4608,0,0.010000,0.368198,s the mathematical f
4690,1,backward,2.010347,18.030524,0.640421,0.917613,0.194905,4608,4480,0,0.010000,0.412160,"iser, and no externa"
4691,1,backward,1.369697,17.943167,0.638413,0.917248,0.178443,4480,4352,0,0.010000,0.590448,ing agent can form p
4692,0,forward,1.455866,17.814218,0.639875,0.917487,0.194905,4352,4480,0,0.010000,0.437847,"iser, and no externa"
4693,0,forward,1.698613,17.736591,0.639788,0.916674,0.204065,4480,4608,0,0.010000,0.427648,s the mathematical f
4694,0,forward,1.609194,17.975270,0.656826,0.917275,0.236303,4608,4736,0,0.010000,0.483089,surprise of its obs
4695,0,forward,1.356832,17.992760,0.671303,0.917296,0.257925,4736,4864,0,0.010000,0.614143,table the current ch
4696,1,backward,1.336393,17.795498,0.659519,0.917974,0.236303,4864,4736,0,0.010000,0.512212,surprise of its obs
4697,3,fast_backward,1.615585,17.834104,0.659494,0.917619,0.207990,4736,4224,0,0.010000,0.485473,he spontaneous forma
4698,4,stay,1.440351,17.812284,0.659398,0.917694,0.207990,4224,4224,0,0.010000,0.395741,he spontaneous forma
4699,0,forward,1.047748,17.743190,0.641294,0.917148,0.178443,4224,4352,0,0.010000,0.511261,ing agent can form p
4700,4,stay,1.693117,17.767263,0.640557,0.917189,0.178443,4352,4352,0,0.010000,0.503174,ing agent can form p
4701,2,fast_forward,2.169956,17.652444,0.672453,0.917277,0.257925,4352,4864,0,0.010000,0.362385,table the current ch
4702,0,forward,1.374313,17.613985,0.645562,0.917121,0.201395,4864,4992,0,0.010000,0.516109,decrease. Curiosity
4703,0,forward,1.707179,17.666849,0.640005,0.917200,0.190034,4992,5120,0,0.010000,0.633160,in term in its actio
4704,2,fast_forward,1.829423,17.680996,0.638590,0.916884,0.179660,5120,5632,0,0.010000,0.479376,ditional diagnostic
4705,1,backward,1.627810,17.681170,0.625794,0.917151,0.177647,5632,5504,0,0.010000,0.502734,of the text. If it r
4706,1,backward,1.554303,17.742388,0.664303,0.917524,0.248801,5504,5376,0,0.010000,0.391650,ation of the text lo
4707,3,fast_backward,1.879811,17.840233,0.673030,0.917165,0.257925,5376,4864,0,0.010000,0.388119,table the current ch
4708,0,forward,1.552537,17.789569,0.646265,0.917070,0.201395,4864,4992,0,0.010000,0.483074,decrease. Curiosity
4709,2,fast_forward,1.728725,17.875422,0.627935,0.916757,0.177647,4992,5504,0,0.010000,0.486743,of the text. If it r
4710,4,stay,1.390921,18.126807,0.627164,0.917085,0.177647,5504,5504,0,0.010000,0.505212,of the text. If it r
4711,1,backward,1.416808,18.204798,0.665479,0.917577,0.248801,5504,5376,0,0.010000,0.407004,ation of the text lo
4712,0,forward,1.524305,18.243482,0.627874,0.916970,0.177647,5376,5504,0,0.010000,0.507383,of the text. If it r
4713,0,forward,1.526593,18.304780,0.639066,0.916437,0.179660,5504,5632,0,0.010000,0.405516,ditional diagnostic
4714,4,stay,1.718377,18.099119,0.638199,0.916499,0.179660,5632,5632,0,0.010000,0.505360,ditional diagnostic
4715,0,forward,1.286430,18.025575,0.637041,0.917327,0.191195,5632,5760,0,0.010000,0.378894,prediction error. Cu
4716,4,stay,1.646363,18.392140,0.636933,0.917551,0.191195,5760,5760,0,0.010000,0.355802,prediction error. Cu
4717,1,backward,1.721584,18.335834,0.637286,0.916501,0.179660,5760,5632,0,0.010000,0.393634,ditional diagnostic
4718,2,fast_forward,1.453121,18.135207,0.669053,0.917590,0.258358,5632,6144,0,0.010000,0.359200,t. Evaluation of the
4719,1,backward,1.428606,18.134210,0.647670,0.916855,0.211594,6144,6016,0,0.010000,0.341223,d passages that prod
4720,1,backward,2.090057,18.378214,0.639835,0.917273,0.185794,6016,5888,0,0.010000,0.507380,ation-gain term in i
4721,2,fast_forward,1.413948,18.389836,0.635957,0.916736,0.178724,5888,6400,0,0.010000,0.351583,ovide additional dia
4722,4,stay,1.743372,18.453432,0.635264,0.916958,0.178724,6400,6400,0,0.010000,0.546427,ovide additional dia
4723,4,stay,1.419619,18.587063,0.634653,0.916863,0.178724,6400,6400,0,0.010000,0.445386,ovide additional dia
4724,4,stay,1.456779,18.670669,0.634116,0.916610,0.178724,6400,6400,0,0.010000,0.293700,ovide additional dia
4725,0,forward,1.601861,18.568781,0.641963,0.918024,0.187692,6400,6528,0,0.010000,0.358214,bounded prediction e
4726,1,backward,1.476767,18.497275,0.633512,0.916625,0.178724,6528,6400,0,0.010000,0.505276,ovide additional dia
4727,4,stay,1.832320,18.240081,0.633094,0.916672,0.178724,6400,6400,0,0.010000,0.341059,ovide additional dia
4728,3,fast_backward,1.358375,18.358425,0.635580,0.917289,0.185794,6400,5888,0,0.010000,0.351408,ation-gain term in i
4729,2,fast_forward,1.908647,18.457398,0.632811,0.916494,0.178724,5888,6400,0,0.010000,0.557424,ovide additional dia
4730,3,fast_backward,1.715422,18.540034,0.635217,0.917439,0.185794,6400,5888,0,0.010000,0.375378,ation-gain term in i
4731,1,backward,1.557557,18.630221,0.633405,0.917503,0.191195,5888,5760,0,0.010000,0.409370,prediction error. Cu
4732,0,forward,1.683778,18.763482,0.635523,0.917312,0.185794,5760,5888,0,0.010000,0.488542,ation-gain term in i
4733,3,fast_backward,1.304472,18.820979,0.660959,0.917329,0.248801,5888,5376,0,0.010000,0.300590,ation of the text lo
4734,4,stay,1.704726,19.125126,0.662570,0.917456,0.248801,5376,5376,0,0.010000,0.547012,ation of the text lo
4735,0,forward,1.472855,19.194807,0.625565,0.917090,0.177647,5376,5504,0,0.010000,0.568300,of the text. If it r
4736,2,fast_forward,1.765991,19.231947,0.646679,0.917108,0.211594,5504,6016,0,0.010000,0.577035,d passages that prod
4737,1,backward,1.726275,19.183747,0.638799,0.917262,0.185794,6016,5888,0,0.010000,0.631984,ation-gain term in i
4738,3,fast_backward,1.287334,18.971070,0.663641,0.917429,0.248801,5888,5376,0,0.010000,0.494931,ation of the text lo
4739,2,fast_forward,1.591016,18.673983,0.640246,0.917146,0.185794,5376,5888,0,0.010000,0.453002,ation-gain term in i
4740,3,fast_backward,1.291992,18.458004,0.664866,0.917724,0.248801,5888,5376,0,0.010000,0.429578,ation of the text lo
4741,2,fast_forward,1.640827,18.520468,0.641526,0.917272,0.185794,5376,5888,0,0.010000,0.647888,ation-gain term in i
4742,0,forward,1.664257,18.507963,0.648865,0.917299,0.211594,5888,6016,0,0.010000,0.382566,d passages that prod
4743,3,fast_backward,1.702325,18.544599,0.627918,0.917193,0.177647,6016,5504,0,0.010000,0.491908,of the text. If it r
4744,2,fast_forward,2.207616,18.325645,0.648441,0.917131,0.211594,5504,6016,0,0.010000,0.415856,d passages that prod
4745,3,fast_backward,1.520135,18.170755,0.627539,0.917147,0.177647,6016,5504,0,0.010000,0.315940,of the text. If it r
4746,0,forward,1.509719,18.309154,0.639147,0.916646,0.179660,5504,5632,0,0.010000,0.618239,ditional diagnostic
4747,0,forward,1.820918,18.301209,0.637479,0.917218,0.191195,5632,5760,0,0.010000,0.444987,prediction error. Cu
4748,2,fast_forward,1.885849,17.988524,0.625320,0.917420,0.172580,5760,6272,0,0.010000,0.494707,tistics of the text.
4749,3,fast_backward,1.304968,18.112062,0.636881,0.917129,0.191195,6272,5760,0,0.010000,0.356493,prediction error. Cu
4750,2,fast_forward,1.920192,18.403242,0.624742,0.917207,0.172580,5760,6272,0,0.010000,0.508015,tistics of the text.
4751,4,stay,1.590451,18.338460,0.624168,0.917246,0.172580,6272,6272,0,0.010000,0.398649,tistics of the text.
4752,4,stay,1.679576,18.291513,0.623646,0.917097,0.172580,6272,6272,0,0.010000,0.541073,tistics of the text.
4753,0,forward,1.678090,18.365696,0.634735,0.916529,0.178724,6272,6400,0,0.010000,0.248254,ovide additional dia
4754,1,backward,1.640323,18.445968,0.622733,0.917185,0.172580,6400,6272,0,0.010000,0.240335,tistics of the text.
4755,2,fast_forward,1.742453,18.624709,0.647490,0.916494,0.213473,6272,6784,0,0.010000,0.690538,. The model has no p
4756,4,stay,1.516691,18.734727,0.648217,0.916695,0.213473,6784,6784,0,0.010000,0.405822,. The model has no p
4757,1,backward,2.035915,18.900051,0.648947,0.917648,0.189681,6784,6656,0,0.010000,0.602422,aModel project tests
4758,0,forward,1.600694,18.877492,0.648888,0.916818,0.213473,6656,6784,0,0.010000,0.348180,. The model has no p
4759,3,fast_backward,1.640295,18.958487,0.624571,0.917700,0.172580,6784,6272,0,0.010000,0.272646,tistics of the text.
4760,0,forward,1.591021,18.822399,0.635504,0.916712,0.178724,6272,6400,0,0.010000,0.581846,ovide additional dia
4761,2,fast_forward,1.455676,18.842180,0.638375,0.916914,0.181668,6400,6912,0,0.010000,0.211725,nsory input from scr
4762,2,fast_forward,1.267850,18.787596,0.638070,0.917136,0.193286,6912,7424,0,0.010000,0.251210,in-text file. The mo
4763,4,stay,1.517831,18.718776,0.638338,0.916919,0.193286,7424,7424,0,0.010000,0.340105,in-text file. The mo
4764,0,forward,1.544292,18.264298,0.643736,0.917413,0.184508,7424,7552,0,0.010000,0.417475,each block to a fixe
4765,1,backward,1.595850,18.481193,0.638647,0.916783,0.193286,7552,7424,0,0.010000,0.646639,in-text file. The mo
4766,1,backward,1.650084,18.605589,0.652374,0.917300,0.229653,7424,7296,0,0.010000,0.325066,ns the statistics of
4767,0,forward,1.537321,18.542253,0.639843,0.916798,0.193286,7296,7424,0,0.010000,0.502416,in-text file. The mo
4768,0,forward,1.286063,18.486454,0.645077,0.917508,0.184508,7424,7552,0,0.010000,0.295072,each block to a fixe
4769,0,forward,1.682929,18.376578,0.650667,0.916906,0.222201,7552,7680,0,0.010000,0.354337,oduces the same vect
4770,4,stay,1.324719,18.599559,0.651460,0.917709,0.222201,7680,7680,0,0.010000,0.350325,oduces the same vect
4771,0,forward,1.388313,18.765240,0.632621,0.917483,0.171053,7680,7808,0,0.010000,0.578067,information-gain ter
4772,4,stay,1.099217,19.103744,0.631923,0.917282,0.171053,7808,7808,0,0.010000,0.390311,information-gain ter
4773,4,stay,1.029062,19.106384,0.631284,0.917444,0.171053,7808,7808,0,0.010000,0.167271,information-gain ter
4774,2,fast_forward,1.619984,19.091861,0.633654,0.916805,0.167731,7808,8320,0,0.010000,0.308214,ion provide addition
4775,0,forward,1.487981,19.005618,0.640543,0.917450,0.188304,8320,8448,0,0.010000,0.301659,e and bounded predic
4776,4,stay,1.907409,19.319747,0.640429,0.917678,0.188304,8448,8448,0,0.010000,0.577137,e and bounded predic
4777,1,backward,1.683270,19.659279,0.632653,0.916827,0.167731,8448,8320,0,0.010000,0.438520,ion provide addition
4778,1,backward,1.502829,19.516348,0.628735,0.917255,0.185017,8320,8192,0,0.010000,0.435690,he statistics of the
4779,2,fast_forward,1.516594,19.536073,0.651196,0.916827,0.214366,8192,8704,0,0.010000,0.636091,treams. The model ha
4780,3,fast_backward,1.899750,19.629611,0.629453,0.917171,0.185017,8704,8192,0,0.010000,0.641989,he statistics of the
4781,3,fast_backward,1.420979,19.512770,0.649409,0.916860,0.222201,8192,7680,0,0.010000,0.289459,oduces the same vect
4782,2,fast_forward,1.824443,19.445888,0.630255,0.917350,0.185017,7680,8192,0,0.010000,0.552026,he statistics of the
4783,4,stay,1.637911,19.717382,0.630114,0.917136,0.185017,8192,8192,0,0.010000,0.698951,he statistics of the
4784,0,forward,1.479631,19.459293,0.633420,0.916788,0.167731,8192,8320,0,0.010000,0.489613,ion provide addition
4785,2,fast_forward,1.384091,19.260326,0.640671,0.917342,0.199805,8320,8832,0,0.010000,0.644092,its sensory input fr
4786,0,forward,1.778402,19.139490,0.633455,0.917402,0.183160,8832,8960,0,0.010000,0.428893,s fixed-length chara
4787,1,backward,1.552569,19.192978,0.640988,0.917221,0.199805,8960,8832,0,0.010000,0.640911,its sensory input fr
4788,0,forward,1.802254,18.965780,0.633698,0.916876,0.183160,8832,8960,0,0.010000,0.501802,s fixed-length chara
4789,1,backward,1.725928,18.929237,0.641277,0.917292,0.199805,8960,8832,0,0.010000,0.561082,its sensory input fr
4790,1,backward,1.675854,18.851722,0.652700,0.916980,0.214366,8832,8704,0,0.010000,0.423453,treams. The model ha
4791,1,backward,1.309778,18.539602,0.650872,0.917612,0.187869,8704,8576,0,0.010000,0.476840,eroDataModel project
4792,0,forward,1.668344,18.415264,0.653262,0.917156,0.214366,8576,8704,0,0.010000,0.514248,treams. The model ha
4793,1,backward,1.480930,18.282095,0.651431,0.917869,0.187869,8704,8576,0,0.010000,0.580115,eroDataModel project
4794,4,stay,1.732356,18.330536,0.651253,0.917803,0.187869,8576,8576,0,0.010000,0.634910,eroDataModel project
4795,0,forward,1.945087,18.389364,0.653635,0.916575,0.214366,8576,8704,0,0.010000,0.495372,treams. The model ha
4796,3,fast_backward,1.492222,18.819601,0.631786,0.917285,0.185017,8704,8192,0,0.010000,0.560957,he statistics of the
4797,3,fast_backward,1.924689,18.391930,0.651637,0.917031,0.222201,8192,7680,0,0.010000,0.632045,oduces the same vect
4798,4,stay,1.695197,18.496756,0.652410,0.917065,0.222201,7680,7680,0,0.010000,0.537532,oduces the same vect
4799,3,fast_backward,1.130999,18.485416,0.678040,0.917360,0.257159,7680,7168,0,0.010000,0.666334,"of characters, the f"
4800,1,backward,1.167479,18.650777,0.648832,0.917130,0.218436,7168,7040,0,0.010000,0.523872,d updates it to mini
4801,0,forward,1.701827,18.550929,0.679754,0.917321,0.257159,7040,7168,0,0.010000,0.512135,"of characters, the f"
4802,2,fast_forward,1.604717,18.555777,0.656468,0.916927,0.222201,7168,7680,0,0.010000,0.606951,oduces the same vect
4803,3,fast_backward,1.577511,18.591447,0.681598,0.917614,0.257159,7680,7168,0,0.010000,0.589803,"of characters, the f"
4804,4,stay,1.323487,18.449764,0.682943,0.917322,0.257159,7168,7168,0,0.010000,0.521952,"of characters, the f"
4805,4,stay,1.361845,18.330987,0.684221,0.917658,0.257159,7168,7168,0,0.010000,0.646834,"of characters, the f"
4806,3,fast_backward,1.466507,18.176305,0.660900,0.917936,0.189681,7168,6656,0,0.010000,0.664201,aModel project tests
4807,2,fast_forward,1.666645,18.208886,0.684602,0.917440,0.257159,6656,7168,0,0.010000,0.687041,"of characters, the f"
4808,4,stay,1.572049,18.047139,0.685790,0.917331,0.257159,7168,7168,0,0.010000,0.573194,"of characters, the f"
4809,0,forward,1.369061,17.934238,0.665678,0.917194,0.229653,7168,7296,0,0.010000,0.517366,ns the statistics of
4810,0,forward,1.267154,18.146832,0.650580,0.917017,0.193286,7296,7424,0,0.010000,0.539616,in-text file. The mo
4811,4,stay,1.683873,17.965767,0.649957,0.916950,0.193286,7424,7424,0,0.010000,0.597777,in-text file. The mo
4812,2,fast_forward,1.587673,18.168951,0.662839,0.917291,0.214474,7424,7936,0,0.010000,0.614328,re-read passages tha
4813,3,fast_backward,2.034837,18.192207,0.649212,0.916779,0.193286,7936,7424,0,0.010000,0.569515,in-text file. The mo
4814,0,forward,1.560949,18.249037,0.653908,0.917481,0.184508,7424,7552,0,0.010000,0.527983,each block to a fixe
4815,2,fast_forward,2.016349,18.292588,0.679170,0.917443,0.257430,7552,8064,0,0.010000,0.645113,es next. Evaluation
4816,0,forward,1.451897,18.516359,0.640992,0.917477,0.185017,8064,8192,0,0.010000,0.655686,he statistics of the
4817,3,fast_backward,1.762526,18.550118,0.660147,0.916884,0.222201,8192,7680,0,0.010000,0.372192,oduces the same vect
4818,3,fast_backward,1.840748,18.631719,0.685061,0.917355,0.257159,7680,7168,0,0.010000,0.373933,"of characters, the f"
4819,3,fast_backward,1.623932,18.379561,0.661717,0.917749,0.189681,7168,6656,0,0.010000,0.353705,aModel project tests
4820,3,fast_backward,1.694486,18.433757,0.681109,0.917579,0.258358,6656,6144,0,0.010000,0.562490,t. Evaluation of the
4821,1,backward,1.466179,18.577752,0.659215,0.917113,0.211594,6144,6016,0,0.010000,0.583712,d passages that prod
4822,3,fast_backward,1.680882,18.396230,0.637264,0.916960,0.177647,6016,5504,0,0.010000,0.674492,of the text. If it r
4823,4,stay,1.821462,18.556256,0.636147,0.917005,0.177647,5504,5504,0,0.010000,0.638816,of the text. If it r
4824,2,fast_forward,1.565424,18.633938,0.656685,0.917397,0.211594,5504,6016,0,0.010000,0.626194,d passages that prod
4825,2,fast_forward,1.868356,18.652185,0.654026,0.917751,0.187692,6016,6528,0,0.010000,0.514181,bounded prediction e
4826,1,backward,1.787697,18.717638,0.644101,0.916519,0.178724,6528,6400,0,0.010000,0.490500,ovide additional dia
4827,1,backward,1.720361,18.267009,0.632275,0.917517,0.172580,6400,6272,0,0.010000,0.586533,tistics of the text.
4828,2,fast_forward,1.677472,18.027297,0.656140,0.916525,0.213473,6272,6784,0,0.010000,0.640475,. The model has no p
4829,0,forward,1.429573,18.164733,0.646185,0.917093,0.181668,6784,6912,0,0.010000,0.492276,nsory input from scr
4830,3,fast_backward,1.567675,18.165947,0.641867,0.916745,0.178724,6912,6400,0,0.010000,0.481091,ovide additional dia
4831,4,stay,1.588884,18.069196,0.641071,0.916669,0.178724,6400,6400,0,0.010000,0.520793,ovide additional dia
4832,0,forward,1.704594,17.827202,0.649055,0.917797,0.187692,6400,6528,0,0.010000,0.636159,bounded prediction e
4833,2,fast_forward,1.849288,18.026716,0.648214,0.917042,0.218436,6528,7040,0,0.010000,0.446552,d updates it to mini
4834,2,fast_forward,1.602837,17.901570,0.648753,0.917651,0.184508,7040,7552,0,0.010000,0.385160,each block to a fixe
4835,2,fast_forward,1.932858,17.887163,0.673500,0.917551,0.257430,7552,8064,0,0.010000,0.313488,es next. Evaluation
4836,4,stay,1.224560,17.989913,0.675072,0.917501,0.257430,8064,8064,0,0.010000,0.570599,es next. Evaluation
4837,1,backward,1.857622,17.947765,0.659135,0.917209,0.214474,8064,7936,0,0.010000,0.278484,re-read passages tha
4838,3,fast_backward,1.599908,17.958551,0.646371,0.916961,0.193286,7936,7424,0,0.010000,0.295324,in-text file. The mo
4839,1,backward,1.506954,17.875725,0.660404,0.917158,0.229653,7424,7296,0,0.010000,0.657509,ns the statistics of
4840,4,stay,1.557774,17.903165,0.661051,0.917513,0.229653,7296,7296,0,0.010000,0.325567,ns the statistics of
4841,1,backward,1.545376,17.918169,0.683205,0.917432,0.257159,7296,7168,0,0.010000,0.585502,"of characters, the f"
4842,1,backward,1.455782,17.855659,0.654380,0.917354,0.218436,7168,7040,0,0.010000,0.376687,d updates it to mini
4843,4,stay,1.581962,18.029357,0.654473,0.917143,0.218436,7040,7040,0,0.010000,0.602979,d updates it to mini
4844,0,forward,1.951893,18.034844,0.684499,0.917362,0.257159,7040,7168,0,0.010000,0.463168,"of characters, the f"
4845,4,stay,1.315256,18.080518,0.685787,0.917464,0.257159,7168,7168,0,0.010000,0.523848,"of characters, the f"
4846,3,fast_backward,1.764813,18.148092,0.662835,0.917689,0.189681,7168,6656,0,0.010000,0.373581,aModel project tests
4847,4,stay,1.269168,17.886476,0.661935,0.917795,0.189681,6656,6656,0,0.010000,0.363314,aModel project tests
4848,0,forward,1.759107,17.628749,0.660423,0.916826,0.213473,6656,6784,0,0.010000,0.514285,. The model has no p
4849,4,stay,1.825814,17.747639,0.660470,0.916599,0.213473,6784,6784,0,0.010000,0.353082,. The model has no p
4850,1,backward,1.577942,17.655503,0.661221,0.917765,0.189681,6784,6656,0,0.010000,0.678558,aModel project tests
4851,0,forward,1.504551,17.875891,0.659871,0.916808,0.213473,6656,6784,0,0.010000,0.456917,. The model has no p
4852,4,stay,1.889886,17.990115,0.660003,0.916768,0.213473,6784,6784,0,0.010000,0.484568,. The model has no p
4853,4,stay,1.377730,17.813584,0.660154,0.916637,0.213473,6784,6784,0,0.010000,0.410126,. The model has no p
4854,0,forward,1.248497,17.885818,0.650442,0.917289,0.181668,6784,6912,0,0.010000,0.506398,nsory input from scr
4855,4,stay,1.479414,17.956243,0.649684,0.917260,0.181668,6912,6912,0,0.010000,0.383253,nsory input from scr
4856,3,fast_backward,2.084283,17.773795,0.644600,0.916406,0.178724,6912,6400,0,0.010000,0.479655,ovide additional dia
4857,0,forward,1.675385,17.815916,0.652939,0.917716,0.187692,6400,6528,0,0.010000,0.384664,bounded prediction e
4858,4,stay,1.642940,17.702867,0.652274,0.918608,0.187692,6528,6528,0,0.010000,0.404110,bounded prediction e
4859,0,forward,1.523239,17.919379,0.657150,0.917795,0.189681,6528,6656,0,0.010000,0.392709,aModel project tests
4860,1,backward,1.248752,18.013724,0.651217,0.917718,0.187692,6656,6528,0,0.010000,0.403503,bounded prediction e
4861,1,backward,1.529132,18.083425,0.641886,0.916631,0.178724,6528,6400,0,0.010000,0.361673,ovide additional dia
4862,2,fast_forward,1.474119,17.791119,0.645313,0.917128,0.181668,6400,6912,0,0.010000,0.515079,nsory input from scr
4863,3,fast_backward,1.346288,17.994225,0.640651,0.916785,0.178724,6912,6400,0,0.010000,0.566539,ovide additional dia
4864,3,fast_backward,1.428652,18.320372,0.643190,0.917235,0.185794,6400,5888,0,0.010000,0.349042,ation-gain term in i
4865,2,fast_forward,1.479863,18.395081,0.639852,0.916413,0.178724,5888,6400,0,0.010000,0.344998,ovide additional dia
4866,4,stay,1.808845,18.489871,0.639287,0.916633,0.178724,6400,6400,0,0.010000,0.566329,ovide additional dia
4867,0,forward,1.715424,18.398099,0.647016,0.917810,0.187692,6400,6528,0,0.010000,0.489285,bounded prediction e
4868,4,stay,1.636045,18.438402,0.646781,0.917921,0.187692,6528,6528,0,0.010000,0.399307,bounded prediction e
4869,0,forward,1.546258,18.714014,0.652373,0.917795,0.189681,6528,6656,0,0.010000,0.485845,aModel project tests
4870,3,fast_backward,1.502541,18.882056,0.672681,0.917499,0.258358,6656,6144,0,0.010000,0.407656,t. Evaluation of the
4871,1,backward,1.296056,18.727748,0.651685,0.917301,0.211594,6144,6016,0,0.010000,0.417035,d passages that prod
4872,4,stay,1.774852,18.840649,0.651857,0.917226,0.211594,6016,6016,0,0.010000,0.579983,d passages that prod
4873,0,forward,1.500784,18.934197,0.674525,0.917567,0.258358,6016,6144,0,0.010000,0.598142,t. Evaluation of the
4874,0,forward,1.487368,19.137631,0.631461,0.917385,0.172580,6144,6272,0,0.010000,0.624110,tistics of the text.
4875,0,forward,1.768313,19.177524,0.641369,0.916505,0.178724,6272,6400,0,0.010000,0.700129,ovide additional dia
4876,0,forward,1.611402,19.003642,0.648848,0.917855,0.187692,6400,6528,0,0.010000,0.424962,bounded prediction e
4877,2,fast_forward,1.756777,18.964723,0.648484,0.917108,0.218436,6528,7040,0,0.010000,0.515005,d updates it to mini
4878,0,forward,1.319227,18.998273,0.679940,0.917836,0.257159,7040,7168,0,0.010000,0.398517,"of characters, the f"
4879,2,fast_forward,1.482800,19.191594,0.656558,0.917091,0.222201,7168,7680,0,0.010000,0.735408,oduces the same vect
4880,4,stay,1.523057,19.403689,0.657135,0.917187,0.222201,7680,7680,0,0.010000,0.573292,oduces the same vect
4881,3,fast_backward,1.499761,19.309558,0.682423,0.917471,0.257159,7680,7168,0,0.010000,0.488774,"of characters, the f"
4882,2,fast_forward,1.293044,19.368915,0.659120,0.916956,0.222201,7168,7680,0,0.010000,0.522632,oduces the same vect
4883,0,forward,1.368877,19.128382,0.640100,0.917362,0.171053,7680,7808,0,0.010000,0.482446,information-gain ter
4884,0,forward,1.740041,18.987352,0.659743,0.917545,0.214474,7808,7936,0,0.010000,0.615747,re-read passages tha
4885,4,stay,1.350786,19.151202,0.659801,0.917058,0.214474,7936,7936,0,0.010000,0.526501,re-read passages tha
4886,2,fast_forward,1.851508,19.217905,0.649524,0.917698,0.188304,7936,8448,0,0.010000,0.831502,e and bounded predic
4887,2,fast_forward,1.746274,19.477294,0.641337,0.916684,0.183160,8448,8960,0,0.010000,0.777078,s fixed-length chara
4888,0,forward,1.701461,19.676742,0.657304,0.917600,0.192782,8960,9088,0,0.010000,0.855904,servation vector usi
4889,2,fast_forward,1.875385,19.544819,0.662868,0.917555,0.221889,9088,9600,0,0.010000,0.905606,free energy should
4890,0,forward,1.348260,19.624216,0.655854,0.917593,0.183950,9600,9728,0,0.010000,0.609026,oDataModel project t
4891,1,backward,1.668664,19.733935,0.662693,0.917680,0.221889,9728,9600,0,0.010000,0.628238,free energy should
4892,1,backward,1.526179,19.853088,0.677204,0.917341,0.251548,9600,9472,0,0.010000,0.642379,reflects how predic
4893,2,fast_forward,1.691177,19.674804,0.652331,0.917315,0.189270,9472,9984,0,0.010000,0.797984,s sensory input from
4894,3,fast_backward,1.624480,19.753876,0.677808,0.917258,0.251548,9984,9472,0,0.010000,0.876079,reflects how predic
4895,1,backward,1.408022,19.691601,0.663495,0.917957,0.230188,9472,9344,0,0.010000,0.668322,"energy, which is the"
4896,2,fast_forward,1.469350,19.683257,0.659447,0.916651,0.211626,9344,9856,0,0.010000,0.742863,eams. The model has
4897,4,stay,1.571328,19.371506,0.659513,0.917377,0.211626,9856,9856,0,0.010000,0.367001,eams. The model has
4898,2,fast_forward,1.802284,19.256547,0.682790,0.917595,0.264807,9856,10368,0,0.010000,0.727991,learns the statistic
4899,3,fast_backward,1.741794,19.024013,0.661139,0.916606,0.211626,10368,9856,0,0.010000,0.649380,eams. The model has
4900,4,stay,1.550500,19.067197,0.661146,0.916738,0.211626,9856,9856,0,0.010000,0.524939,eams. The model has
4901,1,backward,1.655730,19.139446,0.660067,0.917729,0.183950,9856,9728,0,0.010000,0.366563,oDataModel project t
4902,0,forward,1.258651,19.024359,0.660474,0.916976,0.211626,9728,9856,0,0.010000,0.542310,eams. The model has
4903,2,fast_forward,1.561239,19.159887,0.683884,0.917505,0.264807,9856,10368,0,0.010000,0.297686,learns the statistic
4904,0,forward,1.401962,18.966246,0.664965,0.917077,0.231112,10368,10496,0,0.010000,0.359522,the curve decreases
4905,1,backward,1.382132,18.858704,0.685894,0.917540,0.264807,10496,10368,0,0.010000,0.624217,learns the statistic
4906,0,forward,1.610463,18.574741,0.666971,0.917127,0.231112,10368,10496,0,0.010000,0.491172,the curve decreases
4907,4,stay,2.035782,18.378014,0.667365,0.917099,0.231112,10496,10496,0,0.010000,0.335347,the curve decreases
4908,1,backward,1.753446,18.359688,0.688134,0.917393,0.264807,10496,10368,0,0.010000,0.388347,learns the statistic
4909,2,fast_forward,1.505255,18.292620,0.652715,0.917055,0.184111,10368,10880,0,0.010000,0.598857,ative observations.
4910,0,forward,1.741768,18.111414,0.659840,0.917484,0.205078,10880,11008,0,0.010000,0.494860,curiosity could driv
4911,1,backward,1.748413,18.058656,0.651063,0.916747,0.184111,11008,10880,0,0.010000,0.655426,ative observations.
4912,2,fast_forward,2.053333,18.023462,0.658232,0.917663,0.187022,10880,11392,0,0.010000,0.383252,ncoder maps each blo
4913,2,fast_forward,1.723703,18.042218,0.656353,0.917346,0.188113,11392,11904,0,0.010000,0.415972,curve with stable co
4914,4,stay,1.299269,17.879389,0.655594,0.917460,0.188113,11904,11904,0,0.010000,0.697436,curve with stable co
4915,2,fast_forward,1.248485,17.946419,0.640578,0.917028,0.178816,11904,12416,0,0.010000,0.553490,"E, the model was ex"
4916,3,fast_backward,1.432866,17.928723,0.653868,0.917281,0.188113,12416,11904,0,0.010000,0.755199,curve with stable co
4917,4,stay,1.465415,18.050589,0.653286,0.917323,0.188113,11904,11904,0,0.010000,0.491453,curve with stable co
4918,2,fast_forward,1.611392,17.967550,0.638418,0.916999,0.178816,11904,12416,0,0.010000,0.640945,"E, the model was ex"
4919,2,fast_forward,1.761665,17.776412,0.655094,0.917648,0.191578,12416,12928,0,0.010000,0.531959,fixed-dim observatio
4920,0,forward,1.444796,17.762510,0.651517,0.916664,0.198331,12928,13056,0,0.010000,0.878891,vector. Active infer
4921,0,forward,1.728494,17.576848,0.658406,0.917422,0.222642,13056,13184,0,0.010000,0.660045,"nimise free energy,"
4922,0,forward,1.945538,17.449717,0.680239,0.917296,0.249848,13184,13312,0,0.010000,0.630409,free energy reflect
4923,0,forward,1.676855,17.538966,0.663561,0.917419,0.218122,13312,13440,0,0.010000,0.964061,"of the text, free en"
4924,1,backward,1.747201,17.599127,0.681606,0.917348,0.249848,13440,13312,0,0.010000,0.706796,free energy reflect
4925,2,fast_forward,2.003261,17.655187,0.651414,0.918088,0.200124,13312,13824,0,0.010000,0.765142,ucture of its sensor
4926,2,fast_forward,1.310270,17.566128,0.638255,0.917129,0.175441,13824,14336,0,0.010000,0.826589,statistics of the te
4927,1,backward,1.556036,17.580583,0.678161,0.917601,0.254678,14336,14208,0,0.010000,0.897784,ctor. Evaluation of
4928,4,stay,1.888737,17.607762,0.679547,0.917394,0.254678,14208,14208,0,0.010000,0.931557,ctor. Evaluation of
4929,3,fast_backward,1.685403,17.809151,0.667118,0.916615,0.215574,14208,13696,0,0.010000,0.306968,haracter streams. Th
4930,0,forward,1.659371,17.849989,0.652711,0.917898,0.200124,13696,13824,0,0.010000,0.251815,ucture of its sensor
4931,1,backward,1.859854,17.936716,0.666738,0.916898,0.215574,13824,13696,0,0.010000,0.749623,haracter streams. Th
4932,3,fast_backward,1.311279,18.037217,0.662286,0.917444,0.222642,13696,13184,0,0.010000,0.659830,"nimise free energy,"
4933,3,fast_backward,1.343792,17.830950,0.659358,0.917234,0.212453,13184,12672,0,0.010000,0.789802,eline; the active re
4934,4,stay,1.417886,17.825863,0.659181,0.917455,0.212453,12672,12672,0,0.010000,0.472467,eline; the active re
4935,2,fast_forward,1.535299,17.886426,0.662128,0.917506,0.222642,12672,13184,0,0.010000,0.895105,"nimise free energy,"
4936,3,fast_backward,1.129647,18.112057,0.659325,0.917009,0.212453,13184,12672,0,0.010000,0.390377,eline; the active re
4937,2,fast_forward,1.666680,18.050330,0.662207,0.917351,0.222642,12672,13184,0,0.010000,0.205418,"nimise free energy,"
4938,3,fast_backward,1.498412,18.393701,0.659461,0.917206,0.212453,13184,12672,0,0.010000,0.773253,eline; the active re
4939,1,backward,1.817728,18.638530,0.664993,0.916628,0.219217,12672,12544,0,0.010000,0.765174,del to seek unfamili
4940,4,stay,1.657685,18.696953,0.664996,0.917224,0.219217,12544,12544,0,0.010000,0.750521,del to seek unfamili
4941,3,fast_backward,1.395489,18.760160,0.659894,0.917677,0.184648,12544,12032,0,0.010000,0.528367,lf-organising system
4942,4,stay,1.600866,18.639254,0.658932,0.917780,0.184648,12032,12032,0,0.010000,0.623977,lf-organising system
4943,0,forward,1.621407,18.882410,0.661300,0.916608,0.207896,12032,12160,0,0.010000,0.502796,om raw pixel or char
4944,2,fast_forward,1.795229,18.865129,0.657507,0.917514,0.212453,12160,12672,0,0.010000,0.455712,eline; the active re
4945,0,forward,1.615940,18.844999,0.652069,0.916589,0.195961,12672,12800,0,0.010000,0.509614,e model reads fixed-
4946,2,fast_forward,1.617729,18.800251,0.681177,0.917278,0.249848,12800,13312,0,0.010000,0.517511,free energy reflect
4947,3,fast_backward,1.367656,18.685362,0.652734,0.916733,0.195961,13312,12800,0,0.010000,0.563300,e model reads fixed-
4948,4,stay,1.533212,18.555468,0.652479,0.916809,0.195961,12800,12800,0,0.010000,0.490268,e model reads fixed-
4949,1,backward,1.609608,18.677241,0.657846,0.917344,0.212453,12800,12672,0,0.010000,0.461897,eline; the active re
4950,0,forward,1.371278,18.738496,0.652294,0.916496,0.195961,12672,12800,0,0.010000,0.489204,e model reads fixed-
4951,2,fast_forward,1.716483,19.035369,0.681752,0.917342,0.249848,12800,13312,0,0.010000,0.588155,free energy reflect
4952,2,fast_forward,1.675491,19.150280,0.652065,0.917540,0.200124,13312,13824,0,0.010000,0.633626,ucture of its sensor
4953,1,backward,1.555593,19.345850,0.665788,0.916774,0.215574,13824,13696,0,0.010000,0.662913,haracter streams. Th
4954,4,stay,1.869096,19.401100,0.665944,0.916436,0.215574,13696,13696,0,0.010000,0.869758,haracter streams. Th
4955,2,fast_forward,1.604856,19.232123,0.680209,0.917654,0.254678,13696,14208,0,0.010000,0.540752,ctor. Evaluation of
4956,0,forward,1.713364,19.273472,0.640451,0.917188,0.175441,14208,14336,0,0.010000,0.826697,statistics of the te
4957,2,fast_forward,1.805816,19.497183,0.662583,0.917489,0.214403,14336,14848,0,0.010000,0.759942,s or re-read passage
4958,2,fast_forward,1.376082,19.452173,0.664483,0.917336,0.220823,14848,15360,0,0.010000,0.625580,"stics of the text, f"
4959,3,fast_backward,2.065465,19.419392,0.662878,0.917093,0.214403,15360,14848,0,0.010000,0.826449,s or re-read passage
4960,2,fast_forward,1.511716,19.234920,0.664786,0.917298,0.220823,14848,15360,0,0.010000,0.884951,"stics of the text, f"
4961,3,fast_backward,1.481191,18.892602,0.663157,0.917224,0.214403,15360,14848,0,0.010000,0.432508,s or re-read passage
4962,0,forward,1.169788,18.729377,0.659472,0.917286,0.206793,14848,14976,0,0.010000,0.887221,e comes next. Active
4963,4,stay,1.230097,18.613091,0.659361,0.916536,0.206793,14976,14976,0,0.010000,0.642994,e comes next. Active
4964,3,fast_backward,1.815876,18.586928,0.648680,0.916712,0.177662,14976,14464,0,0.010000,0.832675,provide additional
4965,4,stay,1.546590,18.857106,0.647679,0.916861,0.177662,14464,14464,0,0.010000,0.698854,provide additional
4966,4,stay,0.942539,18.745228,0.646780,0.916964,0.177662,14464,14464,0,0.010000,0.782286,provide additional
4967,3,fast_backward,1.344154,18.682551,0.647184,0.916984,0.188260,14464,13952,0,0.010000,0.612875,model reads fixed-le
4968,1,backward,1.844562,18.528169,0.649157,0.917494,0.200124,13952,13824,0,0.010000,0.634734,ucture of its sensor
4969,0,forward,1.911936,18.499010,0.646997,0.916986,0.188260,13824,13952,0,0.010000,0.621855,model reads fixed-le
4970,2,fast_forward,1.552827,18.516077,0.645591,0.916933,0.177662,13952,14464,0,0.010000,0.303521,provide additional
4971,4,stay,1.476989,18.378706,0.644910,0.916789,0.177662,14464,14464,0,0.010000,0.432337,provide additional
4972,4,stay,1.626964,18.353503,0.644300,0.916762,0.177662,14464,14464,0,0.010000,0.844196,provide additional
4973,4,stay,1.845358,18.211777,0.643754,0.916894,0.177662,14464,14464,0,0.010000,0.383044,provide additional
4974,3,fast_backward,1.903730,18.339460,0.644782,0.916800,0.188260,14464,13952,0,0.010000,0.561061,model reads fixed-le
4975,2,fast_forward,1.236792,18.079749,0.643295,0.917118,0.177662,13952,14464,0,0.010000,0.549224,provide additional
4976,2,fast_forward,1.873106,18.392664,0.652918,0.916728,0.206793,14464,14976,0,0.010000,0.792246,e comes next. Active
4977,3,fast_backward,1.871719,18.540231,0.643185,0.916845,0.177662,14976,14464,0,0.010000,0.604753,provide additional
4978,3,fast_backward,1.187128,18.674760,0.644308,0.917115,0.188260,14464,13952,0,0.010000,0.677420,model reads fixed-le
4979,2,fast_forward,1.444106,18.635403,0.642876,0.916836,0.177662,13952,14464,0,0.010000,0.674698,provide additional
4980,1,backward,1.607192,18.830359,0.632617,0.917161,0.175441,14464,14336,0,0.010000,0.486695,statistics of the te
4981,2,fast_forward,1.630497,18.850133,0.656295,0.917185,0.214403,14336,14848,0,0.010000,0.471186,s or re-read passage
4982,0,forward,1.744188,18.975339,0.652635,0.916740,0.206793,14848,14976,0,0.010000,0.566636,e comes next. Active
4983,4,stay,1.654508,18.887954,0.653063,0.916885,0.206793,14976,14976,0,0.010000,0.565673,e comes next. Active
4984,2,fast_forward,1.514112,18.965005,0.646731,0.917388,0.209899,14976,15488,0,0.010000,0.297744,ief about the world
4985,0,forward,1.534576,19.054789,0.676751,0.917991,0.249726,15488,15616,0,0.010000,0.534001,agent reads a strea
4986,2,fast_forward,1.422019,19.104364,0.650146,0.917778,0.197962,15616,16128,0,0.010000,0.493123,language model. It m
4987,3,fast_backward,1.991367,19.395089,0.678177,0.917509,0.249726,16128,15616,0,0.010000,0.856926,agent reads a strea
4988,4,stay,1.592672,19.370973,0.679678,0.917478,0.249726,15616,15616,0,0.010000,0.838722,agent reads a strea
4989,3,fast_backward,1.926554,19.298632,0.657526,0.917352,0.215427,15616,15104,0,0.010000,0.585028,to minimise free en
4990,2,fast_forward,1.664838,19.456387,0.681357,0.917272,0.249726,15104,15616,0,0.010000,0.467342,agent reads a strea
4991,3,fast_backward,1.561810,19.490133,0.659278,0.917490,0.215427,15616,15104,0,0.010000,0.385175,to minimise free en
4992,3,fast_backward,1.551736,19.669011,0.652360,0.916966,0.197942,15104,14592,0,0.010000,0.427667,nd bounded predictio
4993,2,fast_forward,1.536423,19.715417,0.659143,0.917493,0.215427,14592,15104,0,0.010000,0.454942,to minimise free en
4994,1,backward,1.764935,19.759031,0.660144,0.917062,0.206793,15104,14976,0,0.010000,0.666915,e comes next. Active
4995,3,fast_backward,2.017953,19.904486,0.649559,0.916699,0.177662,14976,14464,0,0.010000,0.662742,provide additional
4996,0,forward,1.745615,19.786067,0.651231,0.917208,0.197942,14464,14592,0,0.010000,0.444128,nd bounded predictio
4997,0,forward,1.266595,19.556259,0.641645,0.917394,0.168851,14592,14720,0,0.010000,0.611283,h an information-gai
4998,4,stay,1.813749,19.493625,0.640585,0.917014,0.168851,14720,14720,0,0.010000,0.754693,h an information-gai
4999,3,fast_backward,1.751536,19.274681,0.677969,0.917570,0.254678,14720,14208,0,0.010000,0.447132,ctor. Evaluation of
