step,nav_action,nav_action_name,action_vec_norm,free_energy,prediction_error,confidence,obs_norm,pos_before,pos_after,wrapped,beta,info_gain,text_preview,buffer_size_after,in_consolidation,delta_fe_consolidation
0,0,forward,1.458941,0.001045,0.200748,0.897330,0.186413,0,128,0,0.999010,1.000000,er a free-energy-min,1,0,0.000000
1,0,forward,1.704887,0.001058,0.208066,0.916814,0.195890,128,256,0,0.998020,9.136847,"ned embeddings, no t",2,0,0.000000
2,0,forward,1.883949,0.000948,0.207481,0.916668,0.192597,256,384,0,0.997030,7.761633,Active inference pro,3,0,0.000000
3,1,backward,1.615462,0.000886,0.213840,0.917050,0.195890,384,256,1,0.996040,1.000000,"ned embeddings, no t",4,0,0.000000
4,1,backward,2.678281,0.000750,0.214719,0.918068,0.186413,256,128,1,0.995050,6.151917,er a free-energy-min,5,0,0.000000
5,0,forward,1.969180,0.000771,0.221306,0.916761,0.195890,128,256,0,0.994060,3.862261,"ned embeddings, no t",6,0,0.000000
6,0,forward,1.670406,0.000706,0.222822,0.916820,0.192597,256,384,0,0.993070,5.238319,Active inference pro,7,0,0.000000
7,4,stay,1.539376,0.000661,0.226244,0.916964,0.192597,384,384,0,0.992080,4.711864,Active inference pro,8,0,0.000000
8,1,backward,1.829878,0.000643,0.231224,0.917078,0.195890,384,256,1,0.991090,1.000000,"ned embeddings, no t",9,0,0.000000
9,0,forward,1.803281,0.000592,0.233440,0.916882,0.192597,256,384,0,0.990100,4.577383,Active inference pro,10,0,0.000000
10,2,fast_forward,1.667887,0.000426,0.211745,0.917249,0.165020,384,896,0,0.989110,3.873990,d with an informatio,11,0,0.000000
11,3,fast_backward,0.939254,0.000548,0.238662,0.916925,0.192597,896,384,1,0.988120,3.727596,Active inference pro,12,0,0.000000
12,1,backward,1.546897,0.000550,0.242661,0.916980,0.195890,384,256,1,0.987130,4.049222,"ned embeddings, no t",13,0,0.000000
13,2,fast_forward,1.878479,0.000856,0.284239,0.917986,0.236386,256,768,0,0.986140,3.389899,"ext, free energy sho",14,0,0.000000
14,2,fast_forward,2.004523,0.000418,0.230244,0.916885,0.179216,768,1280,0,0.985150,3.123666,h character blocks i,15,0,0.000000
15,4,stay,1.954041,0.000407,0.232805,0.916952,0.179216,1280,1280,0,0.984160,3.061411,h character blocks i,16,0,0.000000
16,3,fast_backward,1.117025,0.000791,0.293304,0.917432,0.236386,1280,768,1,0.983170,2.739101,"ext, free energy sho",17,0,0.000000
17,2,fast_forward,1.812682,0.000383,0.239317,0.917080,0.179216,768,1280,0,0.982180,2.705652,h character blocks i,18,0,0.000000
18,4,stay,1.786013,0.000375,0.241382,0.917012,0.179216,1280,1280,0,0.981190,2.551010,h character blocks i,19,0,0.000000
19,0,forward,2.282819,0.000452,0.270936,0.917856,0.200901,1280,1408,0,0.980200,1.579459,tor using a random p,20,0,0.000000
20,2,fast_forward,1.670755,0.000498,0.282513,0.917505,0.200430,1408,1920,0,0.979210,0.959359,rror. Cognitive emer,21,0,0.000000
21,0,forward,1.993144,0.000412,0.266384,0.917429,0.188672,1920,2048,0,0.978220,1.000000,whether a free-ener,22,0,0.000000
22,0,forward,1.409961,0.000436,0.272287,0.917659,0.194097,2048,2176,0,0.977230,0.823403,retrained embeddings,23,0,0.000000
23,2,fast_forward,1.685415,0.000706,0.312451,0.917269,0.240073,2176,2688,0,0.976240,2.355276,"the text, free ener",24,0,0.000000
24,2,fast_forward,2.226938,0.000354,0.256613,0.917140,0.180657,2688,3200,0,0.975250,2.672597,-length character bl,25,0,0.000000
25,1,backward,2.072335,0.000599,0.294413,0.917047,0.218552,3200,3072,1,0.974260,2.266145,eading phase comes n,26,0,0.000000
26,0,forward,1.829580,0.000344,0.259650,0.916838,0.180657,3072,3200,0,0.973270,1.425512,-length character bl,27,0,0.000000
27,0,forward,1.713474,0.000361,0.282695,0.917565,0.194453,3200,3328,0,0.972280,0.624662,on vector using a ra,28,0,0.000000
28,4,stay,1.513494,0.000353,0.284595,0.917547,0.194453,3328,3328,0,0.971290,2.123828,on vector using a ra,29,0,0.000000
29,4,stay,1.457341,0.000347,0.286395,0.917502,0.194453,3328,3328,0,0.970300,2.047721,on vector using a ra,30,0,0.000000
30,2,fast_forward,1.409684,0.000403,0.293773,0.917907,0.192127,3328,3840,0,0.969310,0.513179,tion error. Cognitiv,31,0,0.000000
31,2,fast_forward,1.381729,0.000493,0.303020,0.917378,0.212722,3840,4352,0,0.968320,1.266979,o minimise free ener,32,0,0.000000
32,4,stay,1.571087,0.000483,0.304506,0.917354,0.212722,4352,4352,0,0.967330,1.052032,o minimise free ener,33,0,0.000000
33,3,fast_backward,1.880721,0.000383,0.297541,0.917683,0.192127,4352,3840,1,0.966340,0.427793,tion error. Cognitiv,34,0,0.000000
34,2,fast_forward,1.436483,0.000471,0.306392,0.917543,0.212722,3840,4352,0,0.965350,2.905251,o minimise free ener,35,0,0.000000
35,3,fast_backward,2.208888,0.000371,0.299415,0.918043,0.192127,4352,3840,1,0.964360,2.226950,tion error. Cognitiv,36,0,0.000000
36,0,forward,1.904106,0.000368,0.296886,0.917316,0.197040,3840,3968,0,0.963370,2.075612,tests whether a fre,37,0,0.000000
37,0,forward,1.806643,0.000386,0.291284,0.916968,0.194548,3968,4096,0,0.962380,2.152053,s no pretrained embe,38,0,0.000000
38,3,fast_backward,1.496356,0.000422,0.262832,0.917028,0.169433,4096,3584,1,0.961390,2.075549,text. If it remains,39,0,0.000000
39,1,backward,1.752730,0.000774,0.350998,0.917375,0.262342,3584,3456,1,0.960400,0.138968,of the text loop foc,40,0,0.000000
40,3,fast_backward,1.597981,0.000567,0.317725,0.917404,0.219011,3456,2944,1,0.959410,1.866473,iar passages or re-r,41,0,0.000000
41,2,fast_forward,1.680126,0.000737,0.354880,0.917603,0.262342,2944,3456,0,0.958420,1.778612,of the text loop foc,42,0,0.000000
42,4,stay,2.166410,0.000711,0.358130,0.917368,0.262342,3456,3456,0,0.957430,1.687679,of the text loop foc,43,0,0.000000
43,3,fast_backward,1.825993,0.000543,0.325291,0.917450,0.219011,3456,2944,1,0.956440,1.200510,iar passages or re-r,44,0,0.000000
44,1,backward,1.309192,0.000304,0.281550,0.917094,0.170735,2944,2816,1,0.955450,0.487838,xtended with an info,45,0,0.000000
45,4,stay,1.394074,0.000296,0.279890,0.917143,0.170735,2816,2816,0,0.954460,1.125073,xtended with an info,46,0,0.000000
46,1,backward,1.376735,0.000553,0.338070,0.917319,0.240073,2816,2688,1,0.953470,1.136059,"the text, free ener",47,0,0.000000
47,0,forward,1.096684,0.000289,0.281046,0.917201,0.170735,2688,2816,0,0.952480,0.498414,xtended with an info,48,0,0.000000
48,2,fast_forward,1.582704,0.000311,0.305681,0.917373,0.194453,2816,3328,0,0.951490,0.356389,on vector using a ra,49,0,0.000000
49,0,forward,1.924236,0.000703,0.360679,0.917349,0.262342,3328,3456,0,0.950500,1.062781,of the text loop foc,50,0,0.000000
50,4,stay,1.469729,0.000679,0.363722,0.917708,0.262342,3456,3456,0,0.949510,0.362079,of the text loop foc,51,0,0.000000
51,1,backward,1.377047,0.000297,0.312855,0.917480,0.194453,3456,3328,1,0.948520,0.138517,on vector using a ra,52,0,0.000000
52,2,fast_forward,1.842547,0.000331,0.318059,0.917573,0.192127,3328,3840,0,0.947530,0.662583,tion error. Cognitiv,53,0,0.000000
53,4,stay,2.115762,0.000326,0.317381,0.917430,0.192127,3840,3840,0,0.946540,1.070409,tion error. Cognitiv,54,0,0.000000
54,1,backward,1.402415,0.000415,0.292083,0.916545,0.185869,3840,3712,1,0.945550,0.392792,al diagnostic signal,55,0,0.000000
55,3,fast_backward,1.732757,0.000318,0.288336,0.917029,0.180657,3712,3200,1,0.944560,0.443238,-length character bl,56,0,0.000000
56,0,forward,1.748247,0.000297,0.310531,0.917329,0.194453,3200,3328,0,0.943570,0.522819,on vector using a ra,57,0,0.000000
57,0,forward,1.669931,0.000685,0.364928,0.917591,0.262342,3328,3456,0,0.942580,0.459601,of the text loop foc,58,0,0.000000
58,4,stay,1.317039,0.000663,0.367781,0.917407,0.262342,3456,3456,0,0.941590,0.347712,of the text loop foc,59,0,0.000000
59,4,stay,1.392912,0.000643,0.370473,0.917636,0.262342,3456,3456,0,0.940600,0.453939,of the text loop foc,60,0,0.000000
60,1,backward,1.641651,0.000284,0.319965,0.917929,0.194453,3456,3328,1,0.939610,0.217852,on vector using a ra,61,0,0.000000
61,4,stay,1.499731,0.000281,0.319799,0.917378,0.194453,3328,3328,0,0.938620,0.390701,on vector using a ra,62,0,0.000000
62,2,fast_forward,1.205894,0.000322,0.323987,0.918112,0.192127,3328,3840,0,0.937630,0.656201,tion error. Cognitiv,63,0,0.000000
63,1,backward,1.550045,0.000411,0.297938,0.917288,0.185869,3840,3712,1,0.936640,0.369717,al diagnostic signal,64,0,0.000000
64,1,backward,1.588730,0.000423,0.283584,0.917079,0.169433,3712,3584,1,0.935650,0.363375,text. If it remains,65,0,0.000000
65,1,backward,1.532773,0.000670,0.368317,0.917525,0.262342,3584,3456,1,0.934660,0.661912,of the text loop foc,66,0,0.000000
66,1,backward,1.833940,0.000282,0.318175,0.917553,0.194453,3456,3328,1,0.933670,0.387271,on vector using a ra,67,0,0.000000
67,4,stay,1.439306,0.000280,0.318275,0.917459,0.194453,3328,3328,0,0.932680,0.387066,on vector using a ra,68,0,0.000000
68,2,fast_forward,1.298590,0.000321,0.321889,0.918175,0.192127,3328,3840,0,0.931690,0.238181,tion error. Cognitiv,69,0,0.000000
69,0,forward,1.491221,0.000323,0.318576,0.917529,0.197040,3840,3968,0,0.930700,0.415245,tests whether a fre,70,0,0.000000
70,0,forward,1.595376,0.000343,0.310315,0.917020,0.194548,3968,4096,0,0.929710,0.526951,s no pretrained embe,71,0,0.000000
71,2,fast_forward,1.401881,0.000466,0.343242,0.917728,0.231827,4096,4608,0,0.928720,0.492781,"ics of the text, fre",72,0,0.000000
72,3,fast_backward,1.526820,0.000338,0.311258,0.916968,0.194548,4608,4096,1,0.927730,0.340144,s no pretrained embe,73,0,0.000000
73,4,stay,1.585543,0.000334,0.310610,0.916709,0.194548,4096,4096,0,0.926740,0.558634,s no pretrained embe,74,0,0.000000
74,4,stay,1.658279,0.000331,0.310059,0.916894,0.194548,4096,4096,0,0.925750,0.657443,s no pretrained embe,75,0,0.000000
75,1,backward,1.629471,0.000319,0.317914,0.917613,0.197040,4096,3968,1,0.924760,0.683782,tests whether a fre,76,0,0.000000
76,4,stay,1.334243,0.000317,0.317967,0.917418,0.197040,3968,3968,0,0.923770,0.572577,tests whether a fre,77,0,0.000000
77,2,fast_forward,1.572332,0.000646,0.369441,0.917184,0.260843,3968,4480,0,0.922780,0.474048,the free energy ref,78,0,0.000000
78,4,stay,1.584414,0.000621,0.371936,0.917628,0.260843,4480,4480,0,0.921790,0.675717,the free energy ref,79,0,0.000000
79,1,backward,1.750979,0.000380,0.333676,0.917450,0.212722,4480,4352,1,0.920800,0.866749,o minimise free ener,80,0,0.000000
80,2,fast_forward,1.759179,0.000490,0.331351,0.917243,0.212515,4352,4864,0,0.919810,0.832966,nfamiliar passages o,81,0,0.000000
81,2,fast_forward,1.528609,0.000527,0.364327,0.917610,0.248801,4864,5376,0,0.918820,0.454849,ation of the text lo,82,0,0.000000
82,1,backward,1.421160,0.000307,0.332288,0.917388,0.201111,5376,5248,1,0.917830,0.836643,ervation vector usin,83,0,0.000000
83,3,fast_backward,1.656511,0.000296,0.304800,0.918111,0.181195,5248,4736,1,0.916840,1.024017,was extended with a,84,0,0.000000
84,1,backward,1.909442,0.000442,0.348597,0.917671,0.231827,4736,4608,1,0.915850,0.888190,"ics of the text, fre",85,0,0.000000
85,2,fast_forward,1.300571,0.000336,0.296958,0.916882,0.183160,4608,5120,0,0.914860,0.620415,fixed-length charac,86,0,0.000000
86,3,fast_backward,1.471600,0.000443,0.348836,0.917614,0.231827,5120,4608,1,0.913870,0.820603,"ics of the text, fre",87,0,0.000000
87,4,stay,1.224413,0.000437,0.350078,0.917486,0.231827,4608,4608,0,0.912880,0.586640,"ics of the text, fre",88,0,0.000000
88,3,fast_backward,1.693524,0.000323,0.318070,0.916833,0.194548,4608,4096,1,0.911890,0.969853,s no pretrained embe,89,0,0.000000
89,0,forward,1.551071,0.000288,0.322113,0.916688,0.199042,4096,4224,0,0.910900,0.766508,om scratch. Active i,90,0,0.000000
90,1,backward,1.656913,0.000319,0.316613,0.916762,0.194548,4224,4096,1,0.909910,0.823191,s no pretrained embe,91,0,0.000000
91,2,fast_forward,1.225697,0.000441,0.349253,0.917631,0.231827,4096,4608,0,0.908920,0.801501,"ics of the text, fre",92,0,0.000000
92,2,fast_forward,1.775550,0.000329,0.297547,0.916738,0.183160,4608,5120,0,0.907930,0.746721,fixed-length charac,93,0,0.000000
93,0,forward,1.196517,0.000308,0.332159,0.917999,0.201111,5120,5248,0,0.906940,0.430998,ervation vector usin,94,0,0.000000
94,0,forward,1.508827,0.000530,0.366134,0.917497,0.248801,5248,5376,0,0.905950,0.730495,ation of the text lo,95,0,0.000000
95,0,forward,1.735407,0.000343,0.300028,0.917085,0.177647,5376,5504,0,0.904960,0.402115,of the text. If it r,96,0,0.000000
96,4,stay,1.639442,0.000332,0.298270,0.917226,0.177647,5504,5504,0,0.903970,0.512004,of the text. If it r,97,0,0.000000
97,3,fast_backward,1.561205,0.000429,0.336941,0.917313,0.217535,5504,4992,1,0.902980,0.303336,tive reading phase c,98,0,0.000000
98,0,forward,1.831443,0.000317,0.296783,0.916971,0.183160,4992,5120,0,0.901990,0.420667,fixed-length charac,99,0,0.000000
99,3,fast_backward,2.024895,0.000452,0.348463,0.917642,0.231827,5120,4608,1,0.901000,0.599562,"ics of the text, fre",100,1,-0.000077
100,0,forward,1.584108,0.000278,0.308306,0.917047,0.181195,4608,4736,0,0.868330,0.333491,was extended with a,101,0,0.000000
101,2,fast_forward,1.361377,0.000298,0.336670,0.917410,0.201111,4736,5248,0,0.867340,0.334536,ervation vector usin,102,0,0.000000
102,4,stay,1.772707,0.000294,0.336908,0.917499,0.201111,5248,5248,0,0.866350,0.504984,ervation vector usin,103,0,0.000000
103,0,forward,1.936991,0.000527,0.369262,0.917447,0.248801,5248,5376,0,0.865360,0.348189,ation of the text lo,104,0,0.000000
104,3,fast_backward,1.682664,0.000460,0.338437,0.917324,0.212515,5376,4864,1,0.864370,0.491827,nfamiliar passages o,105,0,0.000000
105,4,stay,1.337382,0.000457,0.337725,0.917334,0.212515,4864,4864,0,0.863380,0.483817,nfamiliar passages o,106,0,0.000000
106,2,fast_forward,1.527547,0.000518,0.369693,0.917505,0.248801,4864,5376,0,0.862390,0.457048,ation of the text lo,107,0,0.000000
107,0,forward,1.419734,0.000336,0.304458,0.917088,0.177647,5376,5504,0,0.861400,0.503373,of the text. If it r,108,0,0.000000
108,2,fast_forward,1.662201,0.000339,0.320752,0.917065,0.199703,5504,6016,0,0.860410,0.494692,del has no pretraine,109,0,0.000000
109,3,fast_backward,1.691025,0.000323,0.301825,0.916984,0.177647,6016,5504,1,0.859420,0.317530,of the text. If it r,110,0,0.000000
110,0,forward,1.186986,0.000342,0.299683,0.916609,0.179660,5504,5632,0,0.858430,0.301461,ditional diagnostic,111,0,0.000000
111,2,fast_forward,1.486108,0.000265,0.323223,0.916847,0.197463,5632,6144,0,0.857440,0.296112,put from scratch. Ac,112,0,0.000000
112,0,forward,1.490201,0.000379,0.333527,0.917291,0.213189,6144,6272,0,0.856450,0.270959,s it to minimise fre,113,0,0.000000
113,3,fast_backward,1.642293,0.000299,0.325294,0.917761,0.189174,6272,5760,1,0.855460,0.418824,prediction error. Co,114,0,0.000000
114,0,forward,1.385723,0.000274,0.326396,0.918001,0.191817,5760,5888,0,0.854470,0.499863,roject tests whether,115,0,0.000000
115,2,fast_forward,1.505926,0.000656,0.377134,0.917609,0.262808,5888,6400,0,0.853480,0.504658,"cters, the free ener",116,0,0.000000
116,0,forward,1.506677,0.000422,0.354034,0.917554,0.229475,6400,6528,0,0.852490,0.372241,tatistics of the tex,117,0,0.000000
117,3,fast_backward,1.745178,0.000334,0.320319,0.917099,0.199703,6528,6016,1,0.851500,0.361349,del has no pretraine,118,0,0.000000
118,3,fast_backward,1.682280,0.000323,0.301390,0.916978,0.177647,6016,5504,1,0.850510,0.441212,of the text. If it r,119,0,0.000000
119,2,fast_forward,1.367378,0.000332,0.318450,0.916666,0.199703,5504,6016,0,0.849520,0.453668,del has no pretraine,120,0,0.000000
120,0,forward,1.807495,0.000259,0.324599,0.916989,0.197463,6016,6144,0,0.848530,0.354864,put from scratch. Ac,121,0,0.000000
121,1,backward,1.168430,0.000329,0.317969,0.916869,0.199703,6144,6016,1,0.847540,0.420030,del has no pretraine,122,0,0.000000
122,0,forward,1.900494,0.000256,0.324228,0.916717,0.197463,6016,6144,0,0.846550,0.401820,put from scratch. Ac,123,0,0.000000
123,0,forward,1.618508,0.000372,0.334605,0.917390,0.213189,6144,6272,0,0.845560,0.501953,s it to minimise fre,124,0,0.000000
124,0,forward,2.045649,0.000640,0.378614,0.917215,0.262808,6272,6400,0,0.844570,0.512687,"cters, the free ener",125,0,0.000000
125,1,backward,1.624418,0.000360,0.338133,0.917258,0.213189,6400,6272,1,0.843580,0.413201,s it to minimise fre,126,0,0.000000
126,2,fast_forward,1.310427,0.000496,0.343225,0.917239,0.217662,6272,6784,0,0.842590,0.391204,seek unfamiliar pass,127,0,0.000000
127,4,stay,1.181181,0.000492,0.342713,0.917091,0.217662,6784,6784,0,0.841600,0.463125,seek unfamiliar pass,128,0,0.000000
128,0,forward,1.187569,0.000392,0.342415,0.917325,0.217235,6784,6912,0,0.840610,0.319808,the active reading p,129,0,0.000000
129,4,stay,1.565908,0.000389,0.342740,0.917040,0.217235,6912,6912,0,0.839620,0.303785,the active reading p,130,0,0.000000
130,1,backward,1.512392,0.000488,0.342991,0.917440,0.217662,6912,6784,1,0.838630,0.506275,seek unfamiliar pass,131,0,0.000000
131,0,forward,1.576433,0.000386,0.342694,0.917218,0.217235,6784,6912,0,0.837640,0.518946,the active reading p,132,0,0.000000
132,4,stay,1.524387,0.000383,0.343008,0.917285,0.217235,6912,6912,0,0.836650,0.366811,the active reading p,133,0,0.000000
133,1,backward,1.989511,0.000485,0.343208,0.917121,0.217662,6912,6784,1,0.835660,0.516337,seek unfamiliar pass,134,0,0.000000
134,2,fast_forward,1.583672,0.000544,0.374360,0.917530,0.253256,6784,7296,0,0.834670,0.511215,Evaluation of the t,135,0,0.000000
135,0,forward,1.226685,0.000287,0.304177,0.917124,0.172094,7296,7424,0,0.833680,0.393633,stics of the text. I,136,0,0.000000
136,3,fast_backward,1.700834,0.000380,0.343458,0.917571,0.217235,7424,6912,1,0.832690,0.395714,the active reading p,137,0,0.000000
137,3,fast_backward,1.533356,0.000618,0.380176,0.917566,0.262808,6912,6400,1,0.831700,0.450225,"cters, the free ener",138,0,0.000000
138,1,backward,1.700769,0.000347,0.340856,0.917526,0.213189,6400,6272,1,0.830710,0.495726,s it to minimise fre,139,0,0.000000
139,2,fast_forward,1.678165,0.000480,0.346108,0.917322,0.217662,6272,6784,0,0.829720,0.256440,seek unfamiliar pass,140,0,0.000000
140,2,fast_forward,1.821003,0.000529,0.376918,0.917355,0.253256,6784,7296,0,0.828730,0.333448,Evaluation of the t,141,0,0.000000
141,1,backward,1.188306,0.000278,0.337257,0.917397,0.194987,7296,7168,1,0.827740,0.351228,im observation vecto,142,0,0.000000
142,1,backward,1.738827,0.000356,0.314210,0.916503,0.192507,7168,7040,1,0.826750,0.481143,reads fixed-length,143,0,0.000000
143,3,fast_backward,1.904067,0.000401,0.358639,0.917519,0.229475,7040,6528,1,0.825760,0.359210,tatistics of the tex,144,0,0.000000
144,0,forward,1.979688,0.000292,0.307897,0.917075,0.178498,6528,6656,0,0.824770,0.482208,model was extended,145,0,0.000000
145,4,stay,1.692355,0.000283,0.306165,0.917097,0.178498,6656,6656,0,0.823780,0.363636,model was extended,146,0,0.000000
146,1,backward,1.834546,0.000409,0.356331,0.917382,0.229475,6656,6528,1,0.822790,0.296214,tatistics of the tex,147,0,0.000000
147,3,fast_backward,1.183369,0.000330,0.322965,0.916717,0.199703,6528,6016,1,0.821800,0.410197,del has no pretraine,148,0,0.000000
148,1,backward,1.516185,0.000268,0.332557,0.917948,0.191817,6016,5888,1,0.820810,0.345937,roject tests whether,149,0,0.000000
149,3,fast_backward,1.094876,0.000512,0.370935,0.917555,0.248801,5888,5376,1,0.819820,0.442005,ation of the text lo,150,0,0.000000
150,0,forward,1.527878,0.000315,0.306585,0.916904,0.177647,5376,5504,0,0.818830,0.385486,of the text. If it r,151,0,0.000000
151,3,fast_backward,1.869790,0.000396,0.344076,0.917117,0.217535,5504,4992,1,0.817840,0.382715,tive reading phase c,152,0,0.000000
152,3,fast_backward,1.810980,0.000597,0.380443,0.917185,0.260843,4992,4480,1,0.816850,0.463118,the free energy ref,153,0,0.000000
153,4,stay,1.877363,0.000574,0.382693,0.917397,0.260843,4480,4480,0,0.815860,0.280944,the free energy ref,154,0,0.000000
154,0,forward,1.366891,0.000403,0.359895,0.917472,0.231827,4480,4608,0,0.814870,0.412017,"ics of the text, fre",155,0,0.000000
155,2,fast_forward,1.610478,0.000316,0.310339,0.916645,0.183160,4608,5120,0,0.813880,0.336606,fixed-length charac,156,0,0.000000
156,4,stay,2.138629,0.000307,0.308844,0.916818,0.183160,5120,5120,0,0.812890,0.500299,fixed-length charac,157,0,0.000000
157,3,fast_backward,1.534531,0.000413,0.358334,0.917533,0.231827,5120,4608,1,0.811900,0.254041,"ics of the text, fre",158,0,0.000000
158,2,fast_forward,1.679988,0.000303,0.308681,0.916876,0.183160,4608,5120,0,0.810910,0.416503,fixed-length charac,159,0,0.000000
159,0,forward,1.195806,0.000295,0.342897,0.917439,0.201111,5120,5248,0,0.809920,0.437917,ervation vector usin,160,0,0.000000
160,0,forward,1.260519,0.000504,0.374281,0.917289,0.248801,5248,5376,0,0.808930,0.412431,ation of the text lo,161,0,0.000000
161,4,stay,1.714721,0.000492,0.376062,0.917483,0.248801,5376,5376,0,0.807940,0.488432,ation of the text lo,162,0,0.000000
162,1,backward,1.450340,0.000286,0.346506,0.917402,0.201111,5376,5248,1,0.806950,0.382251,ervation vector usin,163,0,0.000000
163,2,fast_forward,1.768172,0.000301,0.337764,0.917924,0.189174,5248,5760,0,0.805960,0.321672,prediction error. Co,164,0,0.000000
164,1,backward,1.863601,0.000356,0.308519,0.916515,0.179660,5760,5632,1,0.804970,0.401793,ditional diagnostic,165,0,0.000000
165,0,forward,1.348133,0.000297,0.333580,0.917771,0.189174,5632,5760,0,0.803980,0.455715,prediction error. Co,166,0,0.000000
166,3,fast_backward,1.554541,0.000293,0.341660,0.917642,0.201111,5760,5248,1,0.802990,0.255630,ervation vector usin,167,0,0.000000
167,0,forward,1.731908,0.000507,0.372859,0.917712,0.248801,5248,5376,0,0.802000,0.331709,ation of the text lo,168,0,0.000000
168,3,fast_backward,1.752106,0.000448,0.342872,0.917154,0.212515,5376,4864,1,0.801010,0.401746,nfamiliar passages o,169,0,0.000000
169,0,forward,1.823876,0.000401,0.346691,0.917187,0.217535,4864,4992,0,0.800020,0.491910,tive reading phase c,170,0,0.000000
170,1,backward,2.060045,0.000445,0.342042,0.917341,0.212515,4992,4864,1,0.799030,0.514370,nfamiliar passages o,171,0,0.000000
171,1,backward,1.340414,0.000268,0.312651,0.917061,0.181195,4864,4736,1,0.798040,0.483569,was extended with a,172,0,0.000000
172,0,forward,1.500539,0.000445,0.340015,0.917293,0.212515,4736,4864,0,0.797050,0.447364,nfamiliar passages o,173,0,0.000000
173,3,fast_backward,1.726787,0.000354,0.339996,0.917392,0.212722,4864,4352,1,0.796060,0.441819,o minimise free ener,174,0,0.000000
174,1,backward,1.663005,0.000275,0.328085,0.917184,0.199042,4352,4224,1,0.795070,0.331329,om scratch. Active i,175,0,0.000000
175,1,backward,0.965972,0.000298,0.321656,0.917101,0.194548,4224,4096,1,0.794080,0.480973,s no pretrained embe,176,0,0.000000
176,1,backward,1.710350,0.000288,0.330563,0.917343,0.197040,4096,3968,1,0.793090,0.319408,tests whether a fre,177,0,0.000000
177,4,stay,1.617710,0.000287,0.330351,0.917471,0.197040,3968,3968,0,0.792100,0.307884,tests whether a fre,178,0,0.000000
178,0,forward,1.546051,0.000296,0.320562,0.916862,0.194548,3968,4096,0,0.791110,0.298732,s no pretrained embe,179,0,0.000000
179,1,backward,1.538916,0.000287,0.329603,0.917807,0.197040,4096,3968,1,0.790120,0.463886,tests whether a fre,180,0,0.000000
180,1,backward,1.623429,0.000298,0.332635,0.917713,0.192127,3968,3840,1,0.789130,0.220970,tion error. Cognitiv,181,0,0.000000
181,4,stay,1.592844,0.000294,0.331933,0.917810,0.192127,3840,3840,0,0.788140,0.429569,tion error. Cognitiv,182,0,0.000000
182,4,stay,1.420507,0.000291,0.331287,0.917541,0.192127,3840,3840,0,0.787150,0.221670,tion error. Cognitiv,183,0,0.000000
183,2,fast_forward,2.224330,0.000359,0.336661,0.917322,0.212722,3840,4352,0,0.786160,0.538693,o minimise free ener,184,0,0.000000
184,0,forward,1.260417,0.000615,0.378375,0.917332,0.260843,4352,4480,0,0.785170,0.430954,the free energy ref,185,0,0.000000
185,2,fast_forward,1.533173,0.000407,0.343413,0.917108,0.217535,4480,4992,0,0.784180,0.396612,tive reading phase c,186,0,0.000000
186,0,forward,1.701190,0.000319,0.304706,0.917200,0.183160,4992,5120,0,0.783190,0.221388,fixed-length charac,187,0,0.000000
187,3,fast_backward,1.707313,0.000428,0.353877,0.917334,0.231827,5120,4608,1,0.782200,0.330082,"ics of the text, fre",188,0,0.000000
188,3,fast_backward,1.408493,0.000297,0.322102,0.917002,0.194548,4608,4096,1,0.781210,0.365879,s no pretrained embe,189,0,0.000000
189,3,fast_backward,1.642219,0.000371,0.296200,0.916948,0.169433,4096,3584,1,0.780220,0.522722,text. If it remains,190,0,0.000000
190,4,stay,1.708898,0.000354,0.293793,0.917160,0.169433,3584,3584,0,0.779230,0.406806,text. If it remains,191,0,0.000000
191,4,stay,1.584152,0.000340,0.291665,0.916658,0.169433,3584,3584,0,0.778240,0.259510,text. If it remains,192,0,0.000000
192,1,backward,1.287639,0.000679,0.375364,0.917616,0.262342,3584,3456,1,0.777250,0.328794,of the text loop foc,193,0,0.000000
193,3,fast_backward,1.716145,0.000466,0.344238,0.917351,0.219011,3456,2944,1,0.776260,0.311215,iar passages or re-r,194,0,0.000000
194,4,stay,1.599951,0.000461,0.344409,0.917334,0.219011,2944,2944,0,0.775270,0.516539,iar passages or re-r,195,0,0.000000
195,2,fast_forward,2.039372,0.000645,0.378115,0.917715,0.262342,2944,3456,0,0.774280,0.415151,of the text loop foc,196,0,0.000000
196,4,stay,2.000715,0.000622,0.380719,0.917385,0.262342,3456,3456,0,0.773290,0.355719,of the text loop foc,197,0,0.000000
197,2,fast_forward,1.809582,0.000284,0.334042,0.917584,0.197040,3456,3968,0,0.772300,0.267522,tests whether a fre,198,0,0.000000
198,1,backward,1.390803,0.000290,0.336777,0.918010,0.192127,3968,3840,1,0.771310,0.354537,tion error. Cognitiv,199,0,0.000000
199,4,stay,1.353369,0.000287,0.335769,0.917957,0.192127,3840,3840,0,0.770320,0.277639,tion error. Cognitiv,200,1,0.000069
200,1,backward,1.788413,0.000351,0.308189,0.916466,0.185869,3840,3712,1,0.737650,0.573444,al diagnostic signal,201,0,0.000000
201,0,forward,1.563849,0.000308,0.331317,0.917620,0.192127,3712,3840,0,0.736660,0.683463,tion error. Cognitiv,202,0,0.000000
202,3,fast_backward,1.739470,0.000275,0.328955,0.917464,0.194453,3840,3328,1,0.735670,0.480480,on vector using a ra,203,0,0.000000
203,2,fast_forward,1.728392,0.000304,0.330848,0.917708,0.192127,3328,3840,0,0.734680,0.598842,tion error. Cognitiv,204,0,0.000000
204,4,stay,1.665059,0.000300,0.330306,0.917693,0.192127,3840,3840,0,0.733690,0.473756,tion error. Cognitiv,205,0,0.000000
205,3,fast_backward,1.376561,0.000275,0.328528,0.917487,0.194453,3840,3328,1,0.732700,0.492928,on vector using a ra,206,0,0.000000
206,0,forward,1.827226,0.000656,0.378271,0.917634,0.262342,3328,3456,0,0.731710,0.544122,of the text loop foc,207,0,0.000000
207,4,stay,1.526254,0.000632,0.380846,0.917563,0.262342,3456,3456,0,0.730720,0.472946,of the text loop foc,208,0,0.000000
208,3,fast_backward,1.544290,0.000458,0.348985,0.917143,0.219011,3456,2944,1,0.729730,0.474837,iar passages or re-r,209,0,0.000000
209,3,fast_backward,1.553857,0.000432,0.355295,0.917316,0.231309,2944,2432,1,0.728740,0.596474,"mise free energy, wh",210,0,0.000000
210,1,backward,2.027454,0.000275,0.325152,0.916649,0.192752,2432,2304,1,0.727750,0.847062,atch. Active inferen,211,0,0.000000
211,0,forward,1.874589,0.000428,0.355286,0.917365,0.231309,2304,2432,0,0.726760,0.516452,"mise free energy, wh",212,0,0.000000
212,2,fast_forward,1.774939,0.000452,0.349661,0.917139,0.219011,2432,2944,0,0.725770,0.483427,iar passages or re-r,213,0,0.000000
213,2,fast_forward,1.782765,0.000602,0.383333,0.918039,0.262342,2944,3456,0,0.724780,0.526874,of the text loop foc,214,0,0.000000
214,4,stay,1.557535,0.000586,0.385625,0.917287,0.262342,3456,3456,0,0.723790,0.776747,of the text loop foc,215,0,0.000000
215,4,stay,1.631875,0.000571,0.387775,0.917784,0.262342,3456,3456,0,0.722800,0.394441,of the text loop foc,216,0,0.000000
216,1,backward,1.491197,0.000261,0.341183,0.917564,0.194453,3456,3328,1,0.721810,0.534805,on vector using a ra,217,0,0.000000
217,0,forward,1.680198,0.000564,0.389091,0.917814,0.262342,3328,3456,0,0.720820,0.467539,of the text loop foc,218,0,0.000000
218,0,forward,1.651891,0.000424,0.308469,0.917128,0.169433,3456,3584,0,0.719830,0.750620,text. If it remains,219,0,0.000000
219,3,fast_backward,1.394511,0.000423,0.347204,0.917055,0.218552,3584,3072,1,0.718840,0.564460,eading phase comes n,220,0,0.000000
220,2,fast_forward,1.505717,0.000393,0.304565,0.916914,0.169433,3072,3584,0,0.717850,0.558428,text. If it remains,221,0,0.000000
221,2,fast_forward,1.289107,0.000300,0.326167,0.916865,0.194548,3584,4096,0,0.716860,0.467169,s no pretrained embe,222,0,0.000000
222,0,forward,1.445758,0.000271,0.330949,0.916751,0.199042,4096,4224,0,0.715870,0.501288,om scratch. Active i,223,0,0.000000
223,0,forward,1.496103,0.000350,0.342368,0.917270,0.212722,4224,4352,0,0.714880,0.578222,o minimise free ener,224,0,0.000000
224,0,forward,1.730515,0.000584,0.382902,0.917526,0.260843,4352,4480,0,0.713890,0.578505,the free energy ref,225,0,0.000000
225,0,forward,1.629389,0.000407,0.359546,0.917193,0.231827,4480,4608,0,0.712900,0.452453,"ics of the text, fre",226,0,0.000000
226,0,forward,1.700117,0.000265,0.316595,0.916839,0.181195,4608,4736,0,0.711910,0.670016,was extended with a,227,0,0.000000
227,4,stay,1.504608,0.000260,0.314885,0.916974,0.181195,4736,4736,0,0.710920,0.827059,was extended with a,228,0,0.000000
228,3,fast_backward,1.304488,0.000266,0.330663,0.916530,0.199042,4736,4224,1,0.709930,0.777844,om scratch. Active i,229,0,0.000000
229,0,forward,1.619970,0.000350,0.342341,0.917413,0.212722,4224,4352,0,0.708940,0.499115,o minimise free ener,230,0,0.000000
230,3,fast_backward,1.782872,0.000294,0.337400,0.917913,0.192127,4352,3840,1,0.707950,0.587828,tion error. Cognitiv,231,0,0.000000
231,3,fast_backward,1.594318,0.000273,0.333856,0.917778,0.194453,3840,3328,1,0.706960,0.895980,on vector using a ra,232,0,0.000000
232,0,forward,1.417988,0.000610,0.382723,0.917424,0.262342,3328,3456,0,0.705970,0.750572,of the text loop foc,233,0,0.000000
233,4,stay,1.810031,0.000592,0.385089,0.917674,0.262342,3456,3456,0,0.704980,0.683960,of the text loop foc,234,0,0.000000
234,3,fast_backward,1.329606,0.000452,0.353610,0.917146,0.219011,3456,2944,1,0.703990,0.633457,iar passages or re-r,235,0,0.000000
235,4,stay,1.956457,0.000449,0.353024,0.917647,0.219011,2944,2944,0,0.703000,0.693598,iar passages or re-r,236,0,0.000000
236,0,forward,1.669594,0.000421,0.345182,0.917098,0.218552,2944,3072,0,0.702010,0.532902,eading phase comes n,237,0,0.000000
237,2,fast_forward,1.721184,0.000385,0.302923,0.917244,0.169433,3072,3584,0,0.701020,0.615189,text. If it remains,238,0,0.000000
238,2,fast_forward,1.681701,0.000298,0.324389,0.917072,0.194548,3584,4096,0,0.700030,0.808696,s no pretrained embe,239,0,0.000000
239,4,stay,1.602394,0.000295,0.323509,0.916908,0.194548,4096,4096,0,0.699040,0.617614,s no pretrained embe,240,0,0.000000
240,4,stay,1.531945,0.000292,0.322735,0.917447,0.194548,4096,4096,0,0.698050,0.555473,s no pretrained embe,241,0,0.000000
241,4,stay,1.694656,0.000290,0.322055,0.916891,0.194548,4096,4096,0,0.697060,0.829025,s no pretrained embe,242,0,0.000000
242,4,stay,1.896003,0.000288,0.321460,0.916817,0.194548,4096,4096,0,0.696070,0.729025,s no pretrained embe,243,0,0.000000
243,1,backward,2.020416,0.000290,0.330518,0.917616,0.197040,4096,3968,1,0.695080,0.648133,tests whether a fre,244,0,0.000000
244,1,backward,1.500814,0.000295,0.333500,0.917857,0.192127,3968,3840,1,0.694090,0.874809,tion error. Cognitiv,245,0,0.000000
245,3,fast_backward,1.577146,0.000279,0.330920,0.917546,0.194453,3840,3328,1,0.693100,0.584414,on vector using a ra,246,0,0.000000
246,2,fast_forward,1.428341,0.000293,0.332741,0.917675,0.192127,3328,3840,0,0.692110,0.647934,tion error. Cognitiv,247,0,0.000000
247,1,backward,1.720380,0.000349,0.307310,0.916706,0.185869,3840,3712,1,0.691120,0.630791,al diagnostic signal,248,0,0.000000
248,2,fast_forward,1.729298,0.000280,0.324850,0.916665,0.199042,3712,4224,0,0.690130,0.527660,om scratch. Active i,249,0,0.000000
249,4,stay,1.543315,0.000276,0.324771,0.916750,0.199042,4224,4224,0,0.689140,0.489356,om scratch. Active i,250,0,0.000000
250,1,backward,1.529186,0.000290,0.318373,0.916892,0.194548,4224,4096,1,0.688150,0.526373,s no pretrained embe,251,0,0.000000
251,1,backward,1.308653,0.000294,0.327609,0.917474,0.197040,4096,3968,1,0.687160,0.489145,tests whether a fre,252,0,0.000000
252,2,fast_forward,1.843518,0.000625,0.378137,0.917122,0.260843,3968,4480,0,0.686170,0.586818,the free energy ref,253,0,0.000000
253,2,fast_forward,1.870608,0.000411,0.342272,0.917250,0.217535,4480,4992,0,0.685180,0.521807,tive reading phase c,254,0,0.000000
254,2,fast_forward,1.635579,0.000312,0.303185,0.917175,0.177647,4992,5504,0,0.684190,0.607780,of the text. If it r,255,0,0.000000
255,3,fast_backward,1.799850,0.000408,0.341281,0.917366,0.217535,5504,4992,1,0.683200,0.605672,tive reading phase c,256,0,0.000000
256,2,fast_forward,1.716157,0.000302,0.302449,0.917225,0.177647,4992,5504,0,0.682210,0.528402,of the text. If it r,257,0,0.000000
257,3,fast_backward,1.315452,0.000407,0.340522,0.917139,0.217535,5504,4992,1,0.681220,0.577111,tive reading phase c,258,0,0.000000
258,4,stay,1.871619,0.000403,0.341088,0.917263,0.217535,4992,4992,0,0.680230,0.520370,tive reading phase c,259,0,0.000000
259,3,fast_backward,1.530282,0.000622,0.378588,0.917283,0.260843,4992,4480,1,0.679240,0.267291,the free energy ref,260,0,0.000000
260,3,fast_backward,1.537286,0.000288,0.332268,0.917619,0.197040,4480,3968,1,0.678250,0.272239,tests whether a fre,261,0,0.000000
261,1,backward,1.862862,0.000300,0.335514,0.917593,0.192127,3968,3840,1,0.677260,0.507540,tion error. Cognitiv,262,0,0.000000
262,4,stay,1.694729,0.000296,0.334613,0.917604,0.192127,3840,3840,0,0.676270,0.383648,tion error. Cognitiv,263,0,0.000000
263,0,forward,1.025775,0.000289,0.330657,0.917407,0.197040,3840,3968,0,0.675280,0.696727,tests whether a fre,264,0,0.000000
264,2,fast_forward,1.235503,0.000608,0.379822,0.917285,0.260843,3968,4480,0,0.674290,0.461397,the free energy ref,265,0,0.000000
265,3,fast_backward,1.864298,0.000284,0.332969,0.917448,0.197040,4480,3968,1,0.673300,0.594337,tests whether a fre,266,0,0.000000
266,2,fast_forward,1.756518,0.000587,0.381877,0.917439,0.260843,3968,4480,0,0.672310,0.454430,the free energy ref,267,0,0.000000
267,2,fast_forward,1.917396,0.000397,0.347003,0.917141,0.217535,4480,4992,0,0.671320,0.459778,tive reading phase c,268,0,0.000000
268,1,backward,1.646484,0.000444,0.342508,0.916926,0.212515,4992,4864,1,0.670330,0.412095,nfamiliar passages o,269,0,0.000000
269,1,backward,1.413280,0.000264,0.313465,0.916941,0.181195,4864,4736,1,0.669340,0.710911,was extended with a,270,0,0.000000
270,2,fast_forward,1.803983,0.000303,0.341209,0.917297,0.201111,4736,5248,0,0.668350,0.316629,ervation vector usin,271,0,0.000000
271,0,forward,1.498100,0.000506,0.372450,0.917735,0.248801,5248,5376,0,0.667360,0.420520,ation of the text lo,272,0,0.000000
272,3,fast_backward,1.256841,0.000443,0.342390,0.917123,0.212515,5376,4864,1,0.666370,0.483718,nfamiliar passages o,273,0,0.000000
273,1,backward,1.562802,0.000264,0.313439,0.917192,0.181195,4864,4736,1,0.665380,0.613889,was extended with a,274,0,0.000000
274,1,backward,1.902645,0.000419,0.356064,0.917480,0.231827,4736,4608,1,0.664390,0.415884,"ics of the text, fre",275,0,0.000000
275,1,backward,1.321007,0.000580,0.382616,0.917129,0.260843,4608,4480,1,0.663400,0.699752,the free energy ref,276,0,0.000000
276,4,stay,1.760238,0.000560,0.384764,0.917180,0.260843,4480,4480,0,0.662410,0.345736,the free energy ref,277,0,0.000000
277,2,fast_forward,1.048419,0.000389,0.350552,0.917338,0.217535,4480,4992,0,0.661420,0.600755,tive reading phase c,278,0,0.000000
278,3,fast_backward,1.339443,0.000546,0.386280,0.917372,0.260843,4992,4480,1,0.660430,0.644484,the free energy ref,279,0,0.000000
279,0,forward,1.698713,0.000393,0.363139,0.917898,0.231827,4480,4608,0,0.659440,0.620851,"ics of the text, fre",280,0,0.000000
280,2,fast_forward,1.350794,0.000324,0.313589,0.916765,0.183160,4608,5120,0,0.658450,0.478412,fixed-length charac,281,0,0.000000
281,4,stay,1.409929,0.000315,0.311837,0.917407,0.183160,5120,5120,0,0.657460,0.429396,fixed-length charac,282,0,0.000000
282,0,forward,1.505632,0.000291,0.345715,0.917805,0.201111,5120,5248,0,0.656470,0.405440,ervation vector usin,283,0,0.000000
283,3,fast_backward,1.594924,0.000268,0.316398,0.917219,0.181195,5248,4736,1,0.655480,0.644526,was extended with a,284,0,0.000000
284,0,forward,1.657599,0.000446,0.343563,0.917079,0.212515,4736,4864,0,0.654490,0.405402,nfamiliar passages o,285,0,0.000000
285,4,stay,1.636462,0.000443,0.342754,0.917116,0.212515,4864,4864,0,0.653500,0.310666,nfamiliar passages o,286,0,0.000000
286,0,forward,1.508481,0.000395,0.346338,0.917190,0.217535,4864,4992,0,0.652510,0.600095,tive reading phase c,287,0,0.000000
287,4,stay,1.535076,0.000391,0.346445,0.917225,0.217535,4992,4992,0,0.651520,0.501042,tive reading phase c,288,0,0.000000
288,3,fast_backward,1.470375,0.000577,0.382476,0.917347,0.260843,4992,4480,1,0.650530,0.465010,the free energy ref,289,0,0.000000
289,3,fast_backward,1.853108,0.000282,0.336663,0.917416,0.197040,4480,3968,1,0.649540,0.507376,tests whether a fre,290,0,0.000000
290,0,forward,1.637043,0.000298,0.326656,0.916764,0.194548,3968,4096,0,0.648550,0.425200,s no pretrained embe,291,0,0.000000
291,4,stay,1.227701,0.000295,0.325612,0.916981,0.194548,4096,4096,0,0.647560,0.425284,s no pretrained embe,292,0,0.000000
292,4,stay,1.476632,0.000292,0.324687,0.916827,0.194548,4096,4096,0,0.646570,0.403387,s no pretrained embe,293,0,0.000000
293,3,fast_backward,1.254617,0.000365,0.298655,0.916990,0.169433,4096,3584,1,0.645580,0.295656,text. If it remains,294,0,0.000000
294,0,forward,1.332405,0.000345,0.309332,0.917160,0.185869,3584,3712,0,0.644590,0.650933,al diagnostic signal,295,0,0.000000
295,1,backward,1.886405,0.000344,0.294341,0.917312,0.169433,3712,3584,1,0.643600,0.554491,text. If it remains,296,0,0.000000
296,2,fast_forward,1.670368,0.000292,0.318073,0.916988,0.194548,3584,4096,0,0.642610,0.503019,s no pretrained embe,297,0,0.000000
297,2,fast_forward,1.490975,0.000453,0.350977,0.917761,0.231827,4096,4608,0,0.641620,0.562048,"ics of the text, fre",298,0,0.000000
298,0,forward,1.397207,0.000248,0.307334,0.916970,0.181195,4608,4736,0,0.640630,0.516733,was extended with a,299,0,0.000000
299,1,backward,1.491704,0.000447,0.351890,0.917502,0.231827,4736,4608,1,0.639640,0.451087,"ics of the text, fre",300,1,-0.000073
300,4,stay,1.204861,0.000411,0.356949,0.917948,0.231827,4608,4608,0,0.606970,0.883934,"ics of the text, fre",301,0,0.000000
301,1,backward,1.670959,0.000571,0.383585,0.917362,0.260843,4608,4480,1,0.605980,0.614226,the free energy ref,302,0,0.000000
302,1,backward,1.914813,0.000335,0.345658,0.918005,0.212722,4480,4352,1,0.604990,0.604300,o minimise free ener,303,0,0.000000
303,0,forward,1.718383,0.000553,0.385489,0.917235,0.260843,4352,4480,0,0.604000,0.601311,the free energy ref,304,0,0.000000
304,1,backward,1.992683,0.000331,0.347758,0.917504,0.212722,4480,4352,1,0.603010,0.963406,o minimise free ener,305,0,0.000000
305,0,forward,1.750043,0.000538,0.387142,0.917508,0.260843,4352,4480,0,0.602020,0.680401,the free energy ref,306,0,0.000000
306,2,fast_forward,1.601979,0.000391,0.353156,0.917154,0.217535,4480,4992,0,0.601030,0.593573,tive reading phase c,307,0,0.000000
307,3,fast_backward,1.812509,0.000528,0.388321,0.917199,0.260843,4992,4480,1,0.600040,0.619965,the free energy ref,308,0,0.000000
308,0,forward,1.224172,0.000384,0.365112,0.917492,0.231827,4480,4608,0,0.599050,0.567658,"ics of the text, fre",309,0,0.000000
309,2,fast_forward,1.330289,0.000334,0.315619,0.916794,0.183160,4608,5120,0,0.598060,0.403896,fixed-length charac,310,0,0.000000
310,4,stay,1.497115,0.000323,0.313694,0.916874,0.183160,5120,5120,0,0.597070,0.557388,fixed-length charac,311,0,0.000000
311,4,stay,1.696959,0.000313,0.311996,0.916862,0.183160,5120,5120,0,0.596080,0.571729,fixed-length charac,312,0,0.000000
312,4,stay,1.407324,0.000305,0.310500,0.916676,0.183160,5120,5120,0,0.595090,0.530569,fixed-length charac,313,0,0.000000
313,1,backward,1.560243,0.000396,0.348513,0.917174,0.217535,5120,4992,1,0.594100,0.970724,tive reading phase c,314,0,0.000000
314,4,stay,1.588032,0.000392,0.348512,0.917161,0.217535,4992,4992,0,0.593110,0.535320,tive reading phase c,315,0,0.000000
315,4,stay,1.869669,0.000388,0.348519,0.917099,0.217535,4992,4992,0,0.592120,0.635219,tive reading phase c,316,0,0.000000
316,3,fast_backward,1.086718,0.000568,0.384235,0.917213,0.260843,4992,4480,1,0.591130,0.693384,the free energy ref,317,0,0.000000
317,0,forward,1.659936,0.000400,0.361592,0.917173,0.231827,4480,4608,0,0.590140,0.582274,"ics of the text, fre",318,0,0.000000
318,4,stay,1.686710,0.000395,0.362432,0.917246,0.231827,4608,4608,0,0.589150,0.698828,"ics of the text, fre",319,0,0.000000
319,0,forward,1.007340,0.000266,0.319769,0.917129,0.181195,4608,4736,0,0.588160,0.618848,was extended with a,320,0,0.000000
320,0,forward,1.467107,0.000442,0.346458,0.917012,0.212515,4736,4864,0,0.587170,0.947389,nfamiliar passages o,321,0,0.000000
321,4,stay,1.323167,0.000439,0.345471,0.917147,0.212515,4864,4864,0,0.586180,0.675540,nfamiliar passages o,322,0,0.000000
322,2,fast_forward,1.558393,0.000487,0.375495,0.917852,0.248801,4864,5376,0,0.585190,0.637007,ation of the text lo,323,0,0.000000
323,4,stay,1.393199,0.000477,0.377236,0.917308,0.248801,5376,5376,0,0.584200,0.659580,ation of the text lo,324,0,0.000000
324,3,fast_backward,1.616973,0.000435,0.348026,0.917216,0.212515,5376,4864,1,0.583210,0.787446,nfamiliar passages o,325,0,0.000000
325,1,backward,1.604813,0.000268,0.318781,0.917090,0.181195,4864,4736,1,0.582220,0.553803,was extended with a,326,0,0.000000
326,4,stay,1.241388,0.000261,0.316925,0.917119,0.181195,4736,4736,0,0.581230,0.650572,was extended with a,327,0,0.000000
327,2,fast_forward,1.845838,0.000296,0.344423,0.917651,0.201111,4736,5248,0,0.580240,0.698248,ervation vector usin,328,0,0.000000
328,4,stay,1.536405,0.000292,0.344305,0.917455,0.201111,5248,5248,0,0.579250,0.930616,ervation vector usin,329,0,0.000000
329,1,backward,1.656090,0.000305,0.309325,0.917311,0.183160,5248,5120,1,0.578260,0.477623,fixed-length charac,330,0,0.000000
330,2,fast_forward,1.568997,0.000346,0.306653,0.916688,0.179660,5120,5632,0,0.577270,0.362625,ditional diagnostic,331,0,0.000000
331,3,fast_backward,1.237227,0.000294,0.305993,0.917095,0.183160,5632,5120,1,0.576280,0.633184,fixed-length charac,332,0,0.000000
332,4,stay,1.554409,0.000289,0.305080,0.916898,0.183160,5120,5120,0,0.575290,0.410110,fixed-length charac,333,0,0.000000
333,1,backward,1.206621,0.000406,0.342778,0.917167,0.217535,5120,4992,1,0.574300,0.802267,tive reading phase c,334,0,0.000000
334,2,fast_forward,1.693240,0.000296,0.303628,0.916942,0.177647,4992,5504,0,0.573310,0.547000,of the text. If it r,335,0,0.000000
335,0,forward,1.621056,0.000330,0.302436,0.916636,0.179660,5504,5632,0,0.572320,0.755969,ditional diagnostic,336,0,0.000000
336,1,backward,1.884460,0.000288,0.300466,0.917183,0.177647,5632,5504,1,0.571330,0.438657,of the text. If it r,337,0,0.000000
337,1,backward,1.993181,0.000562,0.367226,0.917239,0.248801,5504,5376,1,0.570340,0.732412,ation of the text lo,338,0,0.000000
338,4,stay,1.802144,0.000543,0.369483,0.917168,0.248801,5376,5376,0,0.569350,0.648373,ation of the text lo,339,0,0.000000
339,1,backward,1.637764,0.000300,0.341045,0.917365,0.201111,5376,5248,1,0.568360,0.562768,ervation vector usin,340,0,0.000000
340,0,forward,1.492822,0.000525,0.371802,0.917650,0.248801,5248,5376,0,0.567370,0.714569,ation of the text lo,341,0,0.000000
341,1,backward,1.658074,0.000292,0.343247,0.917603,0.201111,5376,5248,1,0.566380,0.624305,ervation vector usin,342,0,0.000000
342,0,forward,1.470163,0.000511,0.373798,0.917626,0.248801,5248,5376,0,0.565390,0.576658,ation of the text lo,343,0,0.000000
343,3,fast_backward,1.607945,0.000445,0.344570,0.917153,0.212515,5376,4864,1,0.564400,0.579837,nfamiliar passages o,344,0,0.000000
344,4,stay,1.608026,0.000442,0.343713,0.917255,0.212515,4864,4864,0,0.563410,0.725808,nfamiliar passages o,345,0,0.000000
345,0,forward,1.746644,0.000394,0.347033,0.917299,0.217535,4864,4992,0,0.562420,0.702282,tive reading phase c,346,0,0.000000
346,0,forward,1.381996,0.000297,0.308788,0.916756,0.183160,4992,5120,0,0.561430,0.470694,fixed-length charac,347,0,0.000000
347,0,forward,1.670900,0.000289,0.342543,0.917532,0.201111,5120,5248,0,0.560440,0.649771,ervation vector usin,348,0,0.000000
348,4,stay,1.801589,0.000286,0.342618,0.917700,0.201111,5248,5248,0,0.559450,0.706768,ervation vector usin,349,0,0.000000
349,0,forward,1.294183,0.000514,0.373109,0.917285,0.248801,5248,5376,0,0.558460,0.713626,ation of the text lo,350,0,0.000000
350,1,backward,1.707752,0.000281,0.344583,0.917440,0.201111,5376,5248,1,0.557470,0.546647,ervation vector usin,351,0,0.000000
351,0,forward,1.544207,0.000502,0.374879,0.917316,0.248801,5248,5376,0,0.556480,0.566386,ation of the text lo,352,0,0.000000
352,2,fast_forward,1.511305,0.000265,0.338490,0.917583,0.191817,5376,5888,0,0.555490,0.463558,roject tests whether,353,0,0.000000
353,0,forward,1.516313,0.000331,0.327535,0.916897,0.199703,5888,6016,0,0.554500,0.510568,del has no pretraine,354,0,0.000000
354,3,fast_backward,1.615474,0.000314,0.308717,0.917058,0.177647,6016,5504,1,0.553510,0.544595,of the text. If it r,355,0,0.000000
355,0,forward,1.802284,0.000340,0.306460,0.916554,0.179660,5504,5632,0,0.552520,0.520184,ditional diagnostic,356,0,0.000000
356,4,stay,1.613820,0.000331,0.304378,0.916667,0.179660,5632,5632,0,0.551530,0.850844,ditional diagnostic,357,0,0.000000
357,0,forward,1.657640,0.000302,0.329136,0.917554,0.189174,5632,5760,0,0.550540,0.838998,prediction error. Co,358,0,0.000000
358,4,stay,1.941678,0.000298,0.328221,0.917628,0.189174,5760,5760,0,0.549550,0.567646,prediction error. Co,359,0,0.000000
359,2,fast_forward,1.442383,0.000373,0.335752,0.917276,0.213189,5760,6272,0,0.548560,0.546234,s it to minimise fre,360,0,0.000000
360,1,backward,1.627025,0.000258,0.326612,0.916987,0.197463,6272,6144,1,0.547570,0.447750,put from scratch. Ac,361,0,0.000000
361,1,backward,1.863937,0.000327,0.319936,0.916611,0.199703,6144,6016,1,0.546580,0.325290,del has no pretraine,362,0,0.000000
362,0,forward,1.428049,0.000255,0.326205,0.916997,0.197463,6016,6144,0,0.545590,0.467840,put from scratch. Ac,363,0,0.000000
363,1,backward,1.589135,0.000323,0.319568,0.916583,0.199703,6144,6016,1,0.544600,0.310886,del has no pretraine,364,0,0.000000
364,4,stay,1.744526,0.000321,0.319379,0.916551,0.199703,6016,6016,0,0.543610,0.301079,del has no pretraine,365,0,0.000000
365,2,fast_forward,1.556087,0.000433,0.353579,0.917561,0.229475,6016,6528,0,0.542620,0.425286,tatistics of the tex,366,0,0.000000
366,4,stay,1.595400,0.000424,0.354778,0.917419,0.229475,6528,6528,0,0.541630,0.276951,tatistics of the tex,367,0,0.000000
367,2,fast_forward,1.324186,0.000338,0.310957,0.916679,0.192507,6528,7040,0,0.540640,0.250017,reads fixed-length,368,0,0.000000
368,0,forward,1.559271,0.000279,0.333507,0.917791,0.194987,7040,7168,0,0.539650,0.399354,im observation vecto,369,0,0.000000
369,0,forward,1.917655,0.000561,0.375316,0.917476,0.253256,7168,7296,0,0.538660,0.449912,Evaluation of the t,370,0,0.000000
370,2,fast_forward,1.516289,0.000265,0.332885,0.917612,0.191912,7296,7808,0,0.537670,0.405619,odel project tests w,371,0,0.000000
371,0,forward,1.457558,0.000289,0.319969,0.917269,0.187979,7808,7936,0,0.536680,0.594058,The model has no pre,372,0,0.000000
372,3,fast_backward,1.960386,0.000270,0.302185,0.917222,0.172094,7936,7424,1,0.535690,0.382294,stics of the text. I,373,0,0.000000
373,2,fast_forward,1.535522,0.000287,0.317334,0.917508,0.187979,7424,7936,0,0.534700,0.386223,The model has no pre,374,0,0.000000
374,3,fast_backward,1.579802,0.000264,0.299630,0.917143,0.172094,7936,7424,1,0.533710,0.289471,stics of the text. I,375,0,0.000000
375,0,forward,1.558966,0.000323,0.299982,0.916647,0.179100,7424,7552,0,0.532720,0.494252,ide additional diagn,376,0,0.000000
376,1,backward,1.520358,0.000258,0.296616,0.916968,0.172094,7552,7424,1,0.531730,0.429768,stics of the text. I,377,0,0.000000
377,1,backward,1.421233,0.000604,0.370500,0.917394,0.253256,7424,7296,1,0.530740,0.527117,Evaluation of the t,378,0,0.000000
378,1,backward,1.544433,0.000287,0.331198,0.917451,0.194987,7296,7168,1,0.529750,0.524690,im observation vecto,379,0,0.000000
379,4,stay,1.608026,0.000283,0.331391,0.917644,0.194987,7168,7168,0,0.528760,0.447336,im observation vecto,380,0,0.000000
380,4,stay,1.870762,0.000279,0.331575,0.917418,0.194987,7168,7168,0,0.527770,0.366369,im observation vecto,381,0,0.000000
381,2,fast_forward,1.268233,0.000295,0.325097,0.917781,0.187934,7168,7680,0,0.526780,0.601224,unded prediction err,382,0,0.000000
382,2,fast_forward,1.564813,0.000411,0.324918,0.916510,0.208369,7680,192,1,0.525790,0.646738,ts from raw pixel or,383,0,0.000000
383,2,fast_forward,1.552722,0.000716,0.380153,0.917430,0.268694,192,704,0,0.524800,0.382854,en the belief state.,384,0,0.000000
384,4,stay,1.642849,0.000686,0.382651,0.917003,0.268694,704,704,0,0.523810,0.627471,en the belief state.,385,0,0.000000
385,3,fast_backward,1.751144,0.000402,0.329948,0.916993,0.208369,704,192,1,0.522820,0.678105,ts from raw pixel or,386,0,0.000000
386,4,stay,1.485640,0.000397,0.329833,0.916873,0.208369,192,192,0,0.521830,0.679837,ts from raw pixel or,387,0,0.000000
387,1,backward,1.836122,0.000305,0.328971,0.917877,0.189204,192,64,1,0.520840,0.623820,a self-organising s,388,0,0.000000
388,1,backward,1.745154,0.000331,0.342382,0.917966,0.205664,64,0,1,0.519850,0.626829,Cognitive emergence,389,0,0.000000
389,0,forward,1.480557,0.000300,0.326694,0.917408,0.186413,0,128,0,0.518860,0.623313,er a free-energy-min,390,0,0.000000
390,4,stay,1.470588,0.000298,0.325779,0.917413,0.186413,128,128,0,0.517870,0.744250,er a free-energy-min,391,0,0.000000
391,0,forward,1.385843,0.000281,0.320436,0.916760,0.195890,128,256,0,0.516880,0.645013,"ned embeddings, no t",392,0,0.000000
392,2,fast_forward,1.388818,0.000473,0.356395,0.917523,0.236386,256,768,0,0.515890,0.603853,"ext, free energy sho",393,0,0.000000
393,2,fast_forward,2.035309,0.000264,0.308429,0.917320,0.179216,768,1280,0,0.514900,0.517441,h character blocks i,394,0,0.000000
394,4,stay,1.920688,0.000260,0.307531,0.917082,0.179216,1280,1280,0,0.513910,0.853753,h character blocks i,395,0,0.000000
395,1,backward,1.753770,0.000441,0.343494,0.917263,0.222530,1280,1152,1,0.512920,0.731859,phase comes next. T,396,0,0.000000
396,4,stay,1.636212,0.000436,0.344181,0.917059,0.222530,1152,1152,0,0.511930,0.807141,phase comes next. T,397,0,0.000000
397,3,fast_backward,1.339442,0.000536,0.370652,0.917463,0.248914,1152,640,1,0.510940,0.641503,ergy reflects how pr,398,0,0.000000
398,3,fast_backward,1.534465,0.000299,0.328350,0.917734,0.186413,640,128,1,0.509950,0.774163,er a free-energy-min,399,0,0.000000
399,0,forward,1.435355,0.000279,0.322307,0.916727,0.195890,128,256,0,0.508960,0.541396,"ned embeddings, no t",400,1,0.000071
400,3,fast_backward,1.907958,0.000355,0.338226,0.917541,0.205664,256,0,1,0.476290,0.747223,Cognitive emergence,401,0,0.000000
401,3,fast_backward,1.671167,0.000348,0.338356,0.917628,0.205664,0,0,0,0.475300,0.645589,Cognitive emergence,402,0,0.000000
402,1,backward,1.415065,0.000341,0.338473,0.917388,0.205664,0,0,0,0.474310,0.613722,Cognitive emergence,403,0,0.000000
403,0,forward,1.605002,0.000300,0.323291,0.917412,0.186413,0,128,0,0.473320,0.635348,er a free-energy-min,404,0,0.000000
404,3,fast_backward,1.394409,0.000338,0.337892,0.917578,0.205664,128,0,1,0.472330,0.556730,Cognitive emergence,405,0,0.000000
405,1,backward,1.466214,0.000332,0.338030,0.917513,0.205664,0,0,0,0.471340,0.644049,Cognitive emergence,406,0,0.000000
406,1,backward,1.546028,0.000327,0.338152,0.917770,0.205664,0,0,0,0.470350,0.680421,Cognitive emergence,407,0,0.000000
407,4,stay,1.476654,0.000323,0.338256,0.917594,0.205664,0,0,0,0.469360,0.753467,Cognitive emergence,408,0,0.000000
408,1,backward,1.916853,0.000319,0.338345,0.917582,0.205664,0,0,0,0.468370,0.730849,Cognitive emergence,409,0,0.000000
409,0,forward,1.598304,0.000305,0.322493,0.917610,0.186413,0,128,0,0.467380,0.700215,er a free-energy-min,410,0,0.000000
410,1,backward,1.341234,0.000319,0.337602,0.917725,0.205664,128,0,1,0.466390,0.674688,Cognitive emergence,411,0,0.000000
411,3,fast_backward,1.576811,0.000316,0.337727,0.917682,0.205664,0,0,0,0.465400,0.981770,Cognitive emergence,412,0,0.000000
412,0,forward,1.350944,0.000306,0.321763,0.917512,0.186413,0,128,0,0.464410,0.652292,er a free-energy-min,413,0,0.000000
413,4,stay,2.003827,0.000304,0.321028,0.917444,0.186413,128,128,0,0.463420,0.854064,er a free-energy-min,414,0,0.000000
414,1,backward,1.533487,0.000320,0.336313,0.917678,0.205664,128,0,1,0.462430,0.700582,Cognitive emergence,415,0,0.000000
415,3,fast_backward,1.777536,0.000316,0.336526,0.917821,0.205664,0,0,0,0.461440,0.533980,Cognitive emergence,416,0,0.000000
416,1,backward,1.633681,0.000313,0.336716,0.917655,0.205664,0,0,0,0.460450,0.767045,Cognitive emergence,417,0,0.000000
417,4,stay,1.650983,0.000310,0.336883,0.917688,0.205664,0,0,0,0.459460,0.251018,Cognitive emergence,418,0,0.000000
418,0,forward,1.293566,0.000309,0.320694,0.917409,0.186413,0,128,0,0.458470,0.644479,er a free-energy-min,419,0,0.000000
419,4,stay,1.212105,0.000306,0.319972,0.917727,0.186413,128,128,0,0.457480,0.651060,er a free-energy-min,420,0,0.000000
420,1,backward,1.685045,0.000315,0.335513,0.917681,0.205664,128,0,1,0.456490,0.899661,Cognitive emergence,421,0,0.000000
421,3,fast_backward,1.613669,0.000312,0.335765,0.917586,0.205664,0,0,0,0.455500,0.924981,Cognitive emergence,422,0,0.000000
422,0,forward,1.380683,0.000307,0.319618,0.917608,0.186413,0,128,0,0.454510,0.235682,er a free-energy-min,423,0,0.000000
423,1,backward,1.871914,0.000313,0.335269,0.917632,0.205664,128,0,1,0.453520,0.863515,Cognitive emergence,424,0,0.000000
424,1,backward,1.502886,0.000310,0.335530,0.917822,0.205664,0,0,0,0.452530,0.489245,Cognitive emergence,425,0,0.000000
425,4,stay,1.661138,0.000307,0.335765,0.917790,0.205664,0,0,0,0.451540,0.643445,Cognitive emergence,426,0,0.000000
426,2,fast_forward,1.692461,0.000477,0.355925,0.917381,0.237833,0,512,0,0.450550,0.665357,"ree energy, which is",427,0,0.000000
427,4,stay,1.483648,0.000468,0.357578,0.917483,0.237833,512,512,0,0.449560,0.568056,"ree energy, which is",428,0,0.000000
428,3,fast_backward,1.177048,0.000298,0.339568,0.917622,0.205664,512,0,1,0.448570,0.659465,Cognitive emergence,429,0,0.000000
429,0,forward,1.077930,0.000313,0.322833,0.917359,0.186413,0,128,0,0.447580,0.553563,er a free-energy-min,430,0,0.000000
430,0,forward,1.642810,0.000302,0.318401,0.916931,0.195890,128,256,0,0.446590,0.600081,"ned embeddings, no t",431,0,0.000000
431,2,fast_forward,1.655856,0.000478,0.353771,0.917347,0.236386,256,768,0,0.445600,0.569655,"ext, free energy sho",432,0,0.000000
432,3,fast_backward,1.876663,0.000296,0.319423,0.916769,0.195890,768,256,1,0.444610,0.489036,"ned embeddings, no t",433,0,0.000000
433,4,stay,1.745775,0.000293,0.319000,0.916812,0.195890,256,256,0,0.443620,0.636371,"ned embeddings, no t",434,0,0.000000
434,4,stay,1.841576,0.000290,0.318653,0.916796,0.195890,256,256,0,0.442630,0.506853,"ned embeddings, no t",435,0,0.000000
435,2,fast_forward,1.546534,0.000475,0.354368,0.917185,0.236386,256,768,0,0.441640,0.268870,"ext, free energy sho",436,0,0.000000
436,0,forward,1.749668,0.000278,0.300283,0.917297,0.165020,768,896,0,0.440650,0.520605,d with an informatio,437,0,0.000000
437,2,fast_forward,1.408728,0.000306,0.332555,0.917510,0.200901,896,1408,0,0.439660,0.201687,tor using a random p,438,0,0.000000
438,0,forward,1.073865,0.000640,0.379927,0.917870,0.263143,1408,1536,0,0.438670,0.282790,text loop focuses o,439,0,0.000000
439,3,fast_backward,1.753346,0.000456,0.343296,0.917238,0.217769,1536,1024,1,0.437680,0.332006,ssages or re-read pa,440,0,0.000000
440,2,fast_forward,1.836182,0.000620,0.382061,0.917795,0.263143,1024,1536,0,0.436690,0.335371,text loop focuses o,441,0,0.000000
441,3,fast_backward,1.563853,0.000449,0.345742,0.917592,0.217769,1536,1024,1,0.435700,0.340802,ssages or re-read pa,442,0,0.000000
442,3,fast_backward,1.509165,0.000449,0.362573,0.917162,0.237833,1024,512,1,0.434710,0.313600,"ree energy, which is",443,0,0.000000
443,2,fast_forward,1.673230,0.000443,0.346619,0.917333,0.217769,512,1024,0,0.433720,0.406043,ssages or re-read pa,444,0,0.000000
444,3,fast_backward,1.671695,0.000443,0.363293,0.917242,0.237833,1024,512,1,0.432730,0.412149,"ree energy, which is",445,0,0.000000
445,3,fast_backward,1.670996,0.000297,0.345382,0.917559,0.205664,512,0,1,0.431740,0.355698,Cognitive emergence,446,0,0.000000
446,4,stay,1.633531,0.000295,0.344925,0.917555,0.205664,0,0,0,0.430750,0.492124,Cognitive emergence,447,0,0.000000
447,2,fast_forward,1.643182,0.000440,0.363713,0.917269,0.237833,0,512,0,0.429760,0.346912,"ree energy, which is",448,0,0.000000
448,1,backward,1.569430,0.000282,0.327781,0.916831,0.192597,512,384,1,0.428770,0.509470,Active inference pro,449,0,0.000000
449,0,forward,1.449368,0.000439,0.363616,0.917304,0.237833,384,512,0,0.427780,0.391725,"ree energy, which is",450,0,0.000000
450,1,backward,1.632713,0.000278,0.327607,0.916842,0.192597,512,384,1,0.426790,0.637768,Active inference pro,451,0,0.000000
451,0,forward,1.686500,0.000439,0.363580,0.917343,0.237833,384,512,0,0.425800,0.501627,"ree energy, which is",452,0,0.000000
452,4,stay,1.697806,0.000433,0.364832,0.917043,0.237833,512,512,0,0.424810,0.383809,"ree energy, which is",453,0,0.000000
453,1,backward,1.361123,0.000276,0.328741,0.916788,0.192597,512,384,1,0.423820,0.534469,Active inference pro,454,0,0.000000
454,1,backward,1.632949,0.000287,0.324855,0.916758,0.195890,384,256,1,0.422830,0.466271,"ned embeddings, no t",455,0,0.000000
455,0,forward,1.726982,0.000272,0.326296,0.916828,0.192597,256,384,0,0.421840,0.429090,Active inference pro,456,0,0.000000
456,4,stay,1.290567,0.000269,0.325049,0.916951,0.192597,384,384,0,0.420850,0.455095,Active inference pro,457,0,0.000000
457,2,fast_forward,1.184282,0.000277,0.303022,0.917080,0.165020,384,896,0,0.419860,0.516779,d with an informatio,458,0,0.000000
458,4,stay,1.802731,0.000265,0.300656,0.917397,0.165020,896,896,0,0.418870,0.456686,d with an informatio,459,0,0.000000
459,4,stay,1.454794,0.000256,0.298542,0.917407,0.165020,896,896,0,0.417880,0.434175,d with an informatio,460,0,0.000000
460,2,fast_forward,1.516915,0.000316,0.331725,0.917408,0.200901,896,1408,0,0.416890,0.504995,tor using a random p,461,0,0.000000
461,1,backward,1.545622,0.000290,0.303291,0.917044,0.179216,1408,1280,1,0.415900,0.394612,h character blocks i,462,0,0.000000
462,3,fast_backward,1.487981,0.000485,0.352609,0.917397,0.236386,1280,768,1,0.414910,0.431300,"ext, free energy sho",463,0,0.000000
463,1,backward,1.599428,0.000538,0.367860,0.917383,0.248914,768,640,1,0.413920,0.433713,ergy reflects how pr,464,0,0.000000
464,0,forward,1.673161,0.000465,0.356195,0.917688,0.236386,640,768,0,0.412930,0.462261,"ext, free energy sho",465,0,0.000000
465,0,forward,1.295645,0.000262,0.302169,0.917251,0.165020,768,896,0,0.411940,0.475500,d with an informatio,466,0,0.000000
466,3,fast_backward,1.261777,0.000270,0.320496,0.917454,0.192597,896,384,1,0.410950,0.500204,Active inference pro,467,0,0.000000
467,0,forward,1.288803,0.000474,0.358672,0.917338,0.237833,384,512,0,0.409960,0.471131,"ree energy, which is",468,0,0.000000
468,0,forward,1.368687,0.000518,0.370046,0.917274,0.248914,512,640,0,0.408970,0.589064,ergy reflects how pr,469,0,0.000000
469,0,forward,1.352242,0.000455,0.358390,0.917350,0.236386,640,768,0,0.407980,0.453641,"ext, free energy sho",470,0,0.000000
470,1,backward,1.603609,0.000495,0.372994,0.917541,0.248914,768,640,1,0.406990,0.369615,ergy reflects how pr,471,0,0.000000
471,3,fast_backward,1.746397,0.000314,0.330517,0.917567,0.186413,640,128,1,0.406000,0.454179,er a free-energy-min,472,0,0.000000
472,4,stay,1.670881,0.000309,0.329147,0.917652,0.186413,128,128,0,0.405010,0.482505,er a free-energy-min,473,0,0.000000
473,2,fast_forward,1.807555,0.000502,0.372430,0.917387,0.248914,128,640,0,0.404020,0.504218,ergy reflects how pr,474,0,0.000000
474,3,fast_backward,1.822669,0.000309,0.329867,0.917629,0.186413,640,128,1,0.403030,0.356882,er a free-energy-min,475,0,0.000000
475,4,stay,1.604753,0.000305,0.328568,0.917463,0.186413,128,128,0,0.402040,0.380361,er a free-energy-min,476,0,0.000000
476,2,fast_forward,1.938207,0.000507,0.372010,0.917297,0.248914,128,640,0,0.401050,0.325797,ergy reflects how pr,477,0,0.000000
477,1,backward,1.714537,0.000445,0.364299,0.917254,0.237833,640,512,1,0.400060,0.349733,"ree energy, which is",478,0,0.000000
478,1,backward,1.948407,0.000272,0.327153,0.916867,0.192597,512,384,1,0.399070,0.472206,Active inference pro,479,0,0.000000
479,1,backward,1.371499,0.000284,0.324264,0.916898,0.195890,384,256,1,0.398080,0.248655,"ned embeddings, no t",480,0,0.000000
480,0,forward,1.774030,0.000269,0.325056,0.916917,0.192597,256,384,0,0.397090,0.686670,Active inference pro,481,0,0.000000
481,0,forward,1.640661,0.000451,0.362713,0.917886,0.237833,384,512,0,0.396100,0.634521,"ree energy, which is",482,0,0.000000
482,3,fast_backward,1.617227,0.000309,0.345112,0.917505,0.205664,512,0,1,0.395110,0.458632,Cognitive emergence,483,0,0.000000
483,1,backward,1.645801,0.000307,0.344730,0.917699,0.205664,0,0,0,0.394120,0.376636,Cognitive emergence,484,0,0.000000
484,1,backward,1.250997,0.000304,0.344370,0.917700,0.205664,0,0,0,0.393130,0.317925,Cognitive emergence,485,0,0.000000
485,1,backward,1.501136,0.000302,0.344028,0.917778,0.205664,0,0,0,0.392140,0.382658,Cognitive emergence,486,0,0.000000
486,3,fast_backward,1.480215,0.000300,0.343704,0.917613,0.205664,0,0,0,0.391150,0.363481,Cognitive emergence,487,0,0.000000
487,4,stay,1.514987,0.000298,0.343396,0.917616,0.205664,0,0,0,0.390160,0.378829,Cognitive emergence,488,0,0.000000
488,3,fast_backward,1.775341,0.000296,0.343102,0.917334,0.205664,0,0,0,0.389170,0.341704,Cognitive emergence,489,0,0.000000
489,3,fast_backward,1.540044,0.000295,0.342822,0.917697,0.205664,0,0,0,0.388180,0.405801,Cognitive emergence,490,0,0.000000
490,2,fast_forward,1.639676,0.000447,0.361770,0.917262,0.237833,0,512,0,0.387190,0.337732,"ree energy, which is",491,0,0.000000
491,3,fast_backward,2.010389,0.000292,0.344016,0.917704,0.205664,512,0,1,0.386200,0.266718,Cognitive emergence,492,0,0.000000
492,0,forward,1.769948,0.000318,0.326995,0.917304,0.186413,0,128,0,0.385210,0.235234,er a free-energy-min,493,0,0.000000
493,0,forward,1.732151,0.000295,0.321629,0.917143,0.195890,128,256,0,0.384220,0.420154,"ned embeddings, no t",494,0,0.000000
494,0,forward,1.553173,0.000277,0.323392,0.916855,0.192597,256,384,0,0.383230,0.469435,Active inference pro,495,0,0.000000
495,4,stay,1.380511,0.000273,0.322308,0.916872,0.192597,384,384,0,0.382240,0.456994,Active inference pro,496,0,0.000000
496,3,fast_backward,2.024602,0.000302,0.339901,0.917730,0.205664,384,0,1,0.381250,0.433708,Cognitive emergence,497,0,0.000000
497,3,fast_backward,1.584840,0.000300,0.339872,0.917471,0.205664,0,0,0,0.380260,0.282879,Cognitive emergence,498,0,0.000000
498,1,backward,1.564865,0.000298,0.339835,0.917669,0.205664,0,0,0,0.379270,0.317662,Cognitive emergence,499,0,0.000000
499,4,stay,1.980980,0.000296,0.339792,0.917712,0.205664,0,0,0,0.378280,0.494087,Cognitive emergence,500,1,0.000090
500,2,fast_forward,1.932953,0.000466,0.360278,0.917134,0.237833,0,512,0,0.345610,0.826905,"ree energy, which is",501,0,0.000000
501,1,backward,1.442615,0.000280,0.323195,0.916925,0.192597,512,384,1,0.344620,0.512291,Active inference pro,502,0,0.000000
502,1,backward,1.518585,0.000291,0.320949,0.916768,0.195890,384,256,1,0.343630,0.680589,"ned embeddings, no t",503,0,0.000000
503,0,forward,1.801282,0.000276,0.321549,0.917195,0.192597,256,384,0,0.342640,0.733936,Active inference pro,504,0,0.000000
504,3,fast_backward,1.772407,0.000320,0.340079,0.917552,0.205664,384,0,1,0.341650,0.706801,Cognitive emergence,505,0,0.000000
505,2,fast_forward,1.454741,0.000462,0.359457,0.917448,0.237833,0,512,0,0.340660,0.706302,"ree energy, which is",506,0,0.000000
506,1,backward,1.617691,0.000273,0.322485,0.916649,0.192597,512,384,1,0.339670,0.620678,Active inference pro,507,0,0.000000
507,1,backward,1.545678,0.000287,0.320031,0.916945,0.195890,384,256,1,0.338680,0.937507,"ned embeddings, no t",508,0,0.000000
508,2,fast_forward,1.438480,0.000461,0.355739,0.917512,0.236386,256,768,0,0.337690,0.581642,"ext, free energy sho",509,0,0.000000
509,3,fast_backward,1.331648,0.000284,0.321102,0.916917,0.195890,768,256,1,0.336700,0.747324,"ned embeddings, no t",510,0,0.000000
510,2,fast_forward,1.613311,0.000457,0.356762,0.917234,0.236386,256,768,0,0.335710,0.732512,"ext, free energy sho",511,0,0.000000
511,1,backward,1.572724,0.000503,0.371768,0.917392,0.248914,768,640,1,0.334720,0.594591,ergy reflects how pr,512,0,0.000000
512,1,backward,1.485175,0.000442,0.363941,0.917393,0.237833,640,512,1,0.333730,0.623250,"ree energy, which is",513,0,0.000000
513,3,fast_backward,1.558462,0.000305,0.346340,0.917554,0.205664,512,0,1,0.332740,0.294133,Cognitive emergence,514,0,0.000000
514,3,fast_backward,1.325521,0.000303,0.345831,0.917824,0.205664,0,0,0,0.331750,0.500048,Cognitive emergence,515,0,0.000000
515,3,fast_backward,1.354073,0.000300,0.345353,0.917774,0.205664,0,0,0,0.330760,0.852657,Cognitive emergence,516,0,0.000000
516,0,forward,1.783429,0.000311,0.328833,0.917493,0.186413,0,128,0,0.329770,0.420985,er a free-energy-min,517,0,0.000000
517,2,fast_forward,1.706089,0.000495,0.372579,0.917051,0.248914,128,640,0,0.328780,0.636448,ergy reflects how pr,518,0,0.000000
518,2,fast_forward,1.717016,0.000429,0.348084,0.917053,0.222530,640,1152,0,0.327790,0.486633,phase comes next. T,519,0,0.000000
519,3,fast_backward,1.813464,0.000482,0.374040,0.917527,0.248914,1152,640,1,0.326800,0.839677,ergy reflects how pr,520,0,0.000000
520,4,stay,1.654741,0.000469,0.375594,0.917315,0.248914,640,640,0,0.325810,0.494919,ergy reflects how pr,521,0,0.000000
521,1,backward,1.082107,0.000424,0.367716,0.917414,0.237833,640,512,1,0.324820,0.594319,"ree energy, which is",522,0,0.000000
522,1,backward,1.330616,0.000274,0.331029,0.916741,0.192597,512,384,1,0.323830,0.499867,Active inference pro,523,0,0.000000
523,2,fast_forward,1.655451,0.000296,0.309092,0.917953,0.165020,384,896,0,0.322840,0.760544,d with an informatio,524,0,0.000000
524,2,fast_forward,1.371405,0.000290,0.339772,0.917241,0.200901,896,1408,0,0.321850,0.698934,tor using a random p,525,0,0.000000
525,0,forward,1.704704,0.000591,0.385439,0.917313,0.263143,1408,1536,0,0.320860,0.468992,text loop focuses o,526,0,0.000000
526,1,backward,1.751540,0.000283,0.341989,0.917328,0.200901,1536,1408,1,0.319870,0.533612,tor using a random p,527,0,0.000000
527,3,fast_backward,1.522670,0.000288,0.308191,0.917326,0.165020,1408,896,1,0.318880,0.557517,d with an informatio,528,0,0.000000
528,2,fast_forward,1.396004,0.000285,0.339267,0.917508,0.200901,896,1408,0,0.317890,0.765533,tor using a random p,529,0,0.000000
529,2,fast_forward,1.687438,0.000309,0.344005,0.917650,0.200430,1408,1920,0,0.316900,0.450231,rror. Cognitive emer,530,0,0.000000
530,1,backward,1.518188,0.000338,0.312556,0.916858,0.184100,1920,1792,1,0.315910,0.735945,gnostic signals. A s,531,0,0.000000
531,0,forward,1.632959,0.000309,0.341401,0.917873,0.200430,1792,1920,0,0.314920,0.599066,rror. Cognitive emer,532,0,0.000000
532,3,fast_backward,1.280600,0.000288,0.336634,0.917414,0.200901,1920,1408,1,0.313930,0.615431,tor using a random p,533,0,0.000000
533,0,forward,1.620806,0.000614,0.382751,0.917332,0.263143,1408,1536,0,0.312940,0.376463,text loop focuses o,534,0,0.000000
534,2,fast_forward,1.580998,0.000285,0.325828,0.917427,0.188672,1536,2048,0,0.311950,0.284486,whether a free-ener,535,0,0.000000
535,4,stay,1.690243,0.000283,0.324846,0.917515,0.188672,2048,2048,0,0.310960,0.629302,whether a free-ener,536,0,0.000000
536,1,backward,1.378492,0.000307,0.341739,0.917645,0.200430,2048,1920,1,0.309970,0.859272,rror. Cognitive emer,537,0,0.000000
537,1,backward,1.463364,0.000332,0.310771,0.916845,0.184100,1920,1792,1,0.308980,0.656593,gnostic signals. A s,538,0,0.000000
538,1,backward,1.797988,0.000470,0.292509,0.916918,0.169394,1792,1664,1,0.307990,0.355048,"If it remains flat,",539,0,0.000000
539,4,stay,1.353887,0.000445,0.289700,0.916982,0.169394,1664,1664,0,0.307000,0.638009,"If it remains flat,",540,0,0.000000
540,2,fast_forward,2.003405,0.000294,0.317426,0.917149,0.194097,1664,2176,0,0.306010,0.631598,retrained embeddings,541,0,0.000000
541,4,stay,1.676733,0.000292,0.317348,0.917151,0.194097,2176,2176,0,0.305020,0.676190,retrained embeddings,542,0,0.000000
542,2,fast_forward,1.623798,0.000506,0.354928,0.917307,0.240073,2176,2688,0,0.304030,0.617833,"the text, free ener",543,0,0.000000
543,2,fast_forward,1.104673,0.000281,0.305150,0.917065,0.180657,2688,3200,0,0.303040,0.801350,-length character bl,544,0,0.000000
544,1,backward,1.302605,0.000447,0.334713,0.917245,0.218552,3200,3072,1,0.302050,0.554255,eading phase comes n,545,0,0.000000
545,2,fast_forward,1.708632,0.000348,0.291758,0.917027,0.169433,3072,3584,0,0.301060,0.717948,text. If it remains,546,0,0.000000
546,3,fast_backward,1.638372,0.000446,0.333478,0.917548,0.218552,3584,3072,1,0.300070,0.795553,eading phase comes n,547,0,0.000000
547,1,backward,1.285458,0.000479,0.342025,0.917486,0.219011,3072,2944,1,0.299080,0.535618,iar passages or re-r,548,0,0.000000
548,1,backward,1.355997,0.000236,0.297540,0.917432,0.170735,2944,2816,1,0.298090,0.943189,xtended with an info,549,0,0.000000
549,3,fast_backward,1.588429,0.000277,0.314921,0.917010,0.192752,2816,2304,1,0.297100,0.555479,atch. Active inferen,550,0,0.000000
550,3,fast_backward,2.142585,0.000316,0.304161,0.916735,0.184100,2304,1792,1,0.296110,0.438401,gnostic signals. A s,551,0,0.000000
551,0,forward,1.714691,0.000339,0.332757,0.917739,0.200430,1792,1920,0,0.295120,0.930898,rror. Cognitive emer,552,0,0.000000
552,1,backward,1.821274,0.000311,0.303382,0.916864,0.184100,1920,1792,1,0.294130,0.869288,gnostic signals. A s,553,0,0.000000
553,0,forward,1.379330,0.000337,0.332003,0.917567,0.200430,1792,1920,0,0.293140,1.083139,rror. Cognitive emer,554,0,0.000000
554,3,fast_backward,1.572408,0.000316,0.328700,0.917649,0.200901,1920,1408,1,0.292150,0.471665,tor using a random p,555,0,0.000000
555,1,backward,1.470855,0.000270,0.300889,0.917110,0.179216,1408,1280,1,0.291160,0.373000,h character blocks i,556,0,0.000000
556,0,forward,1.908769,0.000310,0.328973,0.917505,0.200901,1280,1408,0,0.290170,0.553792,tor using a random p,557,0,0.000000
557,3,fast_backward,1.759448,0.000248,0.293184,0.917190,0.165020,1408,896,1,0.289180,0.597181,d with an informatio,558,0,0.000000
558,2,fast_forward,1.558940,0.000311,0.328362,0.917395,0.200901,896,1408,0,0.288190,0.539632,tor using a random p,559,0,0.000000
559,2,fast_forward,1.554994,0.000338,0.332505,0.917714,0.200430,1408,1920,0,0.287200,0.392683,rror. Cognitive emer,560,0,0.000000
560,2,fast_forward,1.137073,0.000475,0.346736,0.917288,0.231309,1920,2432,0,0.286210,0.652555,"mise free energy, wh",561,0,0.000000
561,3,fast_backward,1.732721,0.000328,0.334388,0.917906,0.200430,2432,1920,1,0.285220,0.323785,rror. Cognitive emer,562,0,0.000000
562,4,stay,1.594011,0.000324,0.334371,0.917653,0.200430,1920,1920,0,0.284230,1.009910,rror. Cognitive emer,563,0,0.000000
563,3,fast_backward,1.217930,0.000301,0.330916,0.917576,0.200901,1920,1408,1,0.283240,0.703650,tor using a random p,564,0,0.000000
564,1,backward,1.983817,0.000275,0.303087,0.917080,0.179216,1408,1280,1,0.282250,0.480936,h character blocks i,565,0,0.000000
565,1,backward,1.631469,0.000458,0.339242,0.917084,0.222530,1280,1152,1,0.281260,0.652584,phase comes next. T,566,0,0.000000
566,2,fast_forward,1.749765,0.000434,0.288514,0.917019,0.169394,1152,1664,0,0.280270,0.814467,"If it remains flat,",567,0,0.000000
567,3,fast_backward,1.360164,0.000458,0.337737,0.917377,0.222530,1664,1152,1,0.279280,0.863391,phase comes next. T,568,0,0.000000
568,3,fast_backward,1.840527,0.000567,0.364644,0.917395,0.248914,1152,640,1,0.278290,0.719412,ergy reflects how pr,569,0,0.000000
569,1,backward,1.279542,0.000487,0.356998,0.917412,0.237833,640,512,1,0.277300,0.705880,"ree energy, which is",570,0,0.000000
570,4,stay,1.703070,0.000476,0.358634,0.917459,0.237833,512,512,0,0.276310,0.546258,"ree energy, which is",571,0,0.000000
571,0,forward,1.691849,0.000519,0.369758,0.917567,0.248914,512,640,0,0.275320,0.355180,ergy reflects how pr,572,0,0.000000
572,2,fast_forward,1.315848,0.000432,0.345680,0.917460,0.222530,640,1152,0,0.274330,0.385209,phase comes next. T,573,0,0.000000
573,4,stay,1.494210,0.000428,0.346045,0.917226,0.222530,1152,1152,0,0.273340,0.704684,phase comes next. T,574,0,0.000000
574,2,fast_forward,1.592248,0.000458,0.296231,0.916843,0.169394,1152,1664,0,0.272350,0.484250,"If it remains flat,",575,0,0.000000
575,4,stay,1.946508,0.000433,0.293189,0.917002,0.169394,1664,1664,0,0.271360,0.470088,"If it remains flat,",576,0,0.000000
576,2,fast_forward,1.753259,0.000291,0.320264,0.917319,0.194097,1664,2176,0,0.270370,0.584481,retrained embeddings,577,0,0.000000
577,4,stay,1.664707,0.000289,0.319976,0.917014,0.194097,2176,2176,0,0.269380,0.551771,retrained embeddings,578,0,0.000000
578,3,fast_backward,1.401334,0.000409,0.289556,0.917036,0.169394,2176,1664,1,0.268390,0.484099,"If it remains flat,",579,0,0.000000
579,4,stay,1.695902,0.000392,0.287345,0.917150,0.169394,1664,1664,0,0.267400,0.439064,"If it remains flat,",580,0,0.000000
580,3,fast_backward,1.312891,0.000457,0.336424,0.917274,0.222530,1664,1152,1,0.266410,0.382128,phase comes next. T,581,0,0.000000
581,0,forward,1.869530,0.000261,0.301475,0.917034,0.179216,1152,1280,0,0.265420,0.439396,h character blocks i,582,0,0.000000
582,3,fast_backward,1.498539,0.000511,0.350214,0.916931,0.236386,1280,768,1,0.264430,0.376736,"ext, free energy sho",583,0,0.000000
583,0,forward,1.772944,0.000232,0.294878,0.917454,0.165020,768,896,0,0.263440,0.647120,d with an informatio,584,0,0.000000
584,0,forward,1.540734,0.000478,0.337973,0.917590,0.217769,896,1024,0,0.262450,0.593844,ssages or re-read pa,585,0,0.000000
585,2,fast_forward,1.761248,0.000697,0.375617,0.918494,0.263143,1024,1536,0,0.261460,0.551490,text loop focuses o,586,0,0.000000
586,2,fast_forward,1.789793,0.000285,0.319850,0.917431,0.188672,1536,2048,0,0.260470,0.681749,whether a free-ener,587,0,0.000000
587,4,stay,1.910473,0.000284,0.319492,0.917468,0.188672,2048,2048,0,0.259480,0.558838,whether a free-ener,588,0,0.000000
588,3,fast_backward,1.606035,0.000673,0.378115,0.917496,0.263143,2048,1536,1,0.258490,0.438879,text loop focuses o,589,0,0.000000
589,2,fast_forward,1.458900,0.000280,0.322108,0.917368,0.188672,1536,2048,0,0.257500,0.479162,whether a free-ener,590,0,0.000000
590,0,forward,1.416860,0.000285,0.322245,0.917063,0.194097,2048,2176,0,0.256510,0.539879,retrained embeddings,591,0,0.000000
591,0,forward,1.929447,0.000271,0.319475,0.916690,0.192752,2176,2304,0,0.255520,0.836044,atch. Active inferen,592,0,0.000000
592,0,forward,1.730352,0.000453,0.351120,0.917474,0.231309,2304,2432,0,0.254530,0.952582,"mise free energy, wh",593,0,0.000000
593,3,fast_backward,1.643941,0.000329,0.339652,0.918110,0.200430,2432,1920,1,0.253540,0.605654,rror. Cognitive emer,594,0,0.000000
594,4,stay,1.644118,0.000325,0.339310,0.918576,0.200430,1920,1920,0,0.252550,0.547357,rror. Cognitive emer,595,0,0.000000
595,0,forward,1.471364,0.000280,0.321361,0.917571,0.188672,1920,2048,0,0.251560,0.792604,whether a free-ener,596,0,0.000000
596,3,fast_backward,1.345064,0.000647,0.380298,0.917617,0.263143,2048,1536,1,0.250570,0.560617,text loop focuses o,597,0,0.000000
597,2,fast_forward,1.356339,0.000278,0.323722,0.917590,0.188672,1536,2048,0,0.249580,0.436404,whether a free-ener,598,0,0.000000
598,1,backward,1.488033,0.000318,0.340703,0.917770,0.200430,2048,1920,1,0.248590,0.418064,rror. Cognitive emer,599,0,0.000000
599,3,fast_backward,1.788149,0.000296,0.335930,0.917591,0.200901,1920,1408,1,0.247600,0.681715,tor using a random p,600,1,0.000058
600,2,fast_forward,1.836384,0.000315,0.339241,0.917767,0.200430,1408,1920,0,0.214930,0.421514,rror. Cognitive emer,601,0,0.000000
601,4,stay,1.074377,0.000312,0.338841,0.917637,0.200430,1920,1920,0,0.213940,0.419556,rror. Cognitive emer,602,0,0.000000
602,1,backward,1.701843,0.000330,0.308802,0.916801,0.184100,1920,1792,1,0.212950,0.341708,gnostic signals. A s,603,0,0.000000
603,1,backward,1.487759,0.000462,0.290419,0.917141,0.169394,1792,1664,1,0.211960,0.619274,"If it remains flat,",604,0,0.000000
604,4,stay,1.606293,0.000438,0.287737,0.916992,0.169394,1664,1664,0,0.210970,0.355876,"If it remains flat,",605,0,0.000000
605,4,stay,1.552055,0.000418,0.285399,0.916810,0.169394,1664,1664,0,0.209980,0.409063,"If it remains flat,",606,0,0.000000
606,2,fast_forward,1.506109,0.000301,0.313802,0.917091,0.194097,1664,2176,0,0.208990,0.464498,retrained embeddings,607,0,0.000000
607,4,stay,1.714434,0.000297,0.313995,0.916838,0.194097,2176,2176,0,0.208000,0.430262,retrained embeddings,608,0,0.000000
608,0,forward,1.834663,0.000287,0.312131,0.916667,0.192752,2176,2304,0,0.207010,0.366998,atch. Active inferen,609,0,0.000000
609,0,forward,1.182560,0.000489,0.344355,0.917237,0.231309,2304,2432,0,0.206020,0.536702,"mise free energy, wh",610,0,0.000000
610,3,fast_backward,1.582334,0.000333,0.332251,0.917740,0.200430,2432,1920,1,0.205030,0.304028,rror. Cognitive emer,611,0,0.000000
611,0,forward,1.535710,0.000288,0.314984,0.917586,0.188672,1920,2048,0,0.204040,0.453506,whether a free-ener,612,0,0.000000
612,4,stay,1.502223,0.000287,0.314911,0.917648,0.188672,2048,2048,0,0.203050,0.468063,whether a free-ener,613,0,0.000000
613,3,fast_backward,1.653781,0.000690,0.375427,0.917266,0.263143,2048,1536,1,0.202060,0.456342,text loop focuses o,614,0,0.000000
614,2,fast_forward,1.659023,0.000283,0.318016,0.917534,0.188672,1536,2048,0,0.201070,0.473247,whether a free-ener,615,0,0.000000
615,3,fast_backward,1.461358,0.000666,0.378020,0.917493,0.263143,2048,1536,1,0.200080,0.405213,text loop focuses o,616,0,0.000000
616,4,stay,1.858657,0.000642,0.380648,0.917576,0.263143,1536,1536,0,0.199090,0.414935,text loop focuses o,617,0,0.000000
617,3,fast_backward,1.634107,0.000449,0.344681,0.917257,0.217769,1536,1024,1,0.198100,0.471555,ssages or re-read pa,618,0,0.000000
618,0,forward,1.667439,0.000436,0.345216,0.916966,0.222530,1024,1152,0,0.197110,0.418331,phase comes next. T,619,0,0.000000
619,4,stay,1.725687,0.000431,0.345626,0.916958,0.222530,1152,1152,0,0.196120,0.525566,phase comes next. T,620,0,0.000000
620,4,stay,1.612197,0.000428,0.346021,0.916867,0.222530,1152,1152,0,0.195130,0.346402,phase comes next. T,621,0,0.000000
621,2,fast_forward,1.630396,0.000455,0.296279,0.916846,0.169394,1152,1664,0,0.194140,0.482729,"If it remains flat,",622,0,0.000000
622,1,backward,1.673897,0.000640,0.380625,0.917275,0.263143,1664,1536,1,0.193150,0.736578,text loop focuses o,623,0,0.000000
623,0,forward,1.671528,0.000446,0.296231,0.916969,0.169394,1536,1664,0,0.192160,0.396759,"If it remains flat,",624,0,0.000000
624,3,fast_backward,1.542633,0.000430,0.343501,0.917046,0.222530,1664,1152,1,0.191170,0.368385,phase comes next. T,625,0,0.000000
625,3,fast_backward,1.862900,0.000535,0.369026,0.917608,0.248914,1152,640,1,0.190180,0.350158,ergy reflects how pr,626,0,0.000000
626,4,stay,1.364727,0.000515,0.370899,0.917293,0.248914,640,640,0,0.189190,0.409263,ergy reflects how pr,627,0,0.000000
627,2,fast_forward,1.493360,0.000417,0.347655,0.917736,0.222530,640,1152,0,0.188200,0.436852,phase comes next. T,628,0,0.000000
628,4,stay,1.767119,0.000415,0.347970,0.917108,0.222530,1152,1152,0,0.187210,0.377572,phase comes next. T,629,0,0.000000
629,2,fast_forward,1.439505,0.000450,0.298936,0.916854,0.169394,1152,1664,0,0.186220,0.666345,"If it remains flat,",630,0,0.000000
630,0,forward,1.461878,0.000325,0.311977,0.916940,0.184100,1664,1792,0,0.185230,0.643772,gnostic signals. A s,631,0,0.000000
631,2,fast_forward,1.661865,0.000266,0.320691,0.916866,0.192752,1792,2304,0,0.184240,0.335690,atch. Active inferen,632,0,0.000000
632,3,fast_backward,1.830517,0.000316,0.309549,0.916962,0.184100,2304,1792,1,0.183250,0.280191,gnostic signals. A s,633,0,0.000000
633,2,fast_forward,1.360904,0.000264,0.318671,0.916904,0.192752,1792,2304,0,0.182260,0.387685,atch. Active inferen,634,0,0.000000
634,3,fast_backward,1.796489,0.000310,0.307590,0.916769,0.184100,2304,1792,1,0.181270,0.257158,gnostic signals. A s,635,0,0.000000
635,0,forward,1.383626,0.000336,0.336286,0.917513,0.200430,1792,1920,0,0.180280,0.392863,rror. Cognitive emer,636,0,0.000000
636,1,backward,1.554097,0.000306,0.306405,0.916701,0.184100,1920,1792,1,0.179290,0.258733,gnostic signals. A s,637,0,0.000000
637,2,fast_forward,1.956490,0.000268,0.316204,0.916954,0.192752,1792,2304,0,0.178300,0.634848,atch. Active inferen,638,0,0.000000
638,3,fast_backward,1.610259,0.000302,0.304988,0.916918,0.184100,2304,1792,1,0.177310,0.358474,gnostic signals. A s,639,0,0.000000
639,2,fast_forward,1.617672,0.000268,0.314953,0.917012,0.192752,1792,2304,0,0.176320,0.209512,atch. Active inferen,640,0,0.000000
640,0,forward,1.777969,0.000468,0.346915,0.917602,0.231309,2304,2432,0,0.175330,0.472697,"mise free energy, wh",641,0,0.000000
641,4,stay,1.336345,0.000457,0.348537,0.917399,0.231309,2432,2432,0,0.174340,0.430650,"mise free energy, wh",642,0,0.000000
642,1,backward,1.434604,0.000262,0.318254,0.917100,0.192752,2432,2304,1,0.173350,0.316738,atch. Active inferen,643,0,0.000000
643,0,forward,1.591229,0.000450,0.349638,0.917439,0.231309,2304,2432,0,0.172360,0.568187,"mise free energy, wh",644,0,0.000000
644,0,forward,1.262339,0.000515,0.369020,0.917376,0.248006,2432,2560,0,0.171370,0.321748,ree energy reflects,645,0,0.000000
645,1,backward,1.297579,0.000432,0.353201,0.917477,0.231309,2560,2432,1,0.170380,0.443730,"mise free energy, wh",646,0,0.000000
646,3,fast_backward,1.758063,0.000321,0.341874,0.917556,0.200430,2432,1920,1,0.169390,0.288236,rror. Cognitive emer,647,0,0.000000
647,4,stay,1.564195,0.000317,0.341304,0.917778,0.200430,1920,1920,0,0.168400,0.346961,rror. Cognitive emer,648,0,0.000000
648,2,fast_forward,1.384081,0.000427,0.353699,0.917396,0.231309,1920,2432,0,0.167410,0.318290,"mise free energy, wh",649,0,0.000000
649,3,fast_backward,1.842473,0.000311,0.342037,0.917634,0.200430,2432,1920,1,0.166420,0.451666,rror. Cognitive emer,650,0,0.000000
650,1,backward,1.613937,0.000317,0.311196,0.917034,0.184100,1920,1792,1,0.165430,0.445554,gnostic signals. A s,651,0,0.000000
651,2,fast_forward,1.390800,0.000265,0.322042,0.916866,0.192752,1792,2304,0,0.164440,0.442839,atch. Active inferen,652,0,0.000000
652,4,stay,1.657241,0.000262,0.321262,0.916891,0.192752,2304,2304,0,0.163450,0.451855,atch. Active inferen,653,0,0.000000
653,0,forward,1.373111,0.000436,0.351662,0.917641,0.231309,2304,2432,0,0.162460,0.450728,"mise free energy, wh",654,0,0.000000
654,4,stay,1.665059,0.000429,0.352973,0.917503,0.231309,2432,2432,0,0.161470,0.436436,"mise free energy, wh",655,0,0.000000
655,4,stay,1.271702,0.000423,0.354203,0.917357,0.231309,2432,2432,0,0.160480,0.445275,"mise free energy, wh",656,0,0.000000
656,1,backward,1.326106,0.000260,0.324503,0.916771,0.192752,2432,2304,1,0.159490,0.399808,atch. Active inferen,657,0,0.000000
657,0,forward,1.918170,0.000421,0.354488,0.917340,0.231309,2304,2432,0,0.158500,0.461871,"mise free energy, wh",658,0,0.000000
658,0,forward,1.680608,0.000486,0.373164,0.917418,0.248006,2432,2560,0,0.157510,0.337845,ree energy reflects,659,0,0.000000
659,0,forward,1.359320,0.000455,0.363836,0.917403,0.240073,2560,2688,0,0.156520,0.453147,"the text, free ener",660,0,0.000000
660,0,forward,1.627855,0.000269,0.308858,0.917268,0.170735,2688,2816,0,0.155530,0.325725,xtended with an info,661,0,0.000000
661,2,fast_forward,1.692584,0.000280,0.334745,0.917520,0.194453,2816,3328,0,0.154540,0.358683,on vector using a ra,662,0,0.000000
662,4,stay,2.138008,0.000275,0.334428,0.917496,0.194453,3328,3328,0,0.153550,0.381527,on vector using a ra,663,0,0.000000
663,0,forward,1.936814,0.000605,0.383528,0.917522,0.262342,3328,3456,0,0.152560,0.306695,of the text loop foc,664,0,0.000000
664,3,fast_backward,1.417232,0.000453,0.351839,0.917280,0.219011,3456,2944,1,0.151570,0.518379,iar passages or re-r,665,0,0.000000
665,1,backward,1.896150,0.000264,0.308197,0.917084,0.170735,2944,2816,1,0.150580,0.361776,xtended with an info,666,0,0.000000
666,2,fast_forward,1.692960,0.000272,0.334292,0.917603,0.194453,2816,3328,0,0.149590,0.348867,on vector using a ra,667,0,0.000000
667,4,stay,1.345127,0.000268,0.334042,0.917408,0.194453,3328,3328,0,0.148600,0.339568,on vector using a ra,668,0,0.000000
668,3,fast_backward,1.549920,0.000257,0.305152,0.917205,0.170735,3328,2816,1,0.147610,0.446333,xtended with an info,669,0,0.000000
669,4,stay,1.436825,0.000249,0.303120,0.917328,0.170735,2816,2816,0,0.146620,0.291881,xtended with an info,670,0,0.000000
670,1,backward,2.111699,0.000482,0.359241,0.917303,0.240073,2816,2688,1,0.145630,0.434180,"the text, free ener",671,0,0.000000
671,4,stay,1.579703,0.000472,0.360963,0.917417,0.240073,2688,2688,0,0.144640,0.273530,"the text, free ener",672,0,0.000000
672,4,stay,1.573652,0.000463,0.362580,0.917209,0.240073,2688,2688,0,0.143650,0.427166,"the text, free ener",673,0,0.000000
673,1,backward,1.894636,0.000493,0.374238,0.917420,0.248006,2688,2560,1,0.142660,0.456847,ree energy reflects,674,0,0.000000
674,4,stay,1.020785,0.000479,0.375856,0.917422,0.248006,2560,2560,0,0.141670,0.453657,ree energy reflects,675,0,0.000000
675,3,fast_backward,1.776420,0.000285,0.329539,0.917526,0.188672,2560,2048,1,0.140680,0.437652,whether a free-ener,676,0,0.000000
676,0,forward,1.557453,0.000288,0.329391,0.917193,0.194097,2048,2176,0,0.139690,0.490856,retrained embeddings,677,0,0.000000
677,1,backward,1.885116,0.000282,0.327381,0.917593,0.188672,2176,2048,1,0.138700,0.442705,whether a free-ener,678,0,0.000000
678,4,stay,1.713780,0.000280,0.326413,0.917666,0.188672,2048,2048,0,0.137710,0.464082,whether a free-ener,679,0,0.000000
679,0,forward,2.029139,0.000286,0.326463,0.917172,0.194097,2048,2176,0,0.136720,0.336732,retrained embeddings,680,0,0.000000
680,4,stay,1.691829,0.000284,0.325759,0.917030,0.194097,2176,2176,0,0.135730,0.506455,retrained embeddings,681,0,0.000000
681,0,forward,1.351736,0.000265,0.323497,0.916791,0.192752,2176,2304,0,0.134740,0.372162,atch. Active inferen,682,0,0.000000
682,1,backward,1.348293,0.000282,0.324292,0.916966,0.194097,2304,2176,1,0.133750,0.183336,retrained embeddings,683,0,0.000000
683,2,fast_forward,1.383199,0.000474,0.361108,0.917320,0.240073,2176,2688,0,0.132760,0.375334,"the text, free ener",684,0,0.000000
684,1,backward,1.212185,0.000501,0.373299,0.917397,0.248006,2688,2560,1,0.131770,0.365613,ree energy reflects,685,0,0.000000
685,2,fast_forward,1.485277,0.000427,0.343095,0.917628,0.218552,2560,3072,0,0.130780,0.366866,eading phase comes n,686,0,0.000000
686,0,forward,1.694718,0.000280,0.312245,0.916977,0.180657,3072,3200,0,0.129790,0.444130,-length character bl,687,0,0.000000
687,4,stay,1.678223,0.000274,0.311050,0.916828,0.180657,3200,3200,0,0.128800,0.305484,-length character bl,688,0,0.000000
688,4,stay,1.749022,0.000269,0.309996,0.917181,0.180657,3200,3200,0,0.127810,0.367185,-length character bl,689,0,0.000000
689,4,stay,1.693382,0.000265,0.309066,0.917100,0.180657,3200,3200,0,0.126820,0.314126,-length character bl,690,0,0.000000
690,2,fast_forward,1.510535,0.000342,0.309125,0.916687,0.185869,3200,3712,0,0.125830,0.457065,al diagnostic signal,691,0,0.000000
691,4,stay,1.185940,0.000335,0.307831,0.916895,0.185869,3712,3712,0,0.124840,0.335644,al diagnostic signal,692,0,0.000000
692,2,fast_forward,1.711225,0.000276,0.324263,0.916724,0.199042,3712,4224,0,0.123850,0.305484,om scratch. Active i,693,0,0.000000
693,4,stay,1.763674,0.000272,0.324339,0.916975,0.199042,4224,4224,0,0.122860,0.316040,om scratch. Active i,694,0,0.000000
694,1,backward,1.639048,0.000293,0.319348,0.916859,0.194548,4224,4096,1,0.121870,0.349302,s no pretrained embe,695,0,0.000000
695,3,fast_backward,1.434601,0.000345,0.291534,0.917022,0.169433,4096,3584,1,0.120880,0.361084,text. If it remains,696,0,0.000000
696,0,forward,1.663940,0.000330,0.304959,0.916825,0.185869,3584,3712,0,0.119890,0.250859,al diagnostic signal,697,0,0.000000
697,3,fast_backward,2.046845,0.000259,0.302988,0.916869,0.180657,3712,3200,1,0.118900,0.360141,-length character bl,698,0,0.000000
698,3,fast_backward,1.840987,0.000526,0.355402,0.917213,0.240073,3200,2688,1,0.117910,0.351615,"the text, free ener",699,0,0.000000
699,0,forward,1.610957,0.000236,0.297451,0.917220,0.170735,2688,2816,0,0.116920,0.412011,xtended with an info,700,1,0.000140
700,0,forward,1.606124,0.000464,0.348331,0.918208,0.219011,2816,2944,0,0.084250,0.602748,iar passages or re-r,701,0,0.000000
701,2,fast_forward,1.637744,0.000612,0.382293,0.917961,0.262342,2944,3456,0,0.083260,0.370618,of the text loop foc,702,0,0.000000
702,1,backward,1.548007,0.000275,0.335568,0.917497,0.194453,3456,3328,1,0.082270,0.519258,on vector using a ra,703,0,0.000000
703,4,stay,1.743511,0.000271,0.335176,0.917530,0.194453,3328,3328,0,0.081280,0.563498,on vector using a ra,704,0,0.000000
704,4,stay,1.625104,0.000268,0.334831,0.917762,0.194453,3328,3328,0,0.080290,0.503266,on vector using a ra,705,0,0.000000
705,2,fast_forward,1.548580,0.000289,0.336565,0.918215,0.192127,3328,3840,0,0.079300,0.473598,tion error. Cognitiv,706,0,0.000000
706,4,stay,1.770068,0.000286,0.335564,0.917626,0.192127,3840,3840,0,0.078310,0.602254,tion error. Cognitiv,707,0,0.000000
707,3,fast_backward,1.873676,0.000269,0.333120,0.917825,0.194453,3840,3328,1,0.077320,0.575577,on vector using a ra,708,0,0.000000
708,0,forward,1.852920,0.000614,0.382326,0.917429,0.262342,3328,3456,0,0.076330,0.606937,of the text loop foc,709,0,0.000000
709,2,fast_forward,1.566510,0.000288,0.334686,0.917639,0.197040,3456,3968,0,0.075340,0.585976,tests whether a fre,710,0,0.000000
710,0,forward,1.803627,0.000302,0.325005,0.917205,0.194548,3968,4096,0,0.074350,0.613863,s no pretrained embe,711,0,0.000000
711,2,fast_forward,1.631743,0.000420,0.357044,0.917423,0.231827,4096,4608,0,0.073360,0.614038,"ics of the text, fre",712,0,0.000000
712,3,fast_backward,1.256882,0.000299,0.325236,0.917037,0.194548,4608,4096,1,0.072370,0.528733,s no pretrained embe,713,0,0.000000
713,4,stay,1.765540,0.000297,0.324291,0.917017,0.194548,4096,4096,0,0.071380,0.563654,s no pretrained embe,714,0,0.000000
714,4,stay,1.637150,0.000294,0.323455,0.916846,0.194548,4096,4096,0,0.070390,0.608585,s no pretrained embe,715,0,0.000000
715,3,fast_backward,1.404144,0.000375,0.297109,0.917035,0.169433,4096,3584,1,0.069400,0.354786,text. If it remains,716,0,0.000000
716,1,backward,1.605978,0.000637,0.380138,0.917300,0.262342,3584,3456,1,0.068410,0.524859,of the text loop foc,717,0,0.000000
717,3,fast_backward,1.579280,0.000465,0.348272,0.917156,0.219011,3456,2944,1,0.067420,0.532913,iar passages or re-r,718,0,0.000000
718,3,fast_backward,1.301850,0.000434,0.354710,0.917507,0.231309,2944,2432,1,0.066430,0.527482,"mise free energy, wh",719,0,0.000000
719,2,fast_forward,1.598618,0.000457,0.349186,0.917401,0.219011,2432,2944,0,0.065440,0.644021,iar passages or re-r,720,0,0.000000
720,0,forward,1.553842,0.000430,0.341704,0.917103,0.218552,2944,3072,0,0.064450,0.515090,eading phase comes n,721,0,0.000000
721,4,stay,1.603184,0.000427,0.341795,0.917223,0.218552,3072,3072,0,0.063460,0.525157,eading phase comes n,722,0,0.000000
722,0,forward,1.478412,0.000286,0.311353,0.917278,0.180657,3072,3200,0,0.062470,0.388591,-length character bl,723,0,0.000000
723,3,fast_backward,1.393507,0.000467,0.361344,0.917163,0.240073,3200,2688,1,0.061480,0.580365,"the text, free ener",724,0,0.000000
724,1,backward,1.404183,0.000499,0.373333,0.917411,0.248006,2688,2560,1,0.060490,0.480691,ree energy reflects,725,0,0.000000
725,2,fast_forward,1.491006,0.000421,0.344041,0.917449,0.218552,2560,3072,0,0.059500,0.364795,eading phase comes n,726,0,0.000000
726,1,backward,1.512365,0.000450,0.351474,0.917189,0.219011,3072,2944,1,0.058510,0.435947,iar passages or re-r,727,0,0.000000
727,4,stay,1.892185,0.000446,0.351107,0.917330,0.219011,2944,2944,0,0.057520,0.558875,iar passages or re-r,728,0,0.000000
728,4,stay,1.868211,0.000443,0.350769,0.917758,0.219011,2944,2944,0,0.056530,0.492165,iar passages or re-r,729,0,0.000000
729,1,backward,1.540215,0.000256,0.307284,0.916985,0.170735,2944,2816,1,0.055540,0.536803,xtended with an info,730,0,0.000000
730,3,fast_backward,1.539050,0.000268,0.323339,0.916505,0.192752,2816,2304,1,0.054550,0.590798,atch. Active inferen,731,0,0.000000
731,2,fast_forward,1.134661,0.000247,0.304021,0.917070,0.170735,2304,2816,0,0.053560,0.565523,xtended with an info,732,0,0.000000
732,2,fast_forward,1.536544,0.000278,0.330891,0.917470,0.194453,2816,3328,0,0.052570,0.186871,on vector using a ra,733,0,0.000000
733,4,stay,1.527477,0.000274,0.330903,0.917979,0.194453,3328,3328,0,0.051580,0.414813,on vector using a ra,734,0,0.000000
734,3,fast_backward,1.648719,0.000245,0.301959,0.917254,0.170735,3328,2816,1,0.050590,0.495229,xtended with an info,735,0,0.000000
735,1,backward,1.624717,0.000485,0.357710,0.917136,0.240073,2816,2688,1,0.049600,0.554880,"the text, free ener",736,0,0.000000
736,4,stay,1.551227,0.000474,0.359526,0.917328,0.240073,2688,2688,0,0.048610,0.597501,"the text, free ener",737,0,0.000000
737,4,stay,1.179485,0.000465,0.361233,0.917362,0.240073,2688,2688,0,0.047620,0.216042,"the text, free ener",738,0,0.000000
738,0,forward,1.115072,0.000247,0.306237,0.917201,0.170735,2688,2816,0,0.046630,0.503905,xtended with an info,739,0,0.000000
739,2,fast_forward,1.487231,0.000272,0.332740,0.917492,0.194453,2816,3328,0,0.045640,0.477566,on vector using a ra,740,0,0.000000
740,1,backward,1.711250,0.000276,0.309899,0.916891,0.180657,3328,3200,1,0.044650,0.640572,-length character bl,741,0,0.000000
741,4,stay,1.489235,0.000271,0.308880,0.916966,0.180657,3200,3200,0,0.043660,0.289827,-length character bl,742,0,0.000000
742,3,fast_backward,1.194525,0.000482,0.359633,0.917527,0.240073,3200,2688,1,0.042670,0.284677,"the text, free ener",743,0,0.000000
743,1,backward,1.061182,0.000514,0.371643,0.917441,0.248006,2688,2560,1,0.041680,0.720412,ree energy reflects,744,0,0.000000
744,3,fast_backward,1.472738,0.000281,0.325516,0.917550,0.188672,2560,2048,1,0.040690,0.263118,whether a free-ener,745,0,0.000000
745,4,stay,1.601312,0.000279,0.324727,0.917503,0.188672,2048,2048,0,0.039700,0.520310,whether a free-ener,746,0,0.000000
746,1,backward,1.702328,0.000325,0.341519,0.917701,0.200430,2048,1920,1,0.038710,0.296966,rror. Cognitive emer,747,0,0.000000
747,1,backward,1.557660,0.000320,0.311015,0.916759,0.184100,1920,1792,1,0.037720,0.364697,gnostic signals. A s,748,0,0.000000
748,0,forward,1.468821,0.000324,0.339508,0.917714,0.200430,1792,1920,0,0.036730,0.494482,rror. Cognitive emer,749,0,0.000000
749,1,backward,1.344119,0.000314,0.309277,0.916848,0.184100,1920,1792,1,0.035740,0.362296,gnostic signals. A s,750,0,0.000000
750,4,stay,1.327503,0.000308,0.307944,0.916968,0.184100,1792,1792,0,0.034750,0.669771,gnostic signals. A s,751,0,0.000000
751,3,fast_backward,1.844126,0.000265,0.304152,0.916974,0.179216,1792,1280,1,0.033760,0.336264,h character blocks i,752,0,0.000000
752,2,fast_forward,1.925200,0.000302,0.306276,0.916791,0.184100,1280,1792,0,0.032770,0.382924,gnostic signals. A s,753,0,0.000000
753,1,backward,1.668480,0.000422,0.286804,0.917078,0.169394,1792,1664,1,0.031780,0.653262,"If it remains flat,",754,0,0.000000
754,0,forward,1.950438,0.000299,0.303419,0.917033,0.184100,1664,1792,0,0.030790,0.397112,gnostic signals. A s,755,0,0.000000
755,2,fast_forward,1.602863,0.000285,0.313044,0.916968,0.192752,1792,2304,0,0.029800,0.221924,atch. Active inferen,756,0,0.000000
756,4,stay,1.449962,0.000280,0.312989,0.916714,0.192752,2304,2304,0,0.028810,0.483352,atch. Active inferen,757,0,0.000000
757,4,stay,1.112791,0.000276,0.312955,0.916969,0.192752,2304,2304,0,0.027820,0.353281,atch. Active inferen,758,0,0.000000
758,4,stay,1.514425,0.000273,0.312938,0.917042,0.192752,2304,2304,0,0.026830,0.212789,atch. Active inferen,759,0,0.000000
759,4,stay,1.484460,0.000269,0.312934,0.917241,0.192752,2304,2304,0,0.025840,0.394211,atch. Active inferen,760,0,0.000000
760,2,fast_forward,1.705476,0.000235,0.292874,0.917175,0.170735,2304,2816,0,0.024850,0.544242,xtended with an info,761,0,0.000000
761,4,stay,1.786660,0.000231,0.291949,0.917811,0.170735,2816,2816,0,0.023860,0.397292,xtended with an info,762,0,0.000000
762,2,fast_forward,1.307063,0.000301,0.322441,0.917617,0.194453,2816,3328,0,0.022870,0.592959,on vector using a ra,763,0,0.000000
763,0,forward,1.662687,0.000707,0.372899,0.917431,0.262342,3328,3456,0,0.021880,0.589921,of the text loop foc,764,0,0.000000
764,3,fast_backward,1.671588,0.000484,0.341482,0.917404,0.219011,3456,2944,1,0.020890,0.637440,iar passages or re-r,765,0,0.000000
765,0,forward,1.500288,0.000445,0.333307,0.917048,0.218552,2944,3072,0,0.019900,0.366192,eading phase comes n,766,0,0.000000
766,3,fast_backward,1.789731,0.000544,0.366561,0.917686,0.248006,3072,2560,1,0.018910,0.375544,ree energy reflects,767,0,0.000000
767,3,fast_backward,1.358007,0.000286,0.319728,0.917529,0.188672,2560,2048,1,0.017920,0.352154,whether a free-ener,768,0,0.000000
768,0,forward,1.279989,0.000285,0.320306,0.917448,0.194097,2048,2176,0,0.016930,0.505684,retrained embeddings,769,0,0.000000
769,4,stay,1.541942,0.000283,0.320071,0.916970,0.194097,2176,2176,0,0.015940,0.583306,retrained embeddings,770,0,0.000000
770,3,fast_backward,1.595247,0.000419,0.289069,0.916973,0.169394,2176,1664,1,0.014950,0.252460,"If it remains flat,",771,0,0.000000
771,3,fast_backward,1.729063,0.000450,0.338294,0.917226,0.222530,1664,1152,1,0.013960,0.494370,phase comes next. T,772,0,0.000000
772,0,forward,1.463154,0.000262,0.302845,0.917035,0.179216,1152,1280,0,0.012970,0.259336,h character blocks i,773,0,0.000000
773,0,forward,1.662038,0.000311,0.330947,0.917412,0.200901,1280,1408,0,0.011980,0.582932,tor using a random p,774,0,0.000000
774,3,fast_backward,1.506238,0.000240,0.295114,0.917444,0.165020,1408,896,1,0.010990,0.396596,d with an informatio,775,0,0.000000
775,4,stay,1.404787,0.000234,0.293578,0.917090,0.165020,896,896,0,0.010000,0.311077,d with an informatio,776,0,0.000000
776,1,backward,1.699090,0.000512,0.350207,0.917200,0.236386,896,768,1,0.010000,0.505103,"ext, free energy sho",777,0,0.000000
777,3,fast_backward,1.653105,0.000290,0.315400,0.917127,0.195890,768,256,1,0.010000,0.414318,"ned embeddings, no t",778,0,0.000000
778,2,fast_forward,1.697755,0.000498,0.352142,0.917484,0.236386,256,768,0,0.010000,0.587702,"ext, free energy sho",779,0,0.000000
779,0,forward,1.549179,0.000237,0.296551,0.917206,0.165020,768,896,0,0.010000,0.609914,d with an informatio,780,0,0.000000
780,2,fast_forward,1.814140,0.000313,0.331206,0.917259,0.200901,896,1408,0,0.010000,0.577721,tor using a random p,781,0,0.000000
781,0,forward,1.469344,0.000683,0.377966,0.917432,0.263143,1408,1536,0,0.010000,0.394194,text loop focuses o,782,0,0.000000
782,1,backward,0.942854,0.000298,0.334621,0.917374,0.200901,1536,1408,1,0.010000,0.613610,tor using a random p,783,0,0.000000
783,4,stay,1.589734,0.000294,0.335002,0.917507,0.200901,1408,1408,0,0.010000,0.627335,tor using a random p,784,0,0.000000
784,4,stay,1.662694,0.000290,0.335362,0.917345,0.200901,1408,1408,0,0.010000,0.463093,tor using a random p,785,0,0.000000
785,3,fast_backward,1.681619,0.000251,0.300099,0.917313,0.165020,1408,896,1,0.010000,0.640370,d with an informatio,786,0,0.000000
786,1,backward,1.389390,0.000485,0.355586,0.917314,0.236386,896,768,1,0.010000,0.780253,"ext, free energy sho",787,0,0.000000
787,0,forward,1.676931,0.000247,0.299903,0.917314,0.165020,768,896,0,0.010000,0.759276,d with an informatio,788,0,0.000000
788,0,forward,1.796304,0.000470,0.341928,0.917792,0.217769,896,1024,0,0.010000,0.470555,ssages or re-read pa,789,0,0.000000
789,0,forward,1.586127,0.000441,0.342373,0.917631,0.222530,1024,1152,0,0.010000,0.463701,phase comes next. T,790,0,0.000000
790,0,forward,1.664359,0.000261,0.306142,0.916964,0.179216,1152,1280,0,0.010000,0.458234,h character blocks i,791,0,0.000000
791,0,forward,1.346860,0.000296,0.333685,0.917241,0.200901,1280,1408,0,0.010000,0.622024,tor using a random p,792,0,0.000000
792,4,stay,1.738491,0.000292,0.334138,0.917578,0.200901,1408,1408,0,0.010000,0.471720,tor using a random p,793,0,0.000000
793,1,backward,1.930210,0.000255,0.306236,0.917232,0.179216,1408,1280,1,0.010000,0.727962,h character blocks i,794,0,0.000000
794,1,backward,1.577335,0.000445,0.342704,0.917276,0.222530,1280,1152,1,0.010000,0.608970,phase comes next. T,795,0,0.000000
795,0,forward,1.412191,0.000252,0.306210,0.917007,0.179216,1152,1280,0,0.010000,0.394844,h character blocks i,796,0,0.000000
796,3,fast_backward,1.619859,0.000489,0.355672,0.917279,0.236386,1280,768,1,0.010000,0.379154,"ext, free energy sho",797,0,0.000000
797,2,fast_forward,1.721765,0.000250,0.306920,0.917010,0.179216,768,1280,0,0.010000,0.333235,h character blocks i,798,0,0.000000
798,3,fast_backward,1.539641,0.000486,0.356423,0.917231,0.236386,1280,768,1,0.010000,0.350953,"ext, free energy sho",799,0,0.000000
799,2,fast_forward,1.354170,0.000249,0.307570,0.917009,0.179216,768,1280,0,0.010000,0.462694,h character blocks i,800,1,0.000125
800,1,backward,1.818726,0.000430,0.347913,0.917325,0.222530,1280,1152,1,0.010000,0.343866,phase comes next. T,801,0,0.000000
801,2,fast_forward,1.539783,0.000479,0.297683,0.916974,0.169394,1152,1664,0,0.010000,0.396889,"If it remains flat,",802,0,0.000000
802,4,stay,1.693074,0.000451,0.294448,0.917304,0.169394,1664,1664,0,0.010000,0.354411,"If it remains flat,",803,0,0.000000
803,0,forward,1.481577,0.000325,0.308011,0.916932,0.184100,1664,1792,0,0.010000,0.434005,gnostic signals. A s,804,0,0.000000
804,1,backward,1.459238,0.000424,0.289789,0.917092,0.169394,1792,1664,1,0.010000,0.504338,"If it remains flat,",805,0,0.000000
805,4,stay,1.488985,0.000405,0.287478,0.917182,0.169394,1664,1664,0,0.010000,0.401091,"If it remains flat,",806,0,0.000000
806,0,forward,1.462525,0.000319,0.302736,0.916876,0.184100,1664,1792,0,0.010000,0.234113,gnostic signals. A s,807,0,0.000000
807,0,forward,1.650462,0.000346,0.330809,0.917888,0.200430,1792,1920,0,0.010000,0.410449,rror. Cognitive emer,808,0,0.000000
808,3,fast_backward,1.960322,0.000319,0.328368,0.917617,0.200901,1920,1408,1,0.010000,0.636164,tor using a random p,809,0,0.000000
809,2,fast_forward,1.634937,0.000338,0.331938,0.917765,0.200430,1408,1920,0,0.010000,0.301344,rror. Cognitive emer,810,0,0.000000
810,1,backward,1.529350,0.000314,0.303183,0.916964,0.184100,1920,1792,1,0.010000,0.293236,gnostic signals. A s,811,0,0.000000
811,0,forward,1.446572,0.000336,0.331282,0.917821,0.200430,1792,1920,0,0.010000,0.265161,rror. Cognitive emer,812,0,0.000000
812,0,forward,1.522599,0.000289,0.314746,0.917749,0.188672,1920,2048,0,0.010000,0.334183,whether a free-ener,813,0,0.000000
813,4,stay,1.835648,0.000288,0.314702,0.917496,0.188672,2048,2048,0,0.010000,0.485887,whether a free-ener,814,0,0.000000
814,3,fast_backward,1.492734,0.000692,0.374618,0.917523,0.263143,2048,1536,1,0.010000,0.344499,text loop focuses o,815,0,0.000000
815,3,fast_backward,1.653404,0.000460,0.339142,0.917212,0.217769,1536,1024,1,0.010000,0.384857,ssages or re-read pa,816,0,0.000000
816,4,stay,1.698343,0.000455,0.339304,0.917421,0.217769,1024,1024,0,0.010000,0.682895,ssages or re-read pa,817,0,0.000000
817,4,stay,1.562310,0.000451,0.339457,0.917516,0.217769,1024,1024,0,0.010000,0.360884,ssages or re-read pa,818,0,0.000000
818,1,backward,1.489226,0.000257,0.296561,0.917405,0.165020,1024,896,1,0.010000,0.592193,d with an informatio,819,0,0.000000
819,3,fast_backward,1.640591,0.000287,0.315330,0.916724,0.192597,896,384,1,0.010000,0.429019,Active inference pro,820,0,0.000000
820,2,fast_forward,1.557449,0.000247,0.294202,0.917066,0.165020,384,896,0,0.010000,0.407210,d with an informatio,821,0,0.000000
821,3,fast_backward,1.851101,0.000284,0.313272,0.916994,0.192597,896,384,1,0.010000,0.505932,Active inference pro,822,0,0.000000
822,3,fast_backward,1.631691,0.000344,0.332182,0.917626,0.205664,384,0,1,0.010000,0.485138,Cognitive emergence,823,0,0.000000
823,2,fast_forward,1.721613,0.000497,0.352808,0.917424,0.237833,0,512,0,0.010000,0.514282,"ree energy, which is",824,0,0.000000
824,3,fast_backward,1.381361,0.000330,0.334852,0.917509,0.205664,512,0,1,0.010000,0.500644,Cognitive emergence,825,0,0.000000
825,0,forward,1.936069,0.000302,0.319671,0.917381,0.186413,0,128,0,0.010000,0.609987,er a free-energy-min,826,0,0.000000
826,1,backward,1.612406,0.000328,0.334581,0.917622,0.205664,128,0,1,0.010000,0.628485,Cognitive emergence,827,0,0.000000
827,2,fast_forward,1.522871,0.000481,0.354827,0.917375,0.237833,0,512,0,0.010000,0.538092,"ree energy, which is",828,0,0.000000
828,4,stay,1.331152,0.000471,0.356644,0.917479,0.237833,512,512,0,0.010000,0.484089,"ree energy, which is",829,0,0.000000
829,3,fast_backward,1.656936,0.000313,0.338814,0.917527,0.205664,512,0,1,0.010000,0.579599,Cognitive emergence,830,0,0.000000
830,4,stay,1.576370,0.000310,0.338820,0.917441,0.205664,0,0,0,0.010000,0.484746,Cognitive emergence,831,0,0.000000
831,1,backward,1.793559,0.000308,0.338819,0.917686,0.205664,0,0,0,0.010000,0.557385,Cognitive emergence,832,0,0.000000
832,2,fast_forward,1.673266,0.000459,0.358340,0.917409,0.237833,0,512,0,0.010000,0.506402,"ree energy, which is",833,0,0.000000
833,2,fast_forward,1.445472,0.000443,0.342638,0.917380,0.217769,512,1024,0,0.010000,0.590418,ssages or re-read pa,834,0,0.000000
834,3,fast_backward,1.863856,0.000451,0.359596,0.917327,0.237833,1024,512,1,0.010000,0.759538,"ree energy, which is",835,0,0.000000
835,0,forward,1.665669,0.000501,0.371312,0.917128,0.248914,512,640,0,0.010000,0.613042,ergy reflects how pr,836,0,0.000000
836,2,fast_forward,1.656993,0.000436,0.346700,0.916930,0.222530,640,1152,0,0.010000,0.698916,phase comes next. T,837,0,0.000000
837,1,backward,1.769090,0.000435,0.346057,0.917552,0.217769,1152,1024,1,0.010000,0.722700,ssages or re-read pa,838,0,0.000000
838,1,backward,1.828624,0.000285,0.304687,0.917212,0.165020,1024,896,1,0.010000,0.739657,d with an informatio,839,0,0.000000
839,0,forward,1.425099,0.000437,0.343349,0.917405,0.217769,896,1024,0,0.010000,0.556092,ssages or re-read pa,840,0,0.000000
840,4,stay,1.832482,0.000434,0.343162,0.917329,0.217769,1024,1024,0,0.010000,0.624035,ssages or re-read pa,841,0,0.000000
841,4,stay,1.350398,0.000432,0.342997,0.917234,0.217769,1024,1024,0,0.010000,0.536930,ssages or re-read pa,842,0,0.000000
842,4,stay,1.308494,0.000430,0.342853,0.917150,0.217769,1024,1024,0,0.010000,0.497014,ssages or re-read pa,843,0,0.000000
843,1,backward,1.924090,0.000274,0.301596,0.917307,0.165020,1024,896,1,0.010000,0.351634,d with an informatio,844,0,0.000000
844,1,backward,1.574302,0.000468,0.353245,0.917216,0.236386,896,768,1,0.010000,0.685846,"ext, free energy sho",845,0,0.000000
845,4,stay,1.472645,0.000460,0.354698,0.917176,0.236386,768,768,0,0.010000,0.495025,"ext, free energy sho",846,0,0.000000
846,2,fast_forward,1.781395,0.000289,0.308507,0.917021,0.179216,768,1280,0,0.010000,0.593157,h character blocks i,847,0,0.000000
847,3,fast_backward,1.781402,0.000460,0.355193,0.917434,0.236386,1280,768,1,0.010000,0.419503,"ext, free energy sho",848,0,0.000000
848,1,backward,1.547502,0.000509,0.370101,0.917526,0.248914,768,640,1,0.010000,0.427115,ergy reflects how pr,849,0,0.000000
849,4,stay,1.696389,0.000493,0.371927,0.917281,0.248914,640,640,0,0.010000,0.437149,ergy reflects how pr,850,0,0.000000
850,0,forward,1.700432,0.000439,0.360052,0.917376,0.236386,640,768,0,0.010000,0.579894,"ext, free energy sho",851,0,0.000000
851,0,forward,1.686463,0.000284,0.307914,0.917115,0.165020,768,896,0,0.010000,0.425857,d with an informatio,852,0,0.000000
852,3,fast_backward,1.566008,0.000272,0.324730,0.916745,0.192597,896,384,1,0.010000,0.427531,Active inference pro,853,0,0.000000
853,3,fast_backward,1.629942,0.000312,0.342441,0.917866,0.205664,384,0,1,0.010000,0.561353,Cognitive emergence,854,0,0.000000
854,0,forward,1.492384,0.000304,0.327190,0.917512,0.186413,0,128,0,0.010000,0.385559,er a free-energy-min,855,0,0.000000
855,0,forward,1.359004,0.000289,0.320689,0.916790,0.195890,128,256,0,0.010000,0.603800,"ned embeddings, no t",856,0,0.000000
856,4,stay,1.801873,0.000286,0.320245,0.916770,0.195890,256,256,0,0.010000,0.405885,"ned embeddings, no t",857,0,0.000000
857,3,fast_backward,2.099637,0.000315,0.340459,0.917540,0.205664,256,0,1,0.010000,0.409810,Cognitive emergence,858,0,0.000000
858,0,forward,1.409614,0.000302,0.324896,0.917571,0.186413,0,128,0,0.010000,0.541880,er a free-energy-min,859,0,0.000000
859,1,backward,1.307570,0.000315,0.339462,0.917702,0.205664,128,0,1,0.010000,0.485736,Cognitive emergence,860,0,0.000000
860,2,fast_forward,1.747230,0.000459,0.358950,0.917311,0.237833,0,512,0,0.010000,0.415076,"ree energy, which is",861,0,0.000000
861,1,backward,1.254977,0.000273,0.322398,0.916720,0.192597,512,384,1,0.010000,0.499319,Active inference pro,862,0,0.000000
862,0,forward,1.380055,0.000455,0.359663,0.917554,0.237833,384,512,0,0.010000,0.576531,"ree energy, which is",863,0,0.000000
863,4,stay,1.341431,0.000447,0.361214,0.917528,0.237833,512,512,0,0.010000,0.552198,"ree energy, which is",864,0,0.000000
864,4,stay,1.678943,0.000440,0.362666,0.917557,0.237833,512,512,0,0.010000,0.507203,"ree energy, which is",865,0,0.000000
865,0,forward,1.706955,0.000487,0.373850,0.917484,0.248914,512,640,0,0.010000,0.495483,ergy reflects how pr,866,0,0.000000
866,2,fast_forward,1.825996,0.000424,0.349448,0.917186,0.222530,640,1152,0,0.010000,0.670543,phase comes next. T,867,0,0.000000
867,4,stay,1.997825,0.000420,0.349576,0.917062,0.222530,1152,1152,0,0.010000,0.524906,phase comes next. T,868,0,0.000000
868,0,forward,1.899353,0.000292,0.313007,0.916953,0.179216,1152,1280,0,0.010000,0.534047,h character blocks i,869,0,0.000000
869,3,fast_backward,1.603944,0.000442,0.360311,0.917366,0.236386,1280,768,1,0.010000,0.557286,"ext, free energy sho",870,0,0.000000
870,3,fast_backward,1.570763,0.000283,0.325685,0.916791,0.195890,768,256,1,0.010000,0.518881,"ned embeddings, no t",871,0,0.000000
871,0,forward,1.180731,0.000270,0.326380,0.916827,0.192597,256,384,0,0.010000,0.662292,Active inference pro,872,0,0.000000
872,3,fast_backward,1.572716,0.000310,0.344633,0.917831,0.205664,384,0,1,0.010000,0.568518,Cognitive emergence,873,0,0.000000
873,3,fast_backward,1.830908,0.000307,0.344286,0.917435,0.205664,0,0,0,0.010000,0.548256,Cognitive emergence,874,0,0.000000
874,0,forward,1.772952,0.000306,0.328243,0.917423,0.186413,0,128,0,0.010000,0.350584,er a free-energy-min,875,0,0.000000
875,1,backward,1.360293,0.000308,0.342735,0.917579,0.205664,128,0,1,0.010000,0.649227,Cognitive emergence,876,0,0.000000
876,0,forward,1.478717,0.000303,0.326776,0.917600,0.186413,0,128,0,0.010000,0.584878,er a free-energy-min,877,0,0.000000
877,3,fast_backward,1.946567,0.000309,0.341418,0.917729,0.205664,128,0,1,0.010000,0.578351,Cognitive emergence,878,0,0.000000
878,4,stay,1.666344,0.000306,0.341304,0.917908,0.205664,0,0,0,0.010000,0.619094,Cognitive emergence,879,0,0.000000
879,1,backward,1.430718,0.000303,0.341189,0.917779,0.205664,0,0,0,0.010000,0.757897,Cognitive emergence,880,0,0.000000
880,3,fast_backward,1.359741,0.000301,0.341073,0.917525,0.205664,0,0,0,0.010000,0.836819,Cognitive emergence,881,0,0.000000
881,2,fast_forward,1.529521,0.000451,0.360260,0.917271,0.237833,0,512,0,0.010000,0.745437,"ree energy, which is",882,0,0.000000
882,1,backward,1.801215,0.000276,0.324240,0.917169,0.192597,512,384,1,0.010000,0.718658,Active inference pro,883,0,0.000000
883,0,forward,1.698905,0.000448,0.360688,0.917278,0.237833,384,512,0,0.010000,0.745202,"ree energy, which is",884,0,0.000000
884,3,fast_backward,1.767550,0.000296,0.343134,0.917460,0.205664,512,0,1,0.010000,0.615434,Cognitive emergence,885,0,0.000000
885,4,stay,2.017610,0.000294,0.342864,0.917518,0.205664,0,0,0,0.010000,0.533203,Cognitive emergence,886,0,0.000000
886,0,forward,1.284210,0.000311,0.326287,0.917495,0.186413,0,128,0,0.010000,0.653414,er a free-energy-min,887,0,0.000000
887,4,stay,1.952766,0.000307,0.325155,0.917560,0.186413,128,128,0,0.010000,0.513998,er a free-energy-min,888,0,0.000000
888,0,forward,1.528321,0.000294,0.319799,0.917140,0.195890,128,256,0,0.010000,0.500927,"ned embeddings, no t",889,0,0.000000
889,0,forward,1.653461,0.000277,0.321404,0.916741,0.192597,256,384,0,0.010000,0.538457,Active inference pro,890,0,0.000000
890,3,fast_backward,1.168472,0.000305,0.339156,0.917868,0.205664,384,0,1,0.010000,0.569968,Cognitive emergence,891,0,0.000000
891,3,fast_backward,1.844333,0.000303,0.339203,0.917360,0.205664,0,0,0,0.010000,0.572557,Cognitive emergence,892,0,0.000000
892,1,backward,1.789929,0.000300,0.339237,0.917552,0.205664,0,0,0,0.010000,0.468359,Cognitive emergence,893,0,0.000000
893,2,fast_forward,1.698571,0.000458,0.358589,0.917170,0.237833,0,512,0,0.010000,0.556815,"ree energy, which is",894,0,0.000000
894,4,stay,1.281340,0.000451,0.360145,0.917323,0.237833,512,512,0,0.010000,0.839464,"ree energy, which is",895,0,0.000000
895,2,fast_forward,1.499319,0.000445,0.344019,0.917531,0.217769,512,1024,0,0.010000,0.758820,ssages or re-read pa,896,0,0.000000
896,3,fast_backward,1.428003,0.000444,0.361172,0.917904,0.237833,1024,512,1,0.010000,0.610934,"ree energy, which is",897,0,0.000000
897,0,forward,1.363301,0.000493,0.372873,0.917346,0.248914,512,640,0,0.010000,0.992348,ergy reflects how pr,898,0,0.000000
898,4,stay,1.604925,0.000479,0.374479,0.917285,0.248914,640,640,0,0.010000,0.360765,ergy reflects how pr,899,0,0.000000
899,2,fast_forward,1.602077,0.000434,0.349609,0.917522,0.222530,640,1152,0,0.010000,0.528314,phase comes next. T,900,1,-0.000085
900,4,stay,1.323694,0.000434,0.343971,0.917370,0.222530,1152,1152,0,0.010000,0.406477,phase comes next. T,901,0,0.000000
901,3,fast_backward,1.490053,0.000517,0.370082,0.917349,0.248914,1152,640,1,0.010000,0.417172,ergy reflects how pr,902,0,0.000000
902,0,forward,2.017529,0.000453,0.358668,0.917715,0.236386,640,768,0,0.010000,0.468119,"ext, free energy sho",903,0,0.000000
903,1,backward,1.559091,0.000494,0.372891,0.917309,0.248914,768,640,1,0.010000,0.333665,ergy reflects how pr,904,0,0.000000
904,3,fast_backward,1.661269,0.000310,0.330915,0.917362,0.186413,640,128,1,0.010000,0.489278,er a free-energy-min,905,0,0.000000
905,4,stay,1.523254,0.000306,0.329487,0.917380,0.186413,128,128,0,0.010000,0.590495,er a free-energy-min,906,0,0.000000
906,2,fast_forward,1.542165,0.000500,0.372187,0.917456,0.248914,128,640,0,0.010000,0.371393,ergy reflects how pr,907,0,0.000000
907,4,stay,1.560314,0.000485,0.373858,0.917435,0.248914,640,640,0,0.010000,0.333636,ergy reflects how pr,908,0,0.000000
908,0,forward,1.951112,0.000440,0.362157,0.917270,0.236386,640,768,0,0.010000,0.558061,"ext, free energy sho",909,0,0.000000
909,0,forward,1.638204,0.000290,0.308759,0.917189,0.165020,768,896,0,0.010000,0.509254,d with an informatio,910,0,0.000000
910,1,backward,1.657162,0.000444,0.360530,0.917337,0.236386,896,768,1,0.010000,0.521930,"ext, free energy sho",911,0,0.000000
911,2,fast_forward,1.797898,0.000281,0.312469,0.917033,0.179216,768,1280,0,0.010000,0.365373,h character blocks i,912,0,0.000000
912,1,backward,1.410215,0.000421,0.347977,0.917355,0.222530,1280,1152,1,0.010000,0.364343,phase comes next. T,913,0,0.000000
913,4,stay,1.481944,0.000418,0.348244,0.917042,0.222530,1152,1152,0,0.010000,0.344667,phase comes next. T,914,0,0.000000
914,1,backward,1.565459,0.000446,0.348082,0.917607,0.217769,1152,1024,1,0.010000,0.571136,ssages or re-read pa,915,0,0.000000
915,1,backward,1.846744,0.000270,0.305537,0.917228,0.165020,1024,896,1,0.010000,0.495927,d with an informatio,916,0,0.000000
916,2,fast_forward,1.532655,0.000289,0.337099,0.917464,0.200901,896,1408,0,0.010000,0.544540,tor using a random p,917,0,0.000000
917,0,forward,1.687571,0.000618,0.382805,0.917486,0.263143,1408,1536,0,0.010000,0.679876,text loop focuses o,918,0,0.000000
918,1,backward,1.428134,0.000281,0.339711,0.917504,0.200901,1536,1408,1,0.010000,0.528341,tor using a random p,919,0,0.000000
919,4,stay,1.470460,0.000278,0.339646,0.917572,0.200901,1408,1408,0,0.010000,0.599827,tor using a random p,920,0,0.000000
920,3,fast_backward,1.445711,0.000273,0.305581,0.917306,0.165020,1408,896,1,0.010000,0.500602,d with an informatio,921,0,0.000000
921,0,forward,1.632732,0.000452,0.345460,0.917367,0.217769,896,1024,0,0.010000,0.564884,ssages or re-read pa,922,0,0.000000
922,2,fast_forward,1.532221,0.000619,0.382639,0.917897,0.263143,1024,1536,0,0.010000,0.490402,text loop focuses o,923,0,0.000000
923,4,stay,1.581271,0.000600,0.384998,0.917261,0.263143,1536,1536,0,0.010000,0.684313,text loop focuses o,924,0,0.000000
924,0,forward,1.424649,0.000480,0.301143,0.916963,0.169394,1536,1664,0,0.010000,0.685840,"If it remains flat,",925,0,0.000000
925,0,forward,1.616986,0.000333,0.313511,0.917365,0.184100,1664,1792,0,0.010000,0.454782,gnostic signals. A s,926,0,0.000000
926,0,forward,1.877225,0.000320,0.341593,0.917950,0.200430,1792,1920,0,0.010000,0.585458,rror. Cognitive emer,927,0,0.000000
927,0,forward,1.822520,0.000281,0.323726,0.917309,0.188672,1920,2048,0,0.010000,0.385734,whether a free-ener,928,0,0.000000
928,4,stay,1.872583,0.000280,0.322997,0.917312,0.188672,2048,2048,0,0.010000,0.654677,whether a free-ener,929,0,0.000000
929,3,fast_backward,1.183593,0.000631,0.381174,0.917168,0.263143,2048,1536,1,0.010000,0.486298,text loop focuses o,930,0,0.000000
930,3,fast_backward,1.941133,0.000447,0.345973,0.917428,0.217769,1536,1024,1,0.010000,0.692268,ssages or re-read pa,931,0,0.000000
931,0,forward,1.633747,0.000425,0.346314,0.917239,0.222530,1024,1152,0,0.010000,0.375903,phase comes next. T,932,0,0.000000
932,1,backward,1.446505,0.000443,0.346015,0.916966,0.217769,1152,1024,1,0.010000,0.386082,ssages or re-read pa,933,0,0.000000
933,0,forward,1.580572,0.000421,0.346305,0.917117,0.222530,1024,1152,0,0.010000,0.538771,phase comes next. T,934,0,0.000000
934,0,forward,1.784686,0.000274,0.310366,0.917143,0.179216,1152,1280,0,0.010000,0.695944,h character blocks i,935,0,0.000000
935,2,fast_forward,1.194803,0.000324,0.311743,0.916854,0.184100,1280,1792,0,0.010000,0.466633,gnostic signals. A s,936,0,0.000000
936,0,forward,1.645721,0.000322,0.339717,0.917645,0.200430,1792,1920,0,0.010000,0.382718,rror. Cognitive emer,937,0,0.000000
937,3,fast_backward,1.676745,0.000291,0.335114,0.917365,0.200901,1920,1408,1,0.010000,0.693698,tor using a random p,938,0,0.000000
938,2,fast_forward,1.476496,0.000319,0.339530,0.917753,0.200430,1408,1920,0,0.010000,0.562947,rror. Cognitive emer,939,0,0.000000
939,3,fast_backward,1.713658,0.000288,0.335150,0.917914,0.200901,1920,1408,1,0.010000,0.376835,tor using a random p,940,0,0.000000
940,1,backward,1.653459,0.000270,0.307607,0.917171,0.179216,1408,1280,1,0.010000,0.369839,h character blocks i,941,0,0.000000
941,0,forward,1.317159,0.000286,0.334480,0.917711,0.200901,1280,1408,0,0.010000,0.354637,tor using a random p,942,0,0.000000
942,1,backward,1.813778,0.000264,0.306928,0.917113,0.179216,1408,1280,1,0.010000,0.346000,h character blocks i,943,0,0.000000
943,4,stay,1.513316,0.000260,0.306014,0.917108,0.179216,1280,1280,0,0.010000,0.581694,h character blocks i,944,0,0.000000
944,1,backward,1.893764,0.000445,0.341830,0.917278,0.222530,1280,1152,1,0.010000,0.490295,phase comes next. T,945,0,0.000000
945,2,fast_forward,1.221355,0.000433,0.291069,0.917167,0.169394,1152,1664,0,0.010000,0.590304,"If it remains flat,",946,0,0.000000
946,2,fast_forward,1.527976,0.000297,0.318986,0.917102,0.194097,1664,2176,0,0.010000,0.380489,retrained embeddings,947,0,0.000000
947,0,forward,1.309712,0.000282,0.315871,0.916882,0.192752,2176,2304,0,0.010000,0.384946,atch. Active inferen,948,0,0.000000
948,0,forward,1.576239,0.000470,0.348323,0.917650,0.231309,2304,2432,0,0.010000,0.335464,"mise free energy, wh",949,0,0.000000
949,0,forward,1.675722,0.000535,0.367747,0.917354,0.248006,2432,2560,0,0.010000,0.425426,ree energy reflects,950,0,0.000000
950,4,stay,1.748306,0.000516,0.369730,0.917457,0.248006,2560,2560,0,0.010000,0.272333,ree energy reflects,951,0,0.000000
951,3,fast_backward,1.608656,0.000281,0.323271,0.917520,0.188672,2560,2048,1,0.010000,0.424028,whether a free-ener,952,0,0.000000
952,3,fast_backward,1.524515,0.000633,0.381617,0.917552,0.263143,2048,1536,1,0.010000,0.391055,text loop focuses o,953,0,0.000000
953,2,fast_forward,1.545712,0.000279,0.325324,0.917341,0.188672,1536,2048,0,0.010000,0.369712,whether a free-ener,954,0,0.000000
954,4,stay,1.361708,0.000278,0.324484,0.917372,0.188672,2048,2048,0,0.010000,0.442167,whether a free-ener,955,0,0.000000
955,2,fast_forward,1.816845,0.000502,0.372038,0.917278,0.248006,2048,2560,0,0.010000,0.325578,ree energy reflects,956,0,0.000000
956,3,fast_backward,1.266165,0.000278,0.325574,0.917589,0.188672,2560,2048,1,0.010000,0.226759,whether a free-ener,957,0,0.000000
957,1,backward,1.214169,0.000322,0.342664,0.917323,0.200430,2048,1920,1,0.010000,0.369856,rror. Cognitive emer,958,0,0.000000
958,0,forward,1.582488,0.000277,0.324196,0.917675,0.188672,1920,2048,0,0.010000,0.386441,whether a free-ener,959,0,0.000000
959,2,fast_forward,1.182618,0.000501,0.371945,0.917766,0.248006,2048,2560,0,0.010000,0.449828,ree energy reflects,960,0,0.000000
960,4,stay,1.690620,0.000487,0.373662,0.917303,0.248006,2560,2560,0,0.010000,0.426852,ree energy reflects,961,0,0.000000
961,1,backward,1.718349,0.000416,0.357945,0.917756,0.231309,2560,2432,1,0.010000,0.561782,"mise free energy, wh",962,0,0.000000
962,3,fast_backward,1.523143,0.000314,0.346185,0.917777,0.200430,2432,1920,1,0.010000,0.495344,rror. Cognitive emer,963,0,0.000000
963,3,fast_backward,1.712898,0.000280,0.340004,0.917395,0.200901,1920,1408,1,0.010000,0.339089,tor using a random p,964,0,0.000000
964,0,forward,1.228057,0.000598,0.385942,0.917370,0.263143,1408,1536,0,0.010000,0.391125,text loop focuses o,965,0,0.000000
965,3,fast_backward,1.461896,0.000439,0.350259,0.917281,0.217769,1536,1024,1,0.010000,0.362914,ssages or re-read pa,966,0,0.000000
966,4,stay,1.688827,0.000437,0.349539,0.917349,0.217769,1024,1024,0,0.010000,0.452790,ssages or re-read pa,967,0,0.000000
967,0,forward,1.534669,0.000425,0.349529,0.917120,0.222530,1024,1152,0,0.010000,0.313833,phase comes next. T,968,0,0.000000
968,3,fast_backward,1.546185,0.000479,0.374820,0.917654,0.248914,1152,640,1,0.010000,0.435319,ergy reflects how pr,969,0,0.000000
969,0,forward,1.816395,0.000436,0.362913,0.917283,0.236386,640,768,0,0.010000,0.371399,"ext, free energy sho",970,0,0.000000
970,2,fast_forward,1.669937,0.000286,0.315279,0.917035,0.179216,768,1280,0,0.010000,0.242177,h character blocks i,971,0,0.000000
971,4,stay,1.665037,0.000277,0.313595,0.917331,0.179216,1280,1280,0,0.010000,0.453335,h character blocks i,972,0,0.000000
972,3,fast_backward,2.186359,0.000446,0.360934,0.917510,0.236386,1280,768,1,0.010000,0.421090,"ext, free energy sho",973,0,0.000000
973,2,fast_forward,1.697303,0.000272,0.313128,0.917013,0.179216,768,1280,0,0.010000,0.349295,h character blocks i,974,0,0.000000
974,2,fast_forward,1.406675,0.000327,0.314755,0.916975,0.184100,1280,1792,0,0.010000,0.605051,gnostic signals. A s,975,0,0.000000
975,0,forward,1.507884,0.000323,0.342975,0.917545,0.200430,1792,1920,0,0.010000,0.549294,rror. Cognitive emer,976,0,0.000000
976,4,stay,1.738519,0.000319,0.342333,0.917431,0.200430,1920,1920,0,0.010000,0.383517,rror. Cognitive emer,977,0,0.000000
977,4,stay,1.709830,0.000315,0.341739,0.917699,0.200430,1920,1920,0,0.010000,0.372754,rror. Cognitive emer,978,0,0.000000
978,3,fast_backward,1.753521,0.000284,0.336884,0.917452,0.200901,1920,1408,1,0.010000,0.219860,tor using a random p,979,0,0.000000
979,2,fast_forward,1.456251,0.000313,0.341250,0.917523,0.200430,1408,1920,0,0.010000,0.415303,rror. Cognitive emer,980,0,0.000000
980,4,stay,1.882395,0.000310,0.340726,0.917720,0.200430,1920,1920,0,0.010000,0.251832,rror. Cognitive emer,981,0,0.000000
981,4,stay,2.036902,0.000307,0.340238,0.917673,0.200430,1920,1920,0,0.010000,0.369414,rror. Cognitive emer,982,0,0.000000
982,1,backward,0.840287,0.000327,0.310152,0.917133,0.184100,1920,1792,1,0.010000,0.674240,gnostic signals. A s,983,0,0.000000
983,2,fast_forward,1.367873,0.000281,0.320740,0.916932,0.192752,1792,2304,0,0.010000,0.494533,atch. Active inferen,984,0,0.000000
984,4,stay,1.607300,0.000276,0.319907,0.917070,0.192752,2304,2304,0,0.010000,0.503742,atch. Active inferen,985,0,0.000000
985,1,backward,1.327093,0.000293,0.320212,0.916968,0.194097,2304,2176,1,0.010000,0.418350,retrained embeddings,986,0,0.000000
986,0,forward,1.440945,0.000272,0.318684,0.917121,0.192752,2176,2304,0,0.010000,0.670651,atch. Active inferen,987,0,0.000000
987,4,stay,1.338621,0.000269,0.318076,0.916747,0.192752,2304,2304,0,0.010000,0.657428,atch. Active inferen,988,0,0.000000
988,3,fast_backward,1.423097,0.000317,0.305372,0.917100,0.184100,2304,1792,1,0.010000,0.444798,gnostic signals. A s,989,0,0.000000
989,1,backward,1.764060,0.000444,0.286322,0.916749,0.169394,1792,1664,1,0.010000,0.365784,"If it remains flat,",990,0,0.000000
990,0,forward,1.780931,0.000311,0.302195,0.917141,0.184100,1664,1792,0,0.010000,0.533907,gnostic signals. A s,991,0,0.000000
991,0,forward,1.397153,0.000334,0.331134,0.917852,0.200430,1792,1920,0,0.010000,0.280989,rror. Cognitive emer,992,0,0.000000
992,0,forward,1.822624,0.000290,0.313806,0.917592,0.188672,1920,2048,0,0.010000,0.394929,whether a free-ener,993,0,0.000000
993,0,forward,1.260453,0.000292,0.314678,0.917157,0.194097,2048,2176,0,0.010000,0.457162,retrained embeddings,994,0,0.000000
994,2,fast_forward,1.489729,0.000517,0.352377,0.917275,0.240073,2176,2688,0,0.010000,0.443933,"the text, free ener",995,0,0.000000
995,4,stay,1.318667,0.000503,0.354477,0.917263,0.240073,2688,2688,0,0.010000,0.592736,"the text, free ener",996,0,0.000000
996,1,backward,1.523797,0.000528,0.367756,0.917259,0.248006,2688,2560,1,0.010000,0.314932,ree energy reflects,997,0,0.000000
997,4,stay,1.952492,0.000511,0.369747,0.917266,0.248006,2560,2560,0,0.010000,0.494917,ree energy reflects,998,0,0.000000
998,1,backward,1.855763,0.000430,0.353783,0.917265,0.231309,2560,2432,1,0.010000,0.582524,"mise free energy, wh",999,0,0.000000
999,3,fast_backward,1.284146,0.000312,0.341871,0.917591,0.200430,2432,1920,1,0.010000,0.598912,rror. Cognitive emer,1000,1,0.000079
