step,action,action_vec_norm,obs_norm,free_energy,confidence,cycle_count,frame_mean,elapsed_ms
0,2,1.248425,0.516117,9.895697,0.896090,1,2.919800,21.723
1,2,1.501282,0.583705,26.910225,0.916552,2,2.875000,13.514
2,1,1.543809,0.475967,26.233707,0.916769,3,2.890564,13.332
3,1,1.426821,0.606013,23.603673,0.916834,4,2.902344,13.700
4,1,1.675511,0.654486,22.760433,0.917767,5,2.947144,13.500
5,3,1.296913,0.630979,19.880077,0.916825,6,2.921692,48.411
6,0,1.817144,0.581047,18.122563,0.916778,7,2.890564,13.690
7,3,1.668708,0.432962,17.554217,0.916802,8,2.890564,13.342
8,0,1.577334,0.610846,17.680281,0.916277,9,2.904236,13.302
9,0,1.608887,0.599189,17.876158,0.916202,10,2.890564,13.348
10,3,2.047352,0.640418,17.927786,0.916840,11,2.919800,46.182
11,3,1.899073,0.613203,18.009934,0.916377,12,2.892456,13.420
12,2,1.722673,0.601858,18.019090,0.916085,13,2.875000,13.290
13,3,1.457417,0.538232,17.449117,0.916861,14,2.902344,13.677
14,2,1.785090,0.648553,17.102591,0.915891,15,2.906128,13.679
15,0,1.403216,0.619744,16.669020,0.915456,16,2.875000,44.431
16,0,1.866929,0.466531,16.317702,0.916691,17,2.861328,13.624
17,2,1.362306,0.654603,16.570810,0.916645,18,2.904236,13.552
18,2,1.833498,0.531755,16.497422,0.917190,19,2.888672,13.534
19,3,1.148664,0.596187,16.134591,0.917117,20,2.847656,13.562
20,2,1.083298,0.367589,15.632461,0.917923,21,2.845764,48.900
21,3,1.727662,0.472091,15.504707,0.916158,22,2.904236,14.036
22,3,1.826889,0.468589,15.552955,0.919039,23,2.812744,13.726
23,3,2.006797,0.524465,15.588736,0.917862,24,2.904236,13.404
24,2,1.569087,0.430368,15.692437,0.917402,25,2.876892,13.367
25,2,1.609150,0.483791,15.380072,0.917492,26,2.863220,45.620
26,3,1.774382,0.500240,15.466713,0.916834,27,2.892456,13.351
27,3,1.832943,0.563106,15.342261,0.917178,28,2.853760,13.357
28,2,1.592739,0.649725,15.396416,0.917607,29,2.875000,14.450
29,3,2.037902,0.499966,15.273914,0.915824,30,2.847656,13.405
30,3,1.655024,0.539238,15.362101,0.917182,31,2.876892,44.450
31,2,1.550055,0.465394,15.329396,0.916826,32,2.933472,13.489
32,3,1.943349,0.469721,15.101183,0.916505,33,2.904236,13.461
33,3,1.299289,0.570766,15.014546,0.917415,34,2.933472,13.366
34,2,1.860330,0.655899,14.949105,0.917714,35,2.890564,13.588
35,3,1.758566,0.539976,14.858322,0.917908,36,2.890564,13.469
36,3,1.898692,0.496690,14.819626,0.917663,37,2.933472,40.765
37,2,1.646814,0.530527,14.882825,0.917414,38,2.921692,15.173
38,2,1.246091,0.574513,15.006214,0.917366,39,2.917908,13.321
39,2,1.805623,0.627099,15.165199,0.916753,40,2.876892,13.280
40,3,1.790071,0.732072,15.097833,0.917172,41,2.919800,13.345
41,3,1.448488,0.715854,15.063234,0.916433,42,2.904236,44.503
42,0,1.795540,0.755560,15.140443,0.916839,43,2.878784,13.340
43,2,1.318810,0.626358,15.306243,0.916560,44,2.890564,13.246
44,0,2.056321,0.506194,15.337109,0.917367,45,2.888672,13.279
45,0,1.602863,0.532145,15.619123,0.917365,46,2.890564,48.382
46,3,1.191138,0.495597,15.754761,0.917291,47,2.906128,13.438
47,2,1.523602,0.537308,16.289298,0.916851,48,2.892456,14.025
48,0,1.750275,0.507612,16.476847,0.917107,49,2.876892,13.371
49,1,1.971873,0.678894,16.330217,0.916821,50,2.826416,13.287
50,1,1.676399,0.669780,16.115143,0.917156,51,2.892456,45.175
51,1,2.568733,0.621136,16.214891,0.917359,52,2.900452,13.388
52,2,1.380586,0.625894,16.342536,0.916487,53,2.906128,13.528
53,0,1.096791,0.515367,16.505012,0.916742,54,2.904236,13.370
54,1,1.544242,0.355516,16.404589,0.916594,55,2.843872,13.299
55,3,1.221961,0.387106,16.566691,0.916229,56,2.904236,13.315
56,3,1.667397,0.489738,16.684149,0.916945,57,2.931580,45.223
57,1,1.469668,0.472445,17.251355,0.917147,58,2.906128,13.965
58,3,1.387329,0.591107,17.079931,0.916480,59,2.921692,13.420
59,2,1.146172,0.560044,17.395535,0.917850,60,2.785400,13.380
60,0,1.549454,0.546826,17.582286,0.917896,61,2.847656,13.852
61,0,1.821272,0.623669,17.756987,0.917427,62,2.904236,45.251
62,1,1.708267,0.563911,17.760776,0.918028,63,2.917908,17.789
63,1,2.125570,0.635598,17.932462,0.918062,64,2.876892,13.494
64,1,1.738759,0.675318,18.401979,0.917447,65,2.888672,13.476
65,2,1.336668,0.702274,18.293743,0.917280,66,2.863220,13.313
66,3,1.329994,0.630892,18.214643,0.916500,67,2.886780,41.676
67,1,1.657681,0.602192,18.313904,0.917849,68,2.875000,13.366
68,0,1.330009,0.568556,18.494163,0.917240,69,2.892456,13.323
69,3,1.496388,0.489317,18.962680,0.917450,70,2.857544,13.641
70,0,1.812324,0.467074,19.113712,0.917353,71,2.904236,48.778
71,2,1.450549,0.495712,18.957165,0.916836,72,2.917908,13.619
72,2,1.339476,0.501236,19.126776,0.916346,73,2.890564,13.783
73,2,1.693327,0.672400,19.090774,0.917156,74,2.904236,13.609
74,0,1.665721,0.588433,18.953252,0.917126,75,2.843872,13.675
75,3,1.640777,0.482829,18.777953,0.917000,76,2.904236,13.645
76,2,1.739706,0.505939,18.826301,0.917418,77,2.933472,42.629
77,0,1.452257,0.506588,18.602393,0.917232,78,2.904236,13.731
78,2,1.608717,0.556605,18.832364,0.917746,79,2.906128,13.780
79,2,1.712962,0.710601,18.578289,0.917062,80,2.826416,13.966
80,0,1.465741,0.641077,18.430794,0.917327,81,2.947144,48.649
81,3,1.451806,0.623943,18.378365,0.917463,82,2.919800,13.597
82,2,1.447046,0.611160,18.700754,0.916900,83,2.890564,13.748
83,3,1.203284,0.572430,18.678227,0.917892,84,2.919800,13.653
84,0,1.364529,0.514957,18.931149,0.917321,85,2.902344,14.034
85,0,1.511550,0.490583,18.800867,0.917188,86,2.890564,44.427
86,1,1.519178,0.414210,18.703954,0.917084,87,2.919800,13.525
87,2,1.679916,0.452535,18.657244,0.917960,88,2.919800,13.381
88,2,1.634674,0.520511,18.465623,0.917479,89,2.890564,13.320
89,1,1.693677,0.525422,18.383469,0.917801,90,2.904236,13.549
90,3,1.622244,0.469294,18.307575,0.917766,91,2.904236,48.523
91,3,1.622805,0.455384,18.481218,0.917913,92,2.919800,13.410
92,0,1.308270,0.515792,18.291226,0.917718,93,2.878784,13.585
93,3,1.970812,0.623194,18.212782,0.918355,94,2.917908,13.335
94,3,1.804660,0.645067,18.162676,0.918029,95,2.919800,13.419
95,3,1.648184,0.569127,17.983981,0.917154,96,2.892456,48.397
96,3,1.709048,0.489309,17.881414,0.917262,97,2.890564,13.432
97,3,1.591421,0.573248,18.253405,0.916885,98,2.892456,13.300
98,1,1.945589,0.578317,18.377866,0.917536,99,2.917908,13.256
99,3,1.836445,0.498348,18.305346,0.917085,100,2.888672,13.460
100,0,1.247850,0.479214,18.448394,0.917327,101,2.847656,48.883
101,2,1.281640,0.556645,18.305483,0.917786,102,2.800964,13.396
102,2,1.678538,0.484753,18.252109,0.917573,103,2.919800,13.371
103,2,1.669649,0.512712,18.558739,0.916965,104,2.890564,13.338
104,2,1.488693,0.519293,18.745777,0.917126,105,2.931580,13.355
105,2,1.826653,0.528931,18.741425,0.916795,106,2.888672,49.438
106,2,1.265179,0.559266,18.810379,0.916901,107,2.826416,13.602
107,0,1.710515,0.603800,18.759824,0.916706,108,2.904236,13.391
108,3,1.297700,0.624967,18.446590,0.916081,109,2.876892,13.349
109,3,1.755839,0.668557,18.448361,0.915891,110,2.916016,13.433
110,2,1.687998,0.703342,18.334021,0.916573,111,2.890564,45.338
111,3,1.883323,0.604767,18.497961,0.917239,112,2.826416,13.364
112,3,1.584425,0.573784,18.552696,0.916617,113,2.904236,13.354
113,3,1.437533,0.578129,18.769181,0.917585,114,2.892456,13.334
114,2,1.366480,0.512933,18.835840,0.917855,115,2.875000,48.458
115,1,1.492933,0.596063,18.986585,0.916963,116,2.875000,13.446
116,3,1.234044,0.523518,19.080020,0.917138,117,2.875000,13.454
117,3,1.508402,0.427879,19.185890,0.916830,118,2.919800,13.719
118,0,1.569990,0.629745,19.391022,0.916052,119,2.894348,14.029
119,0,1.421697,0.585391,19.432502,0.916870,120,2.904236,49.959
120,3,1.349878,0.657077,19.410621,0.916466,121,2.904236,15.541
121,0,1.839483,0.635310,19.511370,0.916818,122,2.890564,13.411
122,0,1.674226,0.685037,19.869755,0.917452,123,2.947144,13.486
123,2,1.431424,0.596668,19.702765,0.917531,124,2.843872,13.367
124,3,1.517080,0.587696,19.948010,0.917824,125,2.931580,44.585
125,3,1.336550,0.534197,19.964881,0.916396,126,2.890564,13.372
126,2,1.364248,0.487329,20.155212,0.917307,127,2.890564,13.452
127,1,1.417959,0.564761,20.069839,0.917061,128,2.917908,13.283
128,2,1.337060,0.596515,20.053114,0.916779,129,2.812744,13.352
129,1,1.402221,0.660838,20.022698,0.916760,130,2.917908,48.443
130,2,1.564911,0.615641,19.994509,0.916837,131,2.892456,13.472
131,3,1.118890,0.659831,19.999171,0.916807,132,2.863220,13.544
132,0,1.406967,0.623596,19.797515,0.917175,133,2.919800,13.376
133,2,1.270950,0.729391,19.890229,0.917072,134,2.869324,13.397
134,0,1.707856,0.629683,19.768606,0.917022,135,2.878784,48.474
135,1,1.749823,0.631377,19.712984,0.917916,136,2.919800,15.620
136,0,1.575375,0.567344,19.718594,0.917238,137,2.890564,13.529
137,1,1.469793,0.535128,19.756180,0.917062,138,2.916016,13.355
138,0,1.828938,0.560475,19.765735,0.916786,139,2.904236,13.377
139,2,0.995847,0.631833,19.797157,0.917104,140,2.906128,45.563
140,0,1.253435,0.529359,20.040644,0.918008,141,2.890564,14.069
141,2,1.406739,0.464671,19.939383,0.917706,142,2.888672,13.651
142,1,1.465949,0.598301,20.168369,0.916610,143,2.806641,13.541
143,1,1.232884,0.572191,20.168476,0.916948,144,2.875000,48.689
144,3,1.873879,0.539670,19.944459,0.916746,145,2.888672,13.600
145,0,1.601551,0.539981,19.924264,0.917855,146,2.890564,13.667
146,0,1.588016,0.643653,19.930112,0.916959,147,2.902344,13.674
147,2,1.531680,0.585789,19.890504,0.917118,148,2.876892,13.822
148,2,1.280812,0.532628,19.627068,0.917537,149,2.908020,48.774
149,3,1.350303,0.521310,19.451698,0.917740,150,2.906128,14.380
150,3,1.093426,0.636412,19.365332,0.917239,151,2.904236,25.222
151,3,1.539481,0.752277,19.373773,0.916465,152,2.878784,89.211
152,1,1.931875,0.665527,19.461620,0.916487,153,2.921692,65.574
153,0,1.643252,0.552445,19.318435,0.916934,154,2.876892,21.606
154,2,1.562869,0.564921,19.388882,0.916781,155,2.919800,22.651
155,3,1.467982,0.445983,19.361255,0.917812,156,2.931580,59.407
156,1,1.648241,0.407653,19.463355,0.917436,157,2.888672,27.370
157,0,1.503108,0.498845,19.656997,0.916860,158,2.904236,27.089
158,2,1.411450,0.517635,19.498031,0.917339,159,2.863220,44.612
159,1,1.429951,0.559906,19.291384,0.916818,160,2.904236,13.376
160,3,1.629211,0.524876,19.355917,0.917069,161,2.876892,13.400
161,2,1.335104,0.485911,19.587791,0.917036,162,2.906128,13.357
162,2,1.678798,0.524676,19.620728,0.916400,163,2.906128,13.315
163,1,1.526357,0.568704,19.773397,0.916388,164,2.859436,48.561
164,1,1.655559,0.575959,20.124286,0.915833,165,2.875000,13.590
165,1,1.409372,0.674590,19.926951,0.916046,166,2.904236,13.521
166,1,1.356560,0.610916,20.028534,0.916974,167,2.916016,13.363
167,3,1.048582,0.561034,20.054910,0.917015,168,2.812744,13.430
168,3,1.326069,0.534003,19.827439,0.917502,169,2.843872,48.754
169,3,1.575238,0.537930,19.813263,0.917428,170,2.906128,13.377
170,0,1.306159,0.527774,19.624147,0.917023,171,2.890564,13.406
171,0,1.169048,0.718929,19.762484,0.916592,172,2.904236,13.329
172,1,1.529358,0.699256,19.720513,0.916306,173,2.845764,13.627
173,0,1.429185,0.666010,19.816914,0.916928,174,2.892456,44.582
174,2,1.439206,0.670910,19.560886,0.917052,175,2.888672,13.441
175,1,1.526915,0.714695,19.520359,0.917176,176,2.875000,13.318
176,1,1.782462,0.612919,19.868370,0.916837,177,2.906128,13.469
177,2,1.615266,0.641779,19.741047,0.916896,178,2.904236,14.505
178,0,1.430166,0.546874,19.689259,0.917090,179,2.906128,48.473
179,0,1.229859,0.575173,19.696929,0.916525,180,2.878784,13.435
180,0,1.680088,0.680228,19.805025,0.916706,181,2.904236,13.441
181,1,1.506463,0.586455,20.028676,0.917888,182,2.863220,13.462
182,2,1.106597,0.725073,20.317173,0.917104,183,2.875000,13.434
183,3,1.429323,0.586257,20.052461,0.917200,184,2.933472,46.966
184,3,1.653618,0.572177,19.999707,0.916879,185,2.890564,13.385
185,0,1.520191,0.525708,19.862803,0.917498,186,2.828308,13.327
186,0,1.470052,0.608269,19.863445,0.916853,187,2.855652,13.453
187,1,1.487904,0.421388,19.951507,0.917240,188,2.904236,14.346
188,0,1.227650,0.537148,19.661205,0.916688,189,2.875000,45.136
189,0,1.873529,0.589324,19.526898,0.917398,190,2.904236,13.750
190,0,1.376688,0.728986,19.696433,0.916952,191,2.890564,13.414
191,0,1.810501,0.724767,19.974577,0.916744,192,2.841980,13.522
192,3,1.363448,0.564897,20.067709,0.916658,193,2.884888,13.408
193,2,1.601813,0.659209,19.843160,0.916842,194,2.890564,45.634
194,2,1.349950,0.680638,19.754095,0.917103,195,2.906128,13.752
195,1,1.422770,0.612116,19.483745,0.917138,196,2.890564,13.480
196,0,1.606208,0.662672,19.420334,0.916878,197,2.875000,13.434
197,0,1.284994,0.605824,19.169648,0.917976,198,2.917908,46.530
198,1,1.942463,0.626522,18.899179,0.918283,199,2.875000,13.378
199,2,1.528865,0.680936,18.799155,0.917110,200,2.888672,13.372
200,3,0.791172,0.662880,18.744868,0.917863,201,2.908020,13.659
201,2,1.842594,0.614015,18.920764,0.917223,202,2.826416,13.566
202,1,1.352593,0.532427,18.974013,0.917695,203,2.832092,48.576
203,2,1.420255,0.528910,18.763235,0.916435,204,2.906128,14.209
204,2,1.738553,0.615355,18.680236,0.916438,205,2.906128,13.387
205,3,1.408726,0.526744,18.681447,0.916910,206,2.890564,13.430
206,3,1.035423,0.554721,18.781861,0.916798,207,2.861328,13.464
207,3,1.665571,0.480348,18.842855,0.916525,208,2.917908,44.469
208,1,1.517138,0.616293,18.616763,0.917004,209,2.916016,13.908
209,0,1.722480,0.507898,18.702409,0.916448,210,2.890564,13.560
210,0,1.735491,0.622146,18.836120,0.917018,211,2.919800,14.239
211,3,1.438222,0.677577,18.967740,0.916269,212,2.904236,13.599
212,2,1.519079,0.634664,19.030832,0.916632,213,2.890564,44.542
213,1,1.907606,0.524232,18.856098,0.916350,214,2.884888,13.520
214,2,1.335726,0.562433,18.706840,0.917424,215,2.863220,13.812
215,1,1.391908,0.557942,19.059652,0.917116,216,2.906128,13.786
216,1,1.553170,0.516617,19.100298,0.916738,217,2.890564,13.793
217,2,1.179515,0.541952,19.327983,0.917633,218,2.919800,47.421
218,1,1.419757,0.545235,19.091674,0.917311,219,2.906128,13.624
219,1,1.526353,0.756636,19.080326,0.916184,220,2.904236,13.713
220,3,1.515603,0.704491,19.242577,0.916547,221,2.890564,14.055
221,0,1.302560,0.630775,19.225849,0.916954,222,2.876892,13.770
222,3,1.462234,0.620626,19.068269,0.916259,223,2.904236,48.820
223,2,1.553935,0.585822,19.150609,0.917707,224,2.906128,13.643
224,2,1.590270,0.545613,19.091571,0.916914,225,2.878784,13.850
225,0,1.363372,0.459788,19.055914,0.917821,226,2.873108,13.839
226,0,1.456299,0.530585,19.162656,0.917067,227,2.904236,13.694
227,1,1.319951,0.683539,19.253140,0.917148,228,2.812744,48.710
228,3,1.435054,0.554569,19.175064,0.916462,229,2.917908,13.598
229,0,1.635221,0.706677,19.308904,0.917229,230,2.873108,13.681
230,1,1.549888,0.633568,19.458966,0.917174,231,2.919800,13.344
231,1,1.256479,0.510759,19.309231,0.918129,232,2.890564,13.519
232,0,1.673376,0.578660,19.231761,0.917501,233,2.904236,45.937
233,0,1.507991,0.588073,19.342050,0.916642,234,2.919800,13.315
234,0,1.322724,0.526002,19.317147,0.917358,235,2.875000,13.290
235,1,1.382406,0.522671,19.601437,0.916896,236,2.878784,13.494
236,3,1.757990,0.660694,19.691825,0.917069,237,2.904236,13.385
237,2,1.583081,0.513041,19.761158,0.917359,238,2.875000,46.353
238,3,1.837117,0.755409,19.674895,0.916850,239,2.935364,13.350
239,3,1.709851,0.614103,19.594399,0.916156,240,2.906128,13.602
240,3,1.667249,0.568042,19.515982,0.917709,241,2.917908,13.633
241,1,1.361157,0.663805,19.410497,0.916694,242,2.904236,48.782
242,1,1.237200,0.655674,19.406401,0.917655,243,2.863220,13.443
243,0,1.475421,0.584386,19.540076,0.918029,244,2.919800,13.335
244,1,1.461451,0.635506,19.567857,0.917460,245,2.876892,13.273
245,1,1.153860,0.606493,19.474429,0.918113,246,2.906128,13.437
246,3,1.665356,0.550173,19.686404,0.917329,247,2.919800,44.504
247,0,1.481315,0.615449,19.555702,0.917088,248,2.890564,13.406
248,3,1.110389,0.682591,19.767510,0.916006,249,2.863220,13.348
249,1,1.175971,0.659367,19.740529,0.917384,250,2.917908,13.402
250,2,1.527640,0.531815,19.773119,0.918173,251,2.902344,13.445
251,1,1.433606,0.490223,19.836267,0.915540,252,2.843872,13.397
252,1,1.497066,0.529783,19.931821,0.917301,253,2.875000,45.439
253,2,1.619613,0.480800,19.956349,0.917789,254,2.906128,13.420
254,3,1.161635,0.489442,19.999412,0.917101,255,2.890564,13.469
255,3,1.771112,0.515869,19.876714,0.916107,256,2.931580,13.661
256,0,1.493231,0.403146,19.638617,0.917675,257,2.863220,48.653
257,2,1.326752,0.441723,19.870497,0.917437,258,2.890564,13.453
258,2,1.295612,0.619619,19.857804,0.917051,259,2.888672,13.470
259,3,1.139584,0.557207,19.956575,0.916761,260,2.904236,13.367
260,3,1.417029,0.541693,20.235408,0.916632,261,2.890564,13.457
261,3,1.800707,0.593794,20.450846,0.917663,262,2.859436,46.255
262,1,1.577184,0.599197,20.387264,0.916259,263,2.875000,13.350
263,3,1.649849,0.560615,20.542719,0.917209,264,2.906128,13.685
264,0,1.254331,0.742216,20.654268,0.916597,265,2.919800,13.425
265,2,1.582693,0.616524,20.693514,0.916822,266,2.906128,13.461
266,0,1.690502,0.708935,20.778470,0.915601,267,2.863220,48.532
267,0,1.587590,0.628875,20.490340,0.916408,268,2.933472,13.435
268,0,1.587345,0.589024,20.102583,0.916681,269,2.890564,13.410
269,1,1.410270,0.714432,20.252231,0.916571,270,2.890564,13.388
270,2,1.387695,0.586794,20.240886,0.917308,271,2.935364,13.442
271,3,1.262850,0.602705,19.997854,0.917133,272,2.931580,48.662
272,3,1.422708,0.600494,20.229198,0.916610,273,2.933472,13.485
273,1,1.331466,0.580239,20.345459,0.917242,274,2.876892,13.506
274,0,1.480166,0.610211,20.353087,0.917044,275,2.890564,13.606
275,0,1.512087,0.450771,20.279740,0.917323,276,2.799072,13.771
276,1,1.829771,0.491406,20.116698,0.918139,277,2.812744,48.494
277,0,1.250217,0.558505,20.385946,0.917653,278,2.863220,13.361
278,2,1.523463,0.467179,20.278454,0.916187,279,2.873108,13.406
279,2,1.811155,0.429528,20.318388,0.917118,280,2.906128,13.439
280,3,1.929403,0.652420,20.078442,0.916571,281,2.876892,13.434
281,2,1.213917,0.712994,20.069443,0.916428,282,2.863220,48.454
282,1,1.475662,0.582808,20.302182,0.917328,283,2.904236,13.425
283,3,1.561661,0.589701,20.013987,0.917310,284,2.902344,13.707
284,1,1.300921,0.596281,19.824234,0.916536,285,2.826416,13.441
285,0,1.255181,0.555365,19.528229,0.916251,286,2.916016,13.385
286,3,1.771713,0.551800,19.503195,0.917291,287,2.904236,44.809
287,2,1.395027,0.673149,19.626928,0.916935,288,2.890564,13.986
288,1,1.467645,0.462991,19.677223,0.917326,289,2.902344,13.756
289,1,1.316053,0.645129,19.470229,0.915914,290,2.894348,13.692
290,1,1.356044,0.616760,19.267922,0.916053,291,2.921692,48.634
291,1,1.564893,0.610392,19.286267,0.916760,292,2.904236,13.656
292,3,1.540886,0.805202,19.212033,0.916433,293,2.890564,13.731
293,2,1.561618,0.486689,19.043002,0.917372,294,2.906128,13.616
294,2,1.816407,0.612664,19.182496,0.917077,295,2.853333,14.168
295,1,1.659199,0.542848,19.066636,0.917843,296,2.875000,47.240
296,1,1.482223,0.571115,18.909370,0.917447,297,2.843872,13.533
297,1,1.741875,0.540214,18.874325,0.916852,298,2.888672,13.636
298,0,1.360823,0.623120,18.870246,0.916883,299,2.859436,13.686
299,1,1.794565,0.569648,18.918450,0.917007,300,2.863220,13.736
300,0,1.500456,0.686444,19.149361,0.916689,301,2.931580,44.843
301,2,1.504800,0.582165,19.122826,0.917654,302,2.890564,13.670
302,2,1.366650,0.567964,19.172031,0.916827,303,2.906128,13.440
303,2,1.362898,0.717112,19.159043,0.916439,304,2.902344,13.389
304,1,1.144260,0.575882,19.213265,0.916192,305,2.906128,13.574
305,1,1.779140,0.619943,19.239183,0.916207,306,2.902344,47.211
306,3,1.226279,0.550484,19.355942,0.917646,307,2.906128,13.468
307,3,1.878769,0.671235,19.334443,0.917698,308,2.890564,13.435
308,1,1.423511,0.772931,19.184897,0.917355,309,2.935364,13.381
309,3,1.502964,0.659865,18.985755,0.916337,310,2.826416,13.563
310,0,1.716391,0.736591,19.031051,0.917088,311,2.859436,44.495
311,0,1.582876,0.582979,19.172646,0.916512,312,2.906128,13.384
312,0,1.296559,0.643569,19.237517,0.917126,313,2.906128,13.407
313,1,1.619862,0.557738,19.160847,0.916934,314,2.904236,13.515
314,2,1.331784,0.536539,18.976762,0.916234,315,2.888672,13.954
315,0,1.714012,0.722783,19.098119,0.916403,316,2.917908,48.552
316,2,1.536675,0.559344,19.200169,0.918134,317,2.902344,13.539
317,2,1.410174,0.474268,19.107367,0.917097,318,2.863220,13.498
318,2,1.402259,0.608135,19.052391,0.917273,319,2.906128,13.520
319,0,1.462503,0.604483,18.912606,0.916871,320,2.876892,13.531
320,1,2.058753,0.755337,19.074897,0.915545,321,2.919800,46.297
321,2,1.613687,0.641068,19.146697,0.916085,322,2.962708,13.460
322,1,1.654385,0.468384,19.274297,0.915981,323,2.906128,13.570
323,2,1.681455,0.664913,19.465413,0.916065,324,2.845764,13.468
324,2,1.644872,0.690630,19.325013,0.917405,325,2.904236,13.383
325,2,1.559445,0.617353,19.341953,0.917537,326,2.886780,44.984
326,2,1.063292,0.433966,19.168259,0.917426,327,2.888672,13.658
327,0,1.798866,0.551510,19.426890,0.917047,328,2.933472,13.451
328,2,1.477707,0.463510,19.444561,0.917198,329,2.890564,13.379
329,2,1.387620,0.561015,19.329430,0.916976,330,2.919800,13.579
330,0,1.345071,0.587959,19.141968,0.916826,331,2.947144,50.375
331,2,1.528142,0.501749,19.245442,0.917266,332,2.847656,13.517
332,3,1.720945,0.587542,19.507695,0.915499,333,2.890564,13.442
333,2,1.605431,0.598672,19.285754,0.917487,334,2.888672,13.483
334,2,1.948702,0.526763,19.351898,0.917354,335,2.890564,48.522
335,2,1.215456,0.448331,19.586676,0.916617,336,2.904236,13.448
336,1,1.114575,0.613632,19.563366,0.916814,337,2.875000,13.574
337,3,1.513112,0.536171,19.503813,0.916612,338,2.906128,13.781
338,2,1.537450,0.598923,19.326957,0.915735,339,2.904236,13.419
339,1,1.667031,0.728277,19.299791,0.915352,340,2.906128,44.443
340,2,1.517428,0.617762,19.419382,0.916853,341,2.890564,13.432
341,0,1.310836,0.559077,19.393035,0.917948,342,2.863220,13.463
342,3,1.641938,0.601787,19.331809,0.916858,343,2.875000,13.368
343,0,1.493376,0.555008,19.125532,0.916488,344,2.863220,13.543
344,3,1.807525,0.454952,18.794295,0.917930,345,2.876892,46.629
345,0,1.377809,0.614575,19.117889,0.916811,346,2.873108,13.875
346,2,1.852088,0.595879,19.028561,0.917424,347,2.916016,14.130
347,1,1.521404,0.417341,19.069821,0.917672,348,2.906128,13.866
348,1,1.655648,0.708627,19.129533,0.916042,349,2.933472,13.758
349,2,1.782894,0.550244,19.187377,0.917582,350,2.890564,44.681
350,1,1.515484,0.538233,19.149302,0.916701,351,2.890564,13.549
351,1,1.194817,0.651999,19.168414,0.916956,352,2.847656,13.596
352,0,1.770810,0.490653,18.985475,0.917273,353,2.785400,13.686
353,0,1.384422,0.635531,19.221090,0.916296,354,2.826416,13.534
354,1,1.640588,0.525288,19.268653,0.917515,355,2.859436,44.687
355,3,1.371858,0.468432,19.073238,0.917901,356,2.933472,13.730
356,1,1.706185,0.493645,19.174868,0.917993,357,2.931580,13.535
357,0,1.635254,0.584375,19.339232,0.917461,358,2.931580,14.112
358,1,1.548108,0.590289,19.388965,0.917227,359,2.888672,13.866
359,1,1.593598,0.551995,19.288288,0.916442,360,2.875000,44.833
360,1,1.318723,0.643037,19.154388,0.917134,361,2.906128,13.422
361,3,1.338863,0.581315,19.175397,0.914408,362,2.847656,15.881
362,0,1.616978,0.510789,19.456759,0.917214,363,2.863220,13.560
363,3,1.773078,0.545121,19.718188,0.918114,364,2.921692,13.467
364,3,1.607300,0.558928,19.649401,0.917929,365,2.876892,46.162
365,1,1.543916,0.459775,19.812779,0.917023,366,2.875000,13.366
366,1,1.768629,0.488127,19.454814,0.918098,367,2.888672,13.388
367,3,1.559995,0.506682,19.256300,0.916451,368,2.904236,13.717
368,1,1.555195,0.583286,19.015994,0.917418,369,2.917908,13.699
369,3,1.765501,0.473262,18.954913,0.917082,370,2.812744,44.566
370,3,1.427003,0.424070,18.839265,0.917111,371,2.904236,13.327
371,1,1.479991,0.489867,18.841171,0.916924,372,2.916016,13.692
372,2,1.499720,0.623699,18.747876,0.917153,373,2.863220,13.402
373,1,1.531347,0.799811,18.865711,0.915932,374,2.890564,13.784
374,1,1.766308,0.543735,19.097461,0.916316,375,2.904236,48.370
375,3,1.366758,0.725700,19.077013,0.916124,376,2.873108,13.404
376,2,1.598254,0.633295,19.064784,0.916505,377,2.888672,16.271
377,1,1.339520,0.530634,18.975906,0.917764,378,2.863220,13.412
378,3,1.601828,0.495973,19.111089,0.917478,379,2.904236,13.669
379,2,1.457232,0.620675,18.945848,0.916699,380,2.878784,48.815
380,2,1.441332,0.446180,19.040740,0.917813,381,2.917908,13.450
381,3,1.578637,0.609255,18.994490,0.916765,382,2.947144,13.478
382,0,1.422591,0.538239,18.965812,0.916855,383,2.890564,13.530
383,2,1.339219,0.596417,18.917514,0.918144,384,2.919800,13.485
384,1,1.766492,0.628695,19.094467,0.916736,385,2.919800,48.742
385,0,1.791505,0.571109,18.914865,0.917212,386,2.904236,13.340
386,3,1.547218,0.591077,18.798510,0.915986,387,2.933472,13.416
387,2,1.578093,0.559346,18.916313,0.917740,388,2.876892,13.526
388,0,1.710086,0.670992,18.826662,0.917085,389,2.843872,48.800
389,2,1.608811,0.534027,18.595331,0.917478,390,2.863220,13.568
390,3,1.520488,0.486148,18.682146,0.916600,391,2.919800,13.504
391,2,1.652979,0.540859,18.618478,0.916229,392,2.919800,13.727
392,3,1.226279,0.500018,18.631281,0.917913,393,2.904236,13.660
393,1,1.266430,0.633336,18.774420,0.918157,394,2.904236,48.520
394,0,1.418094,0.537861,18.606321,0.917457,395,2.876892,13.439
395,3,1.797105,0.650514,18.426886,0.917452,396,2.906128,13.438
396,0,1.784261,0.650521,18.459914,0.917332,397,2.904236,13.362
397,3,1.730866,0.526342,18.404077,0.916954,398,2.890564,13.348
398,3,1.480755,0.508764,18.570855,0.917810,399,2.890564,48.443
399,2,1.452203,0.566252,18.886489,0.917148,400,2.875000,13.841
400,3,1.536976,0.601429,19.148319,0.916469,401,2.875000,13.538
401,0,1.950956,0.596055,19.194091,0.916064,402,2.875000,13.762
402,1,1.365046,0.562260,19.351580,0.916762,403,2.873108,13.643
403,1,1.139362,0.503253,19.344025,0.917422,404,2.933472,44.810
404,3,1.582363,0.602771,19.538917,0.916916,405,2.876892,13.734
405,1,1.074185,0.646169,19.473556,0.917527,406,2.826416,13.644
406,3,1.409373,0.518479,19.162676,0.916750,407,2.890564,13.858
407,1,1.583229,0.577945,19.110674,0.917469,408,2.857544,13.689
408,0,1.791772,0.583503,19.228676,0.917050,409,2.890564,47.052
409,1,1.415049,0.496214,19.173313,0.917535,410,2.935364,14.487
410,2,1.478229,0.599532,19.290964,0.916690,411,2.904236,14.651
411,0,1.622462,0.570826,19.466428,0.916586,412,2.890564,14.646
412,0,1.770898,0.525425,19.718582,0.916963,413,2.906128,13.982
413,3,1.512909,0.571340,19.512009,0.917239,414,2.947144,45.849
414,1,1.913771,0.554502,19.800024,0.917721,415,2.859436,13.691
415,0,1.653604,0.516761,19.865232,0.916509,416,2.917908,13.743
416,0,1.490106,0.657353,19.567746,0.916461,417,2.906128,13.672
417,0,1.552825,0.537071,19.587506,0.917341,418,2.904236,13.476
418,1,2.201944,0.681294,19.383391,0.916667,419,2.890564,44.877
419,2,1.462606,0.534786,19.157128,0.917045,420,2.904236,13.513
420,3,1.305019,0.523961,19.246712,0.917037,421,2.890564,13.651
421,1,1.712648,0.575930,19.586907,0.917728,422,2.904236,13.673
422,1,1.783437,0.573755,19.380570,0.917196,423,2.890564,49.219
423,1,2.024429,0.521474,19.543689,0.917152,424,2.863220,13.506
424,0,1.570807,0.542177,19.612673,0.917331,425,2.916016,13.502
425,1,1.010754,0.535283,19.600112,0.914498,426,2.906128,13.551
426,0,1.645931,0.640605,19.707682,0.916830,427,2.917908,13.659
427,2,1.653371,0.482394,19.820526,0.917090,428,2.890564,46.323
428,2,1.397524,0.543177,19.836034,0.917283,429,2.904236,16.081
429,0,1.662214,0.602554,19.737242,0.917401,430,2.906128,14.287
430,2,1.699630,0.429752,19.733216,0.917416,431,2.841980,13.958
431,3,1.568386,0.585199,19.590721,0.916901,432,2.931580,13.633
432,1,1.667667,0.651239,19.371101,0.916999,433,2.863220,44.465
433,3,1.528523,0.596580,19.206063,0.915965,434,2.890564,13.366
434,1,1.800054,0.579089,19.156289,0.917302,435,2.890564,13.344
435,1,1.376787,0.601438,18.995395,0.917485,436,2.826416,13.405
436,3,1.624742,0.629672,18.870056,0.917349,437,2.890564,13.372
437,1,1.479271,0.630635,19.052242,0.916439,438,2.906128,48.648
438,2,1.271609,0.508182,19.289051,0.916817,439,2.888672,13.494
439,1,1.569078,0.558727,19.404193,0.917105,440,2.890564,13.361
440,0,1.420175,0.624773,19.487020,0.916610,441,2.919800,13.739
441,0,1.587400,0.607834,19.511480,0.916232,442,2.888672,13.520
442,3,1.510563,0.556955,19.286358,0.916555,443,2.859436,44.483
443,2,1.517401,0.650361,19.297902,0.916808,444,2.904236,13.520
444,2,1.434022,0.559953,19.176538,0.917352,445,2.840088,13.691
445,1,1.577696,0.600672,19.217655,0.917511,446,2.875000,13.506
446,2,1.229977,0.657157,19.263253,0.916279,447,2.845764,13.428
447,1,1.613133,0.538739,19.389843,0.916473,448,2.812744,46.799
448,2,1.550579,0.730083,19.499411,0.917277,449,2.917908,13.457
449,1,1.410145,0.512912,19.434948,0.916614,450,2.875000,13.434
450,2,1.808925,0.530618,19.465969,0.917602,451,2.900452,13.817
451,2,1.460616,0.600559,19.593577,0.916550,452,2.878784,13.373
452,2,1.747472,0.558189,19.541291,0.916475,453,2.853760,50.166
453,3,1.539205,0.681676,19.340534,0.917679,454,2.890564,13.371
454,1,1.284888,0.562011,19.432794,0.917025,455,2.875000,13.436
455,0,1.660649,0.626433,19.374737,0.916985,456,2.933472,14.008
456,3,1.412006,0.427348,19.388127,0.917967,457,2.876892,13.334
457,2,1.101440,0.483269,19.102415,0.917313,458,2.916016,46.559
458,2,1.375788,0.612419,19.204493,0.917121,459,2.863220,13.829
459,2,1.348102,0.628132,19.224029,0.916915,460,2.947144,14.290
460,0,1.979666,0.617793,19.288553,0.916096,461,2.814636,13.648
461,0,1.824854,0.549112,19.228490,0.916741,462,2.931580,48.786
462,1,1.486766,0.571660,19.229571,0.916365,463,2.890564,13.617
463,3,1.385602,0.631322,19.348720,0.917801,464,2.875000,13.682
464,3,1.543780,0.579782,19.442422,0.917481,465,2.904236,13.641
465,2,1.376549,0.634583,19.627404,0.917113,466,2.890564,13.607
466,1,1.254313,0.550046,19.579817,0.916937,467,2.904236,44.752
467,0,1.879233,0.560932,19.687469,0.916000,468,2.919800,13.610
468,2,1.508790,0.498400,19.551340,0.917069,469,2.888672,13.691
469,0,1.636562,0.613409,19.445689,0.916828,470,2.876892,13.686
470,2,1.566359,0.630701,19.454592,0.917040,471,2.855652,14.193
471,2,1.210693,0.460327,19.400945,0.917201,472,2.921692,48.783
472,2,1.379849,0.384725,19.369618,0.917395,473,2.863220,13.679
473,3,1.187092,0.528602,19.334397,0.917651,474,2.875000,13.586
474,1,1.263045,0.733314,19.291993,0.916749,475,2.935364,13.422
475,3,1.452875,0.693313,19.283498,0.915170,476,2.919800,13.475
476,0,1.186278,0.608589,19.169710,0.917240,477,2.890564,44.877
477,0,1.369873,0.607038,19.179415,0.918061,478,2.800964,13.533
478,2,1.083449,0.719896,18.963024,0.917253,479,2.949036,16.676
479,2,1.198543,0.704097,18.927703,0.917179,480,2.890564,13.460
480,0,1.713147,0.510072,19.094531,0.916492,481,2.799072,13.492
481,0,1.749467,0.616239,18.948820,0.916220,482,2.904236,48.642
482,0,1.471655,0.605283,18.921842,0.917327,483,2.888672,13.477
483,3,1.557750,0.536514,18.851867,0.917845,484,2.863220,13.487
484,3,1.595373,0.569883,18.879243,0.916646,485,2.904236,14.011
485,2,1.384798,0.534882,19.021478,0.917125,486,2.933472,13.390
486,0,1.449953,0.685889,19.013838,0.916743,487,2.890564,45.052
487,2,1.458530,0.672282,19.186180,0.917605,488,2.876892,13.290
488,2,1.435651,0.479778,19.236677,0.917311,489,2.875000,13.474
489,2,1.354476,0.559823,19.462910,0.917235,490,2.843872,13.515
490,0,1.768288,0.657559,19.184256,0.917195,491,2.906128,48.721
491,0,1.602433,0.445629,19.357401,0.915987,492,2.919800,13.451
492,0,1.964984,0.561436,19.273502,0.917890,493,2.919800,13.453
493,0,1.499613,0.717679,19.539023,0.916304,494,2.890564,13.413
494,2,1.479893,0.627496,19.555232,0.917313,495,2.919800,13.494
495,1,1.906715,0.491719,19.365081,0.916227,496,2.906128,44.583
496,1,1.326242,0.553345,19.253787,0.917216,497,2.906128,13.532
497,2,1.469714,0.566078,19.133430,0.917192,498,2.785400,13.414
498,0,1.415312,0.573193,19.096451,0.916989,499,2.919800,13.462
499,0,1.610407,0.642333,19.059364,0.916788,500,2.888672,13.371
500,1,1.693420,0.488721,19.248417,0.917582,501,2.890564,13.828
501,3,1.451542,0.580741,19.215384,0.917229,502,2.878784,44.965
502,0,1.738335,0.663047,18.940134,0.916933,503,2.919800,13.677
503,0,1.130930,0.584936,19.029054,0.917433,504,2.902344,13.686
504,3,1.517344,0.701985,19.261140,0.916822,505,2.875000,13.776
505,0,1.558631,0.642246,19.159534,0.916678,506,2.906128,13.631
506,3,1.559957,0.650802,19.145124,0.916677,507,2.906128,48.872
507,3,1.536915,0.669126,19.315327,0.916555,508,2.859436,13.894
508,1,1.431107,0.598790,19.063729,0.916732,509,2.931580,13.823
509,2,1.586158,0.552511,18.967694,0.917568,510,2.892456,13.813
510,0,1.724189,0.711083,19.150308,0.917232,511,2.931580,13.726
511,0,1.432271,0.729705,19.107442,0.916918,512,2.861328,47.024
512,1,1.457895,0.638017,18.990258,0.916810,513,2.931580,13.666
513,0,1.591285,0.625968,19.298640,0.916705,514,2.863220,13.838
514,2,1.541279,0.627010,19.513151,0.917686,515,2.900452,13.803
515,2,1.452536,0.519514,19.584451,0.916860,516,2.888672,46.598
516,3,1.317531,0.496271,19.509381,0.917719,517,2.904236,13.426
517,0,1.270730,0.648399,19.487927,0.916796,518,2.906128,13.368
518,0,1.753140,0.578276,19.541249,0.917033,519,2.906128,13.436
519,2,1.290771,0.508070,19.400614,0.916981,520,2.888672,13.691
520,3,1.132877,0.441106,19.136654,0.917534,521,2.876892,48.496
521,1,1.439076,0.519365,19.124088,0.917774,522,2.919800,13.675
522,2,1.553859,0.599007,19.350929,0.917280,523,2.812744,14.216
523,2,1.832975,0.642380,19.143350,0.917629,524,2.908020,13.516
524,0,1.765477,0.580843,19.042735,0.916296,525,2.890564,13.513
525,2,1.644658,0.682815,18.874127,0.915984,526,2.904236,44.464
526,2,1.360278,0.616849,18.938777,0.916091,527,2.890564,13.425
527,3,1.262257,0.701948,19.101667,0.917242,528,2.906128,13.385
528,1,1.457760,0.519695,19.088061,0.917720,529,2.888672,13.561
529,3,1.826863,0.501584,19.284725,0.916000,530,2.888672,13.558
530,0,1.383379,0.639210,19.310717,0.917136,531,2.812744,47.094
531,1,1.394448,0.503979,19.372529,0.917313,532,2.906128,13.459
532,0,1.665163,0.571675,19.128853,0.917744,533,2.845764,13.411
533,2,1.662153,0.657565,19.079851,0.916048,534,2.904236,13.508
534,3,1.475683,0.589523,19.395418,0.917063,535,2.890564,13.362
535,3,1.402206,0.518671,19.403104,0.917477,536,2.888672,44.482
536,2,1.414700,0.534893,19.316246,0.917664,537,2.919800,13.424
537,3,1.352912,0.683108,19.460518,0.917719,538,2.890564,13.520
538,2,1.410134,0.533262,19.676756,0.918039,539,2.875000,13.646
539,1,1.381384,0.619062,19.467025,0.917583,540,2.826416,13.463
540,1,1.419678,0.599674,19.817686,0.916714,541,2.878784,49.113
541,1,1.533194,0.605545,20.061965,0.916976,542,2.890564,13.656
542,3,1.858449,0.564651,19.995034,0.917156,543,2.933472,13.625
543,3,1.451223,0.574376,19.911225,0.917368,544,2.863220,13.590
544,1,1.564420,0.559675,19.900470,0.916609,545,2.906128,13.700
545,1,1.301435,0.586799,19.873392,0.916284,546,2.861328,48.720
546,1,1.441134,0.753900,19.867894,0.916452,547,2.875000,13.703
547,3,1.304154,0.658896,19.851566,0.916580,548,2.826416,13.647
548,0,1.537878,0.648769,19.992963,0.916877,549,2.892456,13.949
549,2,1.431695,0.471867,19.987610,0.917424,550,2.875000,51.215
550,2,1.588287,0.589941,20.055502,0.917313,551,2.917908,13.685
551,2,1.362441,0.531311,20.354663,0.917170,552,2.890564,13.642
552,1,1.687406,0.440902,20.637119,0.917064,553,2.875000,14.026
553,2,1.575813,0.616697,20.429144,0.916978,554,2.933472,13.830
554,2,1.455413,0.664402,20.447000,0.917655,555,2.875000,44.736
555,2,1.373381,0.567274,20.432700,0.917804,556,2.863220,13.700
556,2,1.705128,0.591366,20.404428,0.917284,557,2.785400,13.464
557,1,1.374599,0.482853,20.569654,0.917221,558,2.931580,13.383
558,3,1.680167,0.585214,20.296094,0.916485,559,2.859436,13.484
559,1,1.684983,0.590577,20.504228,0.915761,560,2.904236,44.702
560,2,1.657571,0.691510,20.438774,0.916159,561,2.904236,13.832
561,2,1.662005,0.539794,19.954364,0.916961,562,2.933472,13.483
562,2,1.422103,0.703410,20.086750,0.916123,563,2.904236,14.136
563,0,1.375448,0.400609,19.802159,0.916575,564,2.890564,13.970
564,1,1.661081,0.564481,19.753868,0.917915,565,2.890564,44.901
565,0,1.523075,0.459679,19.761759,0.917621,566,2.878784,13.411
566,3,1.362455,0.605461,19.878255,0.917360,567,2.826416,13.504
567,2,1.541420,0.502588,19.895743,0.917176,568,2.902344,13.513
568,3,1.552838,0.615761,19.853948,0.916983,569,2.859436,15.704
569,1,1.822747,0.618281,19.701334,0.916626,570,2.878784,46.495
570,2,1.410224,0.634389,19.862571,0.917235,571,2.904236,13.757
571,0,1.634464,0.544412,20.136041,0.916952,572,2.840088,13.400
572,2,1.574830,0.551442,20.129148,0.917153,573,2.890564,14.012
573,1,1.403759,0.499629,20.129916,0.917235,574,2.875000,13.400
574,3,1.505302,0.677815,19.926697,0.916668,575,2.890564,48.516
575,3,1.518884,0.588647,19.950541,0.916543,576,2.890564,13.435
576,1,1.339335,0.634994,20.030159,0.917747,577,2.931580,13.328
577,3,1.615657,0.657074,19.908156,0.916500,578,2.861328,13.365
578,1,1.446552,0.517027,19.785246,0.917136,579,2.947144,13.385
579,1,1.416693,0.628852,19.623980,0.916951,580,2.816528,48.359
580,1,1.704236,0.532412,19.518757,0.917851,581,2.947144,13.542
581,3,1.382994,0.470525,19.567910,0.917070,582,2.892456,13.407
582,0,1.373294,0.539748,19.551003,0.916791,583,2.919800,13.547
583,2,1.203565,0.663018,19.259577,0.916489,584,2.904236,13.741
584,1,1.599028,0.610033,19.176150,0.916197,585,2.919800,44.486
585,1,1.673943,0.581335,19.274467,0.916474,586,2.906128,13.412
586,2,1.352977,0.530599,19.411108,0.917326,587,2.906128,13.416
587,3,1.573484,0.579760,19.228950,0.917529,588,2.826416,13.430
588,1,1.551570,0.548878,19.332117,0.917646,589,2.906128,13.399
589,3,1.239571,0.594869,19.227809,0.916197,590,2.902344,46.184
590,1,1.521060,0.467597,19.431120,0.917297,591,2.876892,13.387
591,2,1.578880,0.470364,19.471011,0.917206,592,2.876892,13.657
592,3,1.444618,0.499031,19.677681,0.917928,593,2.890564,13.444
593,2,1.183174,0.606690,19.795475,0.917807,594,2.917908,13.351
594,1,1.460116,0.596741,19.775637,0.916573,595,2.904236,50.334
595,2,1.173195,0.588169,19.891555,0.916442,596,2.890564,13.330
596,2,1.417713,0.527859,19.936431,0.917864,597,2.841980,13.959
597,0,1.544279,0.415462,19.934017,0.916986,598,2.904236,13.649
598,3,1.456404,0.456725,19.847915,0.916470,599,2.890564,48.910
599,2,1.574474,0.587116,19.727081,0.916811,600,2.906128,13.702
600,1,1.352280,0.716781,19.651188,0.917467,601,2.904236,13.670
601,3,1.623233,0.640560,19.483443,0.914843,602,2.890564,14.078
602,3,1.094512,0.647874,19.405148,0.916339,603,2.904236,13.829
603,3,1.606883,0.539226,19.308637,0.916696,604,2.904236,44.691
604,2,1.372037,0.562841,19.322307,0.916598,605,2.875000,13.618
605,2,1.632297,0.599841,19.466577,0.918037,606,2.625977,13.674
606,3,1.623397,0.455963,19.525164,0.917282,607,2.875000,13.693
607,3,1.677754,0.566835,19.537483,0.917889,608,2.847656,13.794
608,2,1.479469,0.629815,19.667414,0.916775,609,2.875000,46.687
609,3,1.616680,0.609552,19.719650,0.916704,610,2.904236,14.228
610,2,1.411897,0.540753,19.847868,0.916626,611,2.890564,14.525
611,1,1.555854,0.644990,19.940698,0.916061,612,2.947144,14.582
612,3,1.625625,0.551771,19.869355,0.916853,613,2.892456,14.179
613,1,1.174941,0.622430,19.825722,0.917558,614,2.875000,48.521
614,0,1.327592,0.548874,19.943220,0.917873,615,2.876892,13.445
615,3,1.527908,0.514837,20.220145,0.917199,616,2.904236,13.449
616,3,1.465745,0.499745,20.206698,0.917385,617,2.904236,13.482
617,3,1.381677,0.490544,20.450994,0.917493,618,2.933472,48.389
618,2,1.494566,0.564645,20.484639,0.916764,619,2.843872,13.479
619,3,1.505741,0.686756,20.552832,0.915989,620,2.857544,13.324
620,3,1.598408,0.728332,20.167054,0.917089,621,2.947144,13.465
621,2,1.329486,0.530464,20.022208,0.917228,622,2.875000,13.401
622,3,1.246351,0.630498,19.831648,0.917131,623,2.904236,13.477
623,3,1.547256,0.627796,19.632437,0.917260,624,2.904236,45.557
624,2,1.455077,0.518473,19.349804,0.916822,625,2.916016,13.415
625,1,1.482557,0.529143,19.303353,0.917146,626,2.921692,13.467
626,2,1.310715,0.620763,19.206545,0.916601,627,2.892456,13.463
627,1,1.422631,0.659720,19.217117,0.916385,628,2.890564,46.199
628,2,1.337075,0.685735,18.913407,0.917665,629,2.906128,13.615
629,2,1.565517,0.640556,18.877365,0.917389,630,2.888672,13.511
630,3,1.253082,0.588819,18.715352,0.916878,631,2.888672,13.476
631,0,1.649179,0.672480,18.619236,0.917058,632,2.906128,13.546
632,0,1.527273,0.681684,18.571537,0.917130,633,2.904236,13.634
633,2,1.792130,0.453298,18.733459,0.917805,634,2.785400,45.560
634,2,1.436910,0.444343,18.942139,0.917372,635,2.919800,13.457
635,2,1.477075,0.501569,19.060788,0.917224,636,2.921692,13.407
636,1,1.507277,0.479903,19.217301,0.916622,637,2.857544,13.509
637,3,1.535153,0.515885,19.122878,0.915928,638,2.919800,48.408
638,0,1.460626,0.610930,19.172626,0.916900,639,2.892456,13.324
639,1,1.145950,0.495171,19.019014,0.917420,640,2.916016,13.951
640,1,1.529877,0.533886,18.935081,0.917374,641,2.906128,13.487
641,3,1.482807,0.606802,18.785278,0.917060,642,2.904236,13.491
642,1,1.339609,0.463445,18.986650,0.917431,643,2.906128,48.764
643,2,1.021895,0.547952,18.895012,0.917400,644,2.917908,14.224
644,3,1.225433,0.540463,18.899445,0.917304,645,2.890564,13.520
645,1,1.610446,0.534181,19.067090,0.916134,646,2.890564,14.101
646,1,1.244950,0.683079,19.014474,0.916707,647,2.904236,13.532
647,3,1.811289,0.582435,18.973604,0.917375,648,2.904236,45.170
648,1,1.055319,0.668472,18.956796,0.916369,649,2.904236,13.358
649,2,1.381631,0.625676,18.872690,0.916816,650,2.904236,13.445
650,2,1.401027,0.580410,18.965999,0.917762,651,2.917908,13.604
651,2,1.720761,0.430514,18.837784,0.918043,652,2.799072,13.731
652,2,1.403583,0.474364,19.093334,0.916583,653,2.908020,48.493
653,1,1.175901,0.544358,19.202963,0.916877,654,2.921692,13.862
654,2,1.358231,0.499007,19.513683,0.917071,655,2.857544,13.644
655,3,1.501532,0.643814,19.421932,0.916469,656,2.906128,13.733
656,3,1.349016,0.652279,19.600119,0.916103,657,2.875000,13.682
657,2,1.372785,0.578637,19.658829,0.917234,658,2.876892,48.907
658,3,1.430161,0.408233,19.540447,0.916883,659,2.890564,13.775
659,1,1.670032,0.544188,19.476172,0.917524,660,2.878784,13.765
660,1,1.537709,0.561852,19.670614,0.916781,661,2.843872,14.016
661,2,1.395433,0.541778,19.654312,0.917268,662,2.875000,49.125
662,1,1.448737,0.614395,19.664314,0.916751,663,2.947144,13.660
663,2,1.524982,0.524108,19.765919,0.916615,664,2.875000,13.673
664,3,1.313402,0.546678,19.780844,0.918084,665,2.904236,13.719
665,2,2.019184,0.584741,19.842981,0.917335,666,2.931580,13.780
666,3,1.574614,0.605527,19.434309,0.917604,667,2.890564,44.711
667,2,1.401787,0.601135,19.490686,0.917248,668,2.890564,13.783
668,1,1.536775,0.592046,19.325591,0.916006,669,2.890564,13.608
669,0,1.521878,0.607855,19.399634,0.917566,670,2.933472,13.449
670,0,1.731845,0.584704,19.420590,0.917219,671,2.876892,13.491
671,0,1.478759,0.580235,19.547495,0.915827,672,2.892456,48.842
672,0,1.719099,0.615554,19.642706,0.918214,673,2.888672,13.621
673,3,1.342349,0.736338,19.614200,0.917488,674,2.875000,13.608
674,3,1.296709,0.575043,19.247916,0.917343,675,2.857544,13.508
675,2,1.293478,0.542637,19.457367,0.916729,676,2.904236,13.508
676,1,1.808999,0.594568,19.263699,0.916922,677,2.933472,44.604
677,2,1.463758,0.559075,19.260149,0.916206,678,2.843872,13.495
678,2,1.527663,0.455203,19.184349,0.917303,679,2.847656,13.401
679,1,1.516275,0.444867,19.238093,0.917728,680,2.906128,13.499
680,0,1.339420,0.579058,19.364042,0.917443,681,2.875000,13.445
681,0,1.517584,0.535242,19.379349,0.917225,682,2.890564,44.582
682,3,1.798122,0.477982,19.409044,0.917457,683,2.919800,13.415
683,2,1.649842,0.573722,19.445422,0.917388,684,2.878784,13.472
684,2,1.833742,0.683012,19.420082,0.916290,685,2.857544,13.454
685,2,1.505774,0.598746,19.279704,0.916528,686,2.906128,13.599
686,0,1.431654,0.727825,19.029031,0.916007,687,2.876892,48.505
687,0,1.462023,0.480547,19.150723,0.917077,688,2.876892,13.839
688,2,1.655213,0.533831,19.108984,0.917072,689,2.933472,13.427
689,1,1.738618,0.612134,18.981556,0.916760,690,2.919800,13.476
690,1,1.935678,0.549027,19.175136,0.917446,691,2.890564,13.462
691,0,1.631669,0.657040,19.236325,0.917188,692,2.890564,49.439
692,1,1.463476,0.576643,19.145967,0.917480,693,2.904236,13.513
693,1,1.414482,0.671796,19.287881,0.916295,694,2.863220,13.472
694,0,1.541273,0.583938,19.308285,0.917061,695,2.878784,13.447
695,0,1.609415,0.638447,19.378911,0.917211,696,2.875000,13.426
696,1,1.633324,0.568094,19.516217,0.917700,697,2.906128,48.593
697,3,1.194519,0.541596,19.520131,0.917013,698,2.890564,13.336
698,1,1.628654,0.662432,19.965978,0.917091,699,2.847656,13.571
699,3,1.771773,0.586059,19.985960,0.917058,700,2.841980,13.457
700,2,1.439381,0.506698,20.031296,0.916603,701,2.904236,13.568
701,3,1.118219,0.636488,19.825513,0.917158,702,2.919800,45.733
702,1,1.122972,0.648761,20.029869,0.916267,703,2.826416,13.674
703,2,1.476640,0.572293,19.990344,0.917099,704,2.890564,13.465
704,0,1.291365,0.652632,20.010593,0.917034,705,2.873108,13.425
705,3,1.158991,0.679466,19.947244,0.916802,706,2.847656,48.521
706,2,1.603864,0.559565,20.166120,0.916664,707,2.847656,13.503
707,2,1.476509,0.646469,20.019335,0.916242,708,2.919800,13.404
708,1,1.224470,0.690715,20.251349,0.917256,709,2.904236,13.433
709,3,1.632488,0.467473,20.108925,0.918232,710,2.919800,13.516
710,3,1.555841,0.506961,20.203532,0.917213,711,2.892456,44.755
711,3,1.451036,0.620057,20.332547,0.917115,712,2.900452,13.649
712,3,1.332587,0.524129,20.358567,0.916511,713,2.890564,13.642
713,2,1.596782,0.537634,20.475928,0.917275,714,2.919800,13.781
714,3,1.428152,0.553345,20.285111,0.917275,715,2.902344,13.687
715,1,1.767755,0.525746,20.062993,0.916499,716,2.871216,48.718
716,2,1.652713,0.655054,20.176917,0.917121,717,2.906128,13.797
717,0,1.118937,0.515228,20.316892,0.917038,718,2.863220,16.122
718,0,1.430542,0.656696,20.459685,0.916992,719,2.888672,13.885
719,3,1.402152,0.617525,20.471671,0.917332,720,2.863220,13.786
720,0,1.430230,0.657422,20.342103,0.917622,721,2.947144,44.862
721,1,1.453227,0.454751,20.680626,0.916905,722,2.859436,13.721
722,3,1.318393,0.590727,20.546767,0.916947,723,2.919800,13.632
723,1,1.033061,0.531449,20.246109,0.916753,724,2.876892,13.939
724,1,1.473046,0.650724,20.434331,0.917655,725,2.906128,13.712
725,2,1.534580,0.592780,20.159560,0.916262,726,2.861328,47.613
726,3,1.477959,0.499651,20.048930,0.916507,727,2.890564,13.527
727,3,1.453699,0.670389,20.031936,0.916560,728,2.919800,13.624
728,3,1.570746,0.594165,20.139065,0.917245,729,2.890564,13.440
729,1,1.669419,0.557296,20.150395,0.917326,730,2.906128,13.364
730,1,1.198469,0.575142,20.115878,0.917670,731,2.888672,48.496
731,2,1.380774,0.576796,20.036866,0.917141,732,2.888672,13.426
732,1,1.348408,0.550891,20.137597,0.916807,733,2.843872,13.504
733,1,1.470835,0.494790,20.166441,0.917718,734,2.917908,14.277
734,1,1.743868,0.712955,19.936912,0.917215,735,2.919800,13.379
735,1,1.514132,0.544876,19.584778,0.917579,736,2.812744,45.960
736,2,1.495166,0.504967,19.431485,0.916667,737,2.890564,13.474
737,2,1.707618,0.452319,19.554809,0.916940,738,2.900452,13.492
738,1,1.445027,0.637344,19.561909,0.917499,739,2.875000,14.043
739,3,1.417878,0.673622,19.845785,0.916877,740,2.861328,51.119
740,0,1.452793,0.534404,19.842308,0.917503,741,2.933472,13.476
741,1,1.177592,0.577086,19.988634,0.916657,742,2.904236,13.419
742,2,1.325574,0.610636,19.900975,0.917250,743,2.906128,13.893
743,3,1.744141,0.551539,19.777059,0.917587,744,2.919800,13.448
744,0,1.271692,0.607059,19.599509,0.915899,745,2.873108,44.556
745,0,1.472876,0.627231,19.342069,0.917393,746,2.904236,13.481
746,1,1.279611,0.662634,19.199774,0.917457,747,2.826416,13.412
747,0,1.707743,0.596875,19.339003,0.917687,748,2.871216,14.707
748,3,1.599458,0.546263,19.390866,0.917099,749,2.894348,13.921
749,1,1.565702,0.545226,19.441395,0.917626,750,2.878784,48.897
750,3,1.065307,0.598853,19.341481,0.917193,751,2.875000,14.546
751,2,1.640615,0.487029,19.299494,0.917369,752,2.904236,14.202
752,3,1.012410,0.597188,19.485529,0.917167,753,2.875000,14.530
753,1,1.817339,0.575119,19.464277,0.916891,754,2.962708,49.085
754,0,1.475073,0.566196,19.553229,0.917501,755,2.861328,13.362
755,1,1.786319,0.692343,19.611449,0.917382,756,2.890564,13.386
756,3,1.739339,0.593707,19.825147,0.916952,757,2.878784,13.453
757,0,1.608486,0.606937,19.953821,0.916971,758,2.919800,13.890
758,3,1.245058,0.594698,20.130038,0.915695,759,2.919800,50.290
759,3,1.850214,0.534264,20.015275,0.915983,760,2.919800,13.350
760,3,1.509829,0.631964,19.766291,0.917138,761,2.843872,13.377
761,1,0.871018,0.472766,19.801675,0.917382,762,2.892456,13.517
762,3,1.573975,0.656142,19.741190,0.916854,763,2.904236,13.630
763,2,1.856461,0.601007,19.850053,0.916641,764,2.890564,44.512
764,2,1.612077,0.669041,19.724222,0.917001,765,2.878784,13.476
765,2,1.640650,0.509452,20.028121,0.916696,766,2.878784,13.432
766,1,1.359242,0.577231,20.032886,0.916403,767,2.906128,13.939
767,3,1.575546,0.553218,20.531849,0.917063,768,2.890564,13.900
768,1,1.481465,0.718935,20.671169,0.915667,769,2.906128,48.793
769,3,1.619552,0.592995,20.528689,0.917441,770,2.904236,13.643
770,2,1.769963,0.609056,20.371774,0.916672,771,2.919800,13.781
771,1,1.615848,0.541547,20.133282,0.917649,772,2.875000,13.648
772,3,1.431055,0.523957,19.967905,0.916792,773,2.888672,13.986
773,1,1.024815,0.637634,19.763249,0.917287,774,2.876892,48.762
774,1,1.707174,0.547133,19.814890,0.916474,775,2.904236,13.631
775,2,1.697762,0.487193,19.874172,0.917169,776,2.906128,13.589
776,1,1.234988,0.476139,19.988994,0.917554,777,2.843872,13.756
777,0,1.429583,0.484635,20.034875,0.917437,778,2.890564,13.564
778,2,1.504781,0.682229,20.269469,0.917575,779,2.916016,46.299
779,1,1.591500,0.484821,20.184382,0.916887,780,2.890564,13.620
780,2,1.701168,0.622104,20.058965,0.917176,781,2.904236,13.557
781,0,1.913767,0.539700,20.002910,0.917095,782,2.919800,13.652
782,2,1.420037,0.565742,19.798470,0.917253,783,2.812744,48.749
783,3,1.695662,0.610601,19.828605,0.917760,784,2.919800,13.402
784,1,1.360179,0.400396,19.888298,0.917640,785,2.949036,13.350
785,0,1.820294,0.591526,19.823718,0.916973,786,2.876892,13.437
786,3,1.094184,0.526412,19.697195,0.917412,787,2.812744,13.670
787,2,1.651221,0.551941,19.672821,0.918048,788,2.947144,48.513
788,0,1.683753,0.575672,19.522926,0.917042,789,2.859436,13.432
789,2,1.392544,0.545768,19.481511,0.916840,790,2.919800,13.355
790,1,1.743572,0.654161,19.346008,0.917087,791,2.906128,13.385
791,0,1.409977,0.581938,19.417546,0.915648,792,2.906128,13.336
792,1,1.426135,0.622408,19.545558,0.916706,793,2.843872,48.649
793,0,1.406116,0.652268,19.571905,0.916628,794,2.890564,13.397
794,3,1.112737,0.642383,19.720946,0.917520,795,2.890564,13.461
795,2,1.618274,0.517415,19.622921,0.917683,796,2.863220,13.480
796,1,1.813241,0.601607,19.466386,0.916121,797,2.826416,13.512
797,3,1.301716,0.504391,19.226508,0.917784,798,2.892456,48.582
798,0,1.855613,0.558360,19.382676,0.917706,799,2.875000,13.457
799,2,1.505986,0.585895,19.115752,0.917315,800,2.933472,13.449
800,2,1.519011,0.413111,19.215624,0.916566,801,2.919800,13.484
801,2,1.086743,0.608889,19.374960,0.916400,802,2.919800,13.707
802,1,1.171082,0.625516,19.607547,0.918117,803,2.888672,48.444
803,0,1.604636,0.512911,19.340654,0.916592,804,2.875000,13.272
804,1,1.338251,0.568245,19.450180,0.917539,805,2.863220,13.572
805,0,1.692404,0.602952,19.422513,0.917476,806,2.919800,13.493
806,3,1.555839,0.678935,19.369859,0.916699,807,2.857544,13.327
807,2,1.531543,0.533104,19.406768,0.916821,808,2.875000,46.431
808,3,1.646833,0.680875,19.449080,0.916870,809,2.904236,13.376
809,2,1.727083,0.525813,19.515450,0.916939,810,2.892456,13.387
810,3,1.640974,0.642129,19.483956,0.917806,811,2.875000,13.418
811,3,1.369046,0.591052,19.355881,0.916700,812,2.906128,13.274
812,1,1.652399,0.574897,19.635365,0.917083,813,2.919800,46.234
813,3,1.627333,0.516158,19.654773,0.917144,814,2.785400,13.616
814,3,1.584514,0.448787,19.786565,0.916898,815,2.892456,13.583
815,0,1.660393,0.612482,19.969151,0.918031,816,2.935364,13.843
816,2,1.501251,0.626886,20.018942,0.917072,817,2.904236,49.089
817,0,1.521857,0.553886,19.887472,0.917318,818,2.873108,13.427
818,2,1.576774,0.490901,19.985711,0.916548,819,2.933472,13.621
819,2,1.695637,0.581073,20.096391,0.917273,820,2.921692,13.392
820,3,1.345821,0.657838,20.167025,0.916555,821,2.876892,13.501
821,3,1.661099,0.658330,20.318087,0.917182,822,2.917908,51.329
822,3,1.321896,0.535618,20.360585,0.917345,823,2.863220,19.561
823,1,1.707840,0.555589,20.271945,0.916805,824,2.859436,19.857
824,0,1.326002,0.653398,20.162226,0.916196,825,2.890564,55.111
825,3,1.450084,0.736607,20.118356,0.917254,826,2.919800,21.333
826,0,1.418977,0.512526,19.962676,0.917366,827,2.908020,23.958
827,2,1.366040,0.612947,19.915484,0.917735,828,2.857544,53.758
828,3,1.784297,0.694352,19.970689,0.915861,829,2.904236,19.905
829,0,1.498388,0.650303,20.006646,0.916194,830,2.906128,19.860
830,0,1.582061,0.483941,19.956627,0.918007,831,2.947144,19.786
831,1,1.681569,0.473263,19.936359,0.916820,832,2.828308,54.908
832,0,1.652519,0.543562,19.905808,0.917170,833,2.890564,19.851
833,3,1.466101,0.646333,19.855273,0.916396,834,2.931580,19.809
834,3,1.406459,0.535264,19.724931,0.916484,835,2.904236,54.844
835,2,1.615099,0.623637,20.051403,0.916889,836,2.888672,19.882
836,2,1.961173,0.567607,20.034126,0.917810,837,2.904236,19.835
837,3,1.804048,0.582945,19.939656,0.916851,838,2.935364,16.405
838,0,1.335893,0.548238,19.845803,0.917348,839,2.799072,45.334
839,1,1.527127,0.592272,19.729359,0.916371,840,2.947144,13.356
840,2,1.518771,0.539179,19.708271,0.917332,841,2.921692,13.400
841,0,1.442428,0.403525,19.686463,0.917662,842,2.890564,13.387
842,3,1.260246,0.622948,19.747546,0.917018,843,2.875000,48.394
843,1,1.568290,0.543011,19.787733,0.918109,844,2.878784,13.300
844,1,1.683834,0.452428,19.492104,0.917559,845,2.828308,13.350
845,2,1.830336,0.494019,19.679311,0.916960,846,2.904236,13.344
846,2,1.470932,0.551007,19.666186,0.917022,847,2.906128,13.380
847,0,1.512379,0.631021,19.409518,0.916328,848,2.892456,48.357
848,1,1.533755,0.452302,19.602267,0.916582,849,2.843872,13.400
849,0,1.628217,0.407842,19.567201,0.917428,850,2.894348,13.376
850,0,1.692756,0.518623,19.369427,0.916599,851,2.933472,13.414
851,1,1.365530,0.522360,19.504443,0.917537,852,2.931580,13.506
852,1,1.972229,0.559779,19.479082,0.917270,853,2.857544,48.509
853,2,1.354529,0.599392,19.248305,0.917119,854,2.919800,13.424
854,3,1.314476,0.527942,19.490999,0.916595,855,2.906128,13.575
855,1,1.655450,0.570738,19.436752,0.916772,856,2.890564,13.358
856,1,1.387434,0.639575,19.411487,0.917271,857,2.812744,13.539
857,1,1.657254,0.507077,19.639464,0.916720,858,2.904236,48.322
858,1,1.339037,0.612543,19.603933,0.916891,859,2.906128,13.464
859,1,1.665826,0.603107,19.848026,0.916800,860,2.919800,13.293
860,2,1.378397,0.698586,19.843765,0.917126,861,2.814636,13.322
861,2,1.495254,0.598286,19.973985,0.917393,862,2.906128,13.320
862,1,1.475514,0.619376,20.021921,0.916658,863,2.878784,48.462
863,3,1.629404,0.483688,20.075917,0.917071,864,2.904236,13.349
864,1,1.413744,0.614099,19.664096,0.917299,865,2.875000,14.075
865,2,1.661636,0.725760,19.828551,0.917642,866,2.876892,13.343
866,0,1.574967,0.631946,19.841857,0.917586,867,2.878784,48.546
867,1,1.622616,0.548264,19.881124,0.917944,868,2.904236,14.011
868,0,1.322088,0.611882,19.907700,0.917461,869,2.900452,14.071
869,2,1.576065,0.576926,19.868457,0.917889,870,2.904236,14.068
870,1,1.352430,0.545446,19.957214,0.917012,871,2.919800,13.814
871,3,1.368821,0.387919,19.804901,0.917035,872,2.906128,44.827
872,0,1.548242,0.583889,19.886632,0.916888,873,2.841980,13.350
873,2,1.455374,0.634184,20.040197,0.917054,874,2.947144,13.371
874,0,1.497641,0.619791,19.927556,0.917243,875,2.826416,13.813
875,0,1.676554,0.606036,19.860878,0.917224,876,2.906128,13.645
876,3,1.436444,0.524349,19.941082,0.917455,877,2.906128,48.357
877,3,1.591291,0.589024,19.692433,0.917411,878,2.888672,13.381
878,0,1.690694,0.543644,19.713750,0.917341,879,2.904236,13.935
879,3,1.605169,0.612983,19.877231,0.917023,880,2.890564,13.397
880,2,1.208977,0.569621,19.857312,0.917474,881,2.933472,13.528
881,3,1.508108,0.545573,19.833979,0.917047,882,2.878784,48.623
882,3,1.511910,0.519464,20.004697,0.916887,883,2.828308,13.608
883,3,1.711634,0.624644,20.126884,0.915841,884,2.861328,13.605
884,2,1.341682,0.569983,19.999137,0.917295,885,2.890564,13.655
885,2,1.954522,0.463558,20.129207,0.916246,886,2.904236,14.311
886,0,1.705032,0.610714,20.066765,0.916175,887,2.888672,48.890
887,0,1.616920,0.628493,20.021649,0.917714,888,2.843872,13.789
888,0,1.581921,0.619478,20.249665,0.917038,889,2.906128,14.432
889,2,1.022361,0.554009,20.157641,0.917922,890,2.890564,13.692
890,2,1.210346,0.638329,20.150454,0.916955,891,2.904236,48.798
891,2,1.084888,0.595068,19.789547,0.917677,892,2.919800,13.727
892,2,1.380575,0.561467,19.944085,0.915911,893,2.902344,14.175
893,3,1.441538,0.636174,19.941121,0.917430,894,2.921692,13.719
894,2,1.863576,0.581814,19.872265,0.916616,895,2.890564,13.607
895,3,1.403991,0.602015,19.831036,0.917426,896,2.892456,49.313
896,0,1.363433,0.588492,20.215481,0.917200,897,2.892456,13.379
897,1,1.351135,0.523504,19.915060,0.917319,898,2.919800,13.320
898,1,1.603764,0.665588,19.579830,0.916239,899,2.863220,13.314
899,2,1.385149,0.650609,19.594763,0.915983,900,2.917908,13.482
900,0,1.731537,0.616700,19.504917,0.917103,901,2.917908,48.547
901,3,1.732132,0.669867,19.533001,0.917131,902,2.847656,13.430
902,1,1.491015,0.656761,19.305719,0.917833,903,2.919800,13.449
903,1,1.526219,0.553187,19.431567,0.917474,904,2.904236,13.397
904,1,1.766524,0.464952,19.452339,0.917512,905,2.902344,13.396
905,2,1.935696,0.595424,19.308829,0.917802,906,2.904236,48.828
906,3,1.563149,0.597432,19.214632,0.917369,907,2.890564,13.362
907,3,1.184457,0.523518,19.188457,0.918277,908,2.876892,13.547
908,0,1.100247,0.600010,19.364148,0.916707,909,2.876892,13.370
909,2,1.476327,0.566163,19.372824,0.917328,910,2.812744,48.389
910,3,1.446439,0.521697,19.206982,0.916172,911,2.890564,13.419
911,3,1.640733,0.545839,19.188256,0.917599,912,2.904236,13.268
912,2,1.851809,0.583200,19.024050,0.918063,913,2.902344,13.405
913,2,1.608505,0.553152,18.894175,0.918229,914,2.876892,13.395
914,3,1.880980,0.604931,18.679594,0.916731,915,2.853760,48.497
915,3,1.387576,0.563087,18.549006,0.916861,916,2.933472,13.855
916,0,1.420167,0.627725,18.751474,0.917220,917,2.919800,13.740
917,3,1.535210,0.634098,18.831052,0.916594,918,2.919800,13.409
918,2,1.664329,0.665294,18.748465,0.916647,919,2.919800,13.390
919,0,1.601763,0.613293,18.870687,0.917219,920,2.859436,48.561
920,1,1.032900,0.459369,18.896843,0.917029,921,2.908020,13.337
921,2,1.799583,0.534279,18.764287,0.917667,922,2.863220,13.476
922,1,1.317625,0.537224,18.764519,0.916915,923,2.906128,13.285
923,3,1.530494,0.586912,18.782266,0.918029,924,2.876892,13.255
924,1,1.271414,0.470453,18.618937,0.917498,925,2.919800,48.317
925,2,1.467040,0.550630,18.601659,0.917335,926,2.904236,13.939
926,2,1.509239,0.645247,18.356958,0.918166,927,2.906128,13.661
927,0,1.804011,0.682796,18.269264,0.916656,928,2.888672,13.566
928,0,1.366437,0.584033,18.101967,0.916922,929,2.906128,13.363
929,2,1.355439,0.644361,18.053952,0.917123,930,2.919800,44.557
930,3,1.536662,0.547865,18.161528,0.916497,931,2.890564,13.399
931,1,1.695098,0.665927,18.041888,0.917654,932,2.919800,13.409
932,1,1.508278,0.587648,18.224363,0.916403,933,2.816528,13.619
933,0,1.429040,0.499836,18.399955,0.916880,934,2.847656,13.378
934,3,1.559732,0.497418,18.379579,0.917264,935,2.875000,53.153
935,0,1.258967,0.712796,18.391599,0.918402,936,2.888672,13.392
936,1,1.618093,0.554573,18.365823,0.916526,937,2.904236,14.634
937,3,1.781285,0.508675,18.241781,0.917133,938,2.875000,13.576
938,3,1.711644,0.530498,18.321710,0.916530,939,2.826416,44.690
939,1,1.628308,0.665619,18.350179,0.917563,940,2.919800,13.569
940,0,1.244581,0.570951,18.280831,0.915864,941,2.917908,14.204
941,2,1.697884,0.634155,18.329433,0.916878,942,2.890564,21.015
942,1,1.451702,0.714512,18.353635,0.917764,943,2.890564,13.596
943,0,1.877572,0.538434,18.352067,0.917081,944,2.861328,49.068
944,0,1.492725,0.449594,18.534247,0.917147,945,2.906128,13.865
945,1,1.509984,0.524750,18.625685,0.916851,946,2.919800,13.576
946,0,1.462474,0.648164,18.824613,0.917235,947,2.785400,14.131
947,1,1.328494,0.583991,18.704928,0.917346,948,2.904236,13.624
948,2,1.408418,0.581119,18.729597,0.917945,949,2.933472,46.380
949,3,1.400126,0.626050,18.926689,0.917155,950,2.863220,13.777
950,3,1.666138,0.499167,18.938962,0.917181,951,2.919800,13.655
951,0,1.545991,0.541349,18.879817,0.916963,952,2.884888,13.621
952,1,1.779155,0.581996,18.978041,0.916673,953,2.906128,13.753
953,0,1.677329,0.579853,19.005996,0.917962,954,2.888672,44.441
954,2,1.416902,0.635977,19.201354,0.917677,955,2.890564,13.393
955,0,1.572798,0.517847,19.317640,0.916499,956,2.904236,13.320
956,0,1.635551,0.587288,19.223046,0.916477,957,2.847656,13.699
957,2,1.663713,0.542947,19.118139,0.917631,958,2.878784,13.769
958,3,1.191259,0.573834,19.316090,0.916747,959,2.843872,46.826
959,0,1.494194,0.539595,19.234606,0.916232,960,2.906128,13.590
960,1,1.192154,0.604829,19.454369,0.917359,961,2.917908,13.386
961,2,1.658130,0.713218,19.393975,0.917803,962,2.892456,13.377
962,3,1.345776,0.699317,19.290080,0.917363,963,2.875000,48.547
963,1,1.340606,0.532662,19.303739,0.917406,964,2.853760,13.394
964,1,1.418252,0.604991,18.989914,0.916710,965,2.906128,13.442
965,0,1.267783,0.499920,18.772634,0.917576,966,2.878784,13.800
966,2,1.620859,0.569166,18.887385,0.916795,967,2.906128,13.368
967,1,1.352331,0.480748,19.107961,0.917748,968,2.947144,49.603
968,3,1.744019,0.548983,19.014889,0.916188,969,2.859436,16.479
969,0,1.491213,0.538135,18.988321,0.916915,970,2.935364,15.295
970,0,1.206695,0.551390,19.069083,0.917584,971,2.890564,15.572
971,2,1.521466,0.703035,19.150335,0.917213,972,2.919800,48.208
972,0,1.459072,0.535041,19.182214,0.916759,973,2.890564,13.397
973,3,1.378085,0.581487,19.052314,0.916800,974,2.906128,13.427
974,3,1.583248,0.481574,18.820669,0.917259,975,2.904236,13.470
975,2,1.665142,0.558007,18.821888,0.917157,976,2.919800,13.306
976,2,1.378659,0.663111,18.637684,0.916577,977,2.875000,44.653
977,3,1.140941,0.522043,18.605477,0.916915,978,2.878784,13.346
978,1,1.313548,0.555901,18.324413,0.916693,979,2.919800,13.330
979,3,1.619510,0.546601,18.479133,0.916377,980,2.890564,13.390
980,0,1.294131,0.601111,18.434088,0.917285,981,2.906128,13.327
981,2,1.841988,0.567712,18.311439,0.917439,982,2.876892,46.261
982,2,1.660865,0.554900,18.320368,0.916736,983,2.904236,13.393
983,1,1.295881,0.477095,18.239118,0.917786,984,2.890564,13.551
984,3,1.391397,0.501243,18.208156,0.917535,985,2.947144,13.368
985,1,1.525385,0.585310,18.361420,0.916572,986,2.919800,13.347
986,2,0.835271,0.563594,18.316744,0.916799,987,2.933472,13.509
987,2,1.702491,0.596713,18.412791,0.916823,988,2.826416,45.749
988,3,1.142397,0.677040,18.510298,0.917212,989,2.890564,15.470
989,2,1.276859,0.586136,18.618368,0.916426,990,2.904236,14.154
990,1,1.258738,0.586274,18.668960,0.917091,991,2.859436,14.043
991,3,1.546666,0.503667,18.817462,0.917007,992,2.875000,44.592
992,1,1.461704,0.666093,18.829013,0.916376,993,2.853760,13.426
993,0,1.715110,0.585577,18.785697,0.916920,994,2.812744,14.460
994,2,1.503579,0.781675,18.929182,0.915344,995,2.875000,13.576
995,2,1.276258,0.693494,19.099814,0.916088,996,2.904236,13.743
996,1,1.663139,0.647739,19.420350,0.916889,997,2.904236,48.695
997,3,1.594064,0.501198,19.398799,0.916043,998,2.863220,13.791
998,3,1.451373,0.651173,19.253602,0.917864,999,2.840088,14.034
999,0,1.599546,0.556538,19.304294,0.916848,1000,2.933472,13.811
1000,3,1.621788,0.590933,19.324123,0.916526,1001,2.888672,25.772
1001,3,1.595651,0.430082,19.396846,0.917385,1002,2.884888,33.698
1002,3,1.526889,0.634479,19.377386,0.916424,1003,2.875000,35.228
1003,3,1.032335,0.578076,19.408869,0.916456,1004,2.906128,13.811
1004,0,1.574797,0.626326,19.377614,0.916776,1005,2.919800,13.781
1005,2,1.557222,0.714166,19.452909,0.916303,1006,2.919800,14.086
1006,1,1.639579,0.556619,19.593247,0.916781,1007,2.847656,13.849
1007,2,1.760879,0.643743,19.384562,0.917971,1008,2.890564,48.949
1008,0,1.453005,0.577564,19.360884,0.916829,1009,2.863220,13.748
1009,0,1.525183,0.541561,19.385037,0.917188,1010,2.878784,13.318
1010,3,1.582347,0.637399,19.421267,0.916928,1011,2.890564,13.298
1011,3,1.222571,0.425668,19.431783,0.917251,1012,2.904236,13.323
1012,2,1.319201,0.565204,19.422916,0.917312,1013,2.919800,46.067
1013,0,1.160875,0.608075,19.409850,0.916112,1014,2.962708,13.443
1014,2,1.532941,0.603661,19.486929,0.916469,1015,2.919800,13.314
1015,1,1.547645,0.612763,19.751568,0.916410,1016,2.861328,13.283
1016,1,1.529638,0.566348,19.621296,0.916477,1017,2.890564,13.271
1017,3,1.278574,0.568881,19.643948,0.917618,1018,2.919800,46.310
1018,3,1.409949,0.556965,19.580347,0.917706,1019,2.931580,13.233
1019,3,1.616766,0.548509,19.438064,0.917261,1020,2.919800,13.296
1020,1,1.255763,0.660157,19.566091,0.916489,1021,2.886780,13.328
1021,1,1.774829,0.502778,19.580641,0.917934,1022,2.904236,13.325
1022,1,1.362118,0.434343,19.817473,0.916991,1023,2.861328,47.155
1023,1,1.594343,0.673667,19.917372,0.916021,1024,2.812744,14.021
1024,0,1.752058,0.560491,19.828502,0.917302,1025,2.863220,14.284
1025,1,1.375929,0.510667,19.855360,0.917436,1026,2.919800,13.241
1026,1,1.300509,0.556961,19.742606,0.915996,1027,2.859436,49.054
1027,3,1.422297,0.575523,19.792314,0.917390,1028,2.799072,13.283
1028,2,1.915398,0.578417,19.935024,0.914940,1029,2.861328,13.187
1029,1,1.586518,0.660730,20.132503,0.916547,1030,2.890564,13.250
1030,1,1.422323,0.580641,20.288322,0.916681,1031,2.904236,13.345
1031,3,1.386177,0.435694,20.316864,0.916947,1032,2.875000,48.923
1032,2,1.467656,0.599503,20.507193,0.916695,1033,2.919800,13.643
1033,0,1.657293,0.511721,20.529206,0.916845,1034,2.921692,14.556
1034,1,1.474953,0.574368,20.603378,0.916400,1035,2.876892,14.097
1035,1,1.401571,0.600504,20.707955,0.917190,1036,2.904236,13.264
1036,0,1.314669,0.598316,20.645601,0.917605,1037,2.906128,44.949
1037,2,1.451796,0.495334,20.634700,0.916970,1038,2.861328,13.691
1038,2,1.560336,0.643352,20.684641,0.916126,1039,2.799072,13.653
1039,0,1.310752,0.585374,20.842595,0.917996,1040,2.845764,13.628
1040,0,1.466860,0.603354,20.761745,0.916761,1041,2.900452,13.816
1041,0,1.505815,0.574228,20.633242,0.917461,1042,2.919800,48.733
1042,1,1.437790,0.560171,20.698686,0.917673,1043,2.933472,13.661
1043,0,1.733548,0.585212,20.913604,0.916000,1044,2.904236,13.591
1044,1,1.539875,0.549911,21.183318,0.917242,1045,2.878784,13.656
1045,0,1.319854,0.616161,21.285746,0.916704,1046,2.919800,13.888
1046,3,1.452540,0.462966,21.295300,0.917071,1047,2.875000,47.349
1047,2,1.481602,0.710356,21.254721,0.916282,1048,2.876892,13.719
1048,2,1.873736,0.573485,21.397706,0.916968,1049,2.931580,13.682
1049,2,1.533506,0.680597,21.431647,0.916344,1050,2.890564,13.632
1050,3,1.776647,0.507377,21.354155,0.917562,1051,2.812744,13.687
1051,3,1.675589,0.616943,21.152127,0.915902,1052,2.888672,45.110
1052,3,1.297775,0.628332,20.910398,0.916396,1053,2.904236,13.535
1053,1,1.304648,0.586880,20.704016,0.915616,1054,2.931580,13.401
1054,3,1.707180,0.628329,20.637663,0.916548,1055,2.906128,13.482
1055,3,1.307269,0.650436,20.703451,0.916156,1056,2.875000,48.776
1056,3,1.578216,0.640652,20.813664,0.915758,1057,2.904236,13.440
1057,3,1.731823,0.592747,21.052300,0.917044,1058,2.863220,13.373
1058,3,1.452307,0.625835,21.190361,0.916703,1059,2.888672,13.395
1059,2,1.452829,0.478980,21.130917,0.917303,1060,2.892456,13.395
1060,3,1.738137,0.636777,21.045075,0.917211,1061,2.863220,48.556
1061,3,1.536697,0.548000,21.102141,0.917629,1062,2.935364,13.407
1062,3,1.700838,0.600502,20.980562,0.915968,1063,2.904236,13.399
1063,3,1.401709,0.612088,20.842943,0.915842,1064,2.876892,13.500
1064,3,1.645413,0.585252,20.518611,0.916480,1065,2.931580,13.418
1065,1,1.298904,0.600512,20.472033,0.917036,1066,2.843872,48.977
1066,1,1.455277,0.570776,20.342815,0.916677,1067,2.906128,13.572
1067,1,1.633471,0.482735,20.145050,0.916760,1068,2.904236,13.350
1068,0,1.687135,0.581957,20.291563,0.916484,1069,2.861328,13.534
1069,3,1.239632,0.608519,20.171616,0.917744,1070,2.933472,13.432
1070,1,1.699184,0.577669,20.324171,0.916661,1071,2.904236,44.535
1071,1,1.061677,0.533120,19.984896,0.916472,1072,2.906128,13.393
1072,2,1.407818,0.566288,20.273045,0.917084,1073,2.904236,14.125
1073,0,1.497168,0.499654,20.342581,0.916928,1074,2.894348,13.375
1074,2,1.570090,0.515943,20.251075,0.917270,1075,2.875000,13.480
1075,0,1.759569,0.517997,20.160547,0.917496,1076,2.876892,48.497
1076,1,1.379565,0.541559,20.047660,0.917075,1077,2.875000,13.718
1077,0,1.418577,0.518178,19.964194,0.917115,1078,2.853760,13.434
1078,2,1.801033,0.521854,19.809955,0.916788,1079,2.904236,13.473
1079,1,1.738313,0.522041,19.643516,0.916869,1080,2.890564,13.420
1080,0,1.437557,0.653804,19.461856,0.916638,1081,2.888672,48.639
1081,0,1.619760,0.525944,19.393387,0.916633,1082,2.904236,13.530
1082,3,1.627403,0.579955,19.244195,0.916343,1083,2.902344,13.422
1083,0,1.528930,0.579016,19.352626,0.917018,1084,2.840088,13.484
1084,1,1.536325,0.629185,19.547979,0.917635,1085,2.904236,13.393
1085,2,1.327619,0.584564,19.586315,0.916865,1086,2.919800,46.681
1086,3,1.588501,0.533751,19.458452,0.916762,1087,2.890564,13.643
1087,0,1.454446,0.602444,19.236959,0.916565,1088,2.812744,13.649
1088,2,1.876380,0.658537,19.341542,0.917387,1089,2.878784,13.397
1089,1,1.442462,0.519187,19.049845,0.917764,1090,2.832092,13.378
1090,0,1.846374,0.553468,19.071611,0.917713,1091,2.904236,45.773
1091,1,1.068921,0.562530,18.973146,0.917364,1092,2.876892,13.397
1092,3,1.881421,0.726785,18.792972,0.916989,1093,2.888672,13.351
1093,3,1.274415,0.517630,18.577231,0.917495,1094,2.962708,13.570
1094,2,1.591020,0.606268,18.756482,0.917013,1095,2.812744,48.601
1095,1,1.570348,0.661717,18.695809,0.916940,1096,2.904236,13.683
1096,3,1.441298,0.566930,18.954164,0.916551,1097,2.919800,13.561
1097,3,1.845203,0.553186,18.980849,0.916314,1098,2.906128,13.411
1098,2,1.464780,0.526390,18.754448,0.917733,1099,2.826416,14.924
1099,1,1.536602,0.467676,18.699437,0.917305,1100,2.886780,44.757
1100,1,1.259204,0.521438,18.522940,0.916757,1101,2.859436,13.788
1101,2,1.406954,0.568586,18.657798,0.917321,1102,2.904236,14.608
1102,2,1.352606,0.543413,18.468686,0.916382,1103,2.908020,13.813
1103,3,1.671282,0.566980,18.861727,0.916674,1104,2.890564,14.393
1104,3,1.330871,0.552358,18.646904,0.918184,1105,2.878784,46.631
1105,2,1.307675,0.515360,18.710546,0.916919,1106,2.904236,13.638
1106,1,1.487904,0.598371,18.789470,0.917119,1107,2.875000,13.728
1107,2,1.695642,0.664828,18.735474,0.917227,1108,2.876892,13.633
1108,3,1.420583,0.509447,18.802710,0.917095,1109,2.890564,14.280
1109,2,1.541715,0.660919,18.912573,0.915972,1110,2.906128,48.713
1110,3,1.662473,0.543368,18.902242,0.917806,1111,2.812744,13.580
1111,1,1.309914,0.556417,18.974758,0.918463,1112,2.904236,13.674
1112,3,1.465109,0.549263,19.005669,0.916098,1113,2.890564,13.698
1113,1,1.846568,0.435686,18.919391,0.917895,1114,2.904236,13.771
1114,2,1.125551,0.716185,19.028451,0.917536,1115,2.906128,48.426
1115,0,1.377060,0.649790,19.176463,0.917716,1116,2.906128,13.581
1116,2,1.436721,0.610282,19.218569,0.917207,1117,2.890564,13.372
1117,0,1.583501,0.522498,19.160081,0.917132,1118,2.861328,13.408
1118,3,1.551445,0.573414,19.083829,0.916906,1119,2.876892,13.905
1119,0,1.409098,0.578108,19.038013,0.917878,1120,2.832092,45.238
1120,0,1.877388,0.505961,18.887638,0.917770,1121,2.863220,13.737
1121,1,1.685340,0.545391,19.164212,0.916936,1122,2.890564,13.476
1122,1,1.328315,0.530400,19.085962,0.916964,1123,2.841980,13.503
1123,1,1.495442,0.837271,19.221718,0.915303,1124,2.876892,46.440
1124,0,1.584259,0.653183,19.532694,0.916189,1125,2.906128,13.397
1125,0,1.423676,0.572223,19.657055,0.916401,1126,2.904236,13.397
1126,1,1.532764,0.527946,19.549504,0.917468,1127,2.904236,13.322
1127,2,1.596816,0.369896,19.520239,0.917759,1128,2.890564,13.462
1128,0,1.778182,0.772680,19.320520,0.917345,1129,2.876892,47.223
1129,2,1.513377,0.649065,19.170540,0.916179,1130,2.859436,13.690
1130,1,1.339712,0.605846,19.382851,0.916202,1131,2.826416,13.506
1131,3,1.219062,0.533828,19.206454,0.916799,1132,2.888672,13.479
1132,1,1.725552,0.562878,19.411455,0.917876,1133,2.892456,13.305
1133,0,1.587993,0.621045,19.526823,0.916926,1134,2.863220,46.412
1134,0,1.131082,0.545243,19.446498,0.916912,1135,2.906128,13.501
1135,3,1.324882,0.549314,19.550241,0.917611,1136,2.906128,13.480
1136,0,1.646516,0.452243,19.689329,0.917671,1137,2.894348,13.624
1137,2,1.511136,0.635569,19.717173,0.917120,1138,2.863220,13.922
1138,2,1.130757,0.519276,19.471415,0.917275,1139,2.826416,44.634
1139,3,1.361116,0.478233,19.388645,0.917038,1140,2.906128,13.392
1140,3,1.483433,0.592445,19.231121,0.917258,1141,2.873108,13.880
1141,1,1.491285,0.520962,19.081689,0.915489,1142,2.919800,13.422
1142,1,1.554406,0.622644,19.095245,0.916658,1143,2.890564,13.329
1143,0,1.698428,0.765860,18.919371,0.917128,1144,2.859436,44.432
1144,3,1.194952,0.595783,18.973602,0.916599,1145,2.919800,14.455
1145,2,1.451281,0.587856,18.978547,0.916446,1146,2.812744,13.449
1146,0,1.461650,0.563896,18.976790,0.916958,1147,2.863220,13.565
1147,1,1.782782,0.498282,18.949375,0.916699,1148,2.919800,13.565
1148,3,1.462325,0.472363,18.932839,0.918261,1149,2.863220,13.481
1149,0,1.317537,0.546127,19.089542,0.917291,1150,2.863220,44.908
1150,2,1.032375,0.503379,19.004326,0.917162,1151,2.888672,13.627
1151,2,1.244130,0.594115,19.262081,0.917999,1152,2.919800,13.638
1152,1,1.454004,0.663766,19.330250,0.918756,1153,2.863220,13.418
1153,0,1.857087,0.806739,19.259389,0.915502,1154,2.906128,50.106
1154,2,1.555757,0.483453,19.204372,0.917103,1155,2.904236,41.969
1155,2,1.570625,0.502827,19.160573,0.917472,1156,2.904236,90.569
1156,0,1.315310,0.441882,19.165349,0.917493,1157,2.890564,69.045
1157,1,1.405877,0.676803,19.325144,0.916579,1158,2.919800,28.150
1158,1,1.537610,0.604133,19.466965,0.917357,1159,2.875000,14.086
1159,0,1.412874,0.442577,19.368578,0.917339,1160,2.904236,13.462
1160,3,1.268217,0.474963,19.582600,0.917321,1161,2.919800,44.546
1161,0,1.647158,0.565892,19.859232,0.916851,1162,2.906128,13.501
1162,1,1.650983,0.605873,19.791924,0.917281,1163,2.875000,13.472
1163,1,1.197211,0.545263,20.181712,0.917566,1164,2.812744,13.598
1164,3,1.608162,0.611915,20.064603,0.917058,1165,2.875000,13.719
1165,3,1.407430,0.465062,20.020318,0.917186,1166,2.917908,48.033
1166,3,1.498603,0.626451,20.330399,0.916808,1167,2.904236,13.742
1167,2,1.688923,0.518409,20.224747,0.917435,1168,2.799072,13.647
1168,2,1.850702,0.497364,20.267816,0.917343,1169,2.890564,13.666
1169,3,1.471042,0.507827,20.190552,0.917595,1170,2.890564,13.767
1170,3,1.140584,0.546051,20.330239,0.917582,1171,2.859436,48.015
1171,2,1.606427,0.538881,20.222932,0.917462,1172,2.878784,13.759
1172,2,1.430265,0.575414,20.452501,0.917711,1173,2.888672,13.752
1173,1,1.644770,0.538554,20.798467,0.917384,1174,2.919800,13.747
1174,1,1.315896,0.641085,20.705882,0.917638,1175,2.906128,46.443
1175,1,1.327665,0.581403,20.937176,0.916355,1176,2.843872,14.041
1176,3,1.920760,0.556787,20.752526,0.917938,1177,2.890564,14.121
1177,2,1.455365,0.602211,20.800668,0.917663,1178,2.890564,13.704
1178,2,1.376199,0.571144,20.908619,0.917287,1179,2.875000,13.754
1179,1,1.192106,0.519641,20.783711,0.917631,1180,2.919800,44.804
1180,1,1.800269,0.595321,20.943946,0.916886,1181,2.890564,13.350
1181,1,1.710738,0.702349,20.974908,0.916784,1182,2.878784,13.404
1182,2,1.857008,0.416822,20.954902,0.916483,1183,2.888672,13.347
1183,2,1.060910,0.631032,20.749896,0.916539,1184,2.863220,13.413
1184,3,1.630857,0.396579,20.699726,0.917023,1185,2.888672,46.273
1185,3,1.232504,0.600643,20.838059,0.917360,1186,2.904236,13.415
1186,1,1.520519,0.535816,20.959583,0.917503,1187,2.916016,13.820
1187,3,1.149866,0.645867,21.062234,0.916402,1188,2.917908,13.779
1188,1,1.472889,0.484532,21.152885,0.917328,1189,2.890564,13.428
1189,1,1.671643,0.682059,21.117379,0.918165,1190,2.890564,44.548
1190,2,1.252984,0.577958,20.801450,0.917678,1191,2.890564,13.441
1191,0,1.537491,0.521060,21.065067,0.916053,1192,2.890564,13.473
1192,0,1.543110,0.431886,21.107973,0.917899,1193,2.869324,13.494
1193,1,1.557190,0.470425,20.752166,0.918055,1194,2.904236,13.477
1194,1,1.358217,0.550221,20.603296,0.917143,1195,2.890564,46.467
1195,3,1.335689,0.628591,20.368884,0.917507,1196,2.890564,13.476
1196,3,1.582056,0.573564,20.249151,0.917456,1197,2.830200,13.445
1197,1,1.524741,0.533930,20.388461,0.917107,1198,2.904236,13.839
1198,2,1.461118,0.659952,20.051205,0.916934,1199,2.890564,13.608
1199,1,1.439614,0.664322,19.755921,0.917589,1200,2.890564,44.476
1200,0,1.899723,0.701719,19.615150,0.916986,1201,2.919800,13.424
1201,1,1.280658,0.627405,19.671168,0.916870,1202,2.892456,13.420
1202,2,1.410101,0.669763,19.504265,0.917137,1203,2.919800,13.427
1203,1,1.456075,0.640349,19.517532,0.916393,1204,2.861328,13.480
1204,1,1.371770,0.628175,19.329842,0.916159,1205,2.919800,46.447
1205,3,1.367063,0.481641,19.153324,0.917412,1206,2.875000,13.624
1206,2,1.330919,0.465686,19.265106,0.917187,1207,2.890564,13.361
1207,2,1.235704,0.550472,19.422930,0.917014,1208,2.904236,13.433
1208,3,1.514953,0.567522,19.311166,0.916238,1209,2.853760,13.991
1209,2,1.391651,0.625711,19.211266,0.915679,1210,2.906128,44.704
1210,3,1.502685,0.548716,19.042527,0.916331,1211,2.861328,13.451
1211,1,1.378090,0.610217,19.179404,0.917060,1212,2.890564,13.530
1212,3,1.479602,0.554580,19.127888,0.916553,1213,2.894348,13.503
1213,3,1.277990,0.512671,19.034657,0.916583,1214,2.890564,13.443
1214,2,1.549947,0.621247,19.060661,0.916674,1215,2.888672,13.387
1215,3,1.278088,0.732526,19.282413,0.916074,1216,2.919800,45.841
1216,0,1.848123,0.482111,19.306130,0.916460,1217,2.931580,13.416
1217,1,1.781586,0.521831,19.189871,0.916877,1218,2.908020,13.431
1218,0,1.540606,0.604579,19.201126,0.917408,1219,2.904236,13.572
1219,3,1.394473,0.732630,18.869457,0.916738,1220,2.890564,48.844
1220,3,1.599213,0.575984,18.898028,0.917488,1221,2.890564,13.621
1221,0,1.394033,0.700995,18.750476,0.918278,1222,2.884888,13.509
1222,3,1.335674,0.563368,18.879503,0.918181,1223,2.876892,13.361
1223,0,1.567682,0.581359,18.727549,0.916404,1224,2.904236,13.498
1224,1,1.333760,0.519500,18.590854,0.917284,1225,2.904236,46.290
1225,1,1.685548,0.544155,18.755893,0.917505,1226,2.878784,13.568
1226,1,1.564764,0.498087,19.023823,0.917541,1227,2.906128,13.467
1227,0,1.307863,0.655577,19.108785,0.916784,1228,2.933472,13.510
1228,2,1.420765,0.655582,19.217431,0.916938,1229,2.875000,13.805
1229,0,1.361119,0.640665,19.297020,0.916189,1230,2.919800,45.017
1230,2,1.382090,0.510067,19.436113,0.916935,1231,2.861328,13.966
1231,3,1.205678,0.746952,19.635535,0.917368,1232,2.876892,13.762
1232,3,1.511951,0.549625,19.540196,0.916629,1233,2.863220,13.740
1233,1,1.272331,0.589448,19.479835,0.916673,1234,2.812744,13.718
1234,3,1.785329,0.535186,19.453682,0.915190,1235,2.935364,44.944
1235,0,1.727760,0.602746,19.326604,0.917168,1236,2.904236,13.862
1236,1,1.659040,0.527518,19.229701,0.917576,1237,2.859436,13.755
1237,3,1.328184,0.488920,19.192162,0.917266,1238,2.931580,13.816
1238,1,1.514632,0.504306,19.023446,0.918220,1239,2.863220,13.733
1239,0,1.759115,0.563518,18.930947,0.916817,1240,2.906128,46.614
1240,1,1.550139,0.480970,19.037981,0.917366,1241,2.904236,14.180
1241,3,1.817796,0.541694,18.837735,0.917124,1242,2.785400,13.679
1242,2,1.055586,0.557821,18.950422,0.916818,1243,2.919800,13.725
1243,3,1.439360,0.451295,18.787318,0.917084,1244,2.886780,13.836
1244,2,1.788109,0.641370,18.785025,0.916846,1245,2.904236,48.508
1245,0,1.581224,0.454263,18.836019,0.917413,1246,2.947144,13.396
1246,0,1.672963,0.469867,19.053435,0.916902,1247,2.859436,13.405
1247,1,1.472543,0.470288,18.922896,0.917623,1248,2.878784,13.551
1248,1,1.173269,0.533641,18.730299,0.918202,1249,2.812744,13.381
1249,1,1.658378,0.499954,18.998836,0.916799,1250,2.828308,46.991
1250,1,1.468222,0.516391,18.887117,0.917460,1251,2.904236,13.892
1251,0,1.549018,0.605503,19.180843,0.917463,1252,2.861328,13.657
1252,1,1.385881,0.555927,19.032885,0.917682,1253,2.917908,13.459
1253,0,1.660494,0.670773,19.182610,0.917420,1254,2.902344,13.599
1254,0,1.497128,0.589933,19.336046,0.917280,1255,2.906128,48.510
1255,2,1.573297,0.632342,19.382877,0.917082,1256,2.847656,13.454
1256,3,1.500754,0.549600,19.370757,0.917325,1257,2.890564,13.520
1257,3,1.495007,0.573283,19.176479,0.917628,1258,2.890564,13.439
1258,3,1.473232,0.637545,19.138882,0.916205,1259,2.933472,46.327
1259,1,1.417837,0.651079,19.281636,0.916479,1260,2.863220,13.398
1260,2,1.852351,0.619359,19.253594,0.916728,1261,2.876892,13.438
1261,0,1.268862,0.545680,19.086203,0.917182,1262,2.785400,13.844
1262,0,1.624283,0.532714,19.275874,0.916670,1263,2.935364,13.534
1263,0,1.755185,0.593575,19.107210,0.917670,1264,2.921692,13.509
1264,2,1.498660,0.533448,19.165252,0.917230,1265,2.826416,45.664
1265,2,1.376586,0.646367,19.295590,0.916453,1266,2.904236,13.484
1266,2,1.489526,0.594973,19.350736,0.917255,1267,2.890564,13.391
1267,2,1.705814,0.602016,19.510134,0.917140,1268,2.919800,13.497
1268,0,1.236400,0.537927,19.505229,0.916599,1269,2.904236,46.289
1269,1,1.767712,0.536712,19.529911,0.917064,1270,2.876892,13.436
1270,3,1.387657,0.610197,19.815388,0.916996,1271,2.904236,13.558
1271,0,1.449557,0.554404,19.567358,0.916619,1272,2.906128,13.927
1272,3,1.175585,0.620074,19.328448,0.917620,1273,2.890564,13.544
1273,1,1.563502,0.563552,19.531678,0.915914,1274,2.919800,48.422
1274,3,1.747950,0.622190,19.455513,0.915991,1275,2.843872,13.432
1275,0,0.916507,0.580159,19.491242,0.916233,1276,2.906128,13.458
1276,0,1.499320,0.549824,19.498537,0.916847,1277,2.878784,13.409
1277,2,1.375157,0.518428,19.374673,0.916652,1278,2.799072,13.640
1278,1,1.720280,0.589553,19.137962,0.916717,1279,2.906128,48.712
1279,1,1.686387,0.612640,19.234051,0.916534,1280,2.812744,13.878
1280,0,1.796541,0.496147,19.378900,0.917399,1281,2.863220,13.385
1281,2,1.514060,0.630324,19.192638,0.915602,1282,2.863220,13.832
1282,1,1.543319,0.560328,19.129572,0.917375,1283,2.888672,13.555
1283,2,1.549797,0.549258,19.140224,0.917756,1284,2.919800,48.711
1284,0,1.526123,0.756735,18.885086,0.917068,1285,2.875000,13.553
1285,3,1.741162,0.634450,18.752123,0.916694,1286,2.875000,13.499
1286,2,1.383328,0.629047,18.631148,0.917542,1287,2.876892,13.513
1287,1,1.350109,0.574143,18.538062,0.917290,1288,2.857544,13.432
1288,2,1.239409,0.634697,18.496959,0.917343,1289,2.906128,48.543
1289,2,1.220466,0.608727,18.630751,0.916964,1290,2.828308,14.066
1290,1,1.441005,0.758708,18.557751,0.916060,1291,2.931580,13.399
1291,2,1.523367,0.523893,18.354913,0.916962,1292,2.888672,14.392
1292,0,1.794394,0.552254,18.413706,0.916381,1293,2.917908,45.757
1293,1,1.399602,0.496454,18.395682,0.917254,1294,2.931580,13.938
1294,0,1.723221,0.455235,18.246316,0.916328,1295,2.875000,13.983
1295,3,1.629703,0.453227,18.432871,0.916726,1296,2.888672,13.757
1296,3,1.114848,0.499271,18.410674,0.916779,1297,2.876892,13.654
1297,1,1.417834,0.444596,18.346871,0.917297,1298,2.933472,50.972
1298,3,1.571218,0.599792,18.317698,0.916974,1299,2.890564,47.796
1299,3,1.539776,0.553785,18.332175,0.917697,1300,2.890564,87.162
1300,0,1.456344,0.523572,18.421834,0.917996,1301,2.931580,61.182
1301,2,1.789549,0.639480,18.556847,0.917166,1302,2.906128,27.129
1302,2,1.529870,0.500251,18.409961,0.917475,1303,2.902344,22.554
1303,2,1.576061,0.510806,18.324861,0.917329,1304,2.875000,47.288
1304,0,1.621411,0.524144,18.573227,0.916828,1305,2.919800,13.733
1305,1,1.504893,0.489129,18.513253,0.916597,1306,2.890564,13.720
1306,1,1.730207,0.604225,18.483482,0.917272,1307,2.919800,13.690
1307,1,1.812948,0.493150,18.544384,0.917588,1308,2.904236,13.532
1308,2,1.706043,0.558237,18.584439,0.917298,1309,2.876892,44.835
1309,0,1.654246,0.583267,18.596900,0.917430,1310,2.890564,13.674
1310,3,1.635574,0.534201,18.654807,0.917200,1311,2.863220,13.504
1311,0,1.306846,0.615784,18.653041,0.917117,1312,2.906128,13.442
1312,1,1.613478,0.478186,18.834294,0.917735,1313,2.904236,13.389
1313,0,1.574987,0.549905,18.764002,0.917119,1314,2.906128,13.435
1314,3,1.701686,0.728392,18.702970,0.916884,1315,2.890564,44.394
1315,2,1.582941,0.516701,18.666655,0.917015,1316,2.875000,13.424
1316,0,1.749186,0.531247,18.986985,0.917173,1317,2.904236,13.310
1317,0,1.502266,0.565866,19.031628,0.917721,1318,2.919800,13.433
1318,2,1.565571,0.661292,19.181599,0.917468,1319,2.935364,14.413
1319,2,1.577254,0.605600,19.230024,0.916733,1320,2.888672,45.533
1320,3,1.813224,0.548118,19.342910,0.917577,1321,2.917908,13.687
1321,0,1.281838,0.671064,19.440851,0.917759,1322,2.890564,13.991
1322,1,1.637051,0.618416,19.233049,0.917657,1323,2.888672,13.493
1323,1,1.667025,0.607172,19.214353,0.916873,1324,2.892456,13.449
1324,1,1.722101,0.508598,19.075368,0.915971,1325,2.859436,44.968
1325,3,1.279837,0.530363,19.206244,0.916547,1326,2.890564,13.966
1326,2,1.588697,0.557996,19.183278,0.915851,1327,2.904236,13.392
1327,0,1.429061,0.539594,19.172581,0.916837,1328,2.826416,13.509
1328,3,1.413550,0.517160,19.377896,0.917550,1329,2.876892,46.133
1329,0,1.507994,0.617667,19.553739,0.917442,1330,2.843872,13.533
1330,2,1.712420,0.689272,19.714032,0.917523,1331,2.908020,13.722
1331,3,1.368837,0.509832,19.763857,0.917045,1332,2.921692,13.574
1332,1,1.382015,0.671349,19.609736,0.916876,1333,2.812744,13.422
1333,3,1.402855,0.558749,19.559641,0.917066,1334,2.890564,13.383
1334,3,1.361002,0.601808,19.610776,0.916793,1335,2.812744,45.128
1335,1,1.420726,0.602093,19.787799,0.917377,1336,2.919800,13.486
1336,2,1.623706,0.502621,19.834353,0.916780,1337,2.917908,13.488
1337,1,1.439743,0.546212,20.005278,0.917467,1338,2.902344,14.078
1338,1,1.639749,0.675832,20.258211,0.916707,1339,2.904236,46.479
1339,3,1.222168,0.491569,20.143376,0.917386,1340,2.859436,13.385
1340,3,1.402545,0.567473,20.228947,0.916557,1341,2.904236,13.413
1341,0,1.707384,0.516649,20.376754,0.917289,1342,2.904236,14.342
1342,0,1.490402,0.590351,20.459644,0.917543,1343,2.904236,13.433
1343,2,1.439992,0.575461,20.244461,0.917069,1344,2.859436,44.770
1344,0,1.879190,0.601466,20.295360,0.916976,1345,2.890564,13.818
1345,0,1.580741,0.488094,20.353940,0.917514,1346,2.890564,13.438
1346,3,1.300080,0.646018,20.436680,0.916851,1347,2.890564,13.391
1347,2,1.342619,0.578371,20.562581,0.916892,1348,2.917908,13.402
1348,3,1.496993,0.672817,20.436897,0.916776,1349,2.847656,46.414
1349,0,1.694666,0.610993,20.440265,0.917022,1350,2.906128,13.473
1350,0,1.384046,0.563377,20.505184,0.916961,1351,2.876892,13.454
1351,3,1.709554,0.687878,20.478232,0.916219,1352,2.935364,13.885
1352,3,1.322387,0.629459,20.436888,0.917208,1353,2.890564,13.667
1353,3,1.306122,0.493563,20.422551,0.917637,1354,2.875000,45.087
1354,3,1.230115,0.671538,20.396299,0.916879,1355,2.890564,13.471
1355,0,1.590336,0.475817,20.466062,0.917351,1356,2.890564,14.547
1356,3,1.469679,0.511829,20.599838,0.917331,1357,2.917908,13.575
1357,3,1.665277,0.537990,20.542954,0.916895,1358,2.917908,14.928
1358,1,1.394502,0.576478,20.301987,0.917819,1359,2.904236,46.707
1359,3,1.464278,0.474209,20.377935,0.916678,1360,2.890564,13.638
1360,1,1.549672,0.429981,20.019086,0.917533,1361,2.890564,14.622
1361,0,1.737378,0.620049,19.927955,0.916652,1362,2.888672,13.773
1362,1,1.597094,0.564424,19.740958,0.916824,1363,2.904236,14.212
1363,3,1.043514,0.539291,19.661013,0.916961,1364,2.921692,44.989
1364,2,1.431868,0.646229,19.713762,0.916420,1365,2.890564,13.644
1365,0,1.291179,0.609671,19.647857,0.916698,1366,2.919800,13.796
1366,3,1.552140,0.620292,19.507958,0.916748,1367,2.875000,13.794
1367,2,1.551180,0.585717,19.583419,0.917277,1368,2.904236,13.782
1368,1,1.477392,0.626178,19.559459,0.916469,1369,2.876892,48.814
1369,0,1.653221,0.529422,19.287322,0.917713,1370,2.890564,13.716
1370,1,1.477517,0.670214,19.089122,0.916377,1371,2.876892,13.734
1371,2,1.444480,0.639586,19.143576,0.917261,1372,2.904236,13.498
1372,3,0.981575,0.585996,19.054403,0.917202,1373,2.904236,13.659
1373,3,1.275207,0.643273,19.091785,0.917744,1374,2.876892,47.124
1374,1,1.508392,0.803898,19.081092,0.918042,1375,2.906128,13.494
1375,1,1.836340,0.692843,19.106078,0.916775,1376,2.933472,13.393
1376,3,1.527556,0.663663,19.111213,0.916341,1377,2.878784,14.631
1377,3,1.503228,0.666018,19.146258,0.917154,1378,2.904236,13.422
1378,2,1.549337,0.631228,19.104683,0.917827,1379,2.931580,48.986
1379,2,1.510087,0.470175,19.094035,0.917314,1380,2.904236,13.673
1380,0,1.501529,0.684497,19.314382,0.916187,1381,2.875000,13.486
1381,0,1.249611,0.598647,19.345737,0.917233,1382,2.904236,13.552
1382,3,1.617027,0.525672,19.299251,0.916577,1383,2.878784,46.306
1383,1,1.277997,0.615093,19.174288,0.917738,1384,2.861328,13.770
1384,1,1.327523,0.492428,19.106522,0.915901,1385,2.888672,13.833
1385,0,1.628669,0.557346,19.061782,0.917138,1386,2.904236,13.507
1386,1,1.412854,0.610695,19.203140,0.916530,1387,2.917908,13.472
1387,3,1.721033,0.629982,19.077778,0.916163,1388,2.875000,48.520
1388,1,1.852665,0.490159,18.929342,0.916809,1389,2.917908,13.411
1389,1,1.650553,0.687311,18.876775,0.916857,1390,2.890564,13.528
1390,2,1.432491,0.584691,18.976699,0.916586,1391,2.906128,13.509
1391,3,1.595350,0.576108,18.575811,0.916484,1392,2.888672,13.509
1392,2,1.545776,0.602479,18.819336,0.916651,1393,2.875000,46.553
1393,1,1.497270,0.578734,18.827024,0.916945,1394,2.947144,16.968
1394,1,1.675581,0.471563,18.840629,0.917557,1395,2.919800,13.843
1395,3,1.918303,0.497660,18.698516,0.916683,1396,2.933472,13.516
1396,1,1.284081,0.522273,18.780608,0.914986,1397,2.861328,13.547
1397,1,1.435462,0.603646,18.854688,0.916627,1398,2.904236,48.768
1398,1,1.582747,0.705430,18.978259,0.916279,1399,2.904236,13.542
1399,0,1.399082,0.609804,19.031944,0.917115,1400,2.892456,13.487
1400,0,1.433958,0.610112,18.947406,0.916101,1401,2.847656,13.635
1401,2,1.819554,0.622688,18.950942,0.916796,1402,2.863220,49.052
1402,1,1.393043,0.636933,19.096981,0.918128,1403,2.919800,13.538
1403,0,1.574496,0.640485,19.108364,0.917651,1404,2.919800,14.208
1404,3,1.550706,0.557653,19.323337,0.917358,1405,2.919800,13.733
1405,3,1.552416,0.604207,19.315271,0.916081,1406,2.861328,13.463
1406,2,1.817902,0.615663,19.323612,0.917146,1407,2.947144,44.572
1407,3,1.234783,0.487766,19.421616,0.917844,1408,2.890564,13.428
1408,1,1.377776,0.443361,19.343413,0.918433,1409,2.906128,16.061
1409,3,1.477275,0.557672,19.267296,0.916844,1410,2.888672,13.591
1410,3,1.719020,0.633429,19.453894,0.917186,1411,2.878784,13.435
1411,1,1.316472,0.594336,19.196727,0.917727,1412,2.919800,46.559
1412,2,1.560118,0.587443,19.031119,0.917839,1413,2.906128,13.744
1413,3,1.339120,0.572345,18.951304,0.916002,1414,2.933472,13.523
1414,3,1.401556,0.603442,18.895765,0.917486,1415,2.863220,13.988
1415,1,1.525173,0.638671,19.112193,0.917513,1416,2.890564,13.570
1416,0,1.295371,0.530837,19.241571,0.917542,1417,2.871216,48.555
1417,1,1.497937,0.632934,19.402107,0.916491,1418,2.826416,14.027
1418,1,1.099706,0.607904,19.415161,0.916840,1419,2.906128,13.518
1419,1,1.466669,0.530951,19.459876,0.917541,1420,2.919800,13.720
1420,3,1.748612,0.671608,19.525974,0.916887,1421,2.812744,13.707
1421,1,1.511556,0.621061,19.723351,0.917903,1422,2.799072,49.708
1422,2,1.312787,0.536787,19.773230,0.917902,1423,2.921692,18.154
1423,2,1.605938,0.604671,20.194337,0.916618,1424,2.812744,14.415
1424,3,1.596840,0.635112,20.356525,0.916684,1425,2.890564,15.604
1425,3,1.449208,0.501315,20.191036,0.917618,1426,2.906128,45.035
1426,3,1.395604,0.593712,20.080512,0.916914,1427,2.859436,13.905
1427,0,1.592220,0.568215,20.034918,0.917001,1428,2.812744,13.812
1428,2,1.537377,0.455963,20.018468,0.916900,1429,2.919800,13.785
1429,0,1.065133,0.641339,19.903173,0.917811,1430,2.933472,13.744
1430,3,1.510494,0.514082,19.969678,0.917038,1431,2.857544,44.794
1431,1,1.329777,0.624537,19.820982,0.916495,1432,2.900452,13.755
1432,2,1.771577,0.474208,19.657881,0.917337,1433,2.812744,13.723
1433,2,1.316753,0.620608,19.938904,0.917288,1434,2.933472,13.810
1434,1,1.715560,0.602316,19.788684,0.916354,1435,2.878784,14.221
1435,1,1.637504,0.705522,19.834656,0.916817,1436,2.832092,48.652
1436,1,1.361163,0.702574,19.552004,0.916750,1437,2.812744,13.494
1437,3,1.495395,0.510736,19.457130,0.917632,1438,2.906128,15.184
1438,0,1.150758,0.648703,19.436367,0.917495,1439,2.919800,14.457
1439,3,1.751701,0.590657,19.551689,0.917553,1440,2.886780,44.664
1440,0,1.207593,0.515037,19.485110,0.917309,1441,2.888672,13.709
1441,1,1.480875,0.477553,19.583875,0.917459,1442,2.785400,13.536
1442,3,1.463125,0.613924,19.310748,0.917076,1443,2.947144,14.711
1443,2,1.192594,0.566244,19.499429,0.917601,1444,2.890564,13.540
1444,0,1.653810,0.616596,19.377170,0.916834,1445,2.888672,47.090
1445,0,1.261174,0.664075,19.504955,0.917202,1446,2.832092,13.905
1446,0,1.501621,0.503851,19.426689,0.917129,1447,2.919800,13.571
1447,1,1.529161,0.669839,19.410267,0.915408,1448,2.904236,13.476
1448,3,1.462680,0.580514,19.302876,0.916070,1449,2.875000,14.159
1449,3,1.356568,0.501483,19.261900,0.916521,1450,2.847656,44.537
1450,2,1.538800,0.425895,19.378316,0.917679,1451,2.890564,13.480
1451,1,1.988839,0.501022,19.552448,0.917160,1452,2.843872,13.549
1452,2,1.747363,0.578056,19.379199,0.917175,1453,2.876892,13.449
1453,1,1.691551,0.697571,19.500468,0.917035,1454,2.863220,16.311
1454,1,1.703639,0.531635,19.475523,0.916892,1455,2.888672,46.940
1455,0,1.625803,0.574669,19.353189,0.916481,1456,2.859436,13.879
1456,1,1.434342,0.530182,19.107210,0.917300,1457,2.906128,13.828
1457,2,1.654403,0.430815,19.158944,0.917643,1458,2.931580,13.497
1458,1,1.462275,0.531208,18.998261,0.917167,1459,2.888672,13.520
1459,0,1.628699,0.434259,19.080749,0.918314,1460,2.847656,45.485
1460,3,1.214955,0.631623,18.932258,0.917112,1461,2.904236,13.451
1461,3,1.423963,0.604271,18.997462,0.916623,1462,2.875000,13.892
1462,2,1.553210,0.642863,18.958125,0.917801,1463,2.904236,13.539
1463,3,1.374388,0.615836,18.770717,0.916977,1464,2.863220,13.544
1464,3,1.214180,0.534590,18.927565,0.916678,1465,2.888672,49.331
1465,3,1.588127,0.802988,18.803606,0.918522,1466,2.875000,14.110
1466,0,1.705209,0.587638,18.803928,0.917098,1467,2.875000,14.064
1467,1,1.281628,0.625896,18.838644,0.916777,1468,2.904236,13.721
1468,1,1.258270,0.707207,18.969844,0.915704,1469,2.876892,50.594
1469,3,1.739589,0.640419,19.049029,0.916703,1470,2.917908,14.280
1470,1,1.567286,0.625066,18.909210,0.917169,1471,2.904236,13.611
1471,0,1.528388,0.507498,19.021052,0.917215,1472,2.861328,15.037
1472,2,1.570964,0.609374,19.129592,0.916967,1473,2.890564,13.663
1473,1,1.646530,0.596499,19.063149,0.916864,1474,2.888672,49.159
1474,0,1.531689,0.584812,19.111835,0.916697,1475,2.931580,33.046
1475,0,1.235827,0.586026,19.088745,0.916934,1476,2.847656,120.888
1476,2,1.494344,0.444001,18.938497,0.917934,1477,2.888672,47.699
1477,2,1.549842,0.612959,18.791438,0.916166,1478,2.900452,22.653
1478,0,1.653430,0.581683,18.780090,0.917089,1479,2.904236,28.086
1479,2,1.527482,0.532937,18.714514,0.915881,1480,2.890564,60.226
1480,2,1.512762,0.512480,18.870362,0.916938,1481,2.890564,14.300
1481,3,1.375209,0.611505,18.651443,0.916318,1482,2.863220,13.508
1482,0,1.684039,0.497869,18.483695,0.916357,1483,2.876892,14.073
1483,2,1.403099,0.546991,18.454899,0.916404,1484,2.917908,47.628
1484,3,1.580925,0.465435,18.747327,0.917090,1485,2.875000,13.664
1485,0,1.726654,0.642110,18.595863,0.916792,1486,2.900452,13.686
1486,2,1.438432,0.547612,18.573054,0.918386,1487,2.873108,13.788
1487,3,1.486541,0.614815,18.656278,0.916487,1488,2.917908,47.574
1488,1,1.586588,0.444869,18.694169,0.917688,1489,2.904236,13.673
1489,3,1.873603,0.667947,18.895957,0.917181,1490,2.890564,13.787
1490,0,1.715241,0.649367,18.912152,0.917107,1491,2.888672,13.729
1491,1,1.549820,0.668238,18.856157,0.917865,1492,2.890564,13.666
1492,1,1.448496,0.577391,18.976147,0.917585,1493,2.906128,45.073
1493,2,1.297862,0.514456,18.991738,0.916552,1494,2.875000,13.745
1494,0,1.450369,0.639003,19.135308,0.916726,1495,2.875000,13.770
1495,2,1.785384,0.602486,19.187324,0.915886,1496,2.890564,13.584
1496,1,1.378506,0.574926,19.003218,0.916278,1497,2.890564,13.639
1497,3,1.679136,0.591279,18.882562,0.917151,1498,2.888672,46.387
1498,3,1.521192,0.561378,18.993709,0.917520,1499,2.904236,13.763
1499,2,1.109259,0.602418,18.966255,0.917362,1500,2.876892,13.398
1500,3,1.565505,0.641121,18.854940,0.915794,1501,2.919800,46.660
1501,0,1.846204,0.743849,18.883253,0.916874,1502,2.875000,13.600
1502,1,1.351613,0.574934,18.707747,0.917243,1503,2.875000,13.455
1503,2,1.714311,0.594561,18.545474,0.916318,1504,2.947144,13.482
1504,3,1.733391,0.753580,18.371390,0.916976,1505,2.904236,13.391
1505,3,1.645895,0.696652,18.226903,0.916061,1506,2.902344,44.571
1506,0,1.681895,0.698912,18.374502,0.917073,1507,2.890564,13.352
1507,0,1.474449,0.651812,18.490695,0.916873,1508,2.876892,14.012
1508,3,1.729581,0.613469,18.701779,0.915901,1509,2.919800,13.349
1509,0,1.560635,0.463455,18.985773,0.916889,1510,2.875000,13.498
1510,1,1.472040,0.570105,19.015202,0.917761,1511,2.875000,47.156
1511,0,1.165275,0.596146,18.880537,0.917194,1512,2.919800,13.751
1512,3,1.271432,0.674052,18.683418,0.915947,1513,2.919800,13.440
1513,3,1.853030,0.486070,18.774991,0.917071,1514,2.861328,13.451
1514,3,1.406408,0.628252,18.796079,0.916245,1515,2.919800,13.435
1515,0,1.060621,0.587986,18.864310,0.917124,1516,2.919800,44.483
1516,1,1.730004,0.438740,18.808139,0.917573,1517,2.906128,14.345
1517,2,1.904318,0.526450,18.891433,0.917187,1518,2.861328,13.483
1518,3,1.482072,0.577041,18.723451,0.917081,1519,2.904236,13.414
1519,0,1.060044,0.432803,18.704247,0.917454,1520,2.906128,13.417
1520,0,1.576878,0.455589,18.714004,0.917321,1521,2.906128,46.308
1521,1,1.342151,0.486716,18.793183,0.917607,1522,2.902344,13.775
1522,1,1.359822,0.698813,18.754315,0.917217,1523,2.906128,13.450
1523,1,1.358509,0.677306,18.727729,0.917500,1524,2.931580,13.480
1524,0,1.629901,0.575199,18.603912,0.916085,1525,2.919800,13.354
1525,1,1.504368,0.570552,18.438207,0.917122,1526,2.904236,45.550
1526,1,1.344760,0.479606,18.425058,0.917370,1527,2.906128,13.577
1527,1,1.562946,0.536950,18.613971,0.916585,1528,2.890564,13.760
1528,0,1.526644,0.393811,18.788029,0.917230,1529,2.917908,13.702
1529,1,1.566535,0.594428,18.687280,0.916562,1530,2.878784,13.666
1530,2,1.474556,0.550741,18.817161,0.917308,1531,2.888672,44.735
1531,2,1.552942,0.626510,18.857861,0.915419,1532,2.947144,14.526
1532,1,1.560729,0.657324,18.918916,0.917294,1533,2.904236,14.480
1533,1,1.459969,0.645632,18.873696,0.917448,1534,2.892456,13.855
1534,1,1.672205,0.598449,18.911330,0.917770,1535,2.890564,13.655
1535,3,1.479874,0.476275,18.952001,0.917641,1536,2.892456,48.770
1536,2,1.363024,0.464859,18.866076,0.916702,1537,2.876892,13.735
1537,3,1.707406,0.560968,19.041923,0.917942,1538,2.904236,13.759
1538,1,1.632347,0.586494,19.022385,0.917372,1539,2.947144,13.676
1539,1,1.754129,0.620496,18.974842,0.916723,1540,2.904236,13.632
1540,0,1.120676,0.634272,18.777454,0.916356,1541,2.876892,47.353
1541,1,1.898496,0.648753,18.600071,0.916960,1542,2.904236,13.727
1542,1,1.245522,0.572420,18.613897,0.916890,1543,2.863220,13.735
1543,0,1.818682,0.513361,18.851741,0.916868,1544,2.947144,14.004
1544,0,1.634077,0.554848,18.820417,0.917505,1545,2.892456,13.393
1545,1,1.623041,0.612470,18.825590,0.916276,1546,2.875000,44.647
1546,1,1.578003,0.624704,18.849113,0.916564,1547,2.890564,13.879
1547,1,1.386717,0.561330,18.745682,0.917613,1548,2.933472,14.399
1548,3,1.661347,0.610038,18.692904,0.917372,1549,2.904236,13.416
1549,0,1.636402,0.502770,18.776042,0.918023,1550,2.890564,48.489
1550,1,1.283923,0.677970,18.971893,0.916850,1551,2.843872,13.413
1551,0,1.424598,0.698325,19.007928,0.916924,1552,2.863220,13.525
1552,1,1.441443,0.627966,19.029793,0.916797,1553,2.888672,13.382
1553,2,1.655344,0.565008,18.825923,0.916505,1554,2.890564,13.770
1554,0,1.618932,0.674748,18.868381,0.916193,1555,2.890564,48.873
1555,0,1.276230,0.608742,18.920405,0.917448,1556,2.847656,13.445
1556,2,1.444108,0.672907,18.940761,0.917190,1557,2.904236,13.576
1557,3,1.463250,0.614845,19.034245,0.917093,1558,2.919800,13.389
1558,2,1.304603,0.459134,19.152566,0.916860,1559,2.826416,13.585
1559,3,1.559804,0.553288,19.034707,0.917361,1560,2.873108,48.684
1560,2,1.343934,0.413995,19.093107,0.917716,1561,2.875000,13.450
1561,3,1.597050,0.624335,19.349661,0.915933,1562,2.904236,13.557
1562,1,1.470893,0.434791,19.184833,0.917544,1563,2.890564,13.452
1563,2,1.308117,0.635805,19.320007,0.916620,1564,2.894348,13.373
1564,2,1.618470,0.513023,19.175932,0.916864,1565,2.890564,47.340
1565,2,1.166165,0.661382,19.343569,0.917793,1566,2.919800,13.479
1566,3,1.529988,0.632777,19.604207,0.916904,1567,2.894348,13.359
1567,2,1.262771,0.579585,19.655100,0.917507,1568,2.888672,13.368
1568,1,1.505419,0.580115,19.974174,0.917250,1569,2.904236,13.424
1569,1,1.889701,0.592404,19.826180,0.917659,1570,2.890564,44.396
1570,0,1.294776,0.569795,19.753438,0.917457,1571,2.890564,13.302
1571,3,1.762445,0.482402,19.340396,0.917097,1572,2.863220,13.337
1572,2,1.346269,0.513884,19.490951,0.917347,1573,2.904236,13.432
1573,3,1.640987,0.664141,19.572509,0.917145,1574,2.828308,13.295
1574,1,1.432932,0.634038,19.493746,0.916214,1575,2.878784,46.526
1575,3,1.796539,0.513845,19.663342,0.917522,1576,2.904236,13.562
1576,3,1.511619,0.462348,19.746904,0.917045,1577,2.890564,13.280
1577,1,1.624111,0.648714,19.731496,0.918029,1578,2.878784,13.460
1578,1,1.746998,0.653389,19.657518,0.917268,1579,2.906128,13.369
1579,2,0.954881,0.683522,19.828470,0.916708,1580,2.847656,44.397
1580,1,1.439527,0.536113,19.877352,0.917188,1581,2.812744,13.330
1581,1,1.459585,0.698849,19.800646,0.918522,1582,2.888672,13.404
1582,2,1.483383,0.529616,19.630759,0.916881,1583,2.875000,13.392
1583,1,1.359860,0.600714,19.806475,0.916887,1584,2.906128,13.482
1584,0,1.471505,0.542136,19.674016,0.917024,1585,2.878784,44.470
1585,1,1.733895,0.668075,19.742671,0.916859,1586,2.935364,13.613
1586,1,1.479727,0.712994,19.797432,0.917597,1587,2.890564,13.378
1587,0,1.582452,0.610230,20.001352,0.917148,1588,2.878784,13.470
1588,3,0.989989,0.579415,20.048056,0.916241,1589,2.935364,13.311
1589,1,0.986610,0.635172,19.924286,0.917769,1590,2.875000,44.418
1590,3,1.696858,0.488159,19.670420,0.917153,1591,2.878784,13.391
1591,1,1.394959,0.465234,19.580176,0.916802,1592,2.904236,13.661
1592,2,0.891890,0.514640,19.245317,0.916213,1593,2.904236,13.631
1593,2,1.448653,0.554008,19.304998,0.917526,1594,2.906128,13.674
1594,0,1.372096,0.568427,19.394590,0.917707,1595,2.875000,46.590
1595,0,1.337953,0.561797,19.513317,0.917395,1596,2.878784,13.809
1596,1,1.680360,0.561128,19.569850,0.917466,1597,2.875000,14.109
1597,0,1.433995,0.569843,19.455616,0.918084,1598,2.843872,13.956
1598,1,1.177093,0.556267,19.362049,0.916484,1599,2.863220,13.645
1599,0,1.167651,0.464770,19.345898,0.917039,1600,2.904236,49.217
1600,1,1.398040,0.871067,19.382393,0.916168,1601,2.890564,13.664
1601,1,1.539563,0.651784,19.502866,0.916857,1602,2.919800,13.683
1602,2,1.511198,0.603891,19.610491,0.916827,1603,2.812744,13.646
1603,1,1.238685,0.632708,20.160019,0.917081,1604,2.876892,13.671
1604,3,1.291152,0.631366,20.208150,0.916962,1605,2.890564,44.723
1605,3,1.550594,0.634725,19.987841,0.917211,1606,2.919800,13.565
1606,1,1.696261,0.436232,19.892519,0.918018,1607,2.890564,14.043
1607,2,1.376174,0.626732,19.868768,0.917684,1608,2.861328,13.420
1608,2,1.611589,0.633362,19.844945,0.917174,1609,2.863220,13.451
1609,1,1.487994,0.509206,19.975472,0.918091,1610,2.875000,44.459
1610,0,1.242312,0.577912,20.106187,0.916519,1611,2.828308,13.387
1611,1,1.744126,0.568816,20.016624,0.917486,1612,2.876892,13.340
1612,2,1.366772,0.602998,20.116487,0.917108,1613,2.904236,13.484
1613,2,0.905941,0.580776,20.058549,0.917250,1614,2.890564,13.416
1614,3,1.799605,0.689036,20.101224,0.917127,1615,2.919800,48.319
1615,0,1.474569,0.657853,19.969234,0.917245,1616,2.906128,13.327
1616,2,1.000313,0.597561,20.136580,0.917146,1617,2.888672,13.379
1617,0,1.453847,0.591955,20.231103,0.916400,1618,2.859436,13.665
1618,1,1.362318,0.670833,20.100629,0.917387,1619,2.908020,13.354
1619,1,1.621653,0.628772,19.861884,0.917264,1620,2.876892,47.279
1620,3,1.467561,0.534896,19.821867,0.917596,1621,2.890564,14.251
1621,3,1.496467,0.512596,19.862388,0.917249,1622,2.841980,14.433
1622,3,1.635611,0.538584,19.799722,0.916669,1623,2.890564,14.047
1623,2,1.381886,0.504041,19.914358,0.917053,1624,2.875000,13.414
1624,2,1.529148,0.502623,20.252767,0.917235,1625,2.904236,45.113
1625,3,1.543454,0.598322,20.176446,0.916630,1626,2.876892,14.006
1626,0,1.567740,0.616368,20.392689,0.917008,1627,2.890564,13.323
1627,0,1.590245,0.550346,20.296935,0.917562,1628,2.904236,13.434
1628,3,1.262270,0.676007,20.327506,0.916987,1629,2.935364,48.749
1629,0,1.828034,0.610409,20.355412,0.917140,1630,2.888672,13.369
1630,3,1.365483,0.482039,20.456786,0.917531,1631,2.843872,13.433
1631,0,1.612938,0.629459,20.622986,0.916292,1632,2.876892,13.313
1632,0,1.508530,0.673335,20.360326,0.916609,1633,2.890564,13.403
1633,0,1.324058,0.552444,20.474648,0.917096,1634,2.917908,47.125
1634,1,1.156649,0.561079,20.558756,0.917566,1635,2.812744,13.440
1635,2,1.712318,0.599295,20.480541,0.916189,1636,2.847656,13.441
1636,3,1.359552,0.656198,20.355818,0.916410,1637,2.919800,14.032
1637,3,1.235825,0.546714,20.364205,0.916852,1638,2.917908,13.401
1638,0,1.768726,0.555586,20.633903,0.917165,1639,2.906128,48.815
1639,3,1.642844,0.570623,20.699904,0.916456,1640,2.876892,13.408
1640,0,1.440698,0.544833,20.515531,0.917061,1641,2.904236,13.446
1641,1,1.515334,0.526239,20.402327,0.917149,1642,2.904236,13.424
1642,0,1.588295,0.504340,20.186088,0.917089,1643,2.876892,13.854
1643,2,1.330508,0.631113,20.118799,0.916308,1644,2.906128,48.533
1644,1,1.812509,0.676815,20.069797,0.917369,1645,2.931580,13.350
1645,2,1.332159,0.633129,20.288480,0.916880,1646,2.894348,13.433
1646,1,1.569925,0.661776,20.419021,0.916527,1647,2.890564,13.416
1647,2,1.558447,0.590039,20.384828,0.917335,1648,2.904236,13.343
1648,1,1.353635,0.601186,20.246906,0.916692,1649,2.826416,48.738
1649,1,1.801264,0.617456,20.012703,0.916513,1650,2.875000,13.419
1650,3,1.742076,0.608238,20.108365,0.916926,1651,2.919800,13.429
1651,1,1.567749,0.457831,20.414071,0.917041,1652,2.841980,13.560
1652,1,1.463389,0.548309,20.396520,0.916179,1653,2.875000,13.393
1653,2,1.765200,0.562197,20.424835,0.916910,1654,2.904236,47.033
1654,1,1.307623,0.594351,20.677131,0.915840,1655,2.875000,13.953
1655,2,1.575936,0.406128,20.714446,0.917528,1656,2.826416,13.731
1656,0,1.314253,0.628661,20.668800,0.916305,1657,2.890564,13.632
1657,1,1.622247,0.575094,20.871797,0.917347,1658,2.906128,48.821
1658,0,1.317099,0.602964,20.539439,0.916365,1659,2.876892,13.837
1659,2,1.739390,0.607781,20.262714,0.917439,1660,2.892456,13.676
1660,1,1.567966,0.541191,20.210709,0.916935,1661,2.904236,13.721
1661,3,1.450990,0.584378,20.057142,0.917584,1662,2.857544,13.642
1662,3,1.621764,0.543523,19.951982,0.917424,1663,2.847656,45.628
1663,3,1.592985,0.596479,19.876230,0.917304,1664,2.863220,13.650
1664,2,1.524847,0.502293,20.044223,0.918098,1665,2.847656,13.600
1665,2,1.460114,0.530766,20.045700,0.917186,1666,2.859436,13.637
1666,2,1.576991,0.490643,19.996624,0.916315,1667,2.863220,13.604
1667,0,1.604123,0.579171,19.951861,0.916664,1668,2.876892,46.788
1668,0,1.476691,0.481716,19.819560,0.916960,1669,2.875000,14.036
1669,1,1.265444,0.638825,19.779755,0.917096,1670,2.837769,13.651
1670,2,1.799588,0.608923,19.520963,0.916254,1671,2.876892,14.571
1671,1,1.463753,0.687113,19.652571,0.917097,1672,2.892456,13.405
1672,2,1.496537,0.676220,19.522218,0.916796,1673,2.847656,48.460
1673,2,1.803336,0.615064,19.395467,0.917242,1674,2.906128,13.556
1674,1,1.650384,0.629616,19.818842,0.917162,1675,2.845764,13.528
1675,3,1.553012,0.550658,19.763549,0.916461,1676,2.921692,13.298
1676,1,1.531471,0.602186,19.696710,0.917556,1677,2.840088,13.742
1677,1,1.331898,0.587532,19.479326,0.917756,1678,2.876892,48.368
1678,3,1.292303,0.555869,19.591125,0.916690,1679,2.863220,13.458
1679,1,1.393470,0.534145,19.787762,0.917440,1680,2.904236,13.566
1680,0,1.363825,0.545066,19.553696,0.918064,1681,2.875000,13.428
1681,0,1.378443,0.516736,19.588145,0.917598,1682,2.876892,13.388
1682,1,1.655634,0.600243,19.608906,0.916988,1683,2.890564,46.771
1683,0,1.408399,0.607107,19.536585,0.916889,1684,2.863220,13.392
1684,1,1.474324,0.616747,19.398468,0.916433,1685,2.935364,13.423
1685,2,1.647089,0.475187,19.340428,0.917588,1686,2.847656,14.355
1686,0,1.272130,0.553872,19.289838,0.916803,1687,2.878784,13.543
1687,0,1.566347,0.501912,19.182124,0.917395,1688,2.847656,45.029
1688,1,1.660209,0.559722,19.111725,0.917304,1689,2.919800,13.438
1689,3,1.519585,0.601786,19.035891,0.916366,1690,2.888672,13.349
1690,0,1.751688,0.802054,19.151779,0.916713,1691,2.908020,13.677
1691,1,1.214832,0.575689,19.265356,0.916887,1692,2.890564,13.421
1692,2,1.704709,0.538542,19.243784,0.917317,1693,2.890564,45.895
1693,3,0.987846,0.721535,19.600715,0.915465,1694,2.892456,13.335
1694,3,1.189034,0.561901,19.682065,0.916701,1695,2.890564,13.335
1695,1,1.536037,0.687112,19.734721,0.916875,1696,2.933472,13.423
1696,1,1.330401,0.476350,19.854396,0.917707,1697,2.876892,48.464
1697,3,1.596463,0.494614,19.808576,0.917173,1698,2.863220,13.354
1698,3,1.463595,0.677556,19.549584,0.915901,1699,2.890564,13.336
1699,2,1.816627,0.604886,19.538237,0.916621,1700,2.812744,13.373
1700,3,1.073772,0.579611,19.831546,0.917322,1701,2.876892,13.518
1701,1,1.362843,0.584780,19.834670,0.917841,1702,2.890564,44.530
1702,2,1.674744,0.648026,19.860655,0.917137,1703,2.876892,13.419
1703,2,1.536078,0.664202,19.938490,0.916716,1704,2.812744,13.367
1704,0,1.509906,0.622894,19.901890,0.917562,1705,2.890564,13.787
1705,0,1.998492,0.673135,20.154150,0.916736,1706,2.876892,13.385
1706,3,1.521830,0.685932,19.845274,0.916479,1707,2.890564,46.251
1707,2,1.423236,0.543743,19.602024,0.916939,1708,2.888672,13.490
1708,2,1.489435,0.530513,19.735451,0.916960,1709,2.904236,13.388
1709,0,1.524853,0.620787,19.805703,0.917135,1710,2.861328,13.430
1710,1,1.497097,0.524276,19.912789,0.916682,1711,2.875000,13.759
1711,0,1.370820,0.554807,19.842453,0.917315,1712,2.875000,48.432
1712,2,1.109562,0.611897,19.907434,0.917271,1713,2.857544,13.361
1713,2,1.398931,0.765343,19.640319,0.916967,1714,2.906128,13.438
1714,1,1.284447,0.599628,19.698147,0.917241,1715,2.863220,13.324
1715,1,1.436449,0.601144,19.752382,0.917546,1716,2.906128,13.361
1716,2,1.567512,0.503127,19.744528,0.917206,1717,2.904236,48.415
1717,1,1.154610,0.453491,19.905986,0.917345,1718,2.947144,13.326
1718,2,1.574307,0.510635,19.964667,0.917389,1719,2.902344,13.662
1719,3,1.325852,0.711189,19.947400,0.916880,1720,2.890564,13.693
1720,2,1.520502,0.632490,19.865035,0.916451,1721,2.947144,13.585
1721,1,1.637182,0.481152,19.802366,0.917304,1722,2.876892,48.939
1722,1,1.340689,0.561504,19.911985,0.916240,1723,2.906128,13.857
1723,1,1.742720,0.662028,19.928955,0.916411,1724,2.888672,13.666
1724,2,1.488197,0.565972,19.921025,0.916920,1725,2.919800,13.652
1725,1,1.794360,0.641809,19.590048,0.916117,1726,2.892456,13.672
1726,0,1.286214,0.462435,19.532975,0.916729,1727,2.875000,44.752
1727,1,1.429109,0.556247,19.665978,0.917334,1728,2.873108,13.631
1728,1,1.478991,0.654441,19.422447,0.916421,1729,2.890564,13.604
1729,3,1.555884,0.527378,19.446343,0.916545,1730,2.840088,13.681
1730,2,1.762616,0.521971,19.607856,0.917821,1731,2.892456,13.548
1731,1,1.814038,0.644485,19.563693,0.916355,1732,2.917908,46.637
1732,2,1.652381,0.590724,19.498581,0.916829,1733,2.812744,13.643
1733,0,1.675401,0.671436,19.596594,0.917641,1734,2.917908,13.756
1734,3,1.480985,0.555494,19.745086,0.916531,1735,2.917908,13.477
1735,1,1.599866,0.573821,19.597383,0.916695,1736,2.873108,13.641
1736,3,1.440018,0.564629,19.698806,0.917275,1737,2.931580,44.781
1737,0,1.627429,0.616750,19.581791,0.917990,1738,2.906128,13.495
1738,1,1.571580,0.572071,19.941289,0.917263,1739,2.876892,13.409
1739,1,1.370008,0.536332,20.112004,0.917045,1740,2.917908,13.479
1740,3,1.671554,0.585225,20.011807,0.917161,1741,2.904236,13.378
1741,0,1.050073,0.563974,19.986053,0.916754,1742,2.902344,44.543
1742,1,1.094983,0.604562,19.944211,0.917719,1743,2.904236,13.790
1743,3,1.646048,0.461609,19.819905,0.917210,1744,2.904236,13.407
1744,0,1.667207,0.494528,19.906279,0.917165,1745,2.904236,13.481
1745,3,1.424655,0.518397,20.233456,0.917328,1746,2.888672,13.437
1746,2,1.040903,0.483768,20.136084,0.917587,1747,2.906128,48.524
1747,3,1.415296,0.624341,19.951413,0.917483,1748,2.847656,13.436
1748,1,1.437217,0.515809,19.857099,0.917227,1749,2.890564,13.469
1749,3,1.400811,0.640166,19.564912,0.918146,1750,2.933472,13.327
1750,0,1.568116,0.507002,19.288408,0.916853,1751,2.857544,13.670
1751,0,1.560571,0.590823,19.421336,0.916834,1752,2.931580,48.474
1752,2,1.374588,0.628094,19.631656,0.916635,1753,2.888672,13.304
1753,3,1.714176,0.533636,19.680734,0.917672,1754,2.892456,13.552
1754,1,1.234055,0.580434,19.482942,0.917313,1755,2.906128,13.888
1755,3,1.362388,0.616691,19.477669,0.916756,1756,2.863220,46.285
1756,0,1.523605,0.548985,19.467153,0.917613,1757,2.919800,14.080
1757,2,1.577291,0.570393,19.502457,0.916775,1758,2.906128,13.363
1758,2,1.449148,0.475199,19.512356,0.917063,1759,2.890564,13.313
1759,2,1.387493,0.569905,19.535508,0.917281,1760,2.855652,13.836
1760,3,1.212174,0.604577,19.417391,0.917867,1761,2.892456,49.440
1761,2,1.466535,0.559178,19.298187,0.917284,1762,2.876892,14.332
1762,3,1.554014,0.697928,19.418460,0.917289,1763,2.869324,14.347
1763,0,1.244920,0.671561,19.614036,0.916844,1764,2.890564,14.017
1764,3,1.585795,0.592670,19.627656,0.917083,1765,2.863220,13.653
1765,1,1.518383,0.577287,19.714154,0.917516,1766,2.906128,44.452
1766,0,1.168176,0.703515,19.740755,0.916850,1767,2.816528,13.646
1767,2,1.641529,0.556144,19.452404,0.917245,1768,2.888672,13.412
1768,2,1.367194,0.528431,19.322936,0.916722,1769,2.888672,13.793
1769,2,1.628525,0.603503,19.398898,0.915628,1770,2.828308,13.464
1770,1,1.220828,0.711762,19.148935,0.916289,1771,2.863220,48.150
1771,1,1.548576,0.557998,19.066021,0.916781,1772,2.875000,13.793
1772,0,1.755848,0.603838,19.043427,0.917657,1773,2.906128,13.385
1773,1,1.438508,0.544927,19.314249,0.916852,1774,2.876892,13.424
1774,3,1.414316,0.682687,19.429184,0.916196,1775,2.904236,14.090
1775,2,1.302988,0.470016,19.407983,0.917304,1776,2.931580,44.953
1776,3,1.380701,0.660021,19.493538,0.917254,1777,2.863220,13.555
1777,1,1.787695,0.558583,19.356860,0.917080,1778,2.799072,13.388
1778,3,1.716277,0.493028,19.530533,0.917120,1779,2.888672,13.413
1779,3,1.506872,0.613857,19.476591,0.917668,1780,2.876892,13.558
1780,3,1.587900,0.727239,19.654132,0.917592,1781,2.843872,47.864
1781,1,1.510292,0.501878,19.726031,0.917481,1782,2.892456,13.604
1782,0,1.450702,0.424873,19.986863,0.916872,1783,2.847656,13.731
1783,1,1.604519,0.505737,20.023702,0.917117,1784,2.906128,13.650
1784,3,1.593348,0.639349,19.789132,0.916575,1785,2.906128,14.706
1785,1,1.174886,0.526038,19.864422,0.916571,1786,2.876892,47.637
1786,3,1.308053,0.748988,19.923965,0.917891,1787,2.906128,13.722
1787,1,1.766919,0.606669,20.060325,0.916824,1788,2.931580,13.627
1788,0,1.768356,0.617642,20.167903,0.917324,1789,2.785400,13.635
1789,2,1.619006,0.499662,20.169619,0.917057,1790,2.875000,46.567
1790,3,1.840911,0.608054,20.136135,0.916922,1791,2.904236,14.244
1791,1,1.357972,0.729803,19.892199,0.916988,1792,2.830200,13.805
1792,3,1.742474,0.557118,20.187439,0.917475,1793,2.906128,13.978
1793,1,1.789121,0.585054,20.183219,0.916198,1794,2.875000,13.637
1794,3,1.395902,0.520370,20.425796,0.916787,1795,2.812744,49.221
1795,0,1.569248,0.482173,20.259209,0.916843,1796,2.847656,13.654
1796,1,1.855118,0.565859,20.211671,0.917380,1797,2.890564,13.744
1797,0,1.470305,0.525900,20.203489,0.917827,1798,2.859436,13.667
1798,2,1.657519,0.598579,20.142578,0.918159,1799,2.812744,13.421
1799,3,1.625759,0.433154,20.167135,0.917457,1800,2.902344,48.403
1800,1,1.245451,0.584633,20.194525,0.917493,1801,2.890564,13.518
1801,1,1.695123,0.504097,20.143364,0.917103,1802,2.843872,13.422
1802,2,1.544825,0.570274,20.165370,0.916873,1803,2.878784,13.390
1803,3,1.762910,0.660452,20.219390,0.917525,1804,2.890564,13.354
1804,0,1.559418,0.593688,19.971063,0.916915,1805,2.890564,50.257
1805,3,1.429884,0.533442,19.663554,0.916552,1806,2.919800,14.910
1806,0,1.112321,0.456774,19.854581,0.916598,1807,2.904236,15.212
1807,1,1.509287,0.541663,19.590980,0.916920,1808,2.812744,13.984
1808,2,1.555346,0.458527,19.437445,0.917311,1809,2.863220,44.602
1809,3,1.067132,0.473514,19.475001,0.917962,1810,2.906128,13.438
1810,2,1.295765,0.649294,19.347803,0.916992,1811,2.863220,13.906
1811,3,1.362167,0.505557,19.383115,0.916730,1812,2.906128,13.928
1812,0,1.633256,0.690506,19.508388,0.916223,1813,2.859436,13.387
1813,3,1.237199,0.630248,19.256782,0.916613,1814,2.906128,48.422
1814,2,1.480489,0.565784,19.339117,0.917130,1815,2.785400,13.309
1815,1,1.702133,0.532139,19.274603,0.916888,1816,2.875000,13.748
1816,1,1.608028,0.547939,19.347081,0.917163,1817,2.890564,13.396
1817,0,1.255306,0.650827,19.425970,0.915943,1818,2.888672,13.311
1818,3,1.553035,0.592700,19.511605,0.916997,1819,2.826416,44.535
1819,3,1.400128,0.551516,19.621194,0.918082,1820,2.875000,13.473
1820,2,1.555732,0.613514,19.454584,0.917139,1821,2.876892,13.725
1821,2,1.362041,0.628209,19.471657,0.916769,1822,2.884888,13.647
1822,2,1.636273,0.531578,19.542429,0.917831,1823,2.906128,13.410
1823,3,1.172824,0.535176,19.848651,0.916776,1824,2.847656,48.627
1824,3,1.375217,0.527785,19.807850,0.917553,1825,2.919800,14.164
1825,1,1.336421,0.612780,19.709479,0.916177,1826,2.876892,14.063
1826,0,1.508910,0.470319,19.494970,0.917282,1827,2.890564,13.450
1827,2,1.494725,0.658258,19.350681,0.916872,1828,2.785400,13.988
1828,3,1.597313,0.601442,19.440627,0.916805,1829,2.888672,44.440
1829,2,1.346053,0.546894,19.406683,0.916044,1830,2.876892,35.996
1830,2,1.232723,0.563097,19.627225,0.917256,1831,2.875000,86.510
1831,2,1.564652,0.690305,19.705114,0.916443,1832,2.840088,24.064
1832,2,1.075455,0.643721,19.937955,0.916570,1833,2.875000,48.172
1833,0,1.269499,0.688856,20.019477,0.917175,1834,2.876892,27.460
1834,3,1.695608,0.608480,20.045617,0.917274,1835,2.884888,23.077
1835,0,1.944788,0.525589,20.008730,0.917694,1836,2.906128,58.003
1836,2,1.407501,0.675761,20.367513,0.917317,1837,2.847656,14.257
1837,3,1.439297,0.611645,20.352199,0.916519,1838,2.892456,14.146
1838,3,1.662141,0.491961,20.043320,0.917835,1839,2.890564,14.358
1839,3,1.665791,0.545557,20.181136,0.918255,1840,2.863220,49.069
1840,1,1.325829,0.661688,20.362525,0.915585,1841,2.919800,13.828
1841,2,1.690186,0.473183,20.312674,0.916721,1842,2.890564,13.655
1842,1,1.313109,0.623112,20.116871,0.917559,1843,2.875000,13.580
1843,3,1.546810,0.609900,20.014761,0.917872,1844,2.917908,13.974
1844,1,1.534515,0.329241,19.985696,0.917531,1845,2.876892,44.646
1845,1,1.546515,0.595421,20.066878,0.915814,1846,2.861328,14.250
1846,1,1.524302,0.578420,19.924134,0.916393,1847,2.916016,13.812
1847,3,1.616387,0.585897,19.895988,0.915981,1848,2.906128,13.779
1848,2,1.514707,0.591318,20.144159,0.918275,1849,2.847656,13.692
1849,0,1.517786,0.513570,20.049695,0.917414,1850,2.906128,45.066
1850,2,1.545285,0.588703,19.862873,0.917780,1851,2.816528,13.999
1851,3,1.354153,0.526060,19.924202,0.916718,1852,2.888672,13.987
1852,2,1.468729,0.650201,19.839288,0.917753,1853,2.888672,13.763
1853,1,1.283652,0.500240,19.837284,0.917740,1854,2.812744,13.700
1854,2,1.488999,0.586665,19.670784,0.917254,1855,2.863220,44.755
1855,2,1.198349,0.641211,19.454112,0.916556,1856,2.859436,13.692
1856,0,1.355991,0.568326,19.287863,0.916863,1857,2.906128,13.658
1857,3,1.624623,0.514171,19.251338,0.916631,1858,2.892456,13.738
1858,1,1.333765,0.528094,19.056610,0.917366,1859,2.888672,13.670
1859,3,1.710817,0.452004,19.219610,0.918030,1860,2.869324,50.694
1860,1,1.291794,0.530517,18.954756,0.917351,1861,2.863220,14.111
1861,3,1.071532,0.713856,18.848529,0.916532,1862,2.876892,13.998
1862,1,1.268950,0.465442,18.873541,0.917285,1863,2.888672,13.596
1863,1,1.728054,0.585860,18.965093,0.916099,1864,2.892456,13.472
1864,1,1.437448,0.499709,18.670047,0.916931,1865,2.906128,47.536
1865,0,1.329435,0.563893,18.493104,0.916696,1866,2.845764,13.505
1866,0,1.571863,0.523436,18.570269,0.917008,1867,2.863220,13.422
1867,1,1.769569,0.484364,18.523024,0.917777,1868,2.812744,13.487
1868,3,1.343353,0.589458,18.570665,0.917681,1869,2.875000,48.501
1869,1,1.342413,0.515314,18.545875,0.917584,1870,2.933472,15.458
1870,1,1.626254,0.502097,18.664383,0.916741,1871,2.906128,17.832
1871,0,1.819732,0.648217,19.066107,0.916977,1872,2.917908,13.987
1872,3,1.748028,0.534489,18.965240,0.916138,1873,2.904236,13.543
1873,2,1.354291,0.424153,18.875151,0.917623,1874,2.906128,44.678
1874,2,1.487124,0.564006,18.999094,0.917599,1875,2.890564,13.503
1875,2,1.269378,0.558038,19.099666,0.917760,1876,2.847656,13.393
1876,2,1.485858,0.581893,19.041630,0.916900,1877,2.859436,13.399
1877,1,1.602046,0.650973,19.149225,0.917623,1878,2.921692,13.398
1878,2,1.678817,0.554098,19.202871,0.917230,1879,2.890564,47.113
1879,2,1.458382,0.534714,19.108464,0.916586,1880,2.863220,13.495
1880,3,1.279778,0.578682,19.068651,0.917159,1881,2.919800,13.446
1881,3,1.587504,0.629271,18.885020,0.917113,1882,2.906128,13.780
1882,2,1.473147,0.519933,19.095969,0.916826,1883,2.845764,13.800
1883,1,1.325019,0.567619,18.769720,0.917118,1884,2.906128,48.648
1884,3,1.717014,0.638063,18.962863,0.916480,1885,2.855652,16.895
1885,3,1.511623,0.726822,18.986683,0.917381,1886,2.890564,13.443
1886,2,1.581700,0.691189,19.009803,0.915716,1887,2.847656,13.395
1887,2,1.508637,0.635695,18.803280,0.917701,1888,2.919800,48.473
1888,0,1.511670,0.663766,18.871957,0.916485,1889,2.906128,13.516
1889,0,1.513570,0.478541,18.886189,0.917384,1890,2.890564,13.415
1890,3,1.636063,0.613480,18.989293,0.917580,1891,2.919800,13.471
1891,0,1.391623,0.569072,18.907641,0.917550,1892,2.906128,13.426
1892,2,1.575593,0.523357,19.159695,0.917800,1893,2.876892,49.048
1893,0,1.593863,0.609049,19.290369,0.917198,1894,2.843872,13.568
1894,0,1.599858,0.522373,19.197598,0.916764,1895,2.906128,13.496
1895,3,1.590571,0.571807,19.170104,0.917212,1896,2.904236,13.511
1896,0,1.660848,0.581788,19.085079,0.917195,1897,2.873108,13.424
1897,2,1.757754,0.498643,19.265678,0.917216,1898,2.921692,46.584
1898,1,1.439764,0.514799,19.113637,0.916274,1899,2.863220,13.479
1899,1,1.613862,0.587006,19.086741,0.917257,1900,2.890564,13.425
1900,0,1.273715,0.834850,19.100353,0.917169,1901,2.906128,13.609
1901,2,1.426591,0.631703,18.998568,0.916955,1902,2.873108,13.458
1902,1,1.454997,0.589821,18.866775,0.916526,1903,2.919800,51.005
1903,3,1.483271,0.576590,18.753599,0.918159,1904,2.890564,13.443
1904,3,1.395622,0.630304,18.867693,0.916940,1905,2.799072,13.434
1905,0,1.257390,0.455408,19.046831,0.917392,1906,2.931580,13.485
1906,3,1.465723,0.655201,18.964687,0.915913,1907,2.890564,13.370
1907,3,1.446041,0.581295,18.785955,0.917238,1908,2.863220,46.198
1908,0,1.732853,0.609085,18.675704,0.917512,1909,2.888672,13.676
1909,3,1.400085,0.657781,18.676094,0.917580,1910,2.876892,14.380
1910,2,1.358713,0.460954,18.717266,0.917258,1911,2.890564,13.638
1911,3,1.764047,0.598969,18.815579,0.916979,1912,2.863220,46.555
1912,0,1.255610,0.586782,18.476788,0.916636,1913,2.841980,16.295
1913,3,1.771830,0.491348,18.699400,0.917168,1914,2.892456,14.035
1914,1,1.196591,0.482375,18.822052,0.916819,1915,2.890564,13.761
1915,2,1.237880,0.580681,18.912755,0.917083,1916,2.902344,13.733
1916,2,1.562386,0.622266,18.852805,0.917273,1917,2.890564,44.844
1917,3,1.411788,0.618812,18.837965,0.917630,1918,2.876892,13.663
1918,2,1.242022,0.657723,18.857756,0.917603,1919,2.947144,13.809
1919,0,1.856609,0.616572,19.277149,0.916937,1920,2.890564,13.822
1920,3,1.462891,0.533303,19.240289,0.916529,1921,2.785400,13.744
1921,1,1.606700,0.694636,19.331158,0.916729,1922,2.876892,44.793
1922,2,1.465362,0.606548,19.350976,0.917358,1923,2.890564,13.702
1923,2,1.470256,0.523866,19.420213,0.917203,1924,2.847656,13.931
1924,1,1.370220,0.515247,19.347913,0.917759,1925,2.935364,13.774
1925,1,1.445854,0.516042,19.275880,0.917936,1926,2.906128,13.850
1926,2,1.242845,0.614824,19.489846,0.917020,1927,2.890564,46.309
1927,0,1.566436,0.745308,19.429601,0.917447,1928,2.933472,13.527
1928,1,1.586246,0.540295,19.434266,0.916915,1929,2.845764,13.839
1929,2,1.748790,0.594552,19.457024,0.916971,1930,2.845764,13.745
1930,1,1.420976,0.711358,19.685535,0.916895,1931,2.931580,13.629
1931,1,1.319434,0.594265,19.820818,0.916656,1932,2.812744,48.701
1932,3,1.667505,0.654141,19.859474,0.916059,1933,2.832092,13.640
1933,3,1.422892,0.534990,19.923067,0.916229,1934,2.906128,13.562
1934,2,1.401322,0.631485,19.942366,0.917212,1935,2.863220,13.961
1935,3,1.256467,0.679523,20.023404,0.917569,1936,2.826416,13.573
1936,0,1.438510,0.554826,19.964538,0.917765,1937,2.904236,48.031
1937,1,1.489911,0.586218,19.793017,0.917565,1938,2.890564,13.477
1938,1,1.167527,0.708824,19.823833,0.916047,1939,2.863220,13.440
1939,2,1.804987,0.542911,19.667666,0.916723,1940,2.875000,13.679
1940,3,1.310390,0.549627,19.781842,0.916988,1941,2.890564,46.411
1941,3,1.775955,0.607683,19.956522,0.917677,1942,2.861328,13.488
1942,3,1.654492,0.492232,19.891173,0.918158,1943,2.904236,13.589
1943,0,1.768718,0.613066,20.035601,0.917071,1944,2.947144,13.513
1944,0,1.549625,0.602845,20.184020,0.916784,1945,2.878784,13.688
1945,2,1.331904,0.569404,20.043505,0.916044,1946,2.892456,44.763
1946,0,1.398030,0.626959,19.879772,0.916976,1947,2.904236,13.684
1947,3,1.827273,0.617614,20.056824,0.916694,1948,2.876892,13.582
1948,3,1.521531,0.702351,19.699754,0.917167,1949,2.906128,13.520
1949,1,1.414123,0.481673,19.633681,0.917833,1950,2.814636,13.553
1950,2,1.426986,0.496565,19.832394,0.917700,1951,2.863220,13.495
1951,1,1.054762,0.557261,19.656089,0.916096,1952,2.890564,46.299
1952,3,1.462700,0.655422,19.658807,0.915679,1953,2.890564,16.295
1953,0,1.563835,0.551615,19.699252,0.916452,1954,2.876892,13.496
1954,3,1.552058,0.599918,19.809497,0.916612,1955,2.890564,13.912
1955,1,1.735717,0.541976,19.600694,0.917818,1956,2.931580,47.417
1956,0,1.507024,0.708466,19.574408,0.916448,1957,2.863220,13.523
1957,0,1.360680,0.589299,19.590681,0.917336,1958,2.812744,13.646
1958,1,1.650903,0.571735,19.367390,0.917415,1959,2.888672,13.567
1959,3,1.204364,0.564946,19.360945,0.918042,1960,2.892456,13.611
1960,0,1.490983,0.554329,19.658365,0.917300,1961,2.812744,44.657
1961,3,1.535643,0.663036,19.420462,0.917331,1962,2.812744,13.729
1962,3,1.486418,0.648135,19.520761,0.916666,1963,2.906128,13.578
1963,0,1.418515,0.605945,19.511699,0.915685,1964,2.832092,13.504
1964,3,1.533987,0.655721,19.438912,0.917150,1965,2.812744,13.478
1965,2,1.463987,0.596504,19.255254,0.916827,1966,2.890564,50.022
1966,1,1.516799,0.560197,19.116604,0.917257,1967,2.875000,13.692
1967,3,1.431896,0.491988,19.136310,0.917507,1968,2.917908,13.561
1968,1,1.403197,0.609952,19.177546,0.917178,1969,2.890564,13.503
1969,2,1.629006,0.597908,19.360895,0.916942,1970,2.828308,13.486
1970,2,1.682369,0.615462,19.402974,0.917323,1971,2.863220,46.224
1971,1,1.386159,0.684040,19.348307,0.916770,1972,2.890564,14.001
1972,2,1.464784,0.507195,19.321341,0.917467,1973,2.890564,13.565
1973,1,1.836949,0.649246,19.274896,0.916526,1974,2.919800,13.742
1974,2,1.753133,0.636661,19.377074,0.916073,1975,2.873108,13.735
1975,2,1.808133,0.609221,19.300920,0.917427,1976,2.890564,49.562
1976,0,1.541980,0.542775,19.207562,0.917792,1977,2.876892,15.332
1977,3,1.514223,0.532898,19.220125,0.917692,1978,2.906128,14.376
1978,2,1.362974,0.611874,19.021095,0.916829,1979,2.843872,14.409
1979,1,1.539751,0.515591,18.949612,0.917069,1980,2.888672,45.385
1980,1,1.518555,0.576072,19.192620,0.916592,1981,2.904236,16.230
1981,3,1.561485,0.639610,19.303720,0.916641,1982,2.890564,13.826
1982,1,1.531967,0.578564,19.102686,0.917829,1983,2.878784,13.800
1983,2,1.618364,0.555206,19.084486,0.916827,1984,2.906128,13.807
1984,2,1.736080,0.612850,19.233840,0.917827,1985,2.921692,46.656
1985,3,1.340275,0.666508,19.388520,0.916818,1986,2.904236,14.154
1986,3,1.129672,0.624622,19.358695,0.916947,1987,2.888672,13.937
1987,2,1.693577,0.554616,19.616615,0.918034,1988,2.890564,13.751
1988,0,1.410366,0.503605,19.548398,0.917237,1989,2.876892,13.872
1989,1,1.622625,0.570380,19.523193,0.917033,1990,2.931580,44.696
1990,0,1.949782,0.558703,19.619994,0.917920,1991,2.875000,13.488
1991,0,1.463799,0.517827,19.687235,0.917377,1992,2.863220,13.593
1992,1,1.623534,0.439748,19.436732,0.917353,1993,2.919800,13.519
1993,0,1.371194,0.657352,19.406892,0.917362,1994,2.876892,13.537
1994,1,1.388991,0.495453,19.250350,0.917438,1995,2.906128,48.675
1995,0,1.517210,0.469932,19.202998,0.917023,1996,2.847656,15.978
1996,2,1.589002,0.563023,19.310829,0.917770,1997,2.904236,13.710
1997,3,1.692117,0.528610,19.454307,0.917261,1998,2.861328,13.491
1998,1,1.628777,0.546737,19.521733,0.916789,1999,2.875000,48.670
1999,0,1.660880,0.479530,19.279974,0.916840,2000,2.902344,13.428
