step,modality,h_phys_norm,h_text_norm,h_fused_norm,pred_error,W_pt_norm,W_tp_norm,belief_norm,free_energy
0,physics,0.698231,0.277579,0.305348,0.007443,8.029738,8.044676,0.079966,0.001359
1,text,0.817608,0.277579,0.402981,0.012103,8.026001,8.041058,0.086553,0.002133
2,physics,0.771868,0.277935,0.395051,0.012298,8.023235,8.038684,0.080917,0.002338
3,text,0.908314,0.246406,0.509372,0.013146,8.020005,8.034718,0.091574,0.003418
4,text,0.755217,0.252998,0.423225,0.009825,8.016269,8.031000,0.100854,0.002236
5,physics,0.856881,0.263089,0.433617,0.013144,8.012532,8.031085,0.096506,0.002716
6,physics,0.860837,0.277935,0.456730,0.011471,8.008700,8.029777,0.092280,0.003084
7,text,0.740967,0.252998,0.416130,0.009250,8.004131,8.028284,0.095244,0.002371
8,text,0.841302,0.277579,0.455762,0.011876,8.002018,8.027702,0.098276,0.002852
9,physics,0.729992,0.252998,0.370084,0.010996,7.997462,8.027416,0.098948,0.001879
10,text,0.740967,0.252998,0.411805,0.009248,7.993536,8.026998,0.107260,0.002141
11,physics,0.929629,0.263089,0.480663,0.016085,7.992214,8.028008,0.115879,0.002940
12,text,0.806274,0.288705,0.401954,0.011016,7.987272,8.027396,0.114262,0.002210
13,text,0.740947,0.259508,0.449496,0.011001,7.982804,8.025694,0.114451,0.002766
14,text,0.839388,0.263089,0.467381,0.011497,7.980554,8.026803,0.117547,0.002912
15,text,0.824438,0.252998,0.458708,0.011027,7.977391,8.026452,0.120867,0.002773
16,physics,0.852582,0.259508,0.464834,0.014346,7.972913,8.026847,0.125580,0.002793
17,physics,0.747022,0.277579,0.387588,0.011594,7.969879,8.027466,0.129578,0.001822
18,physics,0.767060,0.288705,0.397917,0.008700,7.965727,8.027122,0.129114,0.002020
19,text,0.839418,0.277935,0.448185,0.011865,7.961999,8.028840,0.126194,0.002761
20,text,0.845905,0.246406,0.461801,0.012362,7.955642,8.029579,0.124537,0.002903
21,physics,0.836351,0.246406,0.413361,0.010167,7.952156,8.030327,0.118318,0.002490
22,physics,0.707375,0.263089,0.379273,0.008960,7.946876,8.031925,0.120340,0.001893
23,physics,0.724780,0.277579,0.406669,0.005974,7.943105,8.032955,0.124590,0.002105
24,physics,0.890974,0.277579,0.474304,0.011298,7.942261,8.033610,0.126800,0.003005
25,physics,0.715066,0.277935,0.397499,0.007913,7.939351,8.038316,0.129541,0.001979
26,physics,0.817876,0.252998,0.462955,0.011555,7.936005,8.041999,0.132222,0.002793
27,text,0.871866,0.277935,0.475071,0.012495,7.932646,8.045427,0.131315,0.003056
28,physics,0.899645,0.277579,0.486811,0.013427,7.930903,8.047835,0.135383,0.003056
29,text,0.799569,0.277579,0.434031,0.009881,7.928188,8.050933,0.132660,0.002641
30,physics,0.647588,0.263089,0.335965,0.009233,7.925170,8.055471,0.130647,0.001515
31,physics,0.860864,0.263089,0.415332,0.016571,7.920908,8.059183,0.125106,0.002504
32,physics,0.696032,0.252998,0.355568,0.008898,7.918287,8.063846,0.127785,0.001557
33,physics,0.767299,0.277935,0.414733,0.010848,7.913869,8.070368,0.133676,0.002088
34,text,0.860864,0.263089,0.406996,0.012963,7.910611,8.075248,0.134621,0.002146
35,text,0.959734,0.277935,0.500748,0.015126,7.907712,8.080903,0.136241,0.003351
36,text,0.790804,0.288705,0.403528,0.011360,7.905325,8.086551,0.137443,0.002125
37,physics,0.822963,0.252998,0.407971,0.016393,7.901804,8.092867,0.136122,0.002216
38,physics,0.796663,0.277579,0.394501,0.010886,7.900003,8.101276,0.132534,0.002175
39,physics,0.795278,0.263534,0.432300,0.010780,7.896641,8.106330,0.129560,0.002694
40,physics,0.757776,0.252998,0.431563,0.009151,7.893932,8.111156,0.141100,0.002094
41,text,0.826924,0.277935,0.437743,0.012664,7.892198,8.120171,0.135271,0.002835
42,text,0.895529,0.288705,0.469307,0.012951,7.888505,8.125933,0.136296,0.002978
43,text,0.817478,0.277579,0.430723,0.011783,7.884845,8.132810,0.130832,0.002734
44,physics,0.763705,0.288705,0.441918,0.010337,7.882179,8.137473,0.133121,0.002608
45,physics,0.857674,0.263089,0.433421,0.010393,7.879158,8.140963,0.133244,0.002529
46,physics,0.847493,0.263089,0.444418,0.012302,7.878084,8.147397,0.137616,0.002526
47,physics,0.863558,0.263089,0.437390,0.011356,7.873758,8.154957,0.136955,0.002609
48,physics,0.874652,0.277579,0.480583,0.011217,7.870383,8.162772,0.141018,0.003005
49,physics,0.816340,0.277579,0.425128,0.010552,7.867914,8.171560,0.144974,0.002278
50,physics,0.861568,0.288705,0.472073,0.010969,7.867491,8.180458,0.152852,0.002717
51,text,0.745281,0.263534,0.404235,0.010906,7.864873,8.187343,0.146000,0.002421
52,text,0.901345,0.252998,0.454864,0.012555,7.861575,8.194223,0.145254,0.002821
53,text,0.764751,0.263089,0.376356,0.009987,7.859281,8.204254,0.144678,0.001877
54,text,0.892634,0.252998,0.436617,0.014302,7.855136,8.213796,0.147448,0.002445
55,physics,0.871996,0.263089,0.430420,0.010613,7.850060,8.222959,0.145811,0.002512
56,physics,0.876084,0.277579,0.493164,0.008820,7.848636,8.231507,0.149952,0.003190
57,text,0.678226,0.277579,0.356615,0.008698,7.846938,8.242592,0.144740,0.001842
58,physics,0.687409,0.263089,0.351875,0.007610,7.842179,8.255395,0.143153,0.001652
59,text,0.787904,0.277935,0.427205,0.010592,7.837453,8.267445,0.146972,0.002334
60,text,0.866922,0.263089,0.441017,0.013556,7.834796,8.279848,0.149049,0.002524
61,physics,0.758697,0.277935,0.413442,0.008843,7.835110,8.293125,0.156704,0.001902
62,physics,0.775721,0.252998,0.400380,0.014287,7.831145,8.300916,0.158848,0.001930
63,text,0.721937,0.277579,0.403761,0.009814,7.827412,8.313399,0.156908,0.002188
64,physics,0.864343,0.250363,0.485241,0.013388,7.822631,8.321810,0.154857,0.003231
65,physics,0.752197,0.252998,0.387535,0.007744,7.821421,8.331631,0.148060,0.002220
66,text,0.857271,0.277935,0.451147,0.011762,7.819442,8.342574,0.150010,0.002690
67,text,0.824856,0.263089,0.421009,0.010314,7.818453,8.352892,0.155010,0.002172
68,text,0.852570,0.277935,0.436456,0.013167,7.817117,8.369351,0.156217,0.002413
69,text,1.009102,0.263089,0.469609,0.015170,7.814104,8.379748,0.160845,0.002734
70,physics,0.771352,0.252998,0.357085,0.011665,7.811442,8.390113,0.158680,0.001665
71,physics,0.843417,0.263089,0.438431,0.010855,7.809452,8.401800,0.159762,0.002470
72,text,0.895529,0.288705,0.459256,0.012925,7.806930,8.412884,0.159995,0.002811
73,physics,0.834866,0.246406,0.421744,0.011709,7.802911,8.422564,0.151219,0.002685
74,physics,0.841992,0.252998,0.441242,0.010969,7.801804,8.438435,0.152594,0.002510
75,text,0.671538,0.263089,0.338170,0.007843,7.798415,8.450818,0.152979,0.001428
76,text,0.799642,0.263089,0.465799,0.010068,7.796046,8.460778,0.157563,0.002628
77,text,0.827835,0.263089,0.415808,0.010227,7.793262,8.467965,0.152198,0.002494
78,physics,0.811682,0.277935,0.375627,0.011778,7.792585,8.481880,0.144862,0.002141
79,text,0.865926,0.252998,0.478281,0.013957,7.789626,8.501211,0.150415,0.002899
80,text,0.747268,0.277935,0.385390,0.008672,7.786412,8.514047,0.153353,0.001800
81,physics,0.790356,0.277579,0.402378,0.010986,7.783066,8.524254,0.156734,0.001952
82,physics,0.771680,0.246406,0.373377,0.011652,7.779856,8.531239,0.155734,0.001829
83,physics,0.818489,0.246406,0.420762,0.012947,7.778033,8.540748,0.159107,0.002175
84,physics,0.882100,0.263089,0.466175,0.012672,7.776869,8.556941,0.158258,0.002957
85,physics,0.894566,0.288705,0.477875,0.011008,7.772898,8.570166,0.163992,0.002787
86,physics,0.829946,0.263089,0.397982,0.015297,7.771829,8.585819,0.156770,0.002356
87,text,0.798710,0.263089,0.371947,0.010437,7.768250,8.601116,0.153783,0.001864
88,physics,0.717236,0.277579,0.365101,0.006267,7.765212,8.614280,0.153203,0.001726
89,text,0.705163,0.277579,0.352864,0.008945,7.764888,8.630651,0.150508,0.001680
90,text,0.788522,0.277579,0.416734,0.010686,7.760973,8.644795,0.150453,0.002338
91,physics,0.678226,0.277579,0.345898,0.008891,7.760703,8.662480,0.151798,0.001500
92,physics,0.759335,0.263534,0.369396,0.011166,7.758520,8.672041,0.147116,0.001995
93,physics,0.776026,0.252998,0.410349,0.011774,7.757698,8.686285,0.144783,0.002402
94,text,0.762986,0.288705,0.385342,0.009199,7.753364,8.698564,0.148027,0.001852
95,text,0.808748,0.277935,0.388979,0.011263,7.753412,8.716760,0.151089,0.001889
96,physics,0.708869,0.252998,0.355373,0.006964,7.748592,8.734140,0.148314,0.001751
97,physics,0.824792,0.277579,0.469681,0.008295,7.746121,8.749180,0.150667,0.002866
98,physics,0.739023,0.263089,0.372824,0.010915,7.743001,8.773230,0.149318,0.001869
99,physics,0.727037,0.277579,0.379242,0.006280,7.740402,8.791583,0.148009,0.001928
100,text,0.891154,0.263089,0.483672,0.013054,7.686709,9.390641,0.151702,0.003048
101,physics,0.726462,0.259508,0.354146,0.007011,7.684119,9.403458,0.153317,0.001483
102,physics,0.767144,0.277579,0.366454,0.010106,7.681446,9.424495,0.152386,0.001732
103,text,0.776670,0.277579,0.367607,0.011280,7.676821,9.446654,0.148758,0.001910
104,text,0.765854,0.277935,0.377483,0.008821,7.675430,9.463267,0.149507,0.001838
105,text,0.745281,0.263534,0.408036,0.010695,7.674665,9.484840,0.146164,0.002393
106,physics,0.875949,0.277579,0.439202,0.011614,7.674369,9.509979,0.149473,0.002424
107,text,0.842719,0.252998,0.454820,0.012898,7.672475,9.537190,0.151028,0.002743
108,physics,0.877427,0.259508,0.516896,0.008477,7.669206,9.559402,0.159952,0.003230
109,text,0.792108,0.252998,0.395351,0.010177,7.669114,9.579583,0.160371,0.001929
110,text,0.799642,0.263089,0.457287,0.010142,7.668586,9.596600,0.163745,0.002525
111,text,0.821536,0.277579,0.420559,0.010476,7.668666,9.614384,0.163573,0.002232
112,text,0.693825,0.252998,0.389058,0.008245,7.666783,9.636646,0.162702,0.001954
113,physics,0.826121,0.263534,0.418546,0.009676,7.663821,9.657309,0.162561,0.002238
114,physics,0.782021,0.252998,0.436497,0.008957,7.662093,9.683125,0.165725,0.002356
115,text,0.777493,0.252998,0.394871,0.009632,7.662040,9.703326,0.166687,0.001981
116,physics,0.849057,0.277579,0.439672,0.012460,7.659514,9.726875,0.168716,0.002436
117,physics,0.690735,0.277935,0.396899,0.009065,7.658921,9.759132,0.165286,0.002178
118,text,0.796504,0.277579,0.423767,0.011849,7.655616,9.782627,0.166186,0.002323
119,text,0.719219,0.252998,0.417288,0.008474,7.655851,9.806756,0.170822,0.002069
120,text,0.816863,0.277579,0.415676,0.010751,7.656379,9.828067,0.173745,0.002087
121,text,0.860010,0.252998,0.455865,0.012908,7.657642,9.853074,0.173620,0.002647
122,text,0.763369,0.288705,0.354268,0.010895,7.654260,9.877310,0.167834,0.001781
123,text,0.758092,0.277935,0.399580,0.008915,7.651802,9.896467,0.171007,0.001874
124,physics,0.707095,0.252998,0.361276,0.006585,7.649487,9.923420,0.170612,0.001596
125,text,0.738585,0.252998,0.432013,0.009197,7.647573,9.950378,0.177831,0.001961
126,text,0.901346,0.263089,0.405359,0.012456,7.647445,9.971302,0.177576,0.002009
127,physics,0.913261,0.250363,0.518650,0.014743,7.644092,9.987454,0.173534,0.003748
128,text,0.894743,0.277579,0.497869,0.015004,7.641882,10.015909,0.181804,0.002861
129,physics,0.889189,0.263089,0.498886,0.011594,7.638146,10.041648,0.184853,0.003069
130,text,0.744141,0.259508,0.417627,0.010882,7.639432,10.069119,0.179305,0.002418
131,text,0.839823,0.263089,0.417639,0.011302,7.639413,10.091942,0.177687,0.002222
132,physics,0.762615,0.277579,0.416625,0.009729,7.636415,10.108784,0.178888,0.002174
133,text,0.812656,0.252998,0.353207,0.011354,7.632404,10.134343,0.175624,0.001667
134,text,0.786558,0.288705,0.438453,0.011079,7.631068,10.159455,0.175829,0.002416
135,physics,0.827871,0.263089,0.427674,0.008606,7.630466,10.180346,0.181942,0.001995
136,physics,0.794898,0.252998,0.447543,0.007224,7.628126,10.208451,0.185092,0.002365
137,physics,0.836395,0.277579,0.438465,0.014560,7.629410,10.228527,0.182820,0.002518
138,physics,0.811929,0.288705,0.431886,0.007330,7.628023,10.243759,0.181317,0.002426
139,text,0.852582,0.259508,0.486593,0.012291,7.626856,10.266778,0.179545,0.003179
140,text,0.717662,0.277579,0.393852,0.008432,7.627758,10.288868,0.176237,0.002068
141,physics,0.909229,0.277579,0.498686,0.012305,7.625079,10.314162,0.175336,0.003330
142,text,0.850795,0.288705,0.421318,0.013191,7.624822,10.339247,0.178221,0.002116
143,text,0.797966,0.250363,0.410818,0.012213,7.621640,10.362931,0.175964,0.002264
144,physics,0.802248,0.252998,0.420914,0.008161,7.621913,10.385971,0.177344,0.002197
145,text,0.915708,0.288705,0.449494,0.014586,7.624096,10.411221,0.175000,0.002730
146,physics,0.740990,0.246406,0.370746,0.008236,7.624853,10.425812,0.170178,0.001953
147,physics,0.713684,0.250363,0.379849,0.007759,7.621409,10.444150,0.169273,0.001861
148,text,0.721554,0.277935,0.412268,0.010017,7.619595,10.470549,0.171808,0.002105
149,physics,0.842623,0.277935,0.448102,0.010144,7.618451,10.493603,0.171791,0.002640
150,physics,0.778871,0.263089,0.406336,0.008598,7.617549,10.511890,0.176063,0.001914
151,text,0.799857,0.252998,0.406446,0.010157,7.619479,10.535697,0.177574,0.002024
152,physics,1.052490,0.277579,0.616888,0.017404,7.618775,10.562978,0.185239,0.004772
153,physics,0.754642,0.252998,0.378953,0.008343,7.619258,10.593902,0.183900,0.001804
154,text,0.646767,0.277579,0.339567,0.008760,7.619294,10.625680,0.178224,0.001593
155,text,0.843596,0.250363,0.426131,0.011357,7.617162,10.640390,0.178926,0.002301
156,text,0.918763,0.252998,0.483607,0.014028,7.616733,10.665583,0.174619,0.003304
157,physics,0.831861,0.252998,0.453508,0.009749,7.615346,10.694506,0.177098,0.002599
158,physics,0.860066,0.277579,0.497836,0.011359,7.613097,10.717286,0.176361,0.003372
159,physics,0.882595,0.277579,0.438853,0.012762,7.613326,10.747302,0.175090,0.002553
160,text,0.689851,0.288705,0.346052,0.008906,7.609909,10.773695,0.172787,0.001521
161,physics,0.806998,0.277579,0.427371,0.007920,7.608689,10.797831,0.171449,0.002435
162,text,0.876084,0.277579,0.494024,0.011291,7.610137,10.819778,0.172405,0.003282
163,text,0.962998,0.252998,0.508809,0.017481,7.606605,10.856271,0.167746,0.003734
164,physics,0.855349,0.277579,0.436954,0.012659,7.604626,10.882613,0.173960,0.002221
165,physics,0.785309,0.246406,0.421535,0.010686,7.604857,10.900374,0.172526,0.002356
166,text,0.818483,0.263089,0.393572,0.011037,7.603583,10.926194,0.173046,0.001926
167,text,0.864557,0.277579,0.496798,0.013520,7.599768,10.948243,0.174804,0.003228
168,physics,0.769983,0.252998,0.418680,0.010343,7.598274,10.970020,0.175695,0.002177
169,physics,0.800069,0.252998,0.438325,0.011501,7.597729,10.991409,0.174542,0.002551
170,text,0.740271,0.277579,0.392766,0.010107,7.597184,11.017759,0.176731,0.001829
171,physics,0.743122,0.252998,0.413139,0.009404,7.598003,11.049474,0.179325,0.002044
172,text,0.789239,0.253229,0.420885,0.011950,7.597859,11.081152,0.176497,0.002410
173,physics,0.788636,0.263534,0.428170,0.010420,7.596665,11.108210,0.169883,0.002698
174,physics,0.809874,0.246406,0.377488,0.013682,7.598302,11.131833,0.164974,0.002032
175,physics,0.862334,0.277579,0.505022,0.010884,7.596494,11.164072,0.163100,0.003552
176,physics,0.914631,0.250363,0.489693,0.013753,7.593933,11.189149,0.165016,0.003153
177,physics,0.761416,0.263089,0.382349,0.010059,7.594429,11.207968,0.162363,0.002002
178,physics,0.740759,0.288705,0.384538,0.007714,7.594660,11.228571,0.159794,0.002031
179,physics,0.849138,0.288705,0.459001,0.010471,7.596160,11.250659,0.159745,0.002874
180,physics,0.709852,0.277579,0.350455,0.009583,7.594851,11.270644,0.161038,0.001485
181,physics,0.752706,0.263089,0.376181,0.007505,7.592633,11.291809,0.159726,0.001870
182,text,0.819823,0.263089,0.399034,0.012189,7.591901,11.323463,0.162036,0.001954
183,physics,0.647818,0.252998,0.321365,0.006483,7.591188,11.345931,0.159068,0.001346
184,text,0.786057,0.277579,0.453242,0.013244,7.588427,11.382506,0.157519,0.002806
185,text,0.759724,0.259508,0.428014,0.011056,7.584899,11.411398,0.157438,0.002411
186,physics,0.810115,0.263089,0.352276,0.011221,7.583249,11.435820,0.154999,0.001636
187,physics,0.792371,0.288705,0.434136,0.010428,7.585154,11.467702,0.155830,0.002459
188,physics,0.832304,0.246406,0.425671,0.007920,7.583196,11.492871,0.155217,0.002406
189,text,0.835278,0.263089,0.459636,0.010940,7.582408,11.516434,0.159142,0.002641
190,physics,0.897745,0.277579,0.491048,0.013188,7.582041,11.537341,0.161314,0.003120
191,physics,0.958770,0.252998,0.521386,0.011199,7.579772,11.565698,0.164517,0.003594
192,physics,0.834644,0.263089,0.453504,0.010809,7.578489,11.596447,0.168152,0.002563
193,text,0.789119,0.288705,0.453365,0.012113,7.578800,11.624791,0.167479,0.002784
194,text,0.756110,0.277935,0.415760,0.010936,7.576003,11.657803,0.169750,0.002089
195,physics,0.820556,0.263089,0.426333,0.011242,7.576361,11.690774,0.164207,0.002622
196,text,0.797137,0.288705,0.474381,0.012646,7.577083,11.728153,0.170922,0.002717
197,text,0.935139,0.288705,0.500731,0.015586,7.579892,11.759425,0.175169,0.003139
198,text,0.823186,0.277579,0.454076,0.013802,7.580104,11.791836,0.178088,0.002472
199,text,0.709871,0.246406,0.363249,0.009753,7.578993,11.816133,0.167007,0.002094
200,physics,0.740481,0.277579,0.453836,0.007620,7.589681,12.832765,0.166402,0.002754
201,text,0.800877,0.277579,0.433573,0.013408,7.590563,12.868395,0.165389,0.002489
202,text,0.681088,0.277935,0.417815,0.009016,7.589530,12.900396,0.164295,0.002353
203,physics,0.856158,0.288705,0.472194,0.013607,7.588297,12.923234,0.162020,0.003066
204,text,0.877644,0.277579,0.487563,0.017003,7.585281,12.960806,0.160376,0.003260
205,physics,0.843772,0.263089,0.436745,0.011415,7.584960,12.990485,0.160845,0.002501
206,physics,0.740727,0.277935,0.456673,0.010114,7.586602,13.018383,0.166094,0.002536
207,physics,0.759351,0.277935,0.427865,0.010989,7.587322,13.054842,0.163921,0.002447
208,physics,0.801491,0.252998,0.444847,0.012134,7.588022,13.091347,0.157099,0.002981
209,physics,0.837014,0.277579,0.471185,0.012112,7.588296,13.128921,0.154889,0.003020
210,physics,0.757599,0.252998,0.457992,0.009697,7.589569,13.165288,0.159280,0.002640
211,text,0.901957,0.246406,0.521886,0.017144,7.591704,13.194316,0.163279,0.003502
212,text,0.830557,0.263089,0.478948,0.013581,7.592079,13.234475,0.163525,0.003056
213,text,0.766659,0.277579,0.465692,0.009628,7.590941,13.269745,0.159801,0.003038
214,physics,0.826503,0.277935,0.522760,0.009667,7.591693,13.307665,0.164425,0.003453
215,text,0.928003,0.246406,0.530324,0.015253,7.592632,13.338627,0.170000,0.003475
216,text,0.778871,0.263089,0.451028,0.008700,7.594560,13.364795,0.171189,0.002588
217,text,0.861592,0.263534,0.498431,0.011492,7.598050,13.394397,0.176024,0.003074
218,text,0.819290,0.253229,0.540712,0.012459,7.597164,13.429666,0.183484,0.003440
219,physics,0.708921,0.252998,0.406213,0.008590,7.599101,13.470260,0.178839,0.002210
220,physics,0.827835,0.263089,0.468770,0.010444,7.599577,13.496212,0.175482,0.002979
221,text,0.828062,0.253229,0.452775,0.012834,7.597579,13.534951,0.174522,0.002634
222,physics,0.902336,0.277579,0.533725,0.012380,7.600621,13.564747,0.180694,0.003389
223,text,0.853286,0.246406,0.486252,0.012506,7.605078,13.594812,0.183188,0.002849
224,text,0.839582,0.277579,0.485022,0.013029,7.608156,13.629293,0.182873,0.003036
225,physics,0.789758,0.253229,0.422818,0.010049,7.608153,13.662656,0.168849,0.002941
226,physics,0.788741,0.288705,0.455132,0.009650,7.604776,13.694839,0.164661,0.002894
227,text,0.846861,0.250363,0.437804,0.017402,7.604008,13.727227,0.161501,0.002720
228,text,0.779596,0.252998,0.496211,0.012816,7.604800,13.772173,0.157279,0.003538
229,text,0.851956,0.263089,0.412721,0.011623,7.605500,13.808038,0.151221,0.002519
230,text,0.730007,0.246406,0.428272,0.011010,7.604228,13.836925,0.152646,0.002418
231,physics,0.738294,0.252998,0.448647,0.008049,7.603385,13.882317,0.150717,0.002823
232,physics,0.795432,0.263089,0.460146,0.010154,7.603540,13.921403,0.151845,0.002809
233,text,0.811667,0.252998,0.465067,0.011010,7.602927,13.953514,0.150243,0.003067
234,text,0.760378,0.277579,0.452572,0.013682,7.601544,13.988759,0.149478,0.002822
235,text,0.867184,0.252998,0.521283,0.012592,7.601393,14.025290,0.156633,0.003498
236,text,0.809344,0.253229,0.473713,0.011887,7.602688,14.062892,0.153263,0.003179
237,text,0.661697,0.250363,0.419807,0.010750,7.602775,14.098860,0.152668,0.002364
238,physics,0.736827,0.250363,0.411908,0.009245,7.602088,14.138308,0.148945,0.002431
239,text,0.775997,0.277579,0.446004,0.011964,7.602537,14.177099,0.143999,0.002921
240,physics,0.796733,0.277935,0.488380,0.009994,7.606455,14.222060,0.147912,0.003094
241,physics,0.779634,0.277579,0.494924,0.008150,7.604651,14.268669,0.145352,0.003478
242,text,0.792650,0.277579,0.477240,0.019489,7.602718,14.322865,0.144903,0.003060
243,physics,0.779004,0.277935,0.449566,0.008619,7.601474,14.371899,0.149881,0.002522
244,text,0.929636,0.277579,0.557291,0.019301,7.604532,14.417605,0.149369,0.004389
245,physics,0.830548,0.252998,0.493521,0.013466,7.607035,14.462350,0.153661,0.003166
246,text,0.791892,0.263089,0.523463,0.012471,7.608561,14.511748,0.161591,0.003396
247,physics,0.887575,0.277579,0.535742,0.010221,7.608860,14.561474,0.161505,0.003899
248,physics,0.738294,0.252998,0.457746,0.008016,7.608760,14.613748,0.157987,0.002929
249,physics,0.705993,0.263089,0.439791,0.007807,7.611551,14.666497,0.160823,0.002420
250,text,0.746830,0.277579,0.457927,0.014968,7.614642,14.715706,0.164913,0.002588
251,physics,0.830148,0.277935,0.501080,0.009509,7.612160,14.765589,0.167922,0.003144
252,text,0.829736,0.277579,0.509012,0.012695,7.612044,14.811746,0.165387,0.003630
253,text,0.783957,0.263534,0.515299,0.011619,7.610828,14.852803,0.168928,0.003481
254,text,0.822320,0.263089,0.464776,0.013297,7.611404,14.891850,0.169180,0.002816
255,physics,0.815453,0.263089,0.523053,0.009110,7.611134,14.946030,0.175703,0.003351
256,text,0.759351,0.277935,0.455860,0.014813,7.612693,14.997191,0.173508,0.002749
257,text,0.784784,0.252998,0.455184,0.014056,7.613527,15.000000,0.171073,0.002831
258,physics,0.794713,0.277935,0.487955,0.010301,7.616064,15.000000,0.171124,0.003101
259,text,0.935337,0.263089,0.481302,0.014773,7.614423,15.000000,0.166699,0.003203
260,physics,0.888577,0.277935,0.498218,0.013423,7.614671,15.000000,0.169867,0.003145
261,text,0.780118,0.277579,0.472437,0.015625,7.614747,15.000000,0.165451,0.003176
262,physics,0.788256,0.288705,0.507808,0.010422,7.617142,15.000000,0.166795,0.003447
263,physics,0.844787,0.288705,0.563665,0.007768,7.617049,15.000000,0.176196,0.003819
264,physics,0.851373,0.263089,0.490141,0.011015,7.615598,15.000000,0.172326,0.003286
265,physics,0.698306,0.252998,0.395418,0.006899,7.614551,15.000000,0.168172,0.002128
266,physics,0.684141,0.263089,0.413865,0.010024,7.620768,15.000000,0.164653,0.002340
267,text,0.859673,0.277579,0.557460,0.020072,7.620334,15.000000,0.169681,0.004127
268,physics,0.791892,0.263089,0.534913,0.009814,7.622700,15.000000,0.179700,0.003384
269,text,0.818500,0.263089,0.499963,0.012161,7.624759,15.000000,0.183593,0.003071
270,physics,0.952751,0.277579,0.556819,0.014338,7.625929,15.000000,0.173452,0.004662
271,text,0.891948,0.246406,0.479438,0.021882,7.626708,15.000000,0.170825,0.003164
272,text,0.794086,0.277935,0.488526,0.014850,7.630136,15.000000,0.169513,0.003297
273,text,0.790571,0.277579,0.491087,0.017621,7.632908,15.000000,0.172229,0.003154
274,physics,0.635722,0.277579,0.395195,0.008717,7.632292,15.000000,0.165189,0.002335
275,text,0.904308,0.277579,0.562347,0.020842,7.632030,15.000000,0.168617,0.004210
276,physics,0.945573,0.277579,0.641407,0.015156,7.638281,15.000000,0.176535,0.005317
277,physics,0.801329,0.277935,0.509400,0.009415,7.635982,15.000000,0.173382,0.003651
278,physics,0.826503,0.277935,0.552053,0.010286,7.637230,15.000000,0.178030,0.003836
279,text,0.815066,0.263089,0.476293,0.011463,7.638607,15.000000,0.178249,0.002917
280,physics,0.735344,0.263089,0.477639,0.009966,7.639043,15.000000,0.178569,0.002914
281,physics,0.836889,0.259508,0.537973,0.010553,7.640311,15.000000,0.184228,0.003617
282,text,0.848926,0.288705,0.501782,0.013800,7.642745,15.000000,0.179827,0.003481
283,text,0.820556,0.263089,0.491410,0.014720,7.644918,15.000000,0.173498,0.003550
284,text,0.693825,0.252998,0.458912,0.013705,7.647441,15.000000,0.172723,0.002782
285,physics,0.907576,0.252998,0.613204,0.012143,7.651502,15.000000,0.185969,0.004449
286,text,0.707019,0.277579,0.419005,0.010982,7.651304,15.000000,0.176984,0.002630
287,text,0.851956,0.263089,0.447903,0.013370,7.653425,15.000000,0.171076,0.002918
288,text,0.794713,0.277935,0.501735,0.017366,7.656915,15.000000,0.174367,0.003149
289,physics,0.771720,0.252998,0.482281,0.007418,7.659866,15.000000,0.179003,0.002811
290,physics,0.805206,0.252998,0.482907,0.010967,7.661912,15.000000,0.177603,0.003111
291,text,0.811545,0.277579,0.529959,0.018727,7.660914,15.000000,0.181847,0.003561
292,text,0.830265,0.277579,0.502047,0.015400,7.660063,15.000000,0.174816,0.003668
293,text,0.767795,0.252998,0.511812,0.014854,7.658663,15.000000,0.172886,0.003635
294,text,0.893392,0.259508,0.576692,0.015316,7.661788,15.000000,0.172414,0.004567
295,physics,0.957975,0.288705,0.657797,0.012569,7.660843,15.000000,0.178737,0.005649
296,text,0.763153,0.288705,0.491708,0.011750,7.661357,15.000000,0.191349,0.002462
297,text,0.884197,0.263089,0.587752,0.015851,7.665123,15.000000,0.192087,0.004573
298,physics,0.857951,0.263089,0.546446,0.012793,7.663608,15.000000,0.194605,0.003714
299,text,0.849405,0.252998,0.530067,0.013894,7.665683,15.000000,0.192723,0.003740
300,text,0.766220,0.277935,0.517319,0.015687,7.756713,15.000000,0.196226,0.003251
301,text,0.788770,0.246406,0.496291,0.027708,7.760128,15.000000,0.192498,0.003390
302,physics,0.880057,0.250363,0.537475,0.011124,7.761094,15.000000,0.183945,0.004242
303,physics,0.703282,0.277579,0.458356,0.008066,7.764921,15.000000,0.179574,0.002792
304,physics,0.784784,0.252998,0.485756,0.008838,7.767450,15.000000,0.174844,0.003338
305,text,0.746729,0.277579,0.515199,0.025922,7.768136,15.000000,0.175280,0.003596
306,text,0.799703,0.250363,0.473043,0.037254,7.767499,15.000000,0.172332,0.003113
307,physics,0.839582,0.277579,0.537974,0.010324,7.772660,15.000000,0.169763,0.004029
308,physics,0.872095,0.263089,0.547951,0.008873,7.773406,15.000000,0.173689,0.003936
309,text,0.834175,0.277579,0.536144,0.030194,7.779425,15.000000,0.180385,0.003576
310,text,0.731023,0.263089,0.436555,0.017470,7.779165,15.000000,0.176102,0.002666
311,text,0.916973,0.252998,0.575699,0.025470,7.776884,15.000000,0.174868,0.004552
312,text,0.747191,0.288705,0.514753,0.020716,7.784060,15.000000,0.180552,0.003316
313,physics,1.052490,0.277579,0.769137,0.017816,7.786475,15.000000,0.194766,0.007390
314,physics,0.680820,0.277579,0.461874,0.007215,7.784173,15.000000,0.185767,0.003146
315,physics,0.764321,0.277579,0.540385,0.011820,7.787029,15.000000,0.180679,0.004115
316,physics,0.794540,0.277579,0.510358,0.010561,7.786392,15.000000,0.174955,0.003707
317,physics,0.763796,0.252998,0.525150,0.011454,7.787746,15.000000,0.178438,0.003545
318,text,0.804739,0.263089,0.550985,0.017363,7.789212,15.000000,0.184971,0.003750
319,physics,0.837476,0.246406,0.530961,0.012616,7.794707,15.000000,0.188631,0.003584
320,physics,0.826587,0.263534,0.551950,0.011813,7.800334,15.000000,0.195990,0.003644
321,text,0.814200,0.252998,0.550553,0.023419,7.802119,15.000000,0.193617,0.004117
322,physics,0.842645,0.277579,0.551816,0.010456,7.799448,15.000000,0.190907,0.004077
323,physics,0.826121,0.263534,0.525726,0.009227,7.800610,15.000000,0.193281,0.003431
324,physics,0.759738,0.277579,0.495456,0.010974,7.801260,15.000000,0.190435,0.003328
325,text,0.764321,0.277579,0.542972,0.029465,7.804753,15.000000,0.190113,0.003912
326,text,0.804332,0.252998,0.511285,0.025632,7.800890,15.000000,0.181050,0.003901
327,text,0.806088,0.252998,0.504411,0.025352,7.803259,15.000000,0.178101,0.003482
328,physics,0.853172,0.263089,0.546605,0.009651,7.802394,15.000000,0.173107,0.004284
329,text,0.842707,0.263534,0.567261,0.019217,7.809905,15.000000,0.171882,0.004447
330,physics,0.759192,0.277579,0.496643,0.009882,7.811619,15.000000,0.171220,0.003234
331,text,0.814637,0.253229,0.487170,0.023130,7.809117,15.000000,0.168679,0.003257
332,text,0.697548,0.253229,0.412599,0.021157,7.809061,15.000000,0.163157,0.002393
333,text,0.851848,0.277579,0.595121,0.037320,7.812602,15.000000,0.171411,0.004460
334,text,0.703117,0.277579,0.477549,0.030979,7.812153,15.000000,0.169443,0.003160
335,text,0.800884,0.252998,0.559866,0.024004,7.814473,15.000000,0.170440,0.004227
336,text,0.763651,0.246406,0.501799,0.036364,7.817387,15.000000,0.158551,0.003875
337,physics,0.813476,0.263534,0.455199,0.015298,7.817599,15.000000,0.150876,0.003153
338,physics,0.759064,0.277935,0.475869,0.011493,7.818535,15.000000,0.147040,0.003280
339,physics,0.797137,0.288705,0.560878,0.013736,7.822491,15.000000,0.150868,0.004251
340,text,0.853759,0.277579,0.567096,0.033352,7.822772,15.000000,0.149018,0.004532
341,physics,0.787277,0.277579,0.518768,0.008691,7.821453,15.000000,0.144404,0.003845
342,physics,0.769330,0.277935,0.529859,0.008407,7.823580,15.000000,0.148399,0.003754
343,physics,0.854917,0.263089,0.612078,0.010362,7.827758,15.000000,0.159904,0.004754
344,text,0.749012,0.263089,0.478198,0.018458,7.831382,15.000000,0.158990,0.003097
345,physics,0.662923,0.263089,0.426091,0.008420,7.832295,15.000000,0.151941,0.002652
346,text,0.863558,0.263089,0.563643,0.025010,7.833086,15.000000,0.152981,0.004394
347,physics,0.668767,0.263089,0.469370,0.010548,7.836726,15.000000,0.152130,0.002975
348,text,0.709852,0.277579,0.434752,0.029860,7.838391,15.000000,0.152929,0.002500
349,physics,0.849138,0.288705,0.571382,0.011774,7.844009,15.000000,0.159940,0.004280
350,text,0.721554,0.277935,0.506247,0.027838,7.846949,15.000000,0.161151,0.003489
351,text,0.888933,0.263089,0.597158,0.022981,7.843823,15.000000,0.169517,0.004499
352,physics,0.768442,0.252998,0.532341,0.011468,7.846533,15.000000,0.174823,0.003564
353,text,0.949306,0.263089,0.543398,0.020178,7.846891,15.000000,0.166036,0.004335
354,physics,0.916916,0.288705,0.576061,0.009806,7.844648,15.000000,0.159384,0.004870
355,text,0.822963,0.252998,0.536173,0.026179,7.850625,15.000000,0.157213,0.004009
356,physics,0.827750,0.277579,0.537128,0.016239,7.854992,15.000000,0.164712,0.003616
357,text,0.700235,0.263534,0.462470,0.021222,7.857482,15.000000,0.166587,0.002733
358,physics,0.778134,0.277935,0.487285,0.013583,7.861598,15.000000,0.162124,0.003313
359,text,0.847377,0.277935,0.590920,0.028086,7.862562,15.000000,0.168806,0.004488
360,text,0.736827,0.250363,0.448699,0.056788,7.862880,15.000000,0.156810,0.003211
361,text,0.793380,0.263089,0.529340,0.024343,7.863496,15.000000,0.152566,0.003946
362,physics,0.831151,0.263089,0.545402,0.008814,7.860903,15.000000,0.158245,0.003725
363,physics,0.811786,0.263089,0.523409,0.010132,7.859844,15.000000,0.154006,0.003957
364,physics,0.769334,0.288705,0.510365,0.011395,7.863257,15.000000,0.150932,0.003670
365,text,0.765890,0.263089,0.489771,0.021142,7.863229,15.000000,0.145944,0.003500
366,physics,0.841755,0.263089,0.538225,0.013742,7.867246,15.000000,0.143888,0.004031
367,physics,0.738384,0.277579,0.502944,0.007453,7.865745,15.000000,0.143166,0.003545
368,text,0.773377,0.277579,0.549960,0.034253,7.864476,15.000000,0.145701,0.004094
369,physics,0.849057,0.277579,0.571279,0.012609,7.867923,15.000000,0.152692,0.004227
370,physics,0.827975,0.252998,0.600475,0.009523,7.870026,15.000000,0.150285,0.005192
371,physics,0.837014,0.277579,0.557086,0.015484,7.873604,15.000000,0.155038,0.004040
372,physics,0.724346,0.263089,0.451736,0.007196,7.869382,15.000000,0.144447,0.003084
373,physics,0.796578,0.263089,0.532500,0.010726,7.869372,15.000000,0.150311,0.003692
374,text,0.766225,0.252998,0.524508,0.016577,7.875379,15.000000,0.149758,0.003760
375,text,0.798775,0.250363,0.549434,0.039649,7.878720,15.000000,0.154368,0.004009
376,text,0.739294,0.263089,0.466649,0.022981,7.878628,15.000000,0.150536,0.003119
377,text,0.858911,0.277935,0.536929,0.027081,7.880776,15.000000,0.150231,0.004003
378,physics,0.685161,0.277579,0.409889,0.008772,7.878032,15.000000,0.142460,0.002505
379,text,0.859046,0.253229,0.464534,0.031836,7.882153,15.000000,0.143343,0.002871
380,text,0.808285,0.288705,0.493285,0.020552,7.880421,15.000000,0.139758,0.003353
381,physics,0.871530,0.246406,0.575167,0.011839,7.883109,15.000000,0.147444,0.004351
382,text,0.831431,0.252998,0.561194,0.023040,7.888269,15.000000,0.148891,0.004249
383,text,0.842719,0.252998,0.589934,0.024172,7.890123,15.000000,0.155752,0.004545
384,text,0.888578,0.277579,0.611545,0.048120,7.891795,15.000000,0.153957,0.005281
385,text,0.798431,0.250363,0.512278,0.046653,7.892173,15.000000,0.153265,0.003473
386,physics,0.908803,0.250363,0.608340,0.017810,7.895182,15.000000,0.159407,0.004806
387,text,0.772905,0.263534,0.519130,0.021440,7.896475,15.000000,0.155631,0.003763
388,physics,0.762618,0.277935,0.543887,0.007290,7.896460,15.000000,0.156578,0.003920
389,text,0.766277,0.277579,0.521951,0.046105,7.897759,15.000000,0.156004,0.003687
390,physics,0.875898,0.263534,0.547893,0.014679,7.904550,15.000000,0.161015,0.003824
391,physics,0.827603,0.259508,0.549898,0.009348,7.902917,15.000000,0.159575,0.004173
392,physics,0.857090,0.277935,0.548966,0.011898,7.906482,15.000000,0.160112,0.003980
393,text,0.833886,0.263089,0.555308,0.020546,7.911361,15.000000,0.158232,0.004320
394,physics,0.869976,0.263534,0.567176,0.012645,7.913302,15.000000,0.155151,0.004607
395,text,0.828585,0.252998,0.602494,0.023687,7.914967,15.000000,0.157472,0.005019
396,physics,0.816877,0.277579,0.523361,0.008989,7.911567,15.000000,0.157900,0.003748
397,text,0.959734,0.277935,0.645949,0.029755,7.914497,15.000000,0.155274,0.005924
398,text,0.733953,0.253229,0.502042,0.025988,7.917316,15.000000,0.157933,0.003246
399,text,0.754642,0.252998,0.486661,0.025543,7.921047,15.000000,0.154831,0.003276
400,text,0.891948,0.246406,0.537241,0.039530,7.994414,15.000000,0.153719,0.003966
401,text,0.834053,0.277935,0.537215,0.044047,7.997540,15.000000,0.158097,0.003774
402,text,0.777493,0.252998,0.519938,0.017690,8.004418,15.000000,0.152665,0.003981
403,text,0.821153,0.250363,0.560435,0.041543,8.006954,15.000000,0.156671,0.004068
404,physics,0.978705,0.277935,0.675829,0.017893,8.014092,15.000000,0.167524,0.005835
405,text,0.809489,0.277579,0.569657,0.065181,8.021607,15.000000,0.175125,0.003936
406,text,0.879778,0.259508,0.579004,0.026230,8.025190,15.000000,0.173374,0.004439
407,text,0.744566,0.250363,0.521989,0.044567,8.029909,15.000000,0.173210,0.003638
408,text,0.842238,0.263534,0.490930,0.022961,8.029839,15.000000,0.167426,0.003417
409,physics,0.816808,0.252998,0.570817,0.011297,8.032592,15.000000,0.162313,0.004642
410,text,0.765910,0.263089,0.542453,0.018699,8.035442,15.000000,0.162516,0.003959
411,physics,0.856200,0.252998,0.544227,0.013926,8.038949,15.000000,0.163078,0.003982
412,physics,0.711633,0.277935,0.504478,0.007280,8.041550,15.000000,0.166537,0.003202
413,text,0.857717,0.263089,0.572861,0.017731,8.044040,15.000000,0.163830,0.004576
414,text,0.693825,0.252998,0.498074,0.021896,8.049853,15.000000,0.163505,0.003345
415,physics,0.937723,0.253229,0.664818,0.024304,8.054744,15.000000,0.176886,0.005534
416,physics,0.892592,0.277935,0.621747,0.016850,8.055361,15.000000,0.185871,0.004692
417,text,0.777390,0.263089,0.553970,0.020686,8.054434,15.000000,0.185911,0.003973
418,text,0.763855,0.277935,0.518930,0.041771,8.056731,15.000000,0.176137,0.003893
419,text,0.740171,0.253229,0.514342,0.021313,8.058314,15.000000,0.165872,0.004013
420,text,0.796545,0.246406,0.529661,0.032335,8.063010,15.000000,0.170258,0.003477
421,physics,0.799857,0.252998,0.533423,0.014344,8.070547,15.000000,0.165978,0.003990
422,physics,0.752706,0.263089,0.478131,0.007674,8.069317,15.000000,0.154913,0.003519
423,physics,0.853721,0.263089,0.625817,0.014254,8.071820,15.000000,0.169949,0.004759
424,text,0.792606,0.263089,0.552580,0.020357,8.078229,15.000000,0.163292,0.004513
425,text,0.729204,0.277935,0.527541,0.039843,8.081644,15.000000,0.164839,0.003735
426,text,0.896519,0.277935,0.647906,0.045575,8.085922,15.000000,0.186224,0.004639
427,text,0.854887,0.277579,0.588092,0.061409,8.086056,15.000000,0.183201,0.004705
428,physics,0.787130,0.277579,0.568029,0.010088,8.090209,15.000000,0.179074,0.004413
429,text,0.745930,0.252998,0.483782,0.025850,8.093955,15.000000,0.172826,0.003239
430,physics,0.856239,0.263089,0.587761,0.017347,8.100811,15.000000,0.163025,0.005062
431,text,0.806274,0.288705,0.508976,0.021221,8.106390,15.000000,0.169257,0.003188
432,physics,0.836934,0.250363,0.588646,0.012350,8.110694,15.000000,0.169835,0.004758
433,physics,0.721432,0.288705,0.490249,0.010022,8.112576,15.000000,0.167414,0.003293
434,text,0.916973,0.252998,0.606304,0.030909,8.110180,15.000000,0.166359,0.005086
435,physics,0.798522,0.277579,0.565787,0.010679,8.113854,15.000000,0.168409,0.004201
436,physics,0.911385,0.259508,0.586275,0.010277,8.114775,15.000000,0.165046,0.004916
437,text,0.818017,0.277579,0.575535,0.057789,8.115731,15.000000,0.176149,0.003954
438,text,0.850421,0.263534,0.574666,0.029088,8.121114,15.000000,0.173512,0.004470
439,physics,0.845204,0.277579,0.622952,0.014561,8.123513,15.000000,0.179444,0.005056
440,text,0.762577,0.253229,0.509755,0.031018,8.124478,15.000000,0.172339,0.003757
441,physics,0.918335,0.250363,0.586807,0.010851,8.123929,15.000000,0.168810,0.004918
442,physics,0.824712,0.288705,0.585484,0.010963,8.125817,15.000000,0.161584,0.005143
443,text,0.740171,0.253229,0.517533,0.025390,8.128068,15.000000,0.153039,0.004038
444,text,0.935882,0.252998,0.657970,0.026662,8.127823,15.000000,0.154393,0.006076
445,physics,0.816572,0.252998,0.540219,0.007550,8.125600,15.000000,0.150057,0.004176
446,physics,0.842735,0.250363,0.540406,0.019421,8.133225,15.000000,0.151778,0.003952
447,text,0.777110,0.277579,0.539412,0.052667,8.133986,15.000000,0.155425,0.003752
448,text,0.939221,0.263089,0.601158,0.028814,8.143586,15.000000,0.153694,0.005144
449,text,0.822007,0.252998,0.524240,0.021588,8.143730,15.000000,0.155437,0.003711
450,text,0.809406,0.277935,0.566653,0.050591,8.143094,15.000000,0.157226,0.004336
451,physics,0.805902,0.263089,0.511924,0.011935,8.141874,15.000000,0.160860,0.003318
452,physics,0.742593,0.250363,0.450344,0.013076,8.148711,15.000000,0.153215,0.002964
453,physics,0.718396,0.288705,0.495916,0.012804,8.156222,15.000000,0.154449,0.003289
454,physics,0.804332,0.252998,0.540048,0.005007,8.152897,15.000000,0.148134,0.004285
455,physics,0.811545,0.277579,0.576364,0.010822,8.153784,15.000000,0.148041,0.004670
456,physics,0.693825,0.252998,0.503163,0.009214,8.160621,15.000000,0.149326,0.003434
457,physics,0.842181,0.252998,0.535491,0.017917,8.163687,15.000000,0.143599,0.004152
458,text,0.923013,0.277579,0.646250,0.070435,8.167445,15.000000,0.154046,0.005486
459,text,0.871664,0.252998,0.603362,0.030318,8.170002,15.000000,0.154877,0.005067
460,text,0.892544,0.277579,0.599749,0.070127,8.174853,15.000000,0.161185,0.004744
461,physics,0.705942,0.252998,0.462003,0.006920,8.174126,15.000000,0.160485,0.002897
462,text,0.853706,0.263089,0.530543,0.025641,8.173891,15.000000,0.149717,0.004309
463,text,0.892592,0.277935,0.629905,0.049901,8.175392,15.000000,0.159336,0.005015
464,text,0.829413,0.263089,0.624711,0.025468,8.181703,15.000000,0.157610,0.005610
465,text,0.843158,0.246406,0.533207,0.049238,8.187085,15.000000,0.160258,0.003761
466,physics,0.873004,0.277579,0.646431,0.024321,8.188914,15.000000,0.161268,0.005780
467,physics,0.757400,0.253229,0.495815,0.010989,8.191960,15.000000,0.159468,0.003354
468,text,0.795829,0.277579,0.543346,0.061657,8.201526,15.000000,0.163354,0.003844
469,physics,0.957975,0.288705,0.719424,0.014418,8.202883,15.000000,0.176778,0.006590
470,text,0.751489,0.277935,0.559896,0.041360,8.205394,15.000000,0.177550,0.004230
471,text,0.815331,0.263089,0.559027,0.021156,8.203680,15.000000,0.168718,0.004629
472,physics,0.842181,0.252998,0.537936,0.018450,8.207677,15.000000,0.163584,0.004123
473,text,0.828002,0.252998,0.539920,0.021224,8.216587,15.000000,0.165563,0.003912
474,text,0.851766,0.252998,0.525146,0.025875,8.224137,15.000000,0.163607,0.003794
475,text,0.778433,0.277935,0.563151,0.047343,8.229496,15.000000,0.166719,0.004219
476,physics,0.738322,0.263534,0.535622,0.008208,8.233953,15.000000,0.168152,0.003800
477,text,0.713051,0.252998,0.503053,0.022723,8.236225,15.000000,0.167331,0.003347
478,text,0.770355,0.259508,0.510593,0.018848,8.236979,15.000000,0.162926,0.003647
479,text,0.808482,0.288705,0.577595,0.025404,8.238618,15.000000,0.154240,0.004892
480,physics,0.820529,0.277579,0.590362,0.014933,8.239080,15.000000,0.159474,0.004629
481,physics,0.621592,0.246406,0.441700,0.013265,8.242914,15.000000,0.161949,0.002469
482,physics,0.866922,0.263089,0.585962,0.011791,8.243561,15.000000,0.157337,0.004930
483,physics,0.867152,0.250363,0.531944,0.014819,8.248752,15.000000,0.161733,0.003660
484,physics,0.874679,0.277579,0.601402,0.013380,8.246479,15.000000,0.156420,0.005166
485,physics,0.734266,0.277579,0.519576,0.011059,8.250508,15.000000,0.161965,0.003338
486,physics,0.739278,0.263089,0.530838,0.010747,8.256813,15.000000,0.161833,0.003823
487,physics,0.813181,0.277935,0.555277,0.011799,8.258185,15.000000,0.156942,0.004423
488,physics,0.737642,0.253229,0.551461,0.009539,8.263228,15.000000,0.148659,0.004536
489,physics,0.687150,0.288705,0.472356,0.006127,8.263015,15.000000,0.147303,0.003078
490,physics,0.698928,0.252998,0.493130,0.009012,8.264208,15.000000,0.138315,0.003699
491,physics,0.771720,0.252998,0.537999,0.009699,8.271391,15.000000,0.145705,0.003752
492,physics,0.808748,0.277935,0.541914,0.017261,8.276693,15.000000,0.146671,0.004060
493,physics,0.718038,0.263089,0.520308,0.014345,8.285876,15.000000,0.148207,0.003660
494,text,0.819803,0.246406,0.555033,0.049084,8.289203,15.000000,0.146090,0.004282
495,physics,0.916009,0.288705,0.628737,0.016030,8.290940,15.000000,0.144425,0.005686
496,physics,0.796207,0.246406,0.551490,0.013765,8.296587,15.000000,0.148752,0.004027
497,physics,0.721554,0.277935,0.532886,0.016684,8.303478,15.000000,0.152114,0.003818
498,text,0.707095,0.252998,0.479486,0.028672,8.305299,15.000000,0.153790,0.003047
499,text,0.760142,0.263534,0.508966,0.027942,8.310206,15.000000,0.152512,0.003582
500,physics,0.712244,0.252998,0.486385,0.009344,8.450556,15.000000,0.149168,0.003373
501,physics,0.786380,0.252998,0.536405,0.010837,8.452193,15.000000,0.153669,0.003794
502,text,0.792554,0.253229,0.535072,0.036796,8.449105,15.000000,0.147332,0.004286
503,physics,0.816854,0.277935,0.599930,0.014220,8.452148,15.000000,0.151202,0.004912
504,text,0.756094,0.259508,0.547148,0.019432,8.452202,15.000000,0.151782,0.004082
505,physics,0.916400,0.277935,0.633253,0.012408,8.449384,15.000000,0.143959,0.005912
506,text,0.751886,0.277579,0.549161,0.049359,8.450378,15.000000,0.141901,0.004282
507,physics,0.978705,0.277935,0.699560,0.021158,8.460133,15.000000,0.143664,0.006773
508,physics,0.852444,0.246406,0.584953,0.015446,8.465652,15.000000,0.148190,0.004643
509,text,0.727270,0.277579,0.475651,0.042997,8.473281,15.000000,0.145252,0.003162
510,physics,0.832859,0.277935,0.598929,0.019862,8.478143,15.000000,0.159288,0.004396
511,physics,0.789338,0.277579,0.525231,0.012265,8.479814,15.000000,0.161343,0.003700
512,text,0.849138,0.288705,0.610228,0.022235,8.487727,15.000000,0.163785,0.005123
513,physics,0.915745,0.246406,0.572910,0.019896,8.493676,15.000000,0.159969,0.004682
514,text,0.859900,0.277935,0.610673,0.040247,8.496828,15.000000,0.155667,0.005335
515,text,0.898928,0.252998,0.647436,0.032447,8.503878,15.000000,0.153948,0.005829
516,text,1.001985,0.277935,0.695932,0.034962,8.502858,15.000000,0.155248,0.006821
517,text,0.711633,0.277935,0.519784,0.033288,8.507267,15.000000,0.160556,0.003415
518,text,0.959250,0.252998,0.633323,0.031737,8.512721,15.000000,0.166505,0.005267
519,text,0.817744,0.253229,0.617239,0.038510,8.515153,15.000000,0.165284,0.005191
520,text,0.825794,0.252998,0.549051,0.036781,8.517616,15.000000,0.160172,0.004213
521,physics,0.799703,0.250363,0.516722,0.009153,8.519605,15.000000,0.161846,0.003546
522,text,0.743678,0.246406,0.517104,0.059129,8.524480,15.000000,0.158587,0.003767
523,physics,0.785309,0.246406,0.528396,0.012766,8.527125,15.000000,0.164381,0.003521
524,physics,0.794244,0.277579,0.561729,0.011193,8.529457,15.000000,0.157327,0.004607
525,text,0.825357,0.288705,0.568029,0.026107,8.530814,15.000000,0.154518,0.004554
526,physics,0.878860,0.288705,0.633566,0.016339,8.532597,15.000000,0.156610,0.005502
527,physics,0.714054,0.263089,0.465452,0.012111,8.535991,15.000000,0.151520,0.003115
528,physics,0.846560,0.263089,0.604928,0.014375,8.545258,15.000000,0.160591,0.004725
529,physics,0.759724,0.259508,0.543836,0.006373,8.544884,15.000000,0.154114,0.004319
530,physics,0.755217,0.252998,0.538514,0.011033,8.544339,15.000000,0.149525,0.004174
531,physics,0.827521,0.259508,0.569983,0.012080,8.550080,15.000000,0.147752,0.004614
532,text,0.626713,0.288705,0.447202,0.028009,8.549209,15.000000,0.148266,0.002654
533,text,0.813467,0.252998,0.613836,0.025771,8.551399,15.000000,0.154211,0.005131
534,text,0.802248,0.252998,0.572598,0.024788,8.559955,15.000000,0.166538,0.004010
535,text,0.826121,0.263534,0.572376,0.031808,8.564451,15.000000,0.166356,0.004443
536,physics,0.728385,0.263089,0.515033,0.006729,8.564985,15.000000,0.160962,0.003798
537,text,0.901345,0.252998,0.599096,0.026839,8.570207,15.000000,0.163496,0.004853
538,text,0.809406,0.277935,0.581641,0.052166,8.571205,15.000000,0.166404,0.004518
539,text,0.773444,0.250363,0.550996,0.059944,8.569258,15.000000,0.159605,0.004347
540,physics,0.786326,0.277579,0.576865,0.008861,8.569001,15.000000,0.156618,0.004678
541,text,0.766220,0.277935,0.566284,0.044654,8.572964,15.000000,0.162811,0.004199
542,physics,0.919006,0.253229,0.551686,0.012732,8.572929,15.000000,0.162655,0.004134
543,text,0.923121,0.277579,0.680216,0.059025,8.575562,15.000000,0.165716,0.006349
544,text,0.961869,0.288705,0.657821,0.034388,8.578485,15.000000,0.164908,0.005957
545,text,0.859288,0.288705,0.601345,0.031326,8.580466,15.000000,0.156918,0.005303
546,physics,0.780416,0.252998,0.573784,0.019427,8.589479,15.000000,0.170779,0.003955
547,text,0.853753,0.252998,0.579639,0.022349,8.588737,15.000000,0.171454,0.004524
548,text,0.916229,0.277579,0.604427,0.048830,8.591459,15.000000,0.167490,0.005180
549,text,0.788522,0.277579,0.573211,0.049977,8.592330,15.000000,0.171312,0.004322
550,text,0.839342,0.263089,0.614274,0.021748,8.596940,15.000000,0.182437,0.004630
551,physics,0.865399,0.277579,0.664436,0.010250,8.600062,15.000000,0.185385,0.005965
552,physics,0.819149,0.246406,0.576043,0.011084,8.601171,15.000000,0.188049,0.004262
553,text,0.791087,0.277935,0.513588,0.035359,8.606919,15.000000,0.179471,0.003851
554,physics,0.871995,0.252998,0.639447,0.018927,8.617594,15.000000,0.179616,0.005531
555,text,0.710937,0.277579,0.528212,0.042141,8.624727,15.000000,0.178971,0.003741
556,text,0.708921,0.252998,0.491906,0.026478,8.632697,15.000000,0.180651,0.003080
557,text,0.869070,0.252998,0.599432,0.029556,8.633645,15.000000,0.176297,0.005072
558,physics,0.787064,0.252998,0.580486,0.010846,8.633001,15.000000,0.173934,0.004704
559,text,0.886501,0.263089,0.615632,0.025496,8.640718,15.000000,0.173531,0.005102
560,text,0.832098,0.263089,0.581549,0.023866,8.648832,15.000000,0.170748,0.004731
561,text,0.859836,0.277579,0.606651,0.056240,8.657238,15.000000,0.175114,0.004758
562,physics,0.816420,0.263089,0.579882,0.023829,8.660785,15.000000,0.159516,0.005236
563,text,0.777110,0.277579,0.556394,0.043049,8.663096,15.000000,0.159983,0.004149
564,text,0.813034,0.277579,0.591410,0.052635,8.668060,15.000000,0.160022,0.004818
565,physics,0.709755,0.252998,0.512208,0.010102,8.669439,15.000000,0.159812,0.003580
566,physics,0.801687,0.263089,0.555026,0.010947,8.672147,15.000000,0.160873,0.004209
567,physics,0.824856,0.263089,0.562267,0.015038,8.679295,15.000000,0.162455,0.004334
568,text,0.767716,0.252998,0.527647,0.028488,8.681211,15.000000,0.154223,0.004173
569,physics,0.758831,0.253229,0.517862,0.014151,8.686114,15.000000,0.156746,0.003552
570,text,0.759192,0.277579,0.540892,0.051911,8.692181,15.000000,0.157700,0.003927
571,text,0.763369,0.288705,0.502183,0.027944,8.689695,15.000000,0.148391,0.003845
572,text,0.760493,0.277579,0.549399,0.043843,8.693785,15.000000,0.153710,0.003991
573,text,0.887474,0.263089,0.612045,0.024387,8.700083,15.000000,0.163074,0.004863
574,text,0.827658,0.288705,0.573274,0.022191,8.701889,15.000000,0.166231,0.004395
575,text,0.673318,0.263089,0.476211,0.015874,8.710594,15.000000,0.164116,0.003115
576,text,0.845832,0.263089,0.601122,0.021228,8.715980,15.000000,0.162571,0.005133
577,text,0.766277,0.277579,0.551319,0.046433,8.718586,15.000000,0.161887,0.004135
578,physics,0.749203,0.246406,0.522723,0.011408,8.721828,15.000000,0.152011,0.004088
579,physics,0.917352,0.246406,0.635413,0.019804,8.730883,15.000000,0.166694,0.004918
580,physics,0.760142,0.263534,0.520480,0.011974,8.736961,15.000000,0.158334,0.003987
581,text,0.756094,0.259508,0.553322,0.020802,8.737969,15.000000,0.155079,0.004278
582,text,0.861418,0.277579,0.612542,0.063255,8.739288,15.000000,0.156829,0.005224
583,text,0.824218,0.263089,0.560423,0.029583,8.738303,15.000000,0.153074,0.004421
584,physics,0.875898,0.263534,0.587851,0.022505,8.749585,15.000000,0.152085,0.004820
585,text,0.749585,0.246406,0.537336,0.044193,8.750601,15.000000,0.150011,0.004093
586,physics,0.812713,0.277579,0.576995,0.013745,8.753014,15.000000,0.154266,0.004441
587,text,0.828873,0.252998,0.629076,0.031223,8.759065,15.000000,0.155919,0.005574
588,physics,0.668034,0.288705,0.465431,0.010261,8.763532,15.000000,0.152524,0.003130
589,physics,0.884402,0.252998,0.611391,0.014393,8.764839,15.000000,0.156297,0.005023
590,physics,0.871530,0.246406,0.610031,0.015163,8.769398,15.000000,0.160545,0.005079
591,physics,0.824218,0.263089,0.561416,0.009151,8.768736,15.000000,0.157571,0.004432
592,text,0.827544,0.250363,0.577239,0.063088,8.767449,15.000000,0.149168,0.005028
593,physics,0.817744,0.253229,0.623489,0.013275,8.770963,15.000000,0.159525,0.004972
594,physics,0.762691,0.277579,0.542356,0.013667,8.777228,15.000000,0.161221,0.003955
595,physics,0.841634,0.277579,0.543891,0.023553,8.784880,15.000000,0.153421,0.004372
596,text,0.783312,0.288705,0.580468,0.029760,8.788975,15.000000,0.160112,0.004394
597,physics,0.938674,0.250363,0.618368,0.028345,8.795187,15.000000,0.166393,0.005021
598,physics,0.652873,0.277935,0.487671,0.009429,8.797806,15.000000,0.161067,0.003423
599,text,0.671538,0.263089,0.452660,0.018883,8.797027,15.000000,0.157141,0.002925
600,physics,0.773141,0.246406,0.529779,0.011981,8.956362,15.000000,0.147004,0.004275
601,physics,0.943663,0.288705,0.716452,0.018751,8.958233,15.000000,0.158565,0.006723
602,text,0.873522,0.277935,0.628852,0.042015,8.962536,15.000000,0.165661,0.005220
603,text,0.827314,0.277579,0.590668,0.053048,8.973417,15.000000,0.161251,0.005063
604,physics,0.769930,0.277579,0.595869,0.012218,8.975581,15.000000,0.158239,0.005020
605,physics,0.700571,0.288705,0.514838,0.011431,8.976981,15.000000,0.162120,0.003422
606,text,0.801723,0.288705,0.576533,0.023618,8.974150,15.000000,0.159474,0.004724
607,text,0.788522,0.277579,0.580813,0.044039,8.975674,15.000000,0.156619,0.004784
608,text,0.765658,0.246406,0.549605,0.057531,8.980858,15.000000,0.159991,0.004042
609,text,0.830992,0.246406,0.555608,0.068666,8.986959,15.000000,0.153167,0.004479
610,physics,0.824438,0.252998,0.594668,0.013966,8.993707,15.000000,0.161284,0.004554
611,physics,0.876696,0.252998,0.641756,0.024224,9.002025,15.000000,0.164808,0.005582
612,text,1.017106,0.252998,0.713989,0.027540,9.013153,15.000000,0.171805,0.006932
613,physics,0.775981,0.277579,0.551641,0.011265,9.015093,15.000000,0.175455,0.003930
614,text,0.762366,0.246406,0.506539,0.060438,9.021808,15.000000,0.168065,0.003809
615,text,0.816863,0.277579,0.590707,0.057793,9.035979,15.000000,0.161997,0.005131
616,physics,0.727037,0.277579,0.531015,0.008262,9.040310,15.000000,0.165048,0.003700
617,physics,0.743400,0.259508,0.516547,0.011185,9.039304,15.000000,0.153765,0.004157
618,text,0.756110,0.277935,0.542773,0.040433,9.040754,15.000000,0.157457,0.003837
619,text,0.737642,0.253229,0.566291,0.038505,9.048189,15.000000,0.151185,0.004697
620,physics,0.725659,0.263089,0.528774,0.017449,9.050380,15.000000,0.153466,0.003686
621,physics,0.849359,0.263089,0.567318,0.018057,9.050898,15.000000,0.154918,0.004407
622,text,0.915745,0.246406,0.588496,0.061809,9.059216,15.000000,0.155490,0.004763
623,physics,0.828488,0.277579,0.610472,0.014278,9.061659,15.000000,0.150510,0.005511
624,physics,0.785309,0.246406,0.538127,0.013898,9.064732,15.000000,0.147132,0.004111
625,text,0.759922,0.277579,0.574020,0.062704,9.070278,15.000000,0.147731,0.004688
626,physics,0.649296,0.252998,0.485395,0.009011,9.070096,15.000000,0.147453,0.003299
627,text,0.789279,0.263534,0.589245,0.039922,9.079458,15.000000,0.149563,0.004817
628,physics,0.743173,0.263089,0.521238,0.009322,9.080199,15.000000,0.148264,0.003759
629,physics,0.839823,0.263089,0.594532,0.019397,9.090552,15.000000,0.151891,0.004731
630,text,0.871995,0.252998,0.648774,0.024168,9.102253,15.000000,0.160558,0.005453
631,text,0.765758,0.277579,0.531719,0.059475,9.105038,15.000000,0.164924,0.003582
632,physics,0.743959,0.288705,0.527023,0.010901,9.102973,15.000000,0.159440,0.003906
633,text,0.746646,0.288705,0.567615,0.033934,9.101616,15.000000,0.160217,0.004401
634,physics,0.853696,0.277579,0.593563,0.011299,9.104346,15.000000,0.151939,0.005227
635,physics,0.872095,0.263089,0.615593,0.011201,9.107540,15.000000,0.155650,0.005183
636,text,0.934453,0.288705,0.633468,0.035276,9.108641,15.000000,0.163105,0.005377
637,text,0.982557,0.252998,0.729645,0.038087,9.110038,15.000000,0.165930,0.007296
638,physics,0.923978,0.277579,0.629112,0.026753,9.118797,15.000000,0.153943,0.005835
639,text,0.932353,0.277935,0.677840,0.043062,9.128170,15.000000,0.168291,0.005767
640,physics,0.886383,0.263089,0.658820,0.016701,9.132368,15.000000,0.172971,0.005940
641,physics,0.706839,0.263089,0.501485,0.026211,9.141924,15.000000,0.174533,0.003197
642,text,0.801687,0.263089,0.564452,0.025858,9.145109,15.000000,0.161312,0.004914
643,physics,0.867973,0.253229,0.575383,0.020196,9.151554,15.000000,0.159009,0.004586
644,physics,0.860125,0.277935,0.588332,0.015066,9.153774,15.000000,0.161691,0.004679
645,text,0.797683,0.252998,0.606943,0.030292,9.156202,15.000000,0.156647,0.005232
646,physics,0.867152,0.250363,0.555384,0.018126,9.163862,15.000000,0.149274,0.004510
647,physics,0.860823,0.263089,0.641115,0.013673,9.164725,15.000000,0.147016,0.005931
648,text,0.763364,0.263089,0.490429,0.022853,9.164434,15.000000,0.143782,0.003422
649,physics,0.765854,0.277935,0.525018,0.011507,9.166616,15.000000,0.145126,0.003782
650,physics,0.914631,0.250363,0.616434,0.026411,9.169387,15.000000,0.149055,0.005132
651,physics,0.803502,0.263089,0.576380,0.016383,9.181899,15.000000,0.154884,0.004389
652,physics,0.850224,0.277579,0.601462,0.013284,9.181193,15.000000,0.155969,0.005064
653,text,0.785062,0.252998,0.602018,0.032220,9.186480,15.000000,0.154654,0.005066
654,text,0.892545,0.277579,0.692486,0.069457,9.188500,15.000000,0.162622,0.006404
655,physics,0.773328,0.246406,0.530459,0.008817,9.186317,15.000000,0.154114,0.004164
656,text,0.808759,0.277579,0.622976,0.057728,9.193089,15.000000,0.157469,0.005230
657,physics,0.760989,0.277935,0.552323,0.018384,9.205985,15.000000,0.155050,0.004282
658,physics,0.857674,0.263089,0.597879,0.014333,9.211668,15.000000,0.152965,0.005075
659,text,0.779271,0.277579,0.557624,0.052889,9.214679,15.000000,0.158015,0.004018
660,text,0.844970,0.277935,0.624805,0.039408,9.220480,15.000000,0.165926,0.004975
661,text,0.729428,0.277579,0.519201,0.047695,9.226950,15.000000,0.159736,0.003829
662,text,0.668767,0.263089,0.507627,0.024846,9.233826,15.000000,0.155867,0.003620
663,physics,0.760344,0.252998,0.530703,0.021285,9.242671,15.000000,0.163982,0.003413
664,physics,0.729800,0.263089,0.506896,0.015157,9.253087,15.000000,0.161006,0.003578
665,text,0.782527,0.263089,0.557515,0.026717,9.257718,15.000000,0.156902,0.004451
666,physics,0.854917,0.263089,0.663423,0.015166,9.265823,15.000000,0.164451,0.005867
667,physics,0.854917,0.263089,0.663646,0.015152,9.274540,15.000000,0.183228,0.005278
668,physics,0.810258,0.263089,0.574371,0.008209,9.272121,15.000000,0.177628,0.004708
669,text,0.865529,0.277935,0.642400,0.047511,9.274514,15.000000,0.179943,0.005608
670,text,0.889450,0.288705,0.642944,0.029633,9.276214,15.000000,0.171743,0.006117
671,physics,0.765890,0.263089,0.538336,0.012107,9.279813,15.000000,0.160848,0.004461
672,physics,0.889859,0.277579,0.654622,0.016872,9.282378,15.000000,0.164554,0.005812
673,text,0.814085,0.252998,0.555208,0.025450,9.280506,15.000000,0.153959,0.004711
674,physics,0.850042,0.250363,0.558237,0.014350,9.283269,15.000000,0.161033,0.003944
675,text,0.752011,0.250363,0.541676,0.054199,9.283915,15.000000,0.154431,0.004183
676,physics,0.733953,0.253229,0.539557,0.010875,9.292228,15.000000,0.154414,0.003954
677,text,0.759192,0.277579,0.552260,0.058947,9.299651,15.000000,0.155191,0.004134
678,physics,0.779926,0.252998,0.588546,0.018737,9.311245,15.000000,0.159477,0.004624
679,physics,0.794713,0.277935,0.584977,0.018634,9.322421,15.000000,0.164682,0.004403
680,text,0.819803,0.246406,0.575963,0.053888,9.326752,15.000000,0.161389,0.004565
681,text,0.960856,0.263089,0.711094,0.035917,9.326670,15.000000,0.163828,0.006995
682,text,0.742385,0.252998,0.524670,0.029273,9.326836,15.000000,0.152756,0.004108
683,physics,0.831431,0.252998,0.606644,0.023057,9.336847,15.000000,0.157594,0.004871
684,physics,0.795377,0.277579,0.617407,0.016364,9.345683,15.000000,0.160547,0.005146
685,text,0.794540,0.277579,0.568574,0.056693,9.346199,15.000000,0.160201,0.004457
686,text,0.718038,0.263089,0.540753,0.025607,9.359171,15.000000,0.160714,0.003920
687,text,0.776856,0.252998,0.602480,0.031351,9.368293,15.000000,0.170329,0.004458
688,text,0.853593,0.252998,0.611960,0.028153,9.373950,15.000000,0.169957,0.005087
689,physics,0.737885,0.263534,0.554150,0.018050,9.379271,15.000000,0.169027,0.004084
690,physics,0.901150,0.263089,0.648799,0.012812,9.378643,15.000000,0.172754,0.005606
691,physics,0.903810,0.259508,0.682942,0.020205,9.385411,15.000000,0.178363,0.006251
692,physics,0.852421,0.277935,0.600724,0.015259,9.386293,15.000000,0.170857,0.005263
693,physics,0.744566,0.250363,0.549027,0.013350,9.392888,15.000000,0.176798,0.003758
694,text,0.872921,0.277579,0.640453,0.065795,9.396306,15.000000,0.179050,0.005464
695,text,0.624457,0.288705,0.469535,0.028315,9.399174,15.000000,0.177219,0.002937
696,physics,0.824399,0.277579,0.607788,0.011278,9.405159,15.000000,0.177661,0.004940
697,physics,0.745782,0.252998,0.541186,0.014973,9.420711,15.000000,0.178649,0.003871
698,text,0.773003,0.277579,0.586395,0.060239,9.427009,15.000000,0.185684,0.004216
699,physics,0.747022,0.277579,0.526949,0.011819,9.431409,15.000000,0.177509,0.003961
700,physics,0.896462,0.252998,0.624665,0.020770,9.616239,15.000000,0.174351,0.005469
701,physics,0.800459,0.277579,0.568563,0.010945,9.612910,15.000000,0.165210,0.004822
702,physics,0.789185,0.263089,0.575207,0.019851,9.615682,15.000000,0.164633,0.004643
703,text,0.853229,0.277579,0.625943,0.061227,9.619747,15.000000,0.169177,0.005169
704,physics,0.792554,0.253229,0.555286,0.009910,9.617144,15.000000,0.162433,0.004614
705,text,0.868423,0.263534,0.642884,0.032440,9.624078,15.000000,0.173404,0.005302
706,text,0.723346,0.263089,0.528243,0.025087,9.629729,15.000000,0.173229,0.003748
707,text,0.814791,0.263089,0.580453,0.022956,9.632170,15.000000,0.174818,0.004518
708,text,0.797985,0.252998,0.620311,0.026696,9.641765,15.000000,0.189357,0.004476
709,physics,0.736183,0.277579,0.521090,0.019700,9.646719,15.000000,0.177907,0.004065
710,physics,0.787064,0.252998,0.594102,0.011718,9.645761,15.000000,0.167776,0.005337
711,text,0.808332,0.252998,0.611244,0.027593,9.654381,15.000000,0.164218,0.005315
712,physics,0.735868,0.263089,0.531980,0.013489,9.661030,15.000000,0.169055,0.003597
713,text,0.730004,0.277935,0.524747,0.044563,9.667985,15.000000,0.164808,0.003874
714,physics,0.835953,0.246406,0.634498,0.010987,9.668048,15.000000,0.174191,0.005064
715,text,0.957589,0.263534,0.675397,0.027087,9.679869,15.000000,0.167682,0.006654
716,physics,0.819149,0.246406,0.591866,0.015069,9.682697,15.000000,0.171766,0.004571
717,text,0.791428,0.277579,0.574385,0.066783,9.683064,15.000000,0.167053,0.004732
718,text,0.742238,0.252998,0.570048,0.022162,9.699285,15.000000,0.167103,0.004402
719,physics,0.937723,0.253229,0.707076,0.038010,9.709626,15.000000,0.185521,0.006081
720,text,0.879778,0.259508,0.624733,0.029334,9.720685,15.000000,0.187602,0.005032
721,text,0.791134,0.277579,0.568061,0.069219,9.726063,15.000000,0.185798,0.004346
722,text,0.857090,0.277935,0.605522,0.049048,9.734276,15.000000,0.186362,0.004816
723,text,0.878646,0.288705,0.660176,0.038520,9.741239,15.000000,0.181259,0.006240
724,text,0.730007,0.246406,0.514104,0.050097,9.744244,15.000000,0.180749,0.003462
725,physics,0.817478,0.277579,0.598997,0.013097,9.747724,15.000000,0.173650,0.005261
726,physics,0.777628,0.277935,0.532312,0.015799,9.750301,15.000000,0.169435,0.003964
727,text,0.805206,0.252998,0.570353,0.029885,9.757644,15.000000,0.164876,0.004577
728,physics,0.754642,0.252998,0.531381,0.014291,9.762874,15.000000,0.164869,0.003839
729,text,0.890740,0.277579,0.620325,0.051751,9.765580,15.000000,0.165377,0.005348
730,physics,0.826518,0.252998,0.604732,0.014330,9.772614,15.000000,0.163936,0.005146
731,text,0.860524,0.277579,0.663676,0.069715,9.783813,15.000000,0.168756,0.005850
732,physics,0.696533,0.277579,0.519376,0.020750,9.797423,15.000000,0.171378,0.003513
733,physics,0.853286,0.246406,0.609343,0.027640,9.814814,15.000000,0.181480,0.004539
734,text,0.812333,0.263089,0.569226,0.025678,9.834133,15.000000,0.173110,0.004705
735,text,0.778463,0.288705,0.558023,0.028350,9.834431,15.000000,0.170535,0.004382
736,text,0.944507,0.277579,0.676360,0.054263,9.841785,15.000000,0.170867,0.006353
737,physics,0.790447,0.277935,0.590350,0.011792,9.849026,15.000000,0.178987,0.004285
738,text,0.819215,0.277935,0.634212,0.042825,9.860537,15.000000,0.188699,0.004952
739,physics,0.807414,0.277579,0.613903,0.014474,9.861593,15.000000,0.179129,0.005528
740,physics,0.765164,0.252998,0.565474,0.016959,9.869077,15.000000,0.175501,0.004395
741,text,0.849138,0.288705,0.636380,0.023884,9.881576,15.000000,0.173961,0.005714
742,text,0.888577,0.277935,0.623742,0.024532,9.890732,15.000000,0.179719,0.005048
743,physics,0.793147,0.246406,0.565165,0.011363,9.891966,15.000000,0.167193,0.004738
744,text,0.866922,0.263089,0.620042,0.036169,9.893037,15.000000,0.161929,0.005526
745,physics,0.841256,0.277935,0.591774,0.019316,9.902536,15.000000,0.163439,0.004793
746,text,0.897210,0.277935,0.673274,0.038957,9.907227,15.000000,0.166541,0.006088
747,physics,0.888195,0.246406,0.649700,0.023815,9.910031,15.000000,0.168217,0.005796
748,physics,0.842945,0.277579,0.579182,0.013066,9.913586,15.000000,0.168956,0.004503
749,physics,0.748441,0.246406,0.523569,0.015774,9.913253,15.000000,0.165692,0.003918
750,text,0.747594,0.277935,0.536203,0.033133,9.918482,15.000000,0.165314,0.003949
751,text,0.710496,0.253229,0.518455,0.034118,9.918670,15.000000,0.167531,0.003533
752,text,0.879746,0.250363,0.616004,0.059236,9.921021,15.000000,0.166633,0.005232
753,text,0.827658,0.288705,0.592859,0.027445,9.922922,15.000000,0.161679,0.005080
754,physics,0.894743,0.277579,0.693616,0.034817,9.930474,15.000000,0.169528,0.006334
755,text,0.813181,0.277935,0.587323,0.041910,9.933574,15.000000,0.173461,0.004543
756,physics,0.875494,0.277935,0.604006,0.012676,9.930212,15.000000,0.168015,0.005309
757,physics,0.721445,0.250363,0.481405,0.014770,9.936954,15.000000,0.163166,0.003281
758,physics,0.725380,0.277579,0.510615,0.014440,9.944426,15.000000,0.161429,0.003644
759,text,0.935882,0.252998,0.699144,0.033874,9.946876,15.000000,0.166146,0.006733
760,text,0.800772,0.252998,0.562223,0.031829,9.944974,15.000000,0.163384,0.004476
761,text,0.811205,0.263089,0.634170,0.030353,9.953686,15.000000,0.165217,0.005490
762,physics,0.971957,0.253229,0.709050,0.027832,9.963036,15.000000,0.170841,0.006754
763,physics,0.765910,0.263089,0.577729,0.015840,9.966468,15.000000,0.173250,0.004441
764,text,0.830557,0.263089,0.598972,0.034972,9.968461,15.000000,0.171838,0.004967
765,physics,0.646767,0.277579,0.472376,0.015911,9.975228,15.000000,0.162800,0.003358
766,physics,0.814243,0.252998,0.605171,0.024549,9.978498,15.000000,0.172280,0.004544
767,text,0.860681,0.246406,0.595050,0.050184,9.988227,15.000000,0.176307,0.004695
768,physics,0.706105,0.277579,0.528642,0.010132,9.991326,15.000000,0.168703,0.004167
769,text,0.834866,0.246406,0.569731,0.068961,9.994841,15.000000,0.160217,0.004849
770,physics,0.854917,0.263089,0.672324,0.020132,10.006886,15.000000,0.167437,0.005998
771,physics,0.806575,0.288705,0.596419,0.013793,10.010409,15.000000,0.158655,0.005373
772,text,0.849194,0.277935,0.626164,0.040396,10.019782,15.000000,0.161945,0.005389
773,physics,0.843111,0.263089,0.634923,0.016021,10.021978,15.000000,0.163194,0.005583
774,text,0.871530,0.246406,0.627611,0.047794,10.027952,15.000000,0.168299,0.005293
775,physics,0.842707,0.263534,0.635155,0.027761,10.046530,15.000000,0.169703,0.005630
776,text,0.909381,0.277935,0.686706,0.051404,10.045868,15.000000,0.171456,0.006398
777,text,0.756928,0.253229,0.487194,0.027901,10.043030,15.000000,0.165693,0.003392
778,text,0.819290,0.253229,0.636876,0.032485,10.045092,15.000000,0.164896,0.005503
779,physics,0.848577,0.246406,0.618843,0.012371,10.045016,15.000000,0.164319,0.005267
780,text,0.804849,0.246406,0.626773,0.043121,10.051922,15.000000,0.168217,0.005309
781,physics,0.718038,0.263089,0.547221,0.022037,10.065924,15.000000,0.168763,0.004037
782,text,0.901957,0.246406,0.658006,0.054876,10.077315,15.000000,0.179317,0.005438
783,text,0.854679,0.252998,0.578483,0.026756,10.075916,15.000000,0.165616,0.005068
784,physics,0.870253,0.263089,0.676684,0.013965,10.084213,15.000000,0.174468,0.005874
785,physics,0.850003,0.277935,0.650076,0.019585,10.094608,15.000000,0.185364,0.005216
786,text,0.709780,0.253229,0.530257,0.021878,10.110232,15.000000,0.189327,0.003476
787,physics,0.875732,0.277579,0.617717,0.021727,10.115169,15.000000,0.189624,0.005011
788,physics,0.877039,0.252998,0.627888,0.019454,10.116454,15.000000,0.180468,0.005799
789,physics,0.771868,0.277935,0.544692,0.015599,10.117477,15.000000,0.174305,0.004249
790,physics,0.839418,0.277935,0.597374,0.028427,10.121313,15.000000,0.163207,0.005310
791,text,0.771971,0.263089,0.522717,0.030161,10.119075,15.000000,0.152964,0.004134
792,text,0.791428,0.277579,0.579258,0.064687,10.120317,15.000000,0.157495,0.004474
793,physics,0.810649,0.277935,0.597553,0.027096,10.138069,15.000000,0.154239,0.005113
794,text,0.910675,0.246406,0.636088,0.056140,10.145749,15.000000,0.160582,0.005425
795,text,0.765890,0.263089,0.547354,0.031050,10.149381,15.000000,0.157644,0.004268
796,physics,0.732773,0.277579,0.542522,0.016607,10.150767,15.000000,0.157817,0.003958
797,physics,0.801154,0.277579,0.579744,0.017500,10.155368,15.000000,0.170625,0.003923
798,physics,0.824792,0.277579,0.659023,0.016721,10.159069,15.000000,0.175083,0.005658
799,text,0.836889,0.259508,0.625806,0.018944,10.168046,15.000000,0.176056,0.005282
800,text,0.779768,0.277935,0.536248,0.032093,10.372721,15.000000,0.173534,0.003819
801,text,0.818386,0.277579,0.618648,0.043052,10.374045,15.000000,0.167761,0.005480
802,physics,0.806587,0.263089,0.602676,0.010705,10.380520,15.000000,0.168957,0.004844
803,physics,0.842945,0.277579,0.585498,0.014122,10.384847,15.000000,0.169790,0.004528
804,physics,0.952587,0.263089,0.723660,0.038308,10.402734,15.000000,0.170621,0.007204
805,physics,0.842645,0.277579,0.621487,0.027568,10.404909,15.000000,0.175966,0.004871
806,text,0.737520,0.277579,0.526352,0.034521,10.409213,15.000000,0.167001,0.003887
807,text,0.800271,0.252998,0.571502,0.032656,10.413980,15.000000,0.163042,0.004616
808,physics,0.707740,0.252998,0.510761,0.027050,10.419549,15.000000,0.154621,0.003886
809,physics,0.815331,0.263089,0.595793,0.016304,10.420166,15.000000,0.155284,0.004908
810,physics,0.916229,0.277579,0.635054,0.028780,10.423267,15.000000,0.147300,0.005904
811,text,0.731855,0.288705,0.513474,0.028933,10.422032,15.000000,0.138407,0.003889
812,physics,0.782527,0.263089,0.571212,0.018660,10.428886,15.000000,0.136242,0.004640
813,physics,0.819642,0.277579,0.547038,0.017694,10.431506,15.000000,0.135014,0.004101
814,text,0.789338,0.277579,0.555794,0.036657,10.434922,15.000000,0.140322,0.004152
815,text,0.859399,0.252998,0.615256,0.034985,10.437802,15.000000,0.141858,0.005266
816,text,0.747022,0.277579,0.538528,0.036261,10.444637,15.000000,0.141629,0.003989
817,physics,0.891687,0.252998,0.601170,0.028133,10.450029,15.000000,0.144993,0.004951
818,text,0.845733,0.288705,0.658626,0.016640,10.454248,15.000000,0.158923,0.005300
819,physics,0.897210,0.277935,0.679682,0.027909,10.459693,15.000000,0.165314,0.006053
820,text,0.775596,0.277935,0.561243,0.030265,10.460374,15.000000,0.162107,0.004405
821,physics,0.829339,0.263089,0.630531,0.016546,10.465593,15.000000,0.156792,0.005746
822,physics,0.843738,0.252998,0.615998,0.020428,10.466541,15.000000,0.151868,0.005453
823,physics,0.688146,0.288705,0.502031,0.011910,10.469246,15.000000,0.144848,0.003649
824,physics,0.718450,0.263089,0.524674,0.011656,10.469005,15.000000,0.145038,0.003795
825,physics,0.767126,0.259508,0.585865,0.019568,10.474550,15.000000,0.152090,0.004491
826,text,0.769330,0.277935,0.592022,0.033951,10.481849,15.000000,0.155998,0.004723
827,physics,0.785904,0.288705,0.564505,0.016467,10.482319,15.000000,0.150651,0.004621
828,physics,0.785585,0.253229,0.603979,0.019339,10.486460,15.000000,0.160005,0.004625
829,physics,0.851848,0.277579,0.666832,0.030534,10.500027,15.000000,0.157626,0.006297
830,text,0.796525,0.288705,0.589237,0.023918,10.497225,15.000000,0.158062,0.004738
831,physics,0.786326,0.277579,0.599979,0.011538,10.496559,15.000000,0.158700,0.004868
832,text,0.759985,0.277579,0.556557,0.038168,10.502195,15.000000,0.148732,0.004583
833,physics,0.803802,0.263089,0.596526,0.014990,10.503295,15.000000,0.153229,0.004838
834,physics,0.855349,0.277579,0.624712,0.019455,10.508708,15.000000,0.156443,0.005244
835,text,0.805981,0.277935,0.620311,0.030119,10.521073,15.000000,0.155627,0.005370
836,text,0.772901,0.277579,0.562600,0.035565,10.527557,15.000000,0.157905,0.004289
837,text,0.846302,0.263089,0.624665,0.031312,10.535283,15.000000,0.164481,0.005164
838,text,0.858523,0.277579,0.632793,0.040359,10.546146,15.000000,0.164650,0.005568
839,text,0.777078,0.252998,0.535128,0.036977,10.552185,15.000000,0.160845,0.004094
840,physics,0.857760,0.263089,0.621745,0.023842,10.557898,15.000000,0.161490,0.005528
841,physics,0.952751,0.277579,0.685574,0.031097,10.563004,15.000000,0.159932,0.006686
842,text,0.943663,0.288705,0.737734,0.025905,10.565847,15.000000,0.166241,0.007343
843,text,0.897745,0.277579,0.685785,0.039756,10.575833,15.000000,0.165205,0.006468
844,text,0.799857,0.252998,0.579990,0.030670,10.586799,15.000000,0.172169,0.004322
845,physics,0.857064,0.252998,0.625247,0.019713,10.595592,15.000000,0.177825,0.005135
846,text,0.962998,0.252998,0.708435,0.040199,10.595563,15.000000,0.175527,0.007051
847,physics,1.001985,0.277935,0.736736,0.027048,10.598400,15.000000,0.174954,0.007582
848,text,0.792195,0.277579,0.622334,0.047716,10.607006,15.000000,0.181146,0.005034
849,physics,0.713684,0.250363,0.496345,0.013142,10.605408,15.000000,0.178562,0.003341
850,physics,0.719400,0.277579,0.542838,0.018949,10.617496,15.000000,0.173301,0.004226
851,physics,0.763834,0.277579,0.581866,0.021325,10.626737,15.000000,0.170509,0.004659
852,text,0.629744,0.252998,0.450838,0.026363,10.626680,15.000000,0.164262,0.002895
853,physics,0.765478,0.277935,0.582515,0.033898,10.638090,15.000000,0.175358,0.004034
854,physics,0.816021,0.277579,0.607926,0.042766,10.655816,15.000000,0.179820,0.004844
855,text,0.814200,0.252998,0.623352,0.037391,10.663802,15.000000,0.179307,0.005297
856,text,0.887474,0.263089,0.642494,0.030651,10.673055,15.000000,0.178311,0.005668
857,physics,1.035132,0.263089,0.752571,0.032423,10.683207,15.000000,0.187870,0.007282
858,physics,0.765658,0.246406,0.565568,0.017357,10.690591,15.000000,0.176095,0.004854
859,text,0.694881,0.288705,0.511192,0.024663,10.687595,15.000000,0.168927,0.003764
860,text,0.779738,0.263534,0.588801,0.040637,10.697216,15.000000,0.164253,0.005005
861,text,0.787904,0.277935,0.598345,0.032874,10.703493,15.000000,0.162042,0.005071
862,physics,0.845603,0.277579,0.623195,0.025287,10.709858,15.000000,0.162131,0.005376
863,physics,0.823186,0.277579,0.603635,0.025245,10.713929,15.000000,0.170919,0.004647
864,physics,0.965965,0.277579,0.741324,0.027472,10.716251,15.000000,0.169639,0.007638
865,text,0.664130,0.288705,0.482412,0.020232,10.717167,15.000000,0.165177,0.003238
866,physics,0.743678,0.246406,0.542003,0.027139,10.725058,15.000000,0.159459,0.004278
867,text,0.841745,0.252998,0.616420,0.030551,10.727090,15.000000,0.159839,0.005242
868,physics,0.742655,0.252998,0.535843,0.021706,10.736181,15.000000,0.161283,0.003862
869,text,0.840550,0.263089,0.575043,0.033101,10.735197,15.000000,0.154203,0.004894
870,text,0.805381,0.252998,0.637236,0.024949,10.739360,15.000000,0.159935,0.005508
871,text,0.717662,0.277579,0.536586,0.045292,10.747614,15.000000,0.160046,0.003903
872,text,0.719219,0.252998,0.564436,0.025841,10.767227,15.000000,0.166360,0.004115
873,physics,0.943761,0.277579,0.718372,0.037252,10.781518,15.000000,0.162312,0.007445
874,text,0.861255,0.277579,0.602947,0.051027,10.784587,15.000000,0.158223,0.005186
875,physics,0.758411,0.252998,0.573686,0.020488,10.789716,15.000000,0.152960,0.004786
876,text,0.914310,0.263089,0.706839,0.037255,10.797829,15.000000,0.170380,0.006293
877,text,0.710662,0.288705,0.568423,0.029440,10.800804,15.000000,0.165000,0.004710
878,text,0.842094,0.252998,0.634634,0.036120,10.806362,15.000000,0.170758,0.005311
879,text,0.838823,0.277935,0.664191,0.042092,10.813434,15.000000,0.172150,0.006027
880,physics,0.816679,0.252998,0.602848,0.037703,10.822546,15.000000,0.173320,0.004943
881,physics,0.673349,0.288705,0.516606,0.020932,10.833889,15.000000,0.167055,0.003904
882,physics,0.800763,0.252998,0.559480,0.012389,10.832658,15.000000,0.165761,0.004207
883,text,0.894014,0.277579,0.643229,0.048763,10.834506,15.000000,0.161460,0.006032
884,text,0.861418,0.277579,0.640325,0.054173,10.837802,15.000000,0.160090,0.005897
885,physics,0.731609,0.246406,0.538784,0.029218,10.852820,15.000000,0.159717,0.004065
886,text,0.803641,0.288705,0.612826,0.029692,10.860169,15.000000,0.166654,0.004909
887,physics,0.698631,0.288705,0.568442,0.029299,10.876418,15.000000,0.174187,0.003999
888,text,0.709186,0.263089,0.481372,0.027243,10.880138,15.000000,0.169735,0.003207
889,text,0.864038,0.277579,0.646350,0.047879,10.889292,15.000000,0.168538,0.005888
890,physics,0.787061,0.252998,0.540746,0.025714,10.899035,15.000000,0.160091,0.004343
891,text,0.861568,0.288705,0.656027,0.026076,10.912059,15.000000,0.168587,0.005709
892,physics,0.835953,0.246406,0.642933,0.012911,10.912016,15.000000,0.174090,0.005420
893,physics,0.880750,0.277935,0.681644,0.025214,10.920057,15.000000,0.179234,0.006139
894,physics,0.740542,0.277579,0.554891,0.021046,10.932469,15.000000,0.174327,0.004276
895,text,0.888623,0.288705,0.657298,0.023861,10.937854,15.000000,0.172632,0.006172
896,text,0.834309,0.263089,0.639450,0.031268,10.940312,15.000000,0.180356,0.005172
897,physics,0.848652,0.277579,0.667002,0.024623,10.951860,15.000000,0.184212,0.005934
898,physics,0.732299,0.277579,0.531248,0.010204,10.951816,15.000000,0.180887,0.003943
899,physics,0.845603,0.277579,0.625086,0.026378,10.958845,15.000000,0.175969,0.005616
900,text,0.808285,0.288705,0.558488,0.028942,11.188677,15.000000,0.174669,0.004171
901,physics,0.942942,0.252998,0.677355,0.041679,11.198256,15.000000,0.177714,0.006137
902,text,0.754502,0.250363,0.561547,0.066664,11.201535,15.000000,0.169744,0.004712
903,physics,0.978433,0.277935,0.765275,0.029858,11.209647,15.000000,0.178158,0.007813
904,physics,0.982557,0.252998,0.752909,0.029826,11.213003,15.000000,0.187185,0.007365
905,text,0.813476,0.263534,0.536837,0.041490,11.218140,15.000000,0.173123,0.004527
906,text,0.892228,0.259508,0.693657,0.028948,11.227513,15.000000,0.176958,0.006658
907,physics,0.796674,0.277935,0.632810,0.024110,11.235897,15.000000,0.179548,0.005287
908,physics,0.848050,0.252998,0.618432,0.018951,11.236974,15.000000,0.166743,0.005762
909,physics,0.782494,0.252998,0.574581,0.018797,11.241822,15.000000,0.163464,0.004677
910,physics,0.746830,0.277579,0.567022,0.022445,11.254183,15.000000,0.161779,0.004435
911,physics,0.839699,0.288705,0.625783,0.019582,11.254993,15.000000,0.168694,0.005053
912,physics,0.743959,0.288705,0.547613,0.015948,11.252913,15.000000,0.155203,0.004548
913,physics,0.882100,0.263089,0.658791,0.027769,11.262650,15.000000,0.153595,0.006211
914,physics,0.744061,0.277579,0.565522,0.021019,11.264099,15.000000,0.150390,0.004514
915,text,0.732424,0.252998,0.544833,0.028219,11.270290,15.000000,0.153723,0.004011
916,physics,0.718450,0.263089,0.529537,0.013811,11.270441,15.000000,0.152111,0.003943
917,text,0.767978,0.246406,0.535425,0.054564,11.278411,15.000000,0.157224,0.003756
918,text,0.861211,0.246406,0.563252,0.068118,11.287936,15.000000,0.151422,0.004715
919,physics,0.762472,0.288705,0.617698,0.011757,11.291291,15.000000,0.147590,0.005483
920,physics,0.687687,0.288705,0.510009,0.022356,11.304740,15.000000,0.156010,0.003199
921,text,0.760142,0.263534,0.547857,0.030575,11.311224,15.000000,0.147182,0.004506
922,text,0.763373,0.252998,0.562561,0.027637,11.328160,15.000000,0.145365,0.004446
923,physics,0.885996,0.250363,0.640155,0.039760,11.337692,15.000000,0.154540,0.005388
924,physics,0.831784,0.263089,0.579486,0.023468,11.341591,15.000000,0.145571,0.005030
925,text,0.771811,0.252998,0.550032,0.028021,11.340876,15.000000,0.146146,0.004165
926,text,0.819781,0.252998,0.607564,0.026741,11.344134,15.000000,0.146426,0.005080
927,text,0.862907,0.252998,0.681172,0.026943,11.346501,15.000000,0.156288,0.006186
928,physics,0.731095,0.277579,0.504938,0.029406,11.352155,15.000000,0.151606,0.003721
929,text,0.654363,0.277935,0.496005,0.036010,11.360460,15.000000,0.147460,0.003533
930,text,0.913899,0.277579,0.700821,0.066297,11.373524,15.000000,0.151960,0.006790
931,text,0.893335,0.288705,0.712919,0.034818,11.378298,15.000000,0.155663,0.007082
932,physics,0.762472,0.288705,0.618300,0.011771,11.382290,15.000000,0.163511,0.004930
933,physics,0.732258,0.252998,0.510746,0.032207,11.385502,15.000000,0.156003,0.003880
934,text,0.793380,0.263089,0.595525,0.032407,11.391036,15.000000,0.157436,0.004837
935,physics,0.812222,0.277935,0.623274,0.021762,11.391474,15.000000,0.157709,0.005450
936,physics,0.778604,0.252998,0.568480,0.023913,11.400033,15.000000,0.159041,0.004381
937,text,0.901150,0.263089,0.670864,0.026059,11.402224,15.000000,0.162811,0.006118
938,text,0.949147,0.263089,0.707791,0.022094,11.401538,15.000000,0.169314,0.006759
939,text,0.888909,0.288705,0.695460,0.036033,11.411651,15.000000,0.166360,0.006911
940,text,0.822593,0.259508,0.601873,0.025914,11.415950,15.000000,0.166771,0.005103
941,text,0.845733,0.288705,0.665908,0.017346,11.421152,15.000000,0.176324,0.005529
942,physics,0.752197,0.252998,0.568612,0.043855,11.438467,15.000000,0.173960,0.004472
943,text,0.743952,0.263089,0.573797,0.025426,11.445344,15.000000,0.167400,0.004707
944,text,0.813470,0.252998,0.593186,0.023206,11.451262,15.000000,0.159199,0.005313
945,text,0.723346,0.263089,0.542671,0.022347,11.459485,15.000000,0.155564,0.004212
946,text,0.877103,0.263089,0.651257,0.028720,11.462880,15.000000,0.160196,0.005802
947,physics,0.827871,0.263089,0.619564,0.028296,11.473895,15.000000,0.164196,0.005024
948,physics,0.841507,0.277579,0.623429,0.025200,11.480475,15.000000,0.163268,0.005430
949,physics,0.805206,0.252998,0.585934,0.027901,11.491017,15.000000,0.166943,0.004526
950,physics,0.707340,0.252998,0.520700,0.024282,11.502250,15.000000,0.157960,0.004053
951,physics,0.792481,0.259508,0.546946,0.029282,11.504152,15.000000,0.147058,0.004594
952,physics,0.764856,0.277935,0.623532,0.050913,11.523149,15.000000,0.158934,0.004930
953,text,0.820529,0.277579,0.632374,0.063562,11.528435,15.000000,0.159413,0.005552
954,physics,0.851214,0.277579,0.614190,0.022553,11.532594,15.000000,0.154798,0.005497
955,physics,0.805397,0.252998,0.616332,0.029482,11.546781,15.000000,0.161989,0.004961
956,text,0.831533,0.277935,0.657480,0.035889,11.554307,15.000000,0.170634,0.005576
957,physics,0.758300,0.263089,0.535732,0.016114,11.553886,15.000000,0.158399,0.004405
958,text,0.779738,0.263534,0.593939,0.031353,11.564948,15.000000,0.156222,0.005063
959,text,0.744329,0.277935,0.553478,0.033173,11.565574,15.000000,0.157626,0.004146
960,physics,0.844559,0.263089,0.640399,0.023198,11.573705,15.000000,0.163606,0.005466
961,physics,0.728385,0.263089,0.546604,0.012236,11.576978,15.000000,0.160428,0.004238
962,physics,0.793147,0.246406,0.577160,0.015649,11.579290,15.000000,0.165997,0.004285
963,text,0.812222,0.277935,0.624479,0.041537,11.580483,15.000000,0.163254,0.005528
964,text,0.705993,0.263089,0.541519,0.018563,11.593895,15.000000,0.162427,0.003923
965,text,0.755311,0.277579,0.596795,0.058379,11.593740,15.000000,0.167582,0.004709
966,text,0.879746,0.250363,0.630212,0.051318,11.597273,15.000000,0.167686,0.005433
967,text,0.811545,0.277579,0.621820,0.058523,11.600487,15.000000,0.175349,0.005008
968,text,0.779371,0.277579,0.602173,0.051814,11.615082,15.000000,0.170111,0.005192
969,physics,0.850795,0.288705,0.622209,0.032332,11.625695,15.000000,0.168521,0.005330
970,physics,0.916009,0.288705,0.683035,0.032613,11.630200,15.000000,0.150479,0.007379
971,physics,0.763705,0.288705,0.601922,0.021783,11.632477,15.000000,0.148773,0.005194
972,physics,0.874221,0.277579,0.664789,0.032070,11.638504,15.000000,0.153853,0.006122
973,text,0.765164,0.252998,0.579725,0.031563,11.648726,15.000000,0.161602,0.004231
974,physics,0.857717,0.263089,0.631169,0.037085,11.655826,15.000000,0.166956,0.005232
975,physics,0.678287,0.277579,0.534756,0.019255,11.663010,15.000000,0.166909,0.003816
976,text,0.806633,0.252998,0.566085,0.031261,11.671159,15.000000,0.168756,0.004253
977,physics,0.796434,0.288705,0.580151,0.026263,11.678491,15.000000,0.168489,0.004630
978,text,0.791335,0.252998,0.617697,0.030220,11.684636,15.000000,0.160005,0.005609
979,physics,0.775121,0.246406,0.557751,0.019569,11.687990,15.000000,0.162484,0.004109
980,physics,0.715398,0.263089,0.548489,0.021031,11.694812,15.000000,0.164064,0.003935
981,physics,0.913899,0.277579,0.703115,0.036685,11.708968,15.000000,0.154422,0.007311
982,text,0.743553,0.252998,0.540685,0.027962,11.708335,15.000000,0.151801,0.004166
983,text,0.767060,0.288705,0.574567,0.025084,11.709262,15.000000,0.146519,0.004643
984,text,0.913899,0.277579,0.703381,0.060336,11.724339,15.000000,0.154935,0.006591
985,physics,0.863558,0.263089,0.644162,0.020302,11.726293,15.000000,0.155782,0.005786
986,physics,0.621592,0.246406,0.470215,0.035178,11.739162,15.000000,0.153971,0.003011
987,physics,0.834053,0.277935,0.601164,0.019088,11.743513,15.000000,0.155836,0.004987
988,physics,0.856200,0.252998,0.605314,0.024823,11.747597,15.000000,0.153291,0.005173
989,text,0.760463,0.250363,0.543826,0.047254,11.750785,15.000000,0.146463,0.004407
990,text,0.845976,0.259508,0.637808,0.023719,11.755011,15.000000,0.149000,0.005666
991,physics,0.824758,0.288705,0.600370,0.016912,11.756507,15.000000,0.150498,0.004971
992,physics,0.772046,0.277935,0.576829,0.020262,11.760302,15.000000,0.143386,0.004893
993,physics,0.742358,0.263089,0.553995,0.027820,11.776370,15.000000,0.145236,0.004159
994,text,0.759985,0.277579,0.565532,0.054627,11.783842,15.000000,0.135665,0.004765
995,text,0.848148,0.263089,0.653498,0.031378,11.797949,15.000000,0.143766,0.005697
996,text,0.806246,0.252998,0.565318,0.029942,11.802777,15.000000,0.142078,0.004434
997,text,0.816420,0.263089,0.613259,0.028921,11.812080,15.000000,0.133309,0.005628
998,physics,0.737173,0.263089,0.535228,0.016330,11.818729,15.000000,0.140931,0.003689
999,text,0.714637,0.252998,0.507984,0.021828,11.822054,15.000000,0.142196,0.003487
1000,text,0.747022,0.277579,0.549579,0.059099,12.094201,15.000000,0.145939,0.004035
1001,physics,0.781488,0.288705,0.602081,0.015005,12.094035,15.000000,0.150025,0.005008
1002,text,0.901536,0.277579,0.705711,0.057501,12.099375,15.000000,0.155543,0.006653
1003,text,0.766529,0.277579,0.582352,0.055374,12.102423,15.000000,0.150414,0.004842
1004,physics,0.673891,0.277579,0.537006,0.012240,12.105158,15.000000,0.162142,0.003446
1005,physics,0.757599,0.252998,0.582699,0.034713,12.114160,15.000000,0.167780,0.004411
1006,physics,0.773263,0.252998,0.546739,0.011405,12.110650,15.000000,0.157553,0.004524
1007,physics,0.767795,0.252998,0.596004,0.030439,12.114119,15.000000,0.152534,0.005239
1008,text,0.738585,0.252998,0.590011,0.025744,12.132243,15.000000,0.164507,0.004183
1009,text,0.780841,0.277579,0.582283,0.059847,12.134567,15.000000,0.162143,0.004755
1010,physics,0.827122,0.277579,0.647794,0.019933,12.137363,15.000000,0.161232,0.005975
1011,text,0.700530,0.252998,0.508785,0.031167,12.138782,15.000000,0.155844,0.003709
1012,physics,0.709871,0.246406,0.498016,0.036572,12.146251,15.000000,0.145559,0.003860
1013,physics,0.854880,0.288705,0.641319,0.025808,12.150192,15.000000,0.151056,0.005583
1014,text,0.923978,0.277579,0.664212,0.063753,12.167199,15.000000,0.165883,0.005368
1015,text,0.882276,0.252998,0.685680,0.038279,12.177383,15.000000,0.171766,0.006167
1016,physics,0.779596,0.252998,0.612914,0.027044,12.187376,15.000000,0.163092,0.005491
1017,physics,0.856434,0.253229,0.634067,0.026480,12.191440,15.000000,0.154338,0.005986
1018,physics,0.713051,0.252998,0.542038,0.031834,12.198168,15.000000,0.154117,0.003946
1019,physics,0.652873,0.277935,0.510703,0.016493,12.200328,15.000000,0.156947,0.003375
1020,physics,0.872095,0.263089,0.647050,0.020355,12.204320,15.000000,0.150397,0.006180
1021,text,0.876813,0.246406,0.647881,0.042622,12.210909,15.000000,0.154953,0.005613
1022,physics,0.806998,0.277579,0.602289,0.016122,12.213159,15.000000,0.152128,0.005084
1023,physics,0.822963,0.252998,0.616985,0.053152,12.232642,15.000000,0.154725,0.005169
1024,text,0.813087,0.252998,0.594669,0.025310,12.243097,15.000000,0.152306,0.004965
1025,text,0.708911,0.246406,0.508785,0.046271,12.245694,15.000000,0.151667,0.003519
1026,text,0.782568,0.259508,0.591265,0.022853,12.255458,15.000000,0.153534,0.004871
1027,physics,0.828585,0.252998,0.658207,0.021674,12.257904,15.000000,0.151921,0.006256
1028,physics,0.798016,0.277579,0.591988,0.032570,12.268730,15.000000,0.151616,0.004909
1029,physics,0.851848,0.277579,0.678541,0.044945,12.287374,15.000000,0.169625,0.005689
1030,physics,0.828381,0.288705,0.625318,0.018852,12.286159,15.000000,0.173287,0.005248
1031,text,0.805902,0.263089,0.566838,0.030879,12.285533,15.000000,0.166030,0.004626
1032,physics,0.851259,0.263089,0.637665,0.030144,12.290941,15.000000,0.160019,0.005911
1033,physics,0.662923,0.263089,0.488155,0.011775,12.291317,15.000000,0.154495,0.003415
1034,physics,0.802145,0.288705,0.614476,0.024741,12.295932,15.000000,0.162562,0.004881
1035,physics,0.695758,0.253229,0.515778,0.016594,12.301799,15.000000,0.164973,0.003527
1036,text,0.908865,0.263089,0.695862,0.024336,12.313774,15.000000,0.173057,0.006433
1037,text,0.794926,0.277579,0.550878,0.064317,12.315775,15.000000,0.172955,0.004041
1038,text,0.888933,0.263089,0.676648,0.028872,12.327750,15.000000,0.183262,0.005733
1039,text,0.767060,0.288705,0.577978,0.026426,12.328770,15.000000,0.173612,0.004755
1040,text,0.763781,0.288705,0.562179,0.029294,12.328888,15.000000,0.169389,0.004347
1041,text,0.783055,0.277579,0.602654,0.061966,12.340484,15.000000,0.177507,0.004525
1042,text,0.837896,0.277935,0.642596,0.038753,12.347500,15.000000,0.166398,0.006125
1043,physics,0.815598,0.252998,0.605227,0.030244,12.358822,15.000000,0.172758,0.004708
1044,physics,0.828488,0.277579,0.638052,0.023097,12.361005,15.000000,0.170023,0.005856
1045,physics,0.818571,0.288705,0.616647,0.019676,12.360376,15.000000,0.167406,0.005394
1046,physics,0.779393,0.288705,0.622292,0.026286,12.363728,15.000000,0.167933,0.005277
1047,text,0.772046,0.277935,0.580358,0.035212,12.368574,15.000000,0.164287,0.004722
1048,text,0.800772,0.252998,0.579828,0.029833,12.368134,15.000000,0.162616,0.004691
1049,physics,0.710496,0.253229,0.533093,0.015507,12.368797,15.000000,0.164315,0.003741
1050,text,0.801283,0.277579,0.593298,0.046571,12.384166,15.000000,0.153558,0.005330
1051,text,0.660375,0.277579,0.481188,0.045455,12.388677,15.000000,0.154387,0.003033
1052,text,0.737173,0.263089,0.538438,0.026732,12.395569,15.000000,0.150552,0.004075
1053,text,0.740271,0.277579,0.559181,0.048728,12.406602,15.000000,0.157083,0.003965
1054,physics,0.808890,0.288705,0.636126,0.036143,12.423816,15.000000,0.164249,0.005235
1055,physics,0.872771,0.263089,0.609151,0.045257,12.437688,15.000000,0.160623,0.005229
1056,text,0.848148,0.263089,0.657399,0.033421,12.454355,15.000000,0.168859,0.005554
1057,physics,0.708615,0.252998,0.479010,0.045565,12.459154,15.000000,0.155285,0.003590
1058,physics,0.740271,0.277579,0.559490,0.028867,12.471233,15.000000,0.165919,0.003750
1059,physics,0.764751,0.263089,0.542164,0.027939,12.473637,15.000000,0.163324,0.004077
1060,physics,0.902881,0.277579,0.662780,0.025901,12.476092,15.000000,0.171365,0.005634
1061,text,0.843116,0.252998,0.619271,0.032165,12.479780,15.000000,0.169970,0.005236
1062,text,0.789185,0.263089,0.595214,0.030594,12.485142,15.000000,0.157240,0.005396
1063,text,0.775349,0.277579,0.619272,0.051220,12.502133,15.000000,0.156297,0.005283
1064,physics,0.812596,0.263534,0.633156,0.026853,12.506017,15.000000,0.152733,0.005709
1065,text,0.833886,0.263089,0.627201,0.026383,12.513792,15.000000,0.145576,0.005826
1066,text,0.889338,0.246406,0.635688,0.056990,12.517489,15.000000,0.145132,0.005713
1067,physics,0.786326,0.277579,0.610899,0.015242,12.516747,15.000000,0.147428,0.005064
1068,text,0.757400,0.253229,0.545791,0.035655,12.524013,15.000000,0.148648,0.003999
1069,physics,0.852582,0.259508,0.664769,0.059093,12.539459,15.000000,0.159079,0.005700
1070,text,0.778871,0.263089,0.598663,0.020552,12.560474,15.000000,0.163874,0.004715
1071,physics,0.757672,0.277579,0.568816,0.014827,12.560529,15.000000,0.153728,0.004742
1072,physics,0.793331,0.277935,0.632466,0.040849,12.575833,15.000000,0.164826,0.004861
1073,physics,0.884237,0.277579,0.638396,0.021446,12.576844,15.000000,0.169607,0.005262
1074,text,0.649656,0.277579,0.468994,0.040813,12.578067,15.000000,0.154167,0.003406
1075,physics,0.649656,0.277579,0.469142,0.016508,12.579984,15.000000,0.150745,0.002976
1076,physics,0.872668,0.250363,0.643831,0.049224,12.586244,15.000000,0.142188,0.006073
1077,physics,0.851214,0.277579,0.621696,0.027351,12.592426,15.000000,0.142657,0.005444
1078,text,0.863127,0.277579,0.675480,0.047630,12.592468,15.000000,0.145745,0.006350
1079,physics,0.812713,0.277579,0.612340,0.023514,12.595648,15.000000,0.146278,0.005209
1080,text,0.774798,0.246406,0.558463,0.074131,12.604386,15.000000,0.138178,0.004621
1081,text,0.860823,0.263089,0.669796,0.039541,12.607632,15.000000,0.145755,0.006082
1082,physics,0.838244,0.246406,0.638903,0.027973,12.617055,15.000000,0.158286,0.005152
1083,text,0.698231,0.277579,0.474024,0.038372,12.630689,15.000000,0.149135,0.003413
1084,physics,0.848926,0.288705,0.641220,0.074727,12.652544,15.000000,0.160317,0.005204
1085,physics,0.855142,0.263089,0.652353,0.044347,12.663685,15.000000,0.170900,0.005396
1086,physics,0.817876,0.252998,0.632222,0.033929,12.669527,15.000000,0.162676,0.005764
1087,text,0.707095,0.252998,0.521117,0.037646,12.673683,15.000000,0.156950,0.003839
1088,text,0.697548,0.253229,0.482434,0.033048,12.674779,15.000000,0.151637,0.003299
1089,text,0.787972,0.259508,0.573476,0.023199,12.679641,15.000000,0.154789,0.004407
1090,physics,0.690735,0.277935,0.550779,0.020123,12.686259,15.000000,0.147985,0.004450
1091,text,0.880057,0.250363,0.632154,0.055259,12.692910,15.000000,0.140636,0.005934
1092,text,0.780281,0.250363,0.537853,0.055029,12.695736,15.000000,0.129906,0.004446
1093,text,0.754421,0.277579,0.560350,0.064627,12.698008,15.000000,0.127967,0.004341
1094,physics,0.816808,0.252998,0.630009,0.021274,12.702813,15.000000,0.137181,0.005254
1095,physics,0.737451,0.277935,0.581886,0.045086,12.718592,15.000000,0.133953,0.004788
1096,physics,0.873681,0.277579,0.678056,0.021463,12.723371,15.000000,0.145775,0.005872
1097,physics,0.871995,0.252998,0.680427,0.055464,12.745859,15.000000,0.149754,0.006225
1098,text,0.809874,0.246406,0.551822,0.058539,12.761013,15.000000,0.146584,0.004351
1099,text,0.879746,0.250363,0.636719,0.050510,12.765045,15.000000,0.150655,0.005503
1100,physics,0.839582,0.277579,0.637059,0.041960,13.057345,15.000000,0.150668,0.005658
1101,physics,0.796545,0.246406,0.584917,0.048127,13.069188,15.000000,0.154881,0.004507
1102,text,0.762510,0.263089,0.552091,0.033381,13.071408,15.000000,0.152637,0.004251
1103,physics,0.801723,0.288705,0.610398,0.011207,13.068568,15.000000,0.147379,0.005435
1104,text,0.712386,0.252998,0.528108,0.022970,13.071714,15.000000,0.147527,0.003820
1105,physics,0.836257,0.250363,0.609083,0.025302,13.076054,15.000000,0.139527,0.005499
1106,physics,0.736387,0.263089,0.546215,0.015425,13.075994,15.000000,0.140920,0.004110
1107,text,0.785452,0.277579,0.603787,0.074918,13.093633,15.000000,0.138814,0.005275
1108,physics,0.910278,0.277579,0.709697,0.030897,13.100947,15.000000,0.150957,0.006717
1109,text,0.776026,0.252998,0.578658,0.031414,13.109170,15.000000,0.144545,0.005003
1110,text,0.790816,0.250363,0.572932,0.054671,13.109524,15.000000,0.150792,0.004292
1111,physics,0.783810,0.288705,0.580806,0.033344,13.113168,15.000000,0.153091,0.004607
1112,text,0.788741,0.288705,0.579266,0.030502,13.114885,15.000000,0.144117,0.004913
1113,physics,0.824758,0.288705,0.608100,0.020204,13.116893,15.000000,0.147744,0.004986
1114,text,0.737360,0.277935,0.530352,0.039661,13.125248,15.000000,0.147945,0.003796
1115,physics,0.782494,0.252998,0.585001,0.025201,13.131120,15.000000,0.144713,0.004920
1116,text,0.846302,0.263089,0.641477,0.029209,13.142342,15.000000,0.150897,0.005605
1117,text,0.663136,0.263089,0.507046,0.024290,13.140547,15.000000,0.145215,0.003737
1118,text,0.877427,0.259508,0.712820,0.026673,13.153416,15.000000,0.157633,0.006596
1119,text,0.731995,0.259508,0.579897,0.025713,13.165234,15.000000,0.160395,0.004437
1120,text,0.667106,0.246406,0.495124,0.044762,13.172551,15.000000,0.161904,0.003206
1121,text,0.836351,0.246406,0.616631,0.055093,13.176621,15.000000,0.157859,0.005465
1122,physics,0.874221,0.277579,0.673284,0.044787,13.184903,15.000000,0.155875,0.006465
1123,physics,0.689851,0.288705,0.509941,0.020813,13.189797,15.000000,0.150341,0.003657
1124,text,0.949431,0.252998,0.701277,0.029878,13.193553,15.000000,0.145976,0.007108
1125,text,0.828947,0.277579,0.659792,0.065226,13.219872,15.000000,0.151631,0.005937
1126,text,0.801190,0.277579,0.634055,0.057463,13.227531,15.000000,0.162636,0.005141
1127,text,0.709755,0.252998,0.545518,0.030334,13.233483,15.000000,0.165450,0.003900
1128,text,0.917352,0.246406,0.677768,0.046977,13.249856,15.000000,0.179351,0.005566
1129,text,0.738434,0.263089,0.526967,0.023055,13.254259,15.000000,0.173900,0.003844
1130,physics,0.614777,0.252998,0.483883,0.017682,13.262092,15.000000,0.166480,0.003288
1131,text,0.788741,0.288705,0.580020,0.029467,13.264487,15.000000,0.154124,0.005033
1132,text,0.800069,0.252998,0.603403,0.029653,13.271359,15.000000,0.160098,0.004816
1133,text,0.961566,0.263089,0.724882,0.036133,13.271536,15.000000,0.160104,0.007470
1134,physics,0.737408,0.288705,0.557342,0.022271,13.281527,15.000000,0.164423,0.004030
1135,text,0.811306,0.277579,0.649903,0.070534,13.300113,15.000000,0.172533,0.005507
1136,text,0.626713,0.288705,0.482056,0.028011,13.300078,15.000000,0.170471,0.003139
1137,physics,0.709645,0.288705,0.521013,0.016837,13.300270,15.000000,0.168147,0.003790
1138,text,0.921564,0.252998,0.700868,0.029697,13.306956,15.000000,0.166236,0.007056
1139,physics,0.869810,0.263089,0.600091,0.021407,13.306308,15.000000,0.160075,0.005244
1140,physics,0.762618,0.277935,0.608293,0.015948,13.308202,15.000000,0.160261,0.005065
1141,text,0.713051,0.252998,0.546524,0.024333,13.315663,15.000000,0.168239,0.003678
1142,physics,0.757517,0.277935,0.561190,0.019459,13.315072,15.000000,0.163410,0.004431
1143,text,0.734600,0.263089,0.554113,0.025949,13.330725,15.000000,0.156988,0.004431
1144,text,0.793476,0.263089,0.621591,0.020096,13.345535,15.000000,0.156075,0.005491
1145,text,0.904175,0.288705,0.692761,0.027732,13.359529,15.000000,0.161943,0.006598
1146,physics,0.732299,0.277579,0.543670,0.012964,13.359125,15.000000,0.156419,0.004317
1147,physics,0.782579,0.288705,0.595568,0.028480,13.367065,15.000000,0.157436,0.004808
1148,text,0.910675,0.246406,0.657991,0.050250,13.377889,15.000000,0.158961,0.006008
1149,physics,0.837764,0.252998,0.649041,0.021388,13.381636,15.000000,0.165147,0.005535
1150,physics,0.764321,0.277579,0.611418,0.056587,13.391990,15.000000,0.164148,0.005234
1151,text,0.752706,0.263089,0.539549,0.027198,13.393483,15.000000,0.161930,0.004064
1152,physics,0.940563,0.263089,0.673438,0.057132,13.404658,15.000000,0.158068,0.006532
1153,text,0.793141,0.277935,0.595589,0.030911,13.415711,15.000000,0.152662,0.005227
1154,text,0.851299,0.277579,0.649115,0.063768,13.424930,15.000000,0.149643,0.006101
1155,physics,0.824758,0.288705,0.609995,0.020837,13.427723,15.000000,0.160396,0.004750
1156,text,0.780906,0.263089,0.582924,0.026854,13.439620,15.000000,0.155918,0.004926
1157,text,0.809489,0.277579,0.635493,0.058859,13.460115,15.000000,0.164808,0.005197
1158,text,0.873606,0.277579,0.649809,0.045044,13.463359,15.000000,0.150623,0.006383
1159,text,0.877103,0.263089,0.662617,0.035964,13.468343,15.000000,0.145296,0.006439
1160,physics,0.775997,0.277579,0.584244,0.074812,13.489120,15.000000,0.145650,0.004798
1161,physics,0.754421,0.277579,0.563767,0.022175,13.492025,15.000000,0.142477,0.004422
1162,text,0.775596,0.277935,0.580126,0.029997,13.495248,15.000000,0.138368,0.004884
1163,text,0.897527,0.252998,0.621358,0.038568,13.503035,15.000000,0.148475,0.005084
1164,text,0.855142,0.263089,0.656716,0.033195,13.515739,15.000000,0.156255,0.005729
1165,physics,0.756094,0.259508,0.586169,0.020550,13.520306,15.000000,0.155764,0.004700
1166,text,0.838972,0.277579,0.659931,0.053962,13.529835,15.000000,0.153397,0.006054
1167,physics,0.768442,0.252998,0.606315,0.042163,13.544501,15.000000,0.154685,0.005075
1168,text,0.779871,0.277579,0.591605,0.042263,13.547471,15.000000,0.152469,0.004869
1169,physics,0.803802,0.263089,0.613434,0.025223,13.549806,15.000000,0.153171,0.005288
1170,physics,0.874771,0.277579,0.667965,0.092954,13.564756,15.000000,0.153792,0.006282
1171,text,0.812039,0.277579,0.653920,0.041809,13.573397,15.000000,0.163805,0.005550
1172,text,0.819284,0.277579,0.619527,0.044444,13.575248,15.000000,0.154181,0.005670
1173,physics,0.850421,0.263534,0.640956,0.063541,13.592218,15.000000,0.158443,0.005448
1174,physics,0.740947,0.259508,0.607203,0.033783,13.607355,15.000000,0.162577,0.004868
1175,physics,0.779596,0.252998,0.618698,0.035658,13.619561,15.000000,0.171325,0.004850
1176,physics,0.858928,0.277579,0.703691,0.074508,13.653029,15.000000,0.179124,0.006465
1177,text,0.857263,0.263534,0.654889,0.027632,13.673925,15.000000,0.178867,0.005719
1178,physics,0.779004,0.277935,0.577410,0.029044,13.677107,15.000000,0.173404,0.004725
1179,text,0.862617,0.277579,0.683606,0.044499,13.689934,15.000000,0.175430,0.006251
1180,text,0.828062,0.253229,0.605597,0.039424,13.694921,15.000000,0.172712,0.005024
1181,text,0.860695,0.246406,0.627798,0.071808,13.696701,15.000000,0.174050,0.005410
1182,text,0.892634,0.252998,0.646837,0.031138,13.700537,15.000000,0.172486,0.005811
1183,text,0.655141,0.259508,0.498190,0.017825,13.707231,15.000000,0.170840,0.003293
1184,physics,0.875949,0.277579,0.658230,0.057834,13.718213,15.000000,0.171342,0.005872
1185,physics,0.801283,0.277579,0.600008,0.054884,13.736382,15.000000,0.170532,0.005009
1186,physics,0.760378,0.277579,0.574324,0.015198,13.735370,15.000000,0.160583,0.004878
1187,text,0.836052,0.277579,0.617224,0.039947,13.745679,15.000000,0.162967,0.005197
1188,physics,0.818500,0.263089,0.624498,0.045192,13.759306,15.000000,0.170721,0.004989
1189,physics,0.764899,0.252998,0.569990,0.075794,13.790409,15.000000,0.162448,0.004698
1190,physics,0.929048,0.252998,0.724213,0.037231,13.794563,15.000000,0.171013,0.006966
1191,text,0.857080,0.263534,0.699454,0.026000,13.811408,15.000000,0.186813,0.005845
1192,physics,0.760493,0.277579,0.587993,0.024273,13.817262,15.000000,0.183460,0.004759
1193,text,0.823224,0.277579,0.635489,0.053476,13.819698,15.000000,0.175797,0.005887
1194,physics,0.767126,0.259508,0.600317,0.036147,13.827284,15.000000,0.173020,0.005018
1195,text,0.804475,0.246406,0.588586,0.063913,13.824151,15.000000,0.169064,0.004922
1196,physics,0.904308,0.277579,0.698980,0.043813,13.832472,15.000000,0.162175,0.007227
1197,text,0.798431,0.250363,0.574850,0.061686,13.832679,15.000000,0.164430,0.004348
1198,text,0.881819,0.246406,0.635557,0.060571,13.840975,15.000000,0.171152,0.005275
1199,text,0.819803,0.246406,0.605408,0.054557,13.851360,15.000000,0.174476,0.004757
1200,text,0.857759,0.263089,0.654435,0.021451,14.092185,15.000000,0.178714,0.005520
1201,physics,0.957589,0.263534,0.712115,0.066261,14.112933,15.000000,0.171709,0.007451
1202,text,0.901957,0.246406,0.682491,0.054883,14.129926,15.000000,0.176717,0.006149
1203,text,0.835072,0.250363,0.600400,0.048576,14.129369,15.000000,0.168726,0.005361
1204,physics,0.808735,0.277579,0.608446,0.036534,14.137256,15.000000,0.164854,0.005221
1205,physics,0.862617,0.277579,0.685588,0.041129,14.151287,15.000000,0.176553,0.005928
1206,physics,0.647588,0.263089,0.476342,0.023296,14.154288,15.000000,0.167321,0.003413
1207,physics,0.849194,0.277935,0.654901,0.039611,14.169125,15.000000,0.163813,0.006192
1208,physics,0.748441,0.246406,0.544513,0.037591,14.172816,15.000000,0.156125,0.004488
1209,text,0.794996,0.277579,0.617197,0.070931,14.174756,15.000000,0.158279,0.005220
1210,text,0.792047,0.277935,0.598110,0.039418,14.171463,15.000000,0.157287,0.005011
1211,physics,0.723346,0.263089,0.554171,0.028298,14.181496,15.000000,0.148922,0.004531
1212,text,0.822593,0.259508,0.614138,0.030439,14.185746,15.000000,0.145961,0.005513
1213,text,0.759278,0.277579,0.578940,0.068293,14.188387,15.000000,0.151897,0.004444
1214,text,0.712386,0.252998,0.532577,0.022440,14.193684,15.000000,0.155800,0.003720
1215,text,0.817933,0.277935,0.591948,0.039703,14.201303,15.000000,0.151185,0.005046
1216,physics,0.783055,0.277579,0.610662,0.060517,14.218779,15.000000,0.157990,0.004872
1217,text,0.872668,0.250363,0.650579,0.058102,14.226919,15.000000,0.158949,0.005883
1218,text,0.901557,0.277935,0.700724,0.044278,14.230540,15.000000,0.157817,0.006906
1219,physics,0.796919,0.246406,0.542312,0.022894,14.231343,15.000000,0.145570,0.004536
1220,text,0.764751,0.263089,0.549838,0.030536,14.235469,15.000000,0.140522,0.004415
1221,physics,0.943663,0.288705,0.758426,0.044808,14.238498,15.000000,0.152327,0.007619
1222,physics,0.743553,0.252998,0.551542,0.025247,14.239886,15.000000,0.149172,0.004282
1223,physics,0.849057,0.277579,0.658162,0.039811,14.250515,15.000000,0.149766,0.006062
1224,physics,0.853172,0.263089,0.650692,0.031021,14.256059,15.000000,0.147887,0.006076
1225,text,0.886402,0.277579,0.686380,0.066930,14.264399,15.000000,0.153834,0.006315
1226,physics,0.848577,0.246406,0.640143,0.026392,14.264936,15.000000,0.141834,0.006203
1227,text,0.763651,0.246406,0.574912,0.053811,14.280473,15.000000,0.140745,0.004674
1228,text,0.779889,0.252998,0.588602,0.034568,14.291444,15.000000,0.145534,0.004626
1229,physics,0.854880,0.288705,0.652401,0.037629,14.296972,15.000000,0.146305,0.005970
1230,physics,0.970665,0.277579,0.683278,0.036983,14.301335,15.000000,0.147336,0.006546
1231,text,0.780841,0.277579,0.591962,0.065505,14.304136,15.000000,0.148888,0.004821
1232,text,0.876813,0.246406,0.656950,0.048125,14.313103,15.000000,0.152350,0.005861
1233,physics,0.869810,0.263089,0.605278,0.022978,14.312697,15.000000,0.148976,0.005167
1234,text,0.736796,0.252998,0.551493,0.033200,14.316269,15.000000,0.153205,0.003912
1235,text,0.707375,0.263089,0.538684,0.021356,14.327099,15.000000,0.151266,0.004127
1236,text,0.822864,0.277935,0.625649,0.049105,14.334452,15.000000,0.153465,0.005252
1237,physics,0.893821,0.277579,0.725157,0.128050,14.358325,15.000000,0.160845,0.007184
1238,physics,0.869070,0.252998,0.647373,0.020306,14.358336,15.000000,0.165200,0.005554
1239,physics,0.871779,0.288705,0.657130,0.022955,14.357975,15.000000,0.153031,0.006557
1240,text,0.718409,0.277579,0.561691,0.061393,14.367208,15.000000,0.159516,0.004041
1241,text,0.879900,0.252998,0.633411,0.034263,14.367301,15.000000,0.156752,0.005642
1242,text,0.844380,0.277935,0.665277,0.039605,14.381390,15.000000,0.160996,0.006032
1243,text,0.860032,0.277579,0.671384,0.057951,14.380977,15.000000,0.154044,0.006631
1244,physics,0.970665,0.277579,0.684234,0.038362,14.386358,15.000000,0.165704,0.006075
1245,text,0.793147,0.246406,0.588848,0.059695,14.390969,15.000000,0.158455,0.005004
1246,physics,0.826924,0.277935,0.649466,0.060446,14.410543,15.000000,0.159635,0.005980
1247,physics,0.748441,0.246406,0.545525,0.039742,14.415238,15.000000,0.151859,0.004506
1248,text,0.736519,0.277579,0.572044,0.069521,14.421902,15.000000,0.156001,0.004370
1249,text,0.856913,0.277579,0.639580,0.055269,14.435073,15.000000,0.164689,0.005289
1250,physics,0.747932,0.252998,0.600135,0.033225,14.445536,15.000000,0.156702,0.005299
1251,physics,0.917352,0.246406,0.683420,0.068782,14.464087,15.000000,0.156620,0.006453
1252,text,0.727778,0.263089,0.546305,0.032615,14.468033,15.000000,0.156851,0.004080
1253,text,0.745750,0.263089,0.539668,0.026790,14.475790,15.000000,0.164812,0.003544
1254,physics,0.668034,0.288705,0.503788,0.023967,14.483038,15.000000,0.154722,0.003840
1255,text,0.727778,0.263089,0.546472,0.030767,14.487658,15.000000,0.162497,0.003735
1256,physics,0.791335,0.252998,0.629087,0.037178,14.496169,15.000000,0.148773,0.006090
1257,physics,0.827750,0.277579,0.624637,0.065979,14.512662,15.000000,0.155244,0.005133
1258,text,0.775104,0.277579,0.590841,0.055836,14.529827,15.000000,0.154915,0.004858
1259,physics,0.757262,0.263089,0.557531,0.032367,14.535837,15.000000,0.156084,0.004073
1260,text,0.833177,0.263089,0.639772,0.032250,14.537736,15.000000,0.155792,0.005695
1261,text,0.885132,0.263089,0.667009,0.036892,14.538138,15.000000,0.150608,0.006310
1262,physics,0.827835,0.263089,0.628335,0.053858,14.550987,15.000000,0.145472,0.005718
1263,physics,0.794495,0.277935,0.622101,0.045947,14.567665,15.000000,0.146169,0.005492
1264,physics,0.736183,0.277579,0.548939,0.052714,14.576863,15.000000,0.136573,0.004564
1265,physics,0.898185,0.252998,0.695751,0.052347,14.585269,15.000000,0.141798,0.006716
1266,text,0.753018,0.277935,0.593509,0.041458,14.597808,15.000000,0.144044,0.004874
1267,physics,0.748090,0.263089,0.526740,0.019354,14.596140,15.000000,0.139742,0.004002
1268,physics,0.683609,0.277935,0.538010,0.032227,14.611143,15.000000,0.146529,0.003751
1269,text,0.861592,0.263534,0.672939,0.029825,14.643917,15.000000,0.158637,0.005851
1270,physics,0.775121,0.246406,0.569341,0.029494,14.647906,15.000000,0.161218,0.004318
1271,physics,0.815336,0.263089,0.627820,0.048821,14.666774,15.000000,0.165701,0.005247
1272,text,0.829660,0.277579,0.642743,0.062240,14.664165,15.000000,0.166767,0.005775
1273,physics,0.771810,0.277579,0.565396,0.030291,14.667223,15.000000,0.162447,0.004577
1274,text,0.789008,0.277579,0.592836,0.046765,14.674842,15.000000,0.156413,0.005119
1275,text,0.878650,0.277579,0.687027,0.058250,14.688718,15.000000,0.153263,0.006859
1276,physics,0.799552,0.277935,0.635902,0.044538,14.703629,15.000000,0.160088,0.005357
1277,text,0.835479,0.277935,0.665610,0.040815,14.736489,15.000000,0.172685,0.005591
1278,text,0.886794,0.277935,0.728375,0.042539,14.751350,15.000000,0.170981,0.007370
1279,text,0.860559,0.252998,0.678522,0.038420,14.765831,15.000000,0.187953,0.005446
1280,physics,0.762472,0.288705,0.630796,0.018787,14.770082,15.000000,0.192186,0.005111
1281,physics,0.772046,0.277935,0.590160,0.030195,14.776662,15.000000,0.190705,0.004662
1282,physics,0.851843,0.263089,0.642808,0.034104,14.782704,15.000000,0.186917,0.005826
1283,physics,0.801687,0.263089,0.604337,0.027177,14.788209,15.000000,0.186326,0.004987
1284,text,0.766277,0.277579,0.593705,0.047640,14.793594,15.000000,0.182603,0.004916
1285,physics,0.838119,0.263089,0.621879,0.058711,14.800266,15.000000,0.175880,0.005541
1286,text,0.892592,0.277935,0.702059,0.039370,14.810699,15.000000,0.186887,0.006102
1287,text,0.761591,0.252998,0.585984,0.026860,14.828064,15.000000,0.192182,0.004260
1288,text,0.774504,0.277579,0.574674,0.047101,14.825034,15.000000,0.178504,0.004969
1289,text,0.815066,0.263089,0.606186,0.027572,14.839271,15.000000,0.181265,0.004793
1290,physics,0.673891,0.277579,0.545272,0.016749,14.843017,15.000000,0.177873,0.004097
1291,text,0.795991,0.288705,0.613164,0.028913,14.857296,15.000000,0.169725,0.005455
1292,physics,0.731697,0.277579,0.583556,0.030288,14.864636,15.000000,0.167151,0.004807
1293,physics,0.754421,0.277579,0.568646,0.025572,14.867551,15.000000,0.165186,0.004365
1294,physics,0.797278,0.288705,0.619246,0.051300,14.879783,15.000000,0.173122,0.004897
1295,physics,0.722373,0.252998,0.548910,0.017442,14.878483,15.000000,0.167460,0.004286
1296,text,0.759351,0.277935,0.580096,0.034552,14.883216,15.000000,0.170371,0.004408
1297,physics,0.856539,0.277579,0.625940,0.043606,14.889228,15.000000,0.169842,0.005395
1298,physics,0.714196,0.263089,0.557245,0.071506,14.902568,15.000000,0.171445,0.004103
1299,text,0.712386,0.252998,0.534768,0.025825,14.908308,15.000000,0.168824,0.003955
1300,physics,0.825828,0.277579,0.653769,0.056869,15.000000,15.000000,0.169404,0.005956
1301,text,0.754813,0.246406,0.551539,0.062026,15.000000,15.000000,0.154622,0.004861
1302,text,0.715398,0.263089,0.560818,0.031354,15.000000,15.000000,0.157421,0.004213
1303,text,0.836572,0.252998,0.628909,0.025819,15.000000,15.000000,0.163188,0.005295
1304,physics,0.835294,0.277579,0.640902,0.100920,15.000000,15.000000,0.167860,0.005461
1305,text,0.875646,0.253229,0.637450,0.037083,15.000000,15.000000,0.172201,0.005440
1306,text,0.809406,0.277935,0.630400,0.044214,15.000000,15.000000,0.175774,0.005316
1307,physics,0.685161,0.277579,0.485652,0.031760,15.000000,15.000000,0.169628,0.003344
1308,physics,0.834309,0.263089,0.659185,0.027944,15.000000,15.000000,0.174733,0.005689
1309,text,0.863127,0.277579,0.685222,0.054179,15.000000,15.000000,0.165114,0.006971
1310,text,0.857530,0.253229,0.629507,0.030278,15.000000,15.000000,0.160846,0.005621
1311,text,0.820494,0.277579,0.618016,0.047002,15.000000,15.000000,0.155150,0.005487
1312,text,0.789119,0.288705,0.628314,0.035461,15.000000,15.000000,0.154271,0.005602
1313,physics,0.807392,0.288705,0.653079,0.088790,15.000000,15.000000,0.158040,0.005688
1314,text,0.717662,0.277579,0.556228,0.046834,15.000000,15.000000,0.153299,0.004391
1315,physics,0.796504,0.277579,0.624983,0.040044,15.000000,15.000000,0.149126,0.005620
1316,physics,0.816808,0.252998,0.639665,0.028498,15.000000,15.000000,0.151681,0.005597
1317,physics,0.851259,0.263089,0.650257,0.045664,15.000000,15.000000,0.154757,0.005797
1318,text,0.857781,0.263089,0.649490,0.034492,15.000000,15.000000,0.152651,0.005999
1319,physics,0.832098,0.263089,0.634092,0.044153,15.000000,15.000000,0.161268,0.005240
1320,physics,0.833068,0.252998,0.645296,0.067707,15.000000,15.000000,0.154447,0.005908
1321,text,0.745174,0.277935,0.570267,0.036582,14.997858,15.000000,0.150662,0.004650
1322,text,0.767713,0.263089,0.563321,0.029744,15.000000,15.000000,0.144813,0.004523
1323,text,0.736519,0.277579,0.574706,0.062699,15.000000,15.000000,0.152674,0.004260
1324,text,0.772693,0.277579,0.593883,0.047889,15.000000,15.000000,0.151158,0.004918
1325,text,0.914158,0.263089,0.684388,0.034955,15.000000,15.000000,0.155152,0.006410
1326,physics,0.708869,0.252998,0.540758,0.011914,14.997438,15.000000,0.149794,0.004200
1327,text,0.762158,0.277579,0.595733,0.052410,15.000000,15.000000,0.148248,0.005005
1328,physics,0.801190,0.277579,0.641767,0.036533,15.000000,15.000000,0.154723,0.005459
1329,physics,0.798016,0.277579,0.606143,0.048817,15.000000,15.000000,0.162513,0.004727
1330,physics,0.766667,0.277579,0.584411,0.038882,15.000000,15.000000,0.165759,0.004426
1331,physics,0.938674,0.250363,0.671388,0.106861,15.000000,15.000000,0.170588,0.006013
1332,text,0.855557,0.277935,0.674584,0.035369,15.000000,15.000000,0.179865,0.005746
1333,text,0.816863,0.277579,0.635858,0.048297,15.000000,15.000000,0.176488,0.005623
1334,text,0.785452,0.277579,0.612373,0.054526,15.000000,15.000000,0.165903,0.005604
1335,text,0.913109,0.246406,0.720869,0.064950,15.000000,15.000000,0.177614,0.006788
1336,text,0.839342,0.263089,0.663885,0.031968,15.000000,15.000000,0.177353,0.006007
1337,physics,0.772911,0.277579,0.604295,0.061551,15.000000,15.000000,0.171732,0.005202
1338,physics,0.781123,0.246406,0.580933,0.035264,15.000000,15.000000,0.168648,0.004690
1339,text,0.780363,0.288705,0.626940,0.032634,15.000000,15.000000,0.173133,0.005116
1340,physics,0.836790,0.288705,0.601435,0.049069,15.000000,15.000000,0.170112,0.005160
1341,physics,0.727270,0.277579,0.531817,0.058212,15.000000,15.000000,0.167405,0.003886
1342,physics,0.798316,0.252998,0.621849,0.079093,15.000000,15.000000,0.169747,0.005202
1343,text,0.731995,0.259508,0.586287,0.025766,15.000000,15.000000,0.171978,0.004521
1344,physics,0.766225,0.252998,0.602510,0.055753,15.000000,15.000000,0.177899,0.004620
1345,text,0.807031,0.277579,0.638965,0.049973,15.000000,15.000000,0.181755,0.005316
1346,text,0.773377,0.277579,0.623960,0.045690,15.000000,15.000000,0.182704,0.005242
1347,physics,0.738585,0.252998,0.600400,0.110150,15.000000,15.000000,0.191977,0.004227
1348,physics,0.837245,0.263089,0.643102,0.043822,15.000000,15.000000,0.181401,0.006061
1349,physics,0.836395,0.277579,0.638479,0.048591,15.000000,15.000000,0.185805,0.005350
1350,text,0.801550,0.277935,0.597618,0.032443,15.000000,15.000000,0.177558,0.005246
1351,physics,0.718038,0.263089,0.571533,0.059843,15.000000,15.000000,0.181212,0.004155
1352,text,0.717681,0.246406,0.551983,0.057564,15.000000,15.000000,0.177069,0.004174
1353,physics,0.853761,0.277579,0.676108,0.030394,15.000000,15.000000,0.186784,0.005828
1354,physics,0.827975,0.252998,0.677479,0.041508,15.000000,15.000000,0.178285,0.006744
1355,physics,0.777493,0.252998,0.593255,0.054975,15.000000,15.000000,0.169207,0.005304
1356,text,0.791892,0.263089,0.640071,0.027963,15.000000,15.000000,0.181857,0.005021
1357,text,0.789279,0.263534,0.625521,0.036842,15.000000,15.000000,0.180503,0.005443
1358,text,0.872921,0.277579,0.679683,0.061541,15.000000,15.000000,0.180505,0.006304
1359,text,0.683609,0.277935,0.540766,0.032037,15.000000,15.000000,0.177384,0.004056
1360,text,0.815004,0.252998,0.620188,0.030865,15.000000,15.000000,0.177853,0.005216
1361,text,0.705942,0.252998,0.519767,0.032118,15.000000,15.000000,0.170331,0.003995
1362,text,0.924767,0.263089,0.733717,0.028808,15.000000,15.000000,0.177291,0.007242
1363,physics,0.700323,0.252998,0.559749,0.030165,15.000000,15.000000,0.172139,0.004407
1364,text,0.919843,0.277579,0.694285,0.058768,15.000000,15.000000,0.178678,0.006337
1365,physics,0.815336,0.263089,0.631137,0.052453,15.000000,15.000000,0.176036,0.005550
1366,text,0.758722,0.263089,0.584449,0.028623,15.000000,15.000000,0.168887,0.004957
1367,physics,0.778463,0.288705,0.589957,0.026522,14.999924,15.000000,0.165430,0.005022
1368,text,0.769330,0.277935,0.615011,0.036219,15.000000,15.000000,0.166506,0.005217
1369,physics,0.742385,0.252998,0.557804,0.017494,14.999008,15.000000,0.164426,0.004290
1370,text,0.802638,0.277935,0.644265,0.039224,15.000000,15.000000,0.169677,0.005485
1371,physics,0.816854,0.277935,0.652869,0.048309,15.000000,15.000000,0.168386,0.005961
1372,physics,0.807662,0.259508,0.616533,0.031657,15.000000,15.000000,0.171216,0.005054
1373,text,0.914112,0.250363,0.643435,0.059034,15.000000,15.000000,0.166901,0.005907
1374,text,0.793932,0.277579,0.630464,0.063066,15.000000,15.000000,0.161251,0.005781
1375,physics,1.009102,0.263089,0.750684,0.080200,15.000000,15.000000,0.174113,0.007330
1376,text,0.794836,0.263089,0.622969,0.027057,15.000000,15.000000,0.178105,0.005003
1377,text,0.888217,0.252998,0.697884,0.026717,15.000000,15.000000,0.173356,0.006932
1378,physics,0.778144,0.252998,0.558600,0.055860,15.000000,15.000000,0.166362,0.004521
1379,text,0.874771,0.277579,0.676956,0.072710,15.000000,15.000000,0.172253,0.006164
1380,physics,0.814085,0.252998,0.592781,0.017203,14.997222,15.000000,0.170270,0.004932
1381,physics,0.745174,0.277935,0.571849,0.017607,14.995444,15.000000,0.171808,0.004384
1382,physics,0.889859,0.277579,0.698994,0.038573,15.000000,15.000000,0.164659,0.007039
1383,text,0.921117,0.263534,0.738654,0.037710,15.000000,15.000000,0.163642,0.007869
1384,physics,0.731095,0.277579,0.524748,0.065475,15.000000,15.000000,0.156714,0.004067
1385,physics,0.721445,0.250363,0.508424,0.037054,15.000000,15.000000,0.155142,0.003625
1386,physics,0.949147,0.263089,0.730296,0.024130,14.999541,15.000000,0.165539,0.007116
1387,physics,0.867516,0.277935,0.686876,0.097550,15.000000,15.000000,0.178188,0.005820
1388,physics,0.870253,0.263089,0.706820,0.043907,15.000000,15.000000,0.189169,0.006287
1389,text,0.774482,0.253229,0.604019,0.026995,15.000000,15.000000,0.185290,0.005159
1390,physics,0.853721,0.263089,0.698847,0.078452,15.000000,15.000000,0.198090,0.006029
1391,physics,0.941015,0.277579,0.748277,0.041943,15.000000,15.000000,0.192860,0.007862
1392,physics,0.797441,0.250363,0.586301,0.033384,15.000000,15.000000,0.190469,0.004595
1393,physics,0.843417,0.263089,0.618609,0.043952,15.000000,15.000000,0.184022,0.005424
1394,text,0.745472,0.288705,0.582096,0.025956,15.000000,15.000000,0.185075,0.004471
1395,physics,0.818017,0.277579,0.642118,0.036372,15.000000,15.000000,0.193199,0.005150
1396,physics,0.910757,0.277579,0.714384,0.056745,15.000000,15.000000,0.189690,0.007122
1397,physics,0.831327,0.263089,0.605925,0.047439,15.000000,15.000000,0.177326,0.005557
1398,physics,0.793113,0.252998,0.632254,0.039478,15.000000,15.000000,0.180310,0.005287
1399,physics,0.751886,0.277579,0.599089,0.017132,15.000000,15.000000,0.177817,0.005004
1400,physics,0.751418,0.288705,0.578241,0.025649,15.000000,15.000000,0.177995,0.004549
1401,text,0.794315,0.252998,0.558882,0.028145,15.000000,15.000000,0.177185,0.004200
1402,text,0.971957,0.253229,0.747683,0.033558,15.000000,15.000000,0.189494,0.007118
1403,text,0.913899,0.277579,0.724717,0.072730,15.000000,15.000000,0.185724,0.007339
1404,text,0.818489,0.246406,0.604004,0.037372,15.000000,15.000000,0.179073,0.005272
1405,physics,0.722523,0.277579,0.559561,0.046923,15.000000,15.000000,0.182981,0.004004
1406,text,0.860032,0.277579,0.677284,0.066428,14.999963,15.000000,0.179426,0.006522
1407,text,0.817744,0.253229,0.664770,0.031947,15.000000,15.000000,0.180761,0.005933
1408,text,0.841302,0.277579,0.662293,0.065741,15.000000,15.000000,0.166735,0.006658
1409,physics,0.725380,0.277579,0.542117,0.037520,15.000000,15.000000,0.168818,0.004005
1410,physics,0.834289,0.277935,0.648482,0.030170,15.000000,15.000000,0.170160,0.005773
1411,physics,0.717662,0.277579,0.559524,0.034817,15.000000,15.000000,0.171503,0.004236
1412,physics,0.850589,0.263089,0.684694,0.092268,15.000000,15.000000,0.176256,0.006399
1413,physics,0.842501,0.277935,0.700969,0.058248,15.000000,15.000000,0.187488,0.006230
1414,physics,0.862334,0.277579,0.697682,0.032891,15.000000,15.000000,0.190109,0.006618
1415,physics,0.813737,0.288705,0.644944,0.058011,15.000000,15.000000,0.178045,0.006397
1416,physics,0.755311,0.277579,0.612497,0.018105,14.999357,15.000000,0.178425,0.005140
1417,physics,0.686550,0.263089,0.518862,0.030112,15.000000,15.000000,0.172974,0.003809
1418,physics,0.822343,0.277579,0.626457,0.044743,15.000000,15.000000,0.166224,0.005707
1419,physics,0.860966,0.288705,0.678485,0.076962,15.000000,15.000000,0.167731,0.006377
1420,text,0.705971,0.277579,0.530714,0.044672,14.997541,15.000000,0.156772,0.004329
1421,text,0.671538,0.263089,0.493465,0.029552,14.994146,15.000000,0.154084,0.003511
1422,text,0.833845,0.250363,0.640634,0.053936,15.000000,15.000000,0.152653,0.005893
1423,text,0.686200,0.252998,0.494625,0.032705,15.000000,15.000000,0.151092,0.003402
1424,text,0.831861,0.252998,0.659488,0.038990,15.000000,15.000000,0.150480,0.006161
1425,text,0.803997,0.263089,0.614215,0.037770,15.000000,15.000000,0.153418,0.005075
1426,text,0.763651,0.246406,0.580991,0.052259,15.000000,15.000000,0.156659,0.004526
1427,physics,0.874160,0.277579,0.670532,0.057010,15.000000,15.000000,0.160460,0.005973
1428,text,0.846302,0.263089,0.654264,0.032126,15.000000,15.000000,0.163272,0.005903
1429,physics,0.893293,0.263089,0.719275,0.069268,15.000000,15.000000,0.173884,0.006576
1430,physics,0.708637,0.288705,0.544365,0.114875,15.000000,15.000000,0.165339,0.004267
1431,text,0.700323,0.252998,0.560306,0.029867,15.000000,15.000000,0.162831,0.004376
1432,physics,0.857759,0.263089,0.661756,0.045823,15.000000,15.000000,0.170915,0.005718
1433,text,0.972444,0.250363,0.722303,0.042027,15.000000,15.000000,0.177005,0.007077
1434,text,0.906345,0.288705,0.683742,0.025080,15.000000,15.000000,0.172828,0.006742
1435,text,0.823087,0.288705,0.606827,0.026747,15.000000,15.000000,0.169632,0.005213
1436,text,0.771810,0.277579,0.569364,0.063845,15.000000,15.000000,0.166578,0.004589
1437,physics,0.736242,0.263089,0.534095,0.086072,15.000000,15.000000,0.161916,0.004129
1438,physics,0.868216,0.252998,0.681355,0.051511,15.000000,15.000000,0.162805,0.006526
1439,physics,0.762510,0.263089,0.563673,0.030997,15.000000,15.000000,0.162888,0.004367
1440,physics,0.626713,0.288705,0.489027,0.011705,14.998732,15.000000,0.159129,0.003385
1441,physics,0.828585,0.252998,0.669950,0.038155,15.000000,15.000000,0.156603,0.006531
1442,text,0.776765,0.288705,0.607849,0.025682,14.996735,15.000000,0.158331,0.005148
1443,physics,0.766529,0.277579,0.598086,0.025777,15.000000,15.000000,0.163132,0.004702
1444,physics,0.749203,0.246406,0.565798,0.040691,15.000000,15.000000,0.160858,0.004510
1445,physics,0.957438,0.252998,0.755468,0.055117,15.000000,15.000000,0.159666,0.008128
1446,physics,0.793548,0.263089,0.637801,0.129931,15.000000,15.000000,0.157567,0.005752
1447,physics,0.828947,0.277579,0.669414,0.090756,15.000000,15.000000,0.160887,0.006193
1448,physics,0.824001,0.252998,0.624859,0.051766,15.000000,15.000000,0.157202,0.005661
1449,physics,0.828947,0.277579,0.669509,0.090153,15.000000,15.000000,0.169674,0.005771
1450,physics,0.803502,0.263089,0.617500,0.052339,15.000000,15.000000,0.169719,0.005248
1451,text,0.806088,0.252998,0.603578,0.033027,15.000000,15.000000,0.166490,0.005139
1452,text,0.868207,0.250363,0.655006,0.053734,15.000000,15.000000,0.161826,0.006224
1453,text,0.880043,0.277579,0.673404,0.065364,15.000000,15.000000,0.163886,0.006077
1454,text,0.889450,0.288705,0.684737,0.032393,15.000000,15.000000,0.158372,0.006775
1455,physics,0.712358,0.263089,0.558765,0.074265,15.000000,15.000000,0.158266,0.004198
1456,physics,1.035132,0.263089,0.788293,0.077722,15.000000,15.000000,0.157121,0.008724
1457,text,0.697548,0.253229,0.493768,0.026039,15.000000,15.000000,0.150185,0.003543
1458,physics,0.797441,0.250363,0.586686,0.033195,15.000000,15.000000,0.154029,0.004546
1459,text,0.790356,0.277579,0.594478,0.067659,15.000000,15.000000,0.156150,0.004824
1460,text,0.982557,0.252998,0.774240,0.035263,15.000000,15.000000,0.163086,0.008124
1461,text,0.819215,0.277935,0.666013,0.043181,15.000000,15.000000,0.158049,0.006280
1462,text,0.786380,0.252998,0.594014,0.029546,15.000000,15.000000,0.154984,0.004963
1463,text,0.677820,0.252998,0.518216,0.024860,15.000000,15.000000,0.161518,0.003375
1464,text,0.859836,0.277579,0.667371,0.072348,15.000000,15.000000,0.181402,0.005171
1465,physics,0.806575,0.288705,0.627265,0.029496,15.000000,15.000000,0.180853,0.005437
1466,physics,0.811551,0.288705,0.619813,0.073901,15.000000,15.000000,0.184659,0.004972
1467,text,0.842623,0.277935,0.667256,0.029455,15.000000,15.000000,0.187370,0.005984
1468,physics,0.771352,0.252998,0.545433,0.035768,15.000000,15.000000,0.178023,0.004382
1469,physics,0.829320,0.277579,0.652276,0.093857,15.000000,15.000000,0.181024,0.005704
1470,text,0.878596,0.288705,0.660582,0.027851,15.000000,15.000000,0.186336,0.005638
1471,physics,0.798710,0.263089,0.552069,0.050607,15.000000,15.000000,0.178481,0.004382
1472,physics,0.837513,0.288705,0.611703,0.074311,15.000000,15.000000,0.169677,0.005519
1473,text,0.848926,0.288705,0.645771,0.022102,15.000000,15.000000,0.178112,0.005286
1474,text,0.927121,0.252998,0.687928,0.034135,15.000000,15.000000,0.170901,0.006811
1475,physics,0.813905,0.277579,0.644740,0.024680,15.000000,15.000000,0.169265,0.005855
1476,physics,0.737173,0.263089,0.547733,0.027744,15.000000,15.000000,0.169152,0.004047
1477,physics,0.912861,0.253229,0.675905,0.087210,15.000000,15.000000,0.172280,0.006178
1478,text,0.790356,0.277579,0.592471,0.059788,15.000000,15.000000,0.169733,0.004871
1479,physics,0.712386,0.252998,0.537070,0.024154,15.000000,15.000000,0.164478,0.004144
1480,physics,0.910597,0.263534,0.729338,0.119056,15.000000,15.000000,0.176416,0.006916
1481,physics,0.888182,0.252998,0.675346,0.053132,15.000000,15.000000,0.175588,0.006397
1482,text,0.804475,0.246406,0.596547,0.045936,14.998323,15.000000,0.165413,0.005339
1483,physics,0.732282,0.263089,0.580560,0.086770,15.000000,15.000000,0.171497,0.004215
1484,physics,0.834053,0.277935,0.621068,0.029638,15.000000,15.000000,0.169107,0.005394
1485,physics,0.822963,0.252998,0.629351,0.088229,15.000000,15.000000,0.172474,0.005245
1486,physics,0.801063,0.277935,0.604096,0.061254,15.000000,15.000000,0.170253,0.005048
1487,text,0.798750,0.288705,0.606895,0.027116,15.000000,15.000000,0.167007,0.005074
1488,text,0.841111,0.263089,0.592671,0.024254,15.000000,15.000000,0.159298,0.005128
1489,text,0.888909,0.288705,0.714540,0.034440,15.000000,15.000000,0.166668,0.006922
1490,physics,0.788249,0.263534,0.588158,0.062882,15.000000,15.000000,0.163485,0.004816
1491,physics,0.788076,0.288705,0.629035,0.026213,15.000000,15.000000,0.161818,0.005558
1492,text,0.875949,0.277579,0.667154,0.053573,15.000000,15.000000,0.157590,0.006264
1493,physics,0.774475,0.252998,0.582954,0.032364,15.000000,15.000000,0.160498,0.004542
1494,physics,0.827583,0.263534,0.653491,0.085383,15.000000,15.000000,0.168064,0.005594
1495,physics,0.751489,0.277935,0.613377,0.034254,15.000000,15.000000,0.173838,0.004961
1496,physics,0.816826,0.263534,0.636165,0.041226,15.000000,15.000000,0.175325,0.005495
1497,physics,0.822097,0.277579,0.604265,0.022832,14.997293,15.000000,0.179578,0.004703
1498,physics,0.790458,0.263089,0.606213,0.025813,15.000000,15.000000,0.175266,0.005264
1499,physics,0.780841,0.277579,0.598387,0.026178,15.000000,15.000000,0.164983,0.005402
1500,text,0.886953,0.263534,0.716370,0.028156,15.000000,15.000000,0.172297,0.006729
1501,physics,0.845825,0.263534,0.643877,0.069631,15.000000,15.000000,0.169506,0.005921
1502,text,0.819803,0.246406,0.612280,0.041423,15.000000,15.000000,0.168560,0.005179
1503,text,0.798710,0.263089,0.552425,0.027403,15.000000,15.000000,0.163917,0.004289
1504,text,0.889189,0.263089,0.725383,0.026443,15.000000,15.000000,0.169264,0.007048
1505,physics,0.798431,0.250363,0.583975,0.024369,15.000000,15.000000,0.166156,0.004734
1506,text,0.842945,0.277579,0.619177,0.079288,15.000000,15.000000,0.165391,0.005208
1507,text,0.819823,0.263089,0.584314,0.027713,15.000000,15.000000,0.163382,0.004763
1508,physics,0.881584,0.250363,0.653099,0.045220,15.000000,15.000000,0.172502,0.005517
1509,text,0.764324,0.277935,0.597788,0.036428,15.000000,15.000000,0.166256,0.005092
1510,text,0.784797,0.277579,0.567417,0.066084,15.000000,15.000000,0.169069,0.004236
1511,text,0.846360,0.252998,0.627888,0.025943,14.998643,15.000000,0.165757,0.005647
1512,text,0.740990,0.246406,0.531398,0.040081,15.000000,15.000000,0.161984,0.004047
1513,text,0.917871,0.277579,0.686546,0.069274,15.000000,15.000000,0.153257,0.007139
1514,text,1.035132,0.263089,0.786823,0.034820,15.000000,15.000000,0.162796,0.008228
1515,text,0.805397,0.252998,0.634436,0.029034,15.000000,15.000000,0.163279,0.005538
1516,physics,0.780906,0.263089,0.591558,0.049764,15.000000,15.000000,0.167251,0.004707
1517,text,0.842706,0.263534,0.652889,0.023331,15.000000,15.000000,0.170311,0.005645
1518,text,0.857530,0.253229,0.636423,0.020557,15.000000,15.000000,0.169857,0.005599
1519,text,0.688175,0.277579,0.544398,0.071305,15.000000,15.000000,0.167238,0.004126
1520,physics,0.868777,0.288705,0.666391,0.062271,15.000000,15.000000,0.161042,0.006477
1521,physics,0.872074,0.263089,0.655196,0.061983,15.000000,15.000000,0.160328,0.005993
1522,physics,0.742238,0.252998,0.600099,0.069369,15.000000,15.000000,0.168147,0.004612
1523,physics,0.980414,0.277579,0.773178,0.075008,15.000000,15.000000,0.175200,0.008217
1524,text,0.751886,0.277579,0.600292,0.065389,15.000000,15.000000,0.172434,0.005063
1525,physics,0.803802,0.263089,0.621630,0.032925,15.000000,15.000000,0.175356,0.005202
1526,text,0.703333,0.277579,0.540845,0.055663,15.000000,15.000000,0.168442,0.004202
1527,text,0.896918,0.252998,0.643708,0.035169,15.000000,15.000000,0.166684,0.005813
1528,physics,0.690087,0.263089,0.527870,0.019079,14.999980,15.000000,0.155741,0.004291
1529,physics,0.837476,0.246406,0.635411,0.093663,15.000000,15.000000,0.159711,0.005465
1530,text,0.909229,0.277579,0.726899,0.071208,15.000000,15.000000,0.162768,0.007289
1531,physics,0.960801,0.263089,0.767446,0.074159,15.000000,15.000000,0.173349,0.007785
1532,text,0.831872,0.250363,0.670090,0.046416,15.000000,15.000000,0.177999,0.006024
1533,text,0.711633,0.277935,0.568090,0.036636,15.000000,15.000000,0.176340,0.004283
1534,physics,0.884055,0.250363,0.653342,0.109872,15.000000,15.000000,0.171935,0.006072
1535,physics,0.949801,0.263089,0.711156,0.039911,15.000000,15.000000,0.162896,0.007463
1536,physics,0.870100,0.246406,0.597056,0.171690,15.000000,15.000000,0.160204,0.005142
1537,text,0.843111,0.263089,0.668428,0.024272,15.000000,15.000000,0.148294,0.006767
1538,text,0.853706,0.263089,0.607917,0.028686,15.000000,15.000000,0.145831,0.005301
1539,text,0.760142,0.263534,0.567678,0.024678,15.000000,15.000000,0.139737,0.004766
1540,physics,0.743173,0.263089,0.559683,0.020505,14.999656,15.000000,0.142443,0.004211
1541,physics,0.731643,0.263089,0.567299,0.018924,14.998252,15.000000,0.143227,0.004415
1542,physics,0.802638,0.277935,0.646101,0.057740,15.000000,15.000000,0.154625,0.005414
1543,physics,0.849057,0.277579,0.663724,0.045526,15.000000,15.000000,0.159676,0.005920
1544,text,0.918335,0.250363,0.658322,0.045625,15.000000,15.000000,0.155619,0.006309
1545,physics,0.851259,0.263089,0.652986,0.049742,15.000000,15.000000,0.148712,0.006309
1546,physics,0.846061,0.277579,0.648673,0.099502,15.000000,15.000000,0.158384,0.005502
1547,physics,0.676869,0.252998,0.507060,0.033841,15.000000,15.000000,0.152443,0.003746
1548,physics,0.838823,0.277935,0.687872,0.055130,15.000000,15.000000,0.158929,0.006335
1549,physics,0.776856,0.252998,0.637335,0.115257,15.000000,15.000000,0.150720,0.005856
1550,physics,0.771642,0.252998,0.620834,0.033538,15.000000,15.000000,0.154065,0.005132
1551,physics,0.779926,0.252998,0.624553,0.071011,15.000000,15.000000,0.158982,0.005186
1552,physics,0.906345,0.288705,0.685024,0.040319,15.000000,15.000000,0.157447,0.006659
1553,text,0.785738,0.277579,0.626972,0.072877,14.999204,15.000000,0.158695,0.005335
1554,text,0.957975,0.288705,0.790488,0.033760,15.000000,15.000000,0.171168,0.008193
1555,physics,0.792113,0.277579,0.613712,0.025661,15.000000,15.000000,0.163125,0.005480
1556,text,0.843288,0.252998,0.649210,0.031653,15.000000,15.000000,0.158410,0.005982
1557,text,0.816420,0.263089,0.631305,0.031295,15.000000,15.000000,0.155401,0.005627
1558,text,0.837896,0.277935,0.659072,0.039909,15.000000,15.000000,0.152546,0.006137
1559,physics,0.845603,0.277579,0.652943,0.050125,15.000000,15.000000,0.144130,0.006215
1560,physics,0.872921,0.277579,0.681451,0.032437,15.000000,15.000000,0.151449,0.006219
1561,text,0.857064,0.252998,0.655997,0.032527,15.000000,15.000000,0.157548,0.005813
1562,text,0.870857,0.250363,0.623338,0.046312,15.000000,15.000000,0.152407,0.005713
1563,physics,0.737520,0.277579,0.552262,0.025070,15.000000,15.000000,0.156607,0.003913
1564,text,0.811786,0.263089,0.616250,0.038495,15.000000,15.000000,0.147510,0.005716
1565,physics,0.927317,0.277579,0.693389,0.047174,15.000000,15.000000,0.150585,0.006752
1566,physics,0.897690,0.277579,0.714335,0.066746,15.000000,15.000000,0.152789,0.007114
1567,text,0.762691,0.277579,0.593792,0.059346,15.000000,15.000000,0.154886,0.004855
1568,text,0.828062,0.253229,0.617770,0.036063,15.000000,15.000000,0.158646,0.005065
1569,physics,0.944507,0.277579,0.718529,0.065140,15.000000,15.000000,0.160010,0.007225
1570,physics,0.804851,0.259508,0.605161,0.024158,14.999851,15.000000,0.161015,0.005054
1571,text,0.830363,0.263534,0.626593,0.035480,15.000000,15.000000,0.157758,0.005630
1572,physics,0.832304,0.246406,0.610771,0.028889,15.000000,15.000000,0.167032,0.004736
1573,text,0.793380,0.263089,0.615800,0.038160,15.000000,15.000000,0.163575,0.005268
1574,physics,0.916817,0.246406,0.655393,0.052231,15.000000,15.000000,0.156410,0.006384
1575,text,0.820556,0.263089,0.624139,0.034114,15.000000,15.000000,0.152170,0.005720
1576,text,0.916009,0.288705,0.707903,0.034704,15.000000,15.000000,0.152153,0.007130
1577,physics,0.846392,0.288705,0.671860,0.039442,15.000000,15.000000,0.160911,0.006027
1578,physics,0.668767,0.263089,0.536854,0.037408,15.000000,15.000000,0.149358,0.004365
1579,text,0.800271,0.252998,0.601308,0.026718,15.000000,15.000000,0.145838,0.005197
1580,physics,0.786326,0.277579,0.624697,0.017229,14.998115,15.000000,0.147989,0.005372
1581,physics,0.761682,0.277935,0.591099,0.066302,15.000000,15.000000,0.141951,0.005148
1582,physics,0.789185,0.263089,0.608835,0.050496,15.000000,15.000000,0.143076,0.005261
1583,physics,0.942684,0.252998,0.758930,0.081513,15.000000,15.000000,0.156714,0.007548
1584,text,0.874902,0.246406,0.666430,0.049833,15.000000,15.000000,0.160956,0.005895
1585,physics,0.870100,0.246406,0.598812,0.168384,15.000000,15.000000,0.156210,0.005180
1586,text,0.829660,0.277579,0.648468,0.070686,14.997202,15.000000,0.147426,0.006327
1587,physics,0.835072,0.250363,0.609808,0.027030,14.996870,15.000000,0.140784,0.005552
1588,physics,0.863558,0.263089,0.665911,0.029396,14.999902,15.000000,0.146809,0.006081
1589,physics,0.762158,0.277579,0.599216,0.039595,15.000000,15.000000,0.141854,0.005200
1590,text,0.947184,0.277579,0.755591,0.066539,15.000000,15.000000,0.146903,0.007997
1591,physics,0.814068,0.263089,0.611102,0.021067,14.998095,15.000000,0.141611,0.005495
1592,physics,0.690710,0.277579,0.558764,0.031791,15.000000,15.000000,0.154565,0.003803
1593,text,0.833728,0.263089,0.636090,0.035523,15.000000,15.000000,0.159249,0.005453
1594,physics,0.828381,0.288705,0.643631,0.027078,14.999421,15.000000,0.145023,0.006328
1595,physics,0.848529,0.263089,0.667387,0.059295,15.000000,15.000000,0.147888,0.006283
1596,text,0.773377,0.277579,0.627437,0.057802,15.000000,15.000000,0.147114,0.005548
1597,physics,0.801343,0.263089,0.612839,0.094629,15.000000,15.000000,0.146887,0.005262
1598,physics,0.796952,0.252998,0.637507,0.030774,15.000000,15.000000,0.145472,0.005800
1599,text,0.901150,0.263089,0.695902,0.029053,15.000000,15.000000,0.154684,0.006471
1600,text,0.849405,0.252998,0.653891,0.023324,15.000000,15.000000,0.157129,0.005930
1601,text,0.863143,0.246406,0.597040,0.049190,15.000000,15.000000,0.141038,0.005571
1602,text,0.836052,0.277579,0.627926,0.057257,15.000000,15.000000,0.136500,0.005807
1603,physics,0.820017,0.263089,0.606751,0.028413,15.000000,15.000000,0.144856,0.004797
1604,physics,0.860032,0.277579,0.679943,0.035136,15.000000,15.000000,0.150741,0.006331
1605,physics,0.780578,0.250363,0.603798,0.027194,15.000000,15.000000,0.142153,0.005343
1606,text,0.920608,0.288705,0.754411,0.031294,15.000000,15.000000,0.141828,0.008065
1607,text,0.792606,0.263089,0.627569,0.028314,15.000000,15.000000,0.140675,0.005752
1608,text,0.759278,0.277579,0.588939,0.067554,15.000000,15.000000,0.141806,0.004868
1609,physics,0.842238,0.263534,0.581136,0.039208,15.000000,15.000000,0.135001,0.004957
1610,physics,0.927880,0.246406,0.667500,0.083111,15.000000,15.000000,0.138841,0.006117
1611,text,0.805981,0.277935,0.648022,0.040013,15.000000,15.000000,0.140325,0.005896
1612,text,0.635722,0.277579,0.488484,0.057101,15.000000,15.000000,0.139597,0.003359
1613,physics,0.757545,0.277579,0.620087,0.046094,15.000000,15.000000,0.139923,0.005295
1614,text,0.779301,0.277935,0.625501,0.035123,15.000000,15.000000,0.151232,0.005075
1615,physics,0.771008,0.277579,0.639968,0.064916,15.000000,15.000000,0.165404,0.004916
1616,text,0.826587,0.263534,0.658233,0.029660,15.000000,15.000000,0.166273,0.005841
1617,physics,0.831327,0.263089,0.611921,0.053612,15.000000,15.000000,0.159698,0.005393
1618,text,0.853759,0.277579,0.668158,0.054999,15.000000,15.000000,0.151810,0.006541
1619,text,0.770792,0.277579,0.605195,0.053552,15.000000,15.000000,0.159745,0.004639
1620,text,0.755375,0.277935,0.599006,0.028708,15.000000,15.000000,0.156685,0.005066
1621,text,0.786057,0.277579,0.631026,0.054214,15.000000,15.000000,0.153245,0.005759
1622,text,0.943663,0.288705,0.768068,0.030257,15.000000,15.000000,0.167822,0.007640
1623,text,0.867366,0.277579,0.691576,0.050474,15.000000,15.000000,0.170739,0.006529
1624,text,0.755375,0.277935,0.599146,0.026330,15.000000,15.000000,0.176516,0.004639
1625,physics,0.798710,0.263089,0.556540,0.057991,15.000000,15.000000,0.171870,0.004430
1626,text,0.781488,0.288705,0.620313,0.032107,14.998130,15.000000,0.176975,0.005175
1627,physics,0.848529,0.263089,0.668810,0.064568,15.000000,15.000000,0.175617,0.006371
1628,text,0.779768,0.277935,0.570488,0.027288,14.999031,15.000000,0.173134,0.004486
1629,physics,0.671538,0.263089,0.494963,0.009145,14.996019,15.000000,0.173538,0.003318
1630,physics,0.836197,0.288705,0.650108,0.023040,14.994910,15.000000,0.174671,0.005866
1631,physics,0.863127,0.277579,0.690640,0.024902,14.994490,15.000000,0.174113,0.006758
1632,text,0.783810,0.288705,0.594947,0.023897,14.998426,15.000000,0.166882,0.005231
1633,text,0.863137,0.252998,0.697846,0.035461,14.999387,15.000000,0.174717,0.006452
1634,text,0.801279,0.277579,0.630819,0.052324,15.000000,15.000000,0.182530,0.005135
1635,text,0.844813,0.259508,0.590903,0.020600,15.000000,15.000000,0.172328,0.005234
1636,text,0.629744,0.252998,0.472511,0.027409,15.000000,15.000000,0.172328,0.002895
1637,text,0.834037,0.277579,0.636386,0.054470,14.997989,15.000000,0.171851,0.005575
1638,physics,0.687063,0.246406,0.495264,0.063171,15.000000,15.000000,0.164975,0.003626
1639,text,0.745472,0.288705,0.585456,0.026799,15.000000,15.000000,0.162650,0.004796
1640,text,0.808332,0.252998,0.644409,0.035550,15.000000,15.000000,0.160176,0.005961
1641,physics,0.801154,0.277579,0.616332,0.053654,15.000000,15.000000,0.162449,0.005098
1642,physics,0.817287,0.263089,0.642745,0.079509,15.000000,15.000000,0.157398,0.005981
1643,text,0.760394,0.252998,0.604269,0.027648,15.000000,15.000000,0.159917,0.004942
1644,text,0.831872,0.250363,0.672909,0.054095,15.000000,15.000000,0.160747,0.006335
1645,text,0.668767,0.263089,0.538565,0.026338,15.000000,15.000000,0.162294,0.003855
1646,physics,0.767540,0.277579,0.590232,0.074224,15.000000,15.000000,0.168558,0.004485
1647,text,0.857271,0.277935,0.670871,0.033589,15.000000,15.000000,0.165808,0.006418
1648,text,0.768624,0.288705,0.577571,0.025809,15.000000,15.000000,0.167233,0.004470
1649,physics,0.917871,0.277579,0.691164,0.048301,15.000000,15.000000,0.159901,0.007133
1650,physics,0.992243,0.253229,0.790741,0.076366,15.000000,15.000000,0.172004,0.008168
1651,physics,0.779271,0.277579,0.599866,0.036757,15.000000,15.000000,0.167641,0.005055
1652,text,0.698631,0.288705,0.588549,0.027316,15.000000,15.000000,0.170753,0.004542
1653,text,0.731609,0.246406,0.562470,0.057651,15.000000,15.000000,0.169797,0.004429
1654,physics,0.856913,0.277579,0.649517,0.063822,15.000000,15.000000,0.167510,0.005943
1655,physics,0.944507,0.277579,0.722023,0.065299,15.000000,15.000000,0.169048,0.007337
1656,physics,0.791936,0.263089,0.596930,0.109352,15.000000,15.000000,0.169863,0.004837
1657,text,0.875367,0.277579,0.700769,0.056562,15.000000,15.000000,0.176220,0.006548
1658,physics,0.759985,0.277579,0.587341,0.055938,15.000000,15.000000,0.175786,0.004700
1659,text,0.771810,0.277579,0.575878,0.047789,15.000000,15.000000,0.168680,0.004915
1660,physics,0.870435,0.263089,0.649568,0.041408,15.000000,15.000000,0.163365,0.006203
1661,physics,0.871664,0.252998,0.678487,0.051866,15.000000,15.000000,0.170758,0.006115
1662,text,0.862759,0.277579,0.644179,0.055147,15.000000,15.000000,0.169339,0.005774
1663,text,0.764675,0.252998,0.583966,0.044096,15.000000,15.000000,0.168827,0.004673
1664,physics,0.817951,0.252998,0.627945,0.109374,15.000000,15.000000,0.163854,0.005729
1665,text,0.710496,0.253229,0.549306,0.032291,15.000000,15.000000,0.167135,0.003991
1666,physics,0.782317,0.288705,0.595866,0.021350,15.000000,15.000000,0.158055,0.005341
1667,text,0.801146,0.288705,0.626004,0.028219,15.000000,15.000000,0.159721,0.005345
1668,text,0.765658,0.246406,0.591349,0.045941,15.000000,15.000000,0.155528,0.005068
1669,physics,0.751002,0.263534,0.558443,0.042750,15.000000,15.000000,0.157066,0.004150
1670,text,0.763015,0.277579,0.624577,0.050325,15.000000,15.000000,0.163426,0.005061
1671,text,0.812598,0.277579,0.662683,0.057972,15.000000,15.000000,0.160852,0.006261
1672,text,0.833177,0.263089,0.649444,0.034856,15.000000,15.000000,0.155337,0.006181
1673,physics,0.965965,0.277579,0.774588,0.051765,15.000000,15.000000,0.166158,0.007915
1674,physics,0.752175,0.277935,0.557298,0.034641,15.000000,15.000000,0.166425,0.004146
1675,physics,0.908045,0.277579,0.710787,0.044465,15.000000,15.000000,0.170007,0.006900
1676,text,0.881965,0.263089,0.681343,0.034626,15.000000,15.000000,0.172429,0.006341
1677,physics,0.837014,0.277579,0.658237,0.083219,15.000000,15.000000,0.173137,0.005880
1678,text,0.747854,0.277579,0.567005,0.050841,15.000000,15.000000,0.167258,0.004558
1679,physics,0.837893,0.263089,0.673412,0.034039,15.000000,15.000000,0.165285,0.006511
1680,text,0.833845,0.250363,0.647178,0.054992,15.000000,15.000000,0.167679,0.005794
1681,physics,0.796674,0.277935,0.656591,0.066195,15.000000,15.000000,0.179333,0.005354
1682,text,0.851843,0.263089,0.650464,0.034547,15.000000,15.000000,0.182812,0.005644
1683,physics,0.777628,0.277935,0.574768,0.036484,15.000000,15.000000,0.177122,0.004637
1684,text,0.746982,0.252998,0.542092,0.031731,15.000000,15.000000,0.176129,0.003893
1685,text,0.896462,0.252998,0.674041,0.029507,15.000000,15.000000,0.180275,0.006096
1686,text,0.802380,0.263089,0.578150,0.034300,15.000000,15.000000,0.174889,0.004733
1687,text,0.714637,0.252998,0.528821,0.027028,15.000000,15.000000,0.175875,0.003676
1688,physics,0.856158,0.288705,0.654669,0.035187,15.000000,15.000000,0.170820,0.006199
1689,text,0.812882,0.277579,0.624472,0.053674,15.000000,15.000000,0.172583,0.005273
1690,text,0.889401,0.252998,0.724539,0.037786,15.000000,15.000000,0.181851,0.006851
1691,physics,0.863105,0.263089,0.673349,0.095165,15.000000,15.000000,0.181564,0.006430
1692,text,0.894566,0.288705,0.708548,0.022591,15.000000,15.000000,0.176072,0.007199
1693,text,0.859836,0.277579,0.673815,0.061500,15.000000,15.000000,0.192839,0.005342
1694,physics,0.885481,0.230921,0.628636,0.038780,15.000000,15.000000,0.186095,0.005679
1695,physics,0.863558,0.263089,0.669292,0.029091,15.000000,15.000000,0.185247,0.006229
1696,physics,0.841256,0.277935,0.638566,0.065164,15.000000,15.000000,0.189191,0.005386
1697,text,0.800987,0.277579,0.615790,0.050474,15.000000,15.000000,0.184208,0.005422
1698,physics,0.845832,0.263089,0.659340,0.076820,15.000000,15.000000,0.177917,0.006285
1699,physics,0.773444,0.250363,0.597999,0.017576,14.997779,15.000000,0.182546,0.004549
1700,physics,0.875646,0.253229,0.649557,0.075513,15.000000,15.000000,0.185678,0.005637
1701,text,0.680347,0.277579,0.523847,0.055492,15.000000,15.000000,0.184134,0.003716
1702,physics,0.742655,0.252998,0.563714,0.049185,15.000000,15.000000,0.184720,0.004195
1703,text,0.751002,0.263534,0.559995,0.029830,15.000000,15.000000,0.182594,0.004249
1704,physics,0.719219,0.252998,0.589191,0.095671,15.000000,15.000000,0.182516,0.004745
1705,physics,0.873004,0.277579,0.715859,0.175378,15.000000,15.000000,0.184061,0.007085
1706,text,0.801154,0.277579,0.618465,0.061233,15.000000,15.000000,0.186977,0.004980
1707,text,0.793141,0.277935,0.613170,0.025934,15.000000,15.000000,0.182002,0.005508
1708,text,0.819215,0.277935,0.672670,0.035467,15.000000,15.000000,0.187187,0.005988
1709,text,0.744141,0.259508,0.575710,0.017979,15.000000,15.000000,0.184057,0.004635
1710,physics,0.681088,0.277935,0.551676,0.015282,15.000000,15.000000,0.179947,0.004335
1711,physics,0.796952,0.252998,0.641020,0.032829,15.000000,15.000000,0.174782,0.005962
1712,text,0.810695,0.277579,0.624765,0.050712,15.000000,15.000000,0.165192,0.005768
1713,physics,0.719400,0.277579,0.569679,0.040376,15.000000,15.000000,0.163293,0.004631
1714,text,0.765707,0.263534,0.587698,0.031266,15.000000,15.000000,0.164863,0.004739
1715,text,0.691584,0.263089,0.552275,0.029636,15.000000,15.000000,0.167886,0.004081
1716,text,0.724780,0.277579,0.583379,0.050807,15.000000,15.000000,0.168676,0.004680
1717,text,0.739023,0.263089,0.585488,0.028010,15.000000,15.000000,0.168707,0.004675
1718,physics,0.759985,0.277579,0.589476,0.054206,15.000000,15.000000,0.162528,0.004993
1719,text,0.758831,0.253229,0.574228,0.036986,15.000000,15.000000,0.161010,0.004595
1720,text,0.691645,0.246406,0.500106,0.041685,15.000000,15.000000,0.160142,0.003448
1721,physics,0.909381,0.277935,0.730937,0.022656,14.998031,15.000000,0.158370,0.007498
1722,physics,0.834200,0.263089,0.650897,0.048683,15.000000,15.000000,0.161245,0.005781
1723,physics,0.707340,0.252998,0.544342,0.049334,15.000000,15.000000,0.155833,0.004308
1724,physics,0.851299,0.277579,0.667696,0.050054,15.000000,15.000000,0.155828,0.006354
1725,physics,0.876084,0.277579,0.707164,0.093703,15.000000,15.000000,0.154904,0.007177
1726,text,0.801104,0.250363,0.582617,0.059812,15.000000,15.000000,0.151379,0.004858
1727,text,0.788249,0.263534,0.595341,0.035455,15.000000,15.000000,0.158380,0.004597
1728,physics,0.781781,0.250363,0.605065,0.036474,15.000000,15.000000,0.163831,0.004937
1729,physics,0.827658,0.288705,0.636619,0.024089,15.000000,15.000000,0.160808,0.005769
1730,physics,0.763651,0.246406,0.587382,0.075286,15.000000,15.000000,0.158930,0.004864
1731,physics,0.896462,0.252998,0.675978,0.049998,15.000000,15.000000,0.160382,0.006277
1732,text,0.913899,0.277579,0.732547,0.068613,15.000000,15.000000,0.176096,0.006818
1733,physics,0.832098,0.263089,0.644445,0.048727,15.000000,15.000000,0.178938,0.005568
1734,physics,0.854582,0.277579,0.703638,0.100848,15.000000,15.000000,0.194147,0.006172
1735,text,0.624457,0.288705,0.501083,0.025254,15.000000,15.000000,0.185730,0.003665
1736,physics,0.808748,0.277935,0.615986,0.083824,15.000000,15.000000,0.185134,0.005185
1737,text,0.894743,0.277579,0.733980,0.064396,15.000000,15.000000,0.195613,0.006965
1738,text,0.753148,0.252998,0.567358,0.035339,14.997960,15.000000,0.194903,0.004209
1739,physics,0.837014,0.277579,0.660519,0.085010,15.000000,15.000000,0.188887,0.006179
1740,text,0.778990,0.277935,0.606950,0.033670,15.000000,15.000000,0.190089,0.004930
1741,physics,0.845566,0.252998,0.660213,0.050984,15.000000,15.000000,0.185570,0.006330
1742,physics,0.955319,0.252998,0.790229,0.133560,15.000000,15.000000,0.187560,0.008658
1743,physics,0.765658,0.246406,0.593277,0.055267,15.000000,15.000000,0.184290,0.004955
1744,text,0.909790,0.253229,0.665006,0.036838,15.000000,15.000000,0.168334,0.007062
1745,text,0.927850,0.252998,0.729840,0.037286,15.000000,15.000000,0.174638,0.007296
1746,text,0.680820,0.277579,0.545716,0.062626,15.000000,15.000000,0.163262,0.004556
1747,text,0.718686,0.246406,0.507954,0.043958,15.000000,15.000000,0.161302,0.003533
1748,text,0.833845,0.250363,0.649107,0.044575,15.000000,15.000000,0.162752,0.005888
1749,text,0.854189,0.263089,0.638479,0.035221,15.000000,15.000000,0.161986,0.005742
1750,text,0.865195,0.277935,0.668740,0.032505,15.000000,15.000000,0.172643,0.005683
1751,physics,0.826757,0.263089,0.606595,0.040345,15.000000,15.000000,0.169893,0.005168
1752,physics,0.842207,0.277935,0.661230,0.035783,15.000000,15.000000,0.165256,0.006217
1753,physics,0.735344,0.263089,0.587910,0.049453,15.000000,15.000000,0.165642,0.004681
1754,text,0.743553,0.252998,0.561940,0.027681,15.000000,15.000000,0.156108,0.004786
1755,text,0.889450,0.288705,0.693273,0.031900,15.000000,15.000000,0.151046,0.006998
1756,physics,0.772262,0.252998,0.594835,0.028144,15.000000,15.000000,0.146283,0.005270
1757,physics,0.727037,0.277579,0.577474,0.022099,15.000000,15.000000,0.153757,0.004336
1758,text,0.846061,0.277579,0.655601,0.057293,15.000000,15.000000,0.159720,0.005766
1759,physics,0.860640,0.252998,0.670928,0.021107,15.000000,15.000000,0.151131,0.006769
1760,text,0.810589,0.252998,0.603887,0.026031,15.000000,15.000000,0.154732,0.004959
1761,text,0.843417,0.263089,0.629743,0.023951,15.000000,15.000000,0.161997,0.005127
1762,physics,0.871779,0.288705,0.671652,0.022492,15.000000,15.000000,0.157488,0.006655
1763,text,0.927317,0.277579,0.701013,0.062689,15.000000,15.000000,0.157191,0.006995
1764,text,0.792569,0.277935,0.617495,0.031651,15.000000,15.000000,0.162653,0.005093
1765,text,0.871120,0.263089,0.694227,0.030850,15.000000,15.000000,0.165511,0.006590
1766,text,0.819284,0.277579,0.634532,0.058718,14.999396,15.000000,0.158059,0.005858
1767,physics,0.794713,0.277935,0.631712,0.071633,15.000000,15.000000,0.161872,0.005288
1768,text,0.737355,0.263089,0.562145,0.029263,15.000000,15.000000,0.161333,0.004401
1769,physics,0.770435,0.288705,0.619309,0.061044,15.000000,15.000000,0.171670,0.004875
1770,physics,0.833517,0.263089,0.671577,0.085730,15.000000,15.000000,0.168077,0.006178
1771,text,1.035132,0.263089,0.797311,0.036366,15.000000,15.000000,0.177446,0.008394
1772,physics,0.716619,0.259508,0.535133,0.050962,15.000000,15.000000,0.174176,0.003983
1773,text,0.829696,0.277935,0.652957,0.033590,15.000000,15.000000,0.179851,0.005650
1774,physics,0.783093,0.277935,0.606700,0.100080,15.000000,15.000000,0.176748,0.005143
1775,physics,0.709257,0.277579,0.563459,0.022055,15.000000,15.000000,0.181413,0.003956
1776,text,0.767371,0.252998,0.594549,0.027133,15.000000,15.000000,0.186821,0.004413
1777,text,0.817933,0.277935,0.607415,0.030580,15.000000,15.000000,0.185066,0.004994
1778,text,0.864343,0.250363,0.668021,0.055628,15.000000,15.000000,0.187687,0.005970
1779,physics,0.726048,0.277579,0.567720,0.040742,15.000000,15.000000,0.180358,0.004683
1780,physics,0.728038,0.277935,0.538228,0.027391,14.999270,15.000000,0.172325,0.004270
1781,physics,0.790816,0.250363,0.590157,0.020337,14.998815,15.000000,0.176216,0.004475
1782,text,0.767060,0.288705,0.598670,0.027072,14.999283,15.000000,0.180666,0.004521
1783,text,0.790804,0.288705,0.607670,0.019801,15.000000,15.000000,0.167322,0.005678
1784,text,0.846302,0.263089,0.661900,0.029354,15.000000,15.000000,0.170410,0.006005
1785,text,0.807392,0.288705,0.661967,0.028902,15.000000,15.000000,0.175384,0.005714
1786,text,0.864397,0.277935,0.664756,0.028600,14.999915,15.000000,0.178895,0.006028
1787,text,0.967273,0.277579,0.767773,0.071366,15.000000,15.000000,0.186033,0.007821
1788,text,0.853753,0.252998,0.646419,0.028393,15.000000,15.000000,0.195390,0.005121
1789,physics,0.826587,0.263534,0.662643,0.104187,15.000000,15.000000,0.189445,0.006168
1790,physics,0.749387,0.252998,0.574115,0.028300,15.000000,15.000000,0.178197,0.004895
1791,text,0.840257,0.263089,0.628000,0.028094,15.000000,15.000000,0.164657,0.005906
1792,text,0.749506,0.252998,0.583334,0.024135,15.000000,15.000000,0.172500,0.004185
1793,text,0.736183,0.277579,0.560885,0.055887,15.000000,15.000000,0.168882,0.004438
1794,text,0.819781,0.252998,0.634191,0.029022,15.000000,15.000000,0.174864,0.005141
1795,text,0.721937,0.277579,0.588688,0.053921,14.999256,15.000000,0.168191,0.005035
1796,physics,0.673349,0.288705,0.541736,0.052716,15.000000,15.000000,0.163111,0.004190
1797,text,0.746646,0.288705,0.607327,0.028716,14.998039,15.000000,0.162716,0.005173
1798,physics,0.680347,0.277579,0.525620,0.023575,15.000000,15.000000,0.156559,0.003946
1799,text,0.788256,0.288705,0.640172,0.024826,15.000000,15.000000,0.159814,0.005635
1800,text,0.792371,0.288705,0.645625,0.028201,15.000000,15.000000,0.171417,0.005232
1801,physics,0.852701,0.277579,0.683669,0.023672,15.000000,15.000000,0.165554,0.006735
1802,text,0.749012,0.263089,0.579340,0.034314,15.000000,15.000000,0.160850,0.004806
1803,physics,0.808342,0.288705,0.638009,0.017858,14.999107,15.000000,0.153724,0.005971
1804,physics,0.867485,0.277579,0.654299,0.071504,15.000000,15.000000,0.150049,0.006231
1805,physics,0.960856,0.263089,0.760753,0.096944,15.000000,15.000000,0.148540,0.008308
1806,text,0.703117,0.277579,0.563100,0.053051,15.000000,15.000000,0.154595,0.004177
1807,physics,0.849215,0.252998,0.683231,0.038076,15.000000,15.000000,0.165430,0.005940
1808,physics,0.897690,0.277579,0.722140,0.070462,15.000000,15.000000,0.168759,0.007128
1809,text,0.736796,0.252998,0.566513,0.038993,15.000000,15.000000,0.164140,0.004499
1810,text,0.824856,0.263089,0.628314,0.034797,15.000000,15.000000,0.162355,0.005572
1811,text,0.843225,0.263089,0.654370,0.031398,14.999622,15.000000,0.156585,0.006227
1812,text,0.846058,0.250363,0.631885,0.053239,15.000000,15.000000,0.162620,0.005236
1813,text,0.859836,0.277579,0.677914,0.060062,15.000000,15.000000,0.175691,0.005747
1814,physics,0.845905,0.246406,0.644956,0.029583,14.996714,15.000000,0.177340,0.005528
1815,physics,0.816572,0.252998,0.616090,0.018840,14.995501,15.000000,0.171622,0.005434
1816,text,0.816420,0.263089,0.638732,0.036032,15.000000,15.000000,0.171723,0.005653
1817,text,0.760378,0.277579,0.592083,0.057507,15.000000,15.000000,0.153848,0.005600
1818,physics,0.804475,0.246406,0.604805,0.029148,15.000000,15.000000,0.158705,0.004919
1819,text,0.635722,0.277579,0.492835,0.054285,15.000000,15.000000,0.151448,0.003605
1820,physics,0.837552,0.253229,0.668261,0.027396,14.999090,15.000000,0.155640,0.006105
1821,text,0.977562,0.277579,0.801209,0.072879,15.000000,15.000000,0.169606,0.008529
1822,physics,0.925627,0.250363,0.666114,0.025131,14.999036,15.000000,0.162452,0.006490
1823,physics,0.876084,0.277579,0.710176,0.103686,15.000000,15.000000,0.149842,0.007619
1824,text,0.775997,0.277579,0.601686,0.048789,15.000000,15.000000,0.146275,0.005283
1825,text,0.775726,0.277579,0.613238,0.053395,15.000000,15.000000,0.144940,0.005405
1826,physics,0.683115,0.288705,0.523568,0.042766,15.000000,15.000000,0.146790,0.003692
1827,text,0.797278,0.288705,0.632426,0.040938,15.000000,15.000000,0.151466,0.005386
1828,text,0.845825,0.263534,0.653626,0.040360,15.000000,15.000000,0.151846,0.005994
1829,physics,0.851259,0.263089,0.661483,0.055990,15.000000,15.000000,0.151508,0.006172
1830,physics,0.709645,0.288705,0.539123,0.025029,15.000000,15.000000,0.152110,0.003976
1831,physics,0.776026,0.252998,0.598228,0.071778,15.000000,15.000000,0.151955,0.005017
1832,physics,0.737173,0.263089,0.558129,0.023093,15.000000,15.000000,0.153014,0.004253
1833,physics,0.751537,0.288705,0.574490,0.020209,14.998686,15.000000,0.142977,0.005016
1834,text,0.785452,0.277579,0.624232,0.068783,15.000000,15.000000,0.147125,0.005382
1835,physics,0.752436,0.246406,0.568347,0.052763,15.000000,15.000000,0.145749,0.004491
1836,text,0.732258,0.252998,0.539106,0.037475,15.000000,15.000000,0.145238,0.004040
1837,text,0.655141,0.259508,0.511219,0.019846,15.000000,15.000000,0.146597,0.003503
1838,text,0.737885,0.263534,0.593883,0.034262,15.000000,15.000000,0.155084,0.004475
1839,text,0.771720,0.252998,0.607328,0.027868,15.000000,15.000000,0.159817,0.004896
1840,text,0.863558,0.263089,0.673833,0.036589,15.000000,15.000000,0.159561,0.006425
1841,physics,0.827658,0.288705,0.639892,0.023217,15.000000,15.000000,0.153684,0.005888
1842,physics,0.853172,0.263089,0.667202,0.028277,15.000000,15.000000,0.143374,0.006730
1843,text,0.758092,0.277935,0.588516,0.034817,15.000000,15.000000,0.147392,0.004659
1844,text,0.796663,0.277579,0.620824,0.052780,15.000000,15.000000,0.139440,0.005730
1845,text,0.857759,0.263089,0.673627,0.021920,15.000000,15.000000,0.149479,0.006028
1846,physics,0.762366,0.246406,0.559769,0.026882,15.000000,15.000000,0.143853,0.004610
1847,text,0.817951,0.252998,0.632899,0.032484,15.000000,15.000000,0.143204,0.005734
1848,physics,0.931493,0.277579,0.755964,0.030150,15.000000,15.000000,0.156545,0.007624
1849,text,0.923013,0.277579,0.733773,0.070931,15.000000,15.000000,0.155951,0.007670
1850,text,0.736242,0.263089,0.544100,0.029127,15.000000,15.000000,0.153688,0.004223
1851,text,0.824438,0.252998,0.647820,0.024056,15.000000,15.000000,0.162227,0.005480
1852,physics,0.745472,0.288705,0.590509,0.020088,15.000000,15.000000,0.156650,0.005009
1853,physics,0.735402,0.252998,0.546150,0.022687,15.000000,15.000000,0.154080,0.004188
1854,text,0.815986,0.259508,0.661899,0.023250,15.000000,15.000000,0.154549,0.006117
1855,physics,0.858523,0.277579,0.674796,0.057756,15.000000,15.000000,0.160454,0.006171
1856,text,0.872771,0.263089,0.639335,0.031401,15.000000,15.000000,0.158456,0.005796
1857,text,0.798563,0.263089,0.613499,0.027618,15.000000,15.000000,0.160000,0.005145
1858,text,0.810589,0.252998,0.606757,0.026047,15.000000,15.000000,0.148885,0.005637
1859,physics,0.812424,0.252998,0.604843,0.054334,15.000000,15.000000,0.152556,0.005055
1860,physics,0.812424,0.252998,0.604934,0.054213,15.000000,15.000000,0.164255,0.004658
1861,text,0.827583,0.263534,0.663654,0.030197,15.000000,15.000000,0.170709,0.005770
1862,text,0.902881,0.277579,0.688370,0.059216,15.000000,15.000000,0.169221,0.006628
1863,text,0.861418,0.277579,0.676257,0.070439,15.000000,15.000000,0.160974,0.006801
1864,physics,0.800987,0.277579,0.621039,0.067866,15.000000,15.000000,0.154896,0.005637
1865,text,0.780841,0.277579,0.608891,0.058262,15.000000,15.000000,0.145771,0.005535
1866,text,0.855349,0.277579,0.664895,0.057682,15.000000,15.000000,0.151808,0.005966
1867,physics,0.972444,0.250363,0.732751,0.066071,15.000000,15.000000,0.161408,0.007221
1868,text,0.714196,0.263089,0.568478,0.027465,15.000000,15.000000,0.154885,0.004652
1869,physics,0.740727,0.277935,0.608913,0.051297,15.000000,15.000000,0.157862,0.005009
1870,physics,0.858121,0.252998,0.665884,0.103913,15.000000,15.000000,0.165587,0.005866
1871,text,0.843897,0.263089,0.672867,0.031532,15.000000,15.000000,0.162808,0.006402
1872,physics,0.820662,0.263089,0.604259,0.018412,14.997882,15.000000,0.156246,0.005310
1873,physics,0.866210,0.252998,0.656593,0.221321,15.000000,15.000000,0.165415,0.005608
1874,text,0.844009,0.263089,0.635818,0.029459,15.000000,15.000000,0.163316,0.005771
1875,physics,0.789832,0.277579,0.645841,0.024727,15.000000,15.000000,0.161682,0.005831
1876,text,0.845832,0.263089,0.659845,0.026135,15.000000,15.000000,0.163885,0.006002
1877,physics,0.762510,0.277935,0.583684,0.024018,15.000000,15.000000,0.166666,0.004524
1878,physics,0.893293,0.263089,0.728215,0.097447,15.000000,15.000000,0.162593,0.007373
1879,text,0.751919,0.252998,0.608479,0.027521,15.000000,15.000000,0.163521,0.005014
1880,text,0.855349,0.277579,0.662628,0.063994,15.000000,15.000000,0.172897,0.005600
1881,physics,0.689851,0.288705,0.525917,0.032501,15.000000,15.000000,0.167831,0.003768
1882,text,0.836281,0.277935,0.652308,0.034544,15.000000,15.000000,0.169975,0.005753
1883,text,0.732773,0.277579,0.576676,0.061484,15.000000,15.000000,0.164990,0.004731
1884,physics,0.800187,0.263089,0.622657,0.049922,15.000000,15.000000,0.151323,0.005957
1885,text,0.740409,0.277935,0.571040,0.029386,15.000000,15.000000,0.156173,0.004280
1886,physics,0.839699,0.288705,0.658626,0.027278,15.000000,15.000000,0.152778,0.006088
1887,physics,0.843288,0.252998,0.656267,0.039597,15.000000,15.000000,0.163498,0.005516
1888,text,0.799642,0.263089,0.647626,0.030065,15.000000,15.000000,0.169149,0.005346
1889,text,0.890974,0.277579,0.710193,0.061353,15.000000,15.000000,0.167498,0.006942
1890,text,0.811205,0.263089,0.668702,0.031727,15.000000,15.000000,0.166185,0.006168
1891,physics,0.833192,0.277579,0.640208,0.026473,14.999617,15.000000,0.161382,0.005850
1892,physics,0.820265,0.288705,0.662026,0.084791,15.000000,15.000000,0.169802,0.005642
1893,text,0.855142,0.263089,0.671636,0.032630,15.000000,15.000000,0.174264,0.006010
1894,physics,0.691645,0.246406,0.501749,0.018637,15.000000,15.000000,0.170129,0.003484
1895,physics,0.835000,0.252998,0.646648,0.054140,15.000000,15.000000,0.167549,0.005751
1896,text,0.742655,0.252998,0.565991,0.024783,15.000000,15.000000,0.163572,0.004455
1897,physics,0.860640,0.252998,0.672248,0.020144,15.000000,15.000000,0.161913,0.006418
1898,text,0.853172,0.263089,0.666173,0.026399,15.000000,15.000000,0.154947,0.006499
1899,physics,0.788695,0.277935,0.630486,0.052346,15.000000,15.000000,0.157689,0.005403
1900,physics,0.729428,0.277579,0.566641,0.024934,15.000000,15.000000,0.161935,0.004185
1901,text,0.763364,0.263089,0.543861,0.030482,14.994893,15.000000,0.157012,0.004172
1902,text,0.880057,0.250363,0.658109,0.050004,15.000000,15.000000,0.159628,0.005999
1903,text,0.823186,0.277579,0.636769,0.067229,15.000000,15.000000,0.166221,0.005302
1904,physics,0.792047,0.277935,0.610080,0.014284,14.996037,15.000000,0.168194,0.004975
1905,text,0.766953,0.288705,0.630899,0.029372,15.000000,15.000000,0.173869,0.005160
1906,physics,0.842205,0.277579,0.661249,0.026307,15.000000,15.000000,0.170546,0.006155
1907,text,0.959250,0.252998,0.720041,0.032113,15.000000,15.000000,0.171579,0.007125
1908,physics,0.709186,0.263089,0.514795,0.017349,14.999419,15.000000,0.164562,0.003744
1909,physics,0.759724,0.259508,0.595847,0.013638,14.998460,15.000000,0.162055,0.004943
1910,physics,0.716103,0.277935,0.587283,0.048912,15.000000,15.000000,0.172524,0.004087
1911,text,0.857717,0.263089,0.659420,0.030235,15.000000,15.000000,0.171400,0.005950
1912,physics,0.909790,0.253229,0.667942,0.057394,15.000000,15.000000,0.165670,0.006553
1913,text,0.952587,0.263089,0.766692,0.034974,15.000000,15.000000,0.170313,0.008023
1914,physics,0.860010,0.252998,0.669348,0.035714,15.000000,15.000000,0.173915,0.005823
1915,physics,0.959250,0.252998,0.720285,0.059116,15.000000,15.000000,0.173341,0.007143
1916,physics,0.912861,0.253229,0.689712,0.098541,15.000000,15.000000,0.177439,0.006276
1917,physics,0.875494,0.277935,0.653428,0.019262,14.996742,15.000000,0.172208,0.006055
1918,text,0.916916,0.288705,0.698740,0.030951,14.992974,15.000000,0.151937,0.007642
1919,physics,0.787263,0.252998,0.615555,0.020383,14.992105,15.000000,0.149922,0.005368
1920,physics,0.869259,0.246406,0.667770,0.032708,14.996159,15.000000,0.150030,0.006217
1921,text,0.830334,0.277579,0.678522,0.077411,15.000000,15.000000,0.152887,0.006146
1922,text,0.949431,0.252998,0.727467,0.030333,15.000000,15.000000,0.162214,0.006992
1923,physics,0.694881,0.288705,0.541281,0.013867,14.997281,15.000000,0.154700,0.004153
1924,text,0.892634,0.252998,0.667261,0.025981,15.000000,15.000000,0.151041,0.006317
1925,physics,0.821582,0.277935,0.669337,0.100727,15.000000,15.000000,0.158873,0.005824
1926,physics,0.778261,0.253229,0.575454,0.020859,14.998351,15.000000,0.161976,0.004186
1927,text,0.846360,0.252998,0.636765,0.026913,14.996284,15.000000,0.163943,0.005441
1928,text,0.850666,0.252998,0.670425,0.025031,15.000000,15.000000,0.160212,0.006304
1929,text,0.743173,0.263089,0.567263,0.019884,14.999053,15.000000,0.161686,0.004248
1930,text,0.763651,0.246406,0.588589,0.039830,15.000000,15.000000,0.149445,0.005155
1931,physics,0.779676,0.277935,0.598714,0.019997,14.999063,15.000000,0.155966,0.004703
1932,physics,0.743873,0.263534,0.558737,0.040390,15.000000,15.000000,0.142578,0.004892
1933,physics,0.960700,0.259508,0.742777,0.072983,15.000000,15.000000,0.142263,0.007722
1934,physics,0.747445,0.246406,0.586764,0.040745,15.000000,15.000000,0.141024,0.004808
1935,text,0.779634,0.277579,0.628835,0.069660,14.997913,15.000000,0.139159,0.005643
1936,text,0.752968,0.277579,0.591309,0.069179,15.000000,15.000000,0.141573,0.004805
1937,text,0.887474,0.263089,0.684057,0.026463,15.000000,15.000000,0.138912,0.006729
1938,text,0.760463,0.250363,0.568434,0.039975,15.000000,15.000000,0.133018,0.004740
1939,text,0.792733,0.253229,0.559144,0.025417,15.000000,15.000000,0.131422,0.004382
1940,physics,0.895453,0.277579,0.712874,0.059951,15.000000,15.000000,0.138938,0.007079
1941,text,0.841992,0.252998,0.658287,0.024871,15.000000,15.000000,0.149143,0.005678
1942,physics,0.758697,0.277935,0.612882,0.069683,15.000000,15.000000,0.161203,0.004675
1943,physics,0.818409,0.253229,0.635709,0.034368,15.000000,15.000000,0.150605,0.005907
1944,text,0.848148,0.263089,0.675826,0.031214,15.000000,15.000000,0.147003,0.006507
1945,physics,0.791134,0.277579,0.614624,0.060873,15.000000,15.000000,0.150803,0.005122
1946,text,0.858121,0.252998,0.665561,0.025165,15.000000,15.000000,0.164900,0.005652
1947,physics,0.857530,0.253229,0.645723,0.034553,15.000000,15.000000,0.162647,0.005886
1948,text,0.791087,0.277935,0.584450,0.031970,15.000000,15.000000,0.162354,0.004679
1949,physics,0.841235,0.288705,0.703437,0.077192,15.000000,15.000000,0.166833,0.006460
1950,text,0.779596,0.252998,0.632805,0.031399,15.000000,15.000000,0.165466,0.005515
1951,text,0.853593,0.252998,0.664213,0.027984,15.000000,15.000000,0.165635,0.006027
1952,text,0.829139,0.288705,0.664471,0.026113,15.000000,15.000000,0.174315,0.005647
1953,text,0.813515,0.263089,0.621004,0.023745,15.000000,15.000000,0.165992,0.005543
1954,text,0.740759,0.288705,0.577765,0.019389,15.000000,15.000000,0.160323,0.004817
1955,text,0.860823,0.263089,0.690817,0.029645,15.000000,15.000000,0.161133,0.006722
1956,physics,0.799857,0.252998,0.615157,0.056693,15.000000,15.000000,0.170117,0.004833
1957,physics,0.816021,0.277579,0.646825,0.129698,15.000000,15.000000,0.175430,0.005547
1958,physics,0.837764,0.252998,0.667236,0.031302,15.000000,15.000000,0.181256,0.005733
1959,physics,0.771868,0.277935,0.583793,0.030612,15.000000,15.000000,0.168758,0.005201
1960,physics,0.893335,0.288705,0.738400,0.044973,15.000000,15.000000,0.164851,0.007852
1961,text,0.778144,0.252998,0.568461,0.022841,15.000000,15.000000,0.158689,0.004690
1962,physics,0.811786,0.263089,0.622739,0.033513,15.000000,15.000000,0.152074,0.005711
1963,physics,0.904455,0.252998,0.705037,0.028420,15.000000,15.000000,0.157798,0.006739
1964,text,0.769848,0.252998,0.541899,0.022291,15.000000,15.000000,0.154690,0.004013
1965,text,0.917979,0.277579,0.701190,0.067100,14.994262,15.000000,0.147725,0.007127
1966,physics,0.763855,0.277935,0.596965,0.037889,15.000000,15.000000,0.144571,0.005033
1967,text,0.866067,0.259508,0.675749,0.022836,15.000000,15.000000,0.152964,0.006037
1968,text,0.823947,0.263089,0.648615,0.025076,15.000000,15.000000,0.143484,0.006342
1969,text,0.830148,0.277935,0.643752,0.038069,15.000000,15.000000,0.148582,0.005447
1970,physics,0.812656,0.252998,0.557635,0.024834,14.997794,15.000000,0.139673,0.004673
1971,physics,0.778463,0.288705,0.601395,0.024291,14.996193,15.000000,0.133897,0.005388
1972,text,0.892592,0.277935,0.718748,0.041641,15.000000,15.000000,0.146591,0.006678
1973,text,0.863213,0.263089,0.644969,0.028065,15.000000,15.000000,0.152679,0.005537
1974,physics,0.898185,0.252998,0.710412,0.064464,15.000000,15.000000,0.149147,0.007252
1975,text,0.816808,0.252998,0.649903,0.028453,15.000000,15.000000,0.150521,0.005814
1976,text,0.803204,0.277579,0.613107,0.056428,14.999838,15.000000,0.139711,0.005662
1977,physics,0.837491,0.277579,0.671655,0.046926,15.000000,15.000000,0.149705,0.006010
1978,text,0.878750,0.259508,0.665574,0.022211,15.000000,15.000000,0.150093,0.006137
1979,physics,0.770153,0.252998,0.580954,0.078560,15.000000,15.000000,0.141810,0.005062
1980,text,0.736183,0.277579,0.562579,0.055130,15.000000,15.000000,0.140610,0.004446
1981,physics,0.792640,0.288705,0.623615,0.069761,15.000000,15.000000,0.151382,0.004906
1982,text,0.771352,0.252998,0.555225,0.024849,15.000000,15.000000,0.144476,0.004510
1983,text,0.952587,0.263089,0.766991,0.030708,15.000000,15.000000,0.147991,0.008229
1984,text,0.751325,0.277579,0.566821,0.055058,15.000000,15.000000,0.150907,0.004251
1985,text,0.798750,0.288705,0.618566,0.025846,15.000000,15.000000,0.155069,0.005062
1986,text,0.849405,0.252998,0.659930,0.024174,15.000000,15.000000,0.153042,0.006257
1987,physics,0.866067,0.259508,0.676202,0.034653,15.000000,15.000000,0.157933,0.006215
1988,text,0.756094,0.259508,0.601024,0.019650,15.000000,15.000000,0.166091,0.004588
1989,physics,0.919909,0.277579,0.725416,0.152812,15.000000,15.000000,0.167967,0.007326
1990,physics,0.767795,0.252998,0.619577,0.057408,15.000000,15.000000,0.160317,0.005692
1991,text,0.893094,0.252998,0.717468,0.032532,15.000000,15.000000,0.167179,0.006985
1992,text,0.792606,0.263089,0.631878,0.025106,15.000000,15.000000,0.160762,0.005962
1993,text,0.808890,0.288705,0.655791,0.023728,15.000000,15.000000,0.167120,0.005761
1994,physics,0.804440,0.252998,0.612260,0.041142,15.000000,15.000000,0.169685,0.004943
1995,text,0.789610,0.263089,0.608018,0.030965,15.000000,15.000000,0.173323,0.004847
1996,physics,0.851299,0.277579,0.670262,0.054966,15.000000,15.000000,0.176352,0.006155
1997,text,0.773534,0.277579,0.595205,0.052584,15.000000,15.000000,0.175470,0.004854
1998,text,0.836790,0.288705,0.613580,0.021631,15.000000,15.000000,0.161523,0.005848
1999,physics,0.704963,0.277579,0.577008,0.031244,15.000000,15.000000,0.164410,0.004460
2000,text,0.783738,0.252998,0.636831,0.026403,15.000000,15.000000,0.180249,0.004826
2001,physics,0.806998,0.277579,0.625819,0.023418,15.000000,15.000000,0.176483,0.005512
2002,physics,0.854917,0.263089,0.710028,0.096650,15.000000,15.000000,0.181523,0.006789
2003,text,0.797985,0.252998,0.658435,0.025666,15.000000,15.000000,0.186824,0.005615
2004,physics,0.813034,0.277579,0.657491,0.040998,15.000000,15.000000,0.195955,0.005354
2005,physics,0.853593,0.252998,0.662887,0.038486,15.000000,15.000000,0.188318,0.006331
2006,physics,0.742655,0.252998,0.564347,0.050606,15.000000,15.000000,0.178787,0.004647
2007,text,0.758926,0.246406,0.566701,0.026998,15.000000,15.000000,0.180647,0.004273
2008,text,0.739916,0.288705,0.572231,0.021307,15.000000,15.000000,0.166905,0.005081
2009,physics,0.814068,0.263089,0.618551,0.020776,14.997469,15.000000,0.162186,0.005590
2010,text,0.788076,0.288705,0.637420,0.021706,15.000000,15.000000,0.159938,0.005764
2011,physics,0.857530,0.253229,0.644411,0.033772,15.000000,15.000000,0.170270,0.005332
2012,physics,0.879900,0.252998,0.649347,0.028123,14.998284,15.000000,0.161662,0.006245
2013,physics,0.910597,0.263534,0.729243,0.157569,15.000000,15.000000,0.168279,0.007225
2014,physics,0.804332,0.252998,0.613498,0.024961,14.999039,15.000000,0.162090,0.005493
2015,text,0.843158,0.246406,0.612159,0.036827,15.000000,15.000000,0.164691,0.005021
2016,physics,0.829946,0.263089,0.606115,0.029785,15.000000,15.000000,0.159127,0.005384
2017,physics,0.872771,0.263089,0.635962,0.099979,15.000000,15.000000,0.161274,0.005548
2018,text,0.893821,0.277579,0.737171,0.088820,15.000000,15.000000,0.170509,0.007315
2019,physics,0.745174,0.277935,0.583580,0.013812,14.996736,15.000000,0.172205,0.004633
2020,physics,0.792640,0.288705,0.620313,0.067113,15.000000,15.000000,0.172103,0.005160
2021,physics,0.837076,0.263089,0.662612,0.029292,15.000000,15.000000,0.174964,0.005859
2022,text,0.819203,0.277579,0.677026,0.071223,14.998085,15.000000,0.178936,0.006151
2023,text,0.792108,0.252998,0.613180,0.028615,15.000000,15.000000,0.183935,0.004880
2024,physics,0.787064,0.252998,0.627147,0.022418,14.998065,15.000000,0.173102,0.005997
2025,physics,0.743173,0.263089,0.563169,0.016882,14.997718,15.000000,0.168684,0.004454
2026,physics,0.841603,0.277579,0.676116,0.051482,15.000000,15.000000,0.174658,0.006040
2027,text,0.846560,0.263089,0.662311,0.025723,15.000000,15.000000,0.166537,0.006433
2028,physics,0.773595,0.277579,0.618030,0.034329,15.000000,15.000000,0.173511,0.004769
2029,text,0.817478,0.277579,0.640610,0.063237,15.000000,15.000000,0.171577,0.005822
2030,physics,0.945402,0.252998,0.741698,0.058798,15.000000,15.000000,0.179052,0.007283
2031,text,0.877427,0.259508,0.726002,0.025185,15.000000,15.000000,0.177071,0.007305
2032,physics,0.827101,0.246406,0.657287,0.018970,15.000000,15.000000,0.173476,0.006158
2033,text,0.823910,0.252998,0.627180,0.030249,15.000000,15.000000,0.167387,0.005651
2034,text,0.860709,0.288705,0.712140,0.031181,15.000000,15.000000,0.166099,0.006931
2035,text,0.737451,0.277935,0.596476,0.035322,15.000000,15.000000,0.173184,0.004416
2036,physics,0.864343,0.250363,0.666743,0.038547,15.000000,15.000000,0.162745,0.006585
2037,text,0.845006,0.263089,0.607281,0.024397,15.000000,15.000000,0.158984,0.005302
2038,physics,0.771008,0.277579,0.642700,0.063604,15.000000,15.000000,0.166980,0.005241
2039,physics,0.872038,0.277579,0.667247,0.057311,15.000000,15.000000,0.166831,0.006233
2040,physics,0.792108,0.252998,0.611137,0.050549,15.000000,15.000000,0.174810,0.004737
2041,physics,0.773263,0.252998,0.570248,0.012234,14.995670,15.000000,0.165143,0.004901
2042,physics,0.690735,0.277935,0.563702,0.031434,15.000000,15.000000,0.160030,0.004598
2043,physics,0.751107,0.277579,0.588354,0.038015,15.000000,15.000000,0.160885,0.004817
2044,physics,0.680820,0.277579,0.544895,0.021057,15.000000,15.000000,0.162612,0.004042
2045,text,0.860524,0.277579,0.702565,0.069940,15.000000,15.000000,0.173646,0.006353
2046,physics,0.864397,0.277935,0.661359,0.026420,14.998873,15.000000,0.170310,0.006260
2047,text,0.828585,0.252998,0.673382,0.033853,15.000000,15.000000,0.177096,0.006051
2048,text,0.781620,0.288705,0.623931,0.025984,15.000000,15.000000,0.171646,0.005523
2049,text,0.875367,0.277579,0.703004,0.058603,15.000000,15.000000,0.168165,0.007075
2050,physics,0.806919,0.288705,0.646266,0.089034,15.000000,15.000000,0.171923,0.005629
2051,text,0.916075,0.263089,0.740384,0.032011,15.000000,15.000000,0.183495,0.007076
2052,physics,0.801104,0.250363,0.583205,0.023377,14.999191,15.000000,0.178720,0.004803
2053,physics,0.714196,0.263089,0.567349,0.105246,15.000000,15.000000,0.180387,0.004243
2054,text,0.836257,0.250363,0.627920,0.045057,15.000000,15.000000,0.185461,0.005070
2055,text,0.809176,0.288705,0.590158,0.024626,15.000000,15.000000,0.168599,0.005482
2056,physics,0.942750,0.252998,0.728787,0.046235,15.000000,15.000000,0.171018,0.007388
2057,physics,0.821997,0.263089,0.639212,0.014721,14.998185,15.000000,0.169114,0.005681
2058,text,0.850003,0.277935,0.690653,0.035480,15.000000,15.000000,0.174993,0.006247
2059,text,0.800069,0.252998,0.619960,0.029286,15.000000,15.000000,0.175813,0.005213
2060,text,0.775943,0.252998,0.602415,0.030237,15.000000,15.000000,0.181158,0.004606
2061,text,0.746646,0.288705,0.605939,0.028757,14.998454,15.000000,0.175238,0.005311
2062,physics,0.807414,0.277579,0.648423,0.071968,15.000000,15.000000,0.170787,0.005949
2063,physics,0.731416,0.277579,0.575195,0.016702,15.000000,15.000000,0.169267,0.004470
2064,physics,0.773753,0.263089,0.553486,0.024174,14.997199,15.000000,0.154813,0.004797
2065,physics,0.770028,0.252998,0.622080,0.044026,15.000000,15.000000,0.152272,0.005479
2066,text,0.780859,0.288705,0.612098,0.031848,15.000000,15.000000,0.151722,0.005207
2067,physics,0.819284,0.277579,0.634371,0.019350,15.000000,15.000000,0.150464,0.005638
2068,text,0.859531,0.263089,0.646289,0.033256,15.000000,15.000000,0.153483,0.005558
2069,text,0.871664,0.252998,0.680302,0.034324,15.000000,15.000000,0.154952,0.006432
2070,physics,0.842207,0.277935,0.661361,0.037867,15.000000,15.000000,0.166089,0.005556
2071,text,0.813112,0.263534,0.594149,0.024791,15.000000,15.000000,0.168170,0.004666
2072,text,0.695758,0.253229,0.533985,0.021272,15.000000,15.000000,0.163232,0.004062
2073,physics,0.939221,0.263089,0.703142,0.110273,15.000000,15.000000,0.155843,0.007294
2074,text,0.858264,0.277935,0.689710,0.042495,15.000000,15.000000,0.156254,0.006615
2075,text,0.736183,0.277579,0.560331,0.057057,15.000000,15.000000,0.155975,0.004314
2076,text,0.711633,0.277935,0.571373,0.029705,15.000000,15.000000,0.155761,0.004375
2077,physics,0.808673,0.288705,0.643941,0.022907,14.999554,15.000000,0.160114,0.005525
2078,physics,0.814068,0.263089,0.618999,0.021050,14.997224,15.000000,0.158964,0.005361
2079,physics,0.769930,0.277579,0.641500,0.039394,15.000000,15.000000,0.162422,0.005537
2080,physics,1.063443,0.277935,0.866277,0.042475,15.000000,15.000000,0.175224,0.009995
2081,physics,0.773003,0.277579,0.625593,0.076291,15.000000,15.000000,0.179125,0.005010
2082,physics,0.848050,0.252998,0.646860,0.025929,15.000000,15.000000,0.170894,0.006079
2083,physics,0.768503,0.252998,0.579644,0.017710,15.000000,15.000000,0.174249,0.004386
2084,physics,0.703333,0.277579,0.543616,0.038642,15.000000,15.000000,0.166209,0.004262
2085,text,0.816932,0.252998,0.626441,0.038310,15.000000,15.000000,0.170053,0.005101
2086,physics,0.763651,0.246406,0.584846,0.097750,15.000000,15.000000,0.165472,0.004861
2087,text,0.752650,0.253229,0.616583,0.028226,15.000000,15.000000,0.174063,0.004646
2088,physics,0.830265,0.277579,0.633582,0.021627,14.999726,15.000000,0.166158,0.005818
2089,text,0.779301,0.277935,0.627860,0.031292,15.000000,15.000000,0.168561,0.005361
2090,text,0.747594,0.277935,0.572514,0.026365,15.000000,15.000000,0.160001,0.004840
2091,physics,0.856881,0.263089,0.670657,0.087678,15.000000,15.000000,0.163079,0.006135
2092,physics,0.757023,0.288705,0.598428,0.027423,15.000000,15.000000,0.161217,0.005010
2093,physics,0.815066,0.263089,0.612175,0.061759,15.000000,15.000000,0.162546,0.005138
2094,text,0.801343,0.263089,0.611891,0.025650,15.000000,15.000000,0.162458,0.005199
2095,physics,0.703282,0.277579,0.555919,0.082485,15.000000,15.000000,0.166490,0.003972
2096,text,0.896385,0.263089,0.697204,0.029985,15.000000,15.000000,0.168615,0.006788
2097,text,0.668767,0.263089,0.539975,0.023967,15.000000,15.000000,0.164943,0.004089
2098,text,0.757545,0.277579,0.623205,0.052586,15.000000,15.000000,0.173967,0.004843
2099,physics,0.837764,0.252998,0.666316,0.032522,15.000000,15.000000,0.175276,0.005992
2100,text,0.904175,0.288705,0.703273,0.028384,15.000000,15.000000,0.168874,0.007154
2101,physics,0.886402,0.277579,0.700785,0.039626,15.000000,15.000000,0.172971,0.006620
2102,physics,0.816572,0.252998,0.606569,0.020590,14.998884,15.000000,0.165491,0.005395
2103,physics,0.857717,0.263089,0.652836,0.079941,15.000000,15.000000,0.157862,0.006214
2104,physics,0.707166,0.277579,0.560243,0.018982,15.000000,15.000000,0.159971,0.004187
2105,text,0.726048,0.277579,0.566017,0.052569,15.000000,15.000000,0.161870,0.004289
2106,text,0.661697,0.250363,0.515526,0.042823,15.000000,15.000000,0.161443,0.003622
2107,text,0.700338,0.252998,0.559821,0.027398,15.000000,15.000000,0.166181,0.004094
2108,text,0.752650,0.253229,0.616157,0.029785,15.000000,15.000000,0.177939,0.004549
2109,text,0.892545,0.277579,0.740589,0.073482,14.999435,15.000000,0.183416,0.007327
2110,physics,0.873091,0.277935,0.684019,0.059606,15.000000,15.000000,0.171825,0.006954
2111,physics,0.869976,0.263534,0.661906,0.036261,15.000000,15.000000,0.163879,0.006400
2112,text,0.822593,0.259508,0.632511,0.027319,15.000000,15.000000,0.153457,0.006015
2113,text,0.831127,0.277935,0.630249,0.033519,15.000000,15.000000,0.146201,0.005585
2114,text,0.765707,0.263534,0.592285,0.026600,15.000000,15.000000,0.147176,0.004852
2115,text,0.781488,0.288705,0.623793,0.029721,14.997862,15.000000,0.145398,0.005603
2116,physics,0.834053,0.277935,0.631553,0.022480,14.999317,15.000000,0.148844,0.005506
2117,text,0.751418,0.288705,0.585264,0.025010,15.000000,15.000000,0.147735,0.004743
2118,physics,0.791892,0.263089,0.648250,0.040594,15.000000,15.000000,0.152834,0.005642
2119,text,0.888933,0.263089,0.691482,0.029899,15.000000,15.000000,0.163435,0.006114
2120,physics,0.834037,0.277579,0.639874,0.015545,14.998954,15.000000,0.164858,0.005508
2121,physics,0.943509,0.263089,0.708062,0.057785,15.000000,15.000000,0.158287,0.007153
2122,physics,0.726462,0.259508,0.523084,0.011493,14.996249,15.000000,0.160873,0.003441
2123,physics,0.873681,0.277579,0.693964,0.032342,15.000000,15.000000,0.163965,0.006180
2124,text,0.793208,0.246406,0.593630,0.057142,15.000000,15.000000,0.143405,0.005621
2125,physics,0.805386,0.252998,0.619340,0.060900,15.000000,15.000000,0.151370,0.005034
2126,physics,0.668034,0.288705,0.514017,0.030681,15.000000,15.000000,0.147562,0.003735
2127,physics,0.737520,0.277579,0.555471,0.021759,15.000000,15.000000,0.149655,0.004011
2128,text,0.765758,0.277579,0.579867,0.055940,14.999988,15.000000,0.136230,0.004997
2129,text,0.819290,0.253229,0.667450,0.029599,15.000000,15.000000,0.138652,0.006009
2130,text,0.877039,0.252998,0.662586,0.037931,14.999721,15.000000,0.135741,0.006309
2131,physics,0.718545,0.252998,0.541549,0.049869,15.000000,15.000000,0.144266,0.003637
2132,text,0.721375,0.252998,0.539202,0.031098,15.000000,15.000000,0.144229,0.003953
2133,text,0.854880,0.288705,0.659610,0.024234,15.000000,15.000000,0.145945,0.006078
2134,text,0.934238,0.252998,0.689421,0.035933,15.000000,15.000000,0.148854,0.006582
2135,text,0.845905,0.246406,0.645677,0.038637,14.997565,15.000000,0.145633,0.005857
2136,physics,0.864151,0.263089,0.675274,0.042610,15.000000,15.000000,0.145767,0.006397
2137,physics,0.804440,0.252998,0.609125,0.046163,15.000000,15.000000,0.160062,0.004484
2138,physics,0.889332,0.250363,0.622602,0.078051,15.000000,15.000000,0.156405,0.005420
2139,physics,0.791386,0.277935,0.639237,0.016022,15.000000,15.000000,0.149159,0.005906
2140,text,0.780841,0.277579,0.610317,0.068599,15.000000,15.000000,0.147859,0.005246
2141,text,0.777994,0.263089,0.577510,0.026673,15.000000,15.000000,0.140266,0.004917
2142,physics,0.877427,0.259508,0.724579,0.113653,15.000000,15.000000,0.150668,0.006933
2143,text,0.811667,0.252998,0.614851,0.027932,15.000000,15.000000,0.147794,0.005433
2144,physics,0.799703,0.250363,0.580240,0.018853,15.000000,15.000000,0.148687,0.004606
2145,physics,0.824438,0.252998,0.637923,0.071309,15.000000,15.000000,0.153384,0.005456
2146,physics,0.870740,0.277935,0.674487,0.125955,15.000000,15.000000,0.153806,0.006285
2147,text,0.916400,0.277935,0.703690,0.041202,15.000000,15.000000,0.146471,0.007196
2148,text,0.925627,0.250363,0.664917,0.048494,14.997820,15.000000,0.152995,0.005914
2149,physics,0.877039,0.252998,0.663148,0.030294,14.997798,15.000000,0.153503,0.006112
2150,text,0.702356,0.250363,0.504892,0.040992,15.000000,15.000000,0.150881,0.003561
2151,physics,0.791335,0.252998,0.633013,0.038421,15.000000,15.000000,0.155001,0.005390
2152,physics,0.947184,0.277579,0.761308,0.027545,14.998824,15.000000,0.144519,0.008678
2153,physics,0.922087,0.263089,0.718674,0.027181,14.998008,15.000000,0.148841,0.007115
2154,text,0.988799,0.277579,0.784558,0.074218,15.000000,15.000000,0.156053,0.008581
2155,physics,0.916009,0.288705,0.713904,0.074920,15.000000,15.000000,0.142063,0.007704
2156,physics,0.856158,0.288705,0.652327,0.031991,15.000000,15.000000,0.149444,0.005617
2157,text,0.722466,0.277935,0.606820,0.040734,15.000000,15.000000,0.153031,0.004834
2158,physics,0.736519,0.277579,0.582568,0.046700,15.000000,15.000000,0.151425,0.004761
2159,physics,0.705942,0.252998,0.524010,0.021375,15.000000,15.000000,0.143819,0.004040
2160,text,0.844970,0.277935,0.674118,0.034180,15.000000,15.000000,0.150192,0.006003
2161,text,0.887575,0.277579,0.706504,0.064537,15.000000,15.000000,0.157117,0.006683
2162,physics,0.894014,0.277579,0.684355,0.045522,15.000000,15.000000,0.149254,0.006927
2163,text,0.909790,0.253229,0.664034,0.036751,15.000000,15.000000,0.153877,0.006142
2164,text,0.849359,0.263089,0.626593,0.030687,15.000000,15.000000,0.156958,0.005319
2165,text,0.811308,0.277579,0.653070,0.053974,15.000000,15.000000,0.144019,0.006499
2166,text,0.728038,0.277935,0.539911,0.029027,14.998018,15.000000,0.135975,0.004328
2167,text,0.783312,0.288705,0.629504,0.025968,15.000000,15.000000,0.141199,0.005384
2168,physics,0.889859,0.277579,0.710529,0.043152,15.000000,15.000000,0.142720,0.007087
2169,physics,0.884197,0.263089,0.716231,0.158038,15.000000,15.000000,0.141701,0.007290
2170,physics,0.762510,0.263089,0.570775,0.031329,15.000000,15.000000,0.131392,0.004885
2171,physics,0.797966,0.250363,0.583011,0.021875,14.998582,15.000000,0.133321,0.004748
2172,physics,0.706341,0.252998,0.544237,0.021090,14.999796,15.000000,0.133797,0.004084
2173,physics,0.721375,0.252998,0.540068,0.071435,15.000000,15.000000,0.135936,0.003949
2174,physics,0.780859,0.288705,0.612806,0.046778,15.000000,15.000000,0.136754,0.005199
2175,physics,0.781966,0.277579,0.629401,0.093576,15.000000,15.000000,0.150258,0.004953
2176,physics,0.819617,0.277579,0.598785,0.027780,15.000000,15.000000,0.150106,0.004908
2177,physics,0.857271,0.277935,0.673093,0.081276,15.000000,15.000000,0.154924,0.006152
2178,text,0.841740,0.263089,0.573528,0.032202,15.000000,15.000000,0.144805,0.004966
2179,physics,0.800772,0.252998,0.602110,0.024104,14.997627,15.000000,0.143977,0.005097
2180,text,0.866922,0.263089,0.662513,0.035899,14.998251,15.000000,0.155342,0.005676
2181,text,0.867152,0.250363,0.612432,0.053045,15.000000,15.000000,0.153273,0.005245
2182,text,0.812882,0.277579,0.624848,0.058072,15.000000,15.000000,0.154980,0.005233
2183,text,0.758203,0.253229,0.547441,0.027607,15.000000,15.000000,0.150315,0.004214
2184,text,0.856377,0.246406,0.625339,0.051258,14.997801,15.000000,0.151448,0.005481
2185,physics,0.723949,0.288705,0.537971,0.035928,15.000000,15.000000,0.146426,0.004154
2186,text,0.883481,0.259508,0.702002,0.032227,15.000000,15.000000,0.153583,0.006590
2187,physics,0.869247,0.253229,0.667853,0.047295,15.000000,15.000000,0.149771,0.006350
2188,physics,0.823087,0.288705,0.613548,0.079227,15.000000,15.000000,0.161363,0.004717
2189,physics,0.762510,0.263089,0.571246,0.030983,15.000000,15.000000,0.152258,0.004759
2190,text,0.836197,0.288705,0.648685,0.019631,14.998543,15.000000,0.136427,0.006532
2191,physics,0.718409,0.277579,0.575196,0.035944,15.000000,15.000000,0.132722,0.004756
2192,physics,0.779222,0.288705,0.629968,0.133968,15.000000,15.000000,0.143631,0.005145
2193,physics,0.925392,0.277579,0.784223,0.234233,15.000000,15.000000,0.163138,0.007826
2194,text,0.879512,0.252998,0.682252,0.033537,15.000000,15.000000,0.150914,0.006871
2195,physics,0.844813,0.259508,0.599501,0.049750,15.000000,15.000000,0.154976,0.004762
2196,text,0.988799,0.277579,0.785698,0.062199,15.000000,15.000000,0.152473,0.009012
2197,text,0.900593,0.288705,0.665753,0.025548,15.000000,15.000000,0.145700,0.006484
2198,physics,0.806054,0.277579,0.609596,0.043765,15.000000,15.000000,0.153277,0.004753
2199,physics,0.889450,0.288705,0.690601,0.140051,15.000000,15.000000,0.144968,0.007046
2200,physics,0.781066,0.253229,0.582204,0.073718,15.000000,15.000000,0.153272,0.004314
2201,physics,0.832098,0.263089,0.643944,0.055401,15.000000,15.000000,0.151770,0.005836
2202,text,0.788636,0.288705,0.646295,0.029628,15.000000,15.000000,0.147676,0.005952
2203,physics,0.943430,0.252998,0.753303,0.124245,15.000000,15.000000,0.160538,0.007641
2204,physics,0.912861,0.253229,0.683370,0.110511,15.000000,15.000000,0.165687,0.006266
2205,text,0.724976,0.277935,0.599881,0.028041,15.000000,15.000000,0.159205,0.005146
2206,text,0.823186,0.277579,0.632809,0.065058,15.000000,15.000000,0.166351,0.005246
2207,text,0.780281,0.250363,0.556409,0.055855,15.000000,15.000000,0.159189,0.004513
2208,text,0.962998,0.252998,0.743685,0.042161,15.000000,15.000000,0.152996,0.007958
2209,physics,0.770036,0.277579,0.612894,0.040711,15.000000,15.000000,0.162984,0.004820
2210,text,0.875480,0.288705,0.690983,0.028674,15.000000,15.000000,0.166339,0.006584
2211,physics,0.789747,0.277579,0.624067,0.014309,14.996168,15.000000,0.158696,0.005706
2212,physics,0.841333,0.277935,0.661446,0.068088,15.000000,15.000000,0.156179,0.006211
2213,physics,0.771868,0.277935,0.581852,0.030803,15.000000,15.000000,0.154057,0.004818
2214,text,0.787355,0.263089,0.599331,0.033902,15.000000,15.000000,0.143911,0.005368
2215,text,0.787880,0.263089,0.577646,0.027020,14.997692,15.000000,0.142929,0.004754
2216,text,0.875646,0.253229,0.650922,0.034650,15.000000,15.000000,0.148954,0.005727
2217,physics,0.801491,0.252998,0.617163,0.017067,15.000000,15.000000,0.143085,0.005709
2218,text,0.795272,0.288705,0.599400,0.022739,15.000000,15.000000,0.141819,0.005065
2219,physics,0.861592,0.263534,0.679192,0.154949,15.000000,15.000000,0.151695,0.006119
2220,physics,0.757545,0.277579,0.623002,0.044649,15.000000,15.000000,0.151576,0.005255
2221,physics,0.795414,0.263089,0.562740,0.133871,15.000000,15.000000,0.150220,0.004399
2222,physics,0.755534,0.277579,0.614564,0.057179,15.000000,15.000000,0.157878,0.004926
2223,physics,0.859437,0.263534,0.683634,0.138562,15.000000,15.000000,0.161654,0.006414
2224,text,0.827750,0.277579,0.638297,0.059598,15.000000,15.000000,0.170386,0.005225
2225,physics,0.780906,0.263089,0.595698,0.061729,15.000000,15.000000,0.172647,0.004761
2226,physics,0.850421,0.263534,0.655823,0.102684,15.000000,15.000000,0.179815,0.005420
2227,text,0.727037,0.277579,0.579204,0.054002,15.000000,15.000000,0.169900,0.004938
2228,physics,0.824001,0.252998,0.628034,0.055173,15.000000,15.000000,0.175474,0.005221
2229,text,0.747191,0.288705,0.611438,0.033061,15.000000,15.000000,0.170425,0.005310
2230,text,0.808673,0.288705,0.641805,0.023710,14.999188,15.000000,0.159601,0.006086
2231,text,0.781488,0.288705,0.621890,0.029965,14.997476,15.000000,0.155750,0.005628
2232,physics,0.751107,0.277579,0.589021,0.040098,15.000000,15.000000,0.155664,0.004843
2233,physics,0.817608,0.277579,0.600960,0.055583,15.000000,15.000000,0.143404,0.005470
2234,physics,0.864151,0.263089,0.674783,0.045500,15.000000,15.000000,0.139050,0.006564
2235,physics,0.801063,0.277935,0.613743,0.073465,15.000000,15.000000,0.145562,0.005020
2236,physics,0.847839,0.277579,0.660940,0.079454,15.000000,15.000000,0.152175,0.005848
2237,text,0.810408,0.263534,0.647942,0.034797,15.000000,15.000000,0.155056,0.005753
2238,text,0.732299,0.277579,0.561083,0.046881,15.000000,15.000000,0.142048,0.004860
2239,text,0.928003,0.246406,0.701370,0.053631,15.000000,15.000000,0.145025,0.006694
2240,physics,0.867557,0.277935,0.694225,0.253124,15.000000,15.000000,0.159688,0.006231
2241,text,0.768982,0.246406,0.553619,0.052348,15.000000,15.000000,0.157625,0.004219
2242,physics,0.683832,0.288705,0.546463,0.058314,15.000000,15.000000,0.163556,0.003825
2243,physics,0.863143,0.246406,0.604199,0.022286,15.000000,15.000000,0.157694,0.005214
2244,text,0.796578,0.263089,0.620108,0.036277,15.000000,15.000000,0.150635,0.005630
2245,physics,0.909229,0.277579,0.733300,0.023653,15.000000,15.000000,0.161490,0.007126
2246,text,0.893600,0.277579,0.683837,0.050785,15.000000,15.000000,0.163808,0.006514
2247,physics,0.731995,0.259508,0.595189,0.090439,15.000000,15.000000,0.163205,0.004862
2248,physics,0.887791,0.277579,0.722941,0.156857,15.000000,15.000000,0.173235,0.006869
2249,text,0.921117,0.263534,0.751509,0.041663,15.000000,15.000000,0.179778,0.007720
2250,physics,0.869070,0.252998,0.657378,0.021225,14.998529,15.000000,0.172918,0.006194
2251,text,0.922607,0.277579,0.728773,0.056349,15.000000,15.000000,0.181036,0.007014
2252,text,0.697548,0.253229,0.499373,0.036352,15.000000,15.000000,0.170074,0.003708
2253,physics,0.722373,0.252998,0.555639,0.009992,14.994891,15.000000,0.154138,0.004876
2254,text,0.853229,0.277579,0.672928,0.059129,15.000000,15.000000,0.166108,0.005724
2255,text,0.765478,0.277935,0.607436,0.026435,15.000000,15.000000,0.174088,0.004614
2256,text,0.890859,0.277935,0.697218,0.030029,15.000000,15.000000,0.185754,0.006155
2257,text,0.765296,0.263089,0.557837,0.036973,15.000000,15.000000,0.171782,0.004835
2258,physics,0.875949,0.277579,0.675345,0.097539,15.000000,15.000000,0.179949,0.005798
2259,physics,0.850589,0.263089,0.687101,0.103252,15.000000,15.000000,0.181070,0.006506
2260,text,0.891948,0.246406,0.633616,0.061211,15.000000,15.000000,0.179074,0.005537
2261,text,0.790447,0.277935,0.632124,0.030506,15.000000,15.000000,0.187947,0.004922
2262,text,0.858911,0.277935,0.643792,0.031157,15.000000,15.000000,0.178352,0.006096
2263,text,0.762510,0.277935,0.584297,0.032094,15.000000,15.000000,0.174387,0.004782
2264,physics,0.792371,0.288705,0.640589,0.102703,15.000000,15.000000,0.171711,0.005691
2265,text,0.870740,0.277935,0.671207,0.033472,15.000000,15.000000,0.176178,0.006003
2266,physics,0.652873,0.277935,0.525423,0.025813,15.000000,15.000000,0.172195,0.003895
2267,text,0.835075,0.263089,0.674949,0.030945,15.000000,15.000000,0.170396,0.006551
2268,text,0.744566,0.250363,0.584184,0.058904,15.000000,15.000000,0.170390,0.004660
2269,text,0.788741,0.288705,0.592838,0.027408,15.000000,15.000000,0.156750,0.005330
2270,text,0.762366,0.246406,0.559563,0.053858,15.000000,15.000000,0.149418,0.004615
2271,physics,0.911652,0.277579,0.727089,0.019352,14.994361,15.000000,0.157750,0.007133
2272,physics,0.866067,0.259508,0.673994,0.039214,15.000000,15.000000,0.168563,0.005892
2273,text,0.796663,0.277579,0.616106,0.046531,15.000000,15.000000,0.159976,0.005603
2274,text,0.822007,0.252998,0.607764,0.031215,15.000000,15.000000,0.160036,0.005129
2275,physics,0.687687,0.288705,0.533254,0.061650,15.000000,15.000000,0.164991,0.003561
2276,physics,0.824792,0.277579,0.687955,0.032715,15.000000,15.000000,0.178075,0.005840
2277,text,0.909790,0.253229,0.662093,0.041891,15.000000,15.000000,0.160746,0.006928
2278,physics,0.788695,0.277935,0.625507,0.054304,15.000000,15.000000,0.153469,0.005662
2279,text,0.894014,0.277579,0.683970,0.050635,15.000000,15.000000,0.151619,0.006681
2280,physics,0.770153,0.252998,0.583959,0.086154,15.000000,15.000000,0.146511,0.005057
2281,text,0.853286,0.246406,0.647288,0.052199,15.000000,15.000000,0.164762,0.005054
2282,physics,0.800877,0.277579,0.628378,0.093517,15.000000,15.000000,0.167472,0.005322
2283,text,0.775349,0.277579,0.633897,0.051734,15.000000,15.000000,0.159677,0.005865
2284,text,0.852582,0.259508,0.675268,0.018853,15.000000,15.000000,0.163402,0.006235
2285,text,0.937693,0.277579,0.695575,0.048180,15.000000,15.000000,0.171538,0.006232
2286,text,0.718225,0.277579,0.568676,0.044019,15.000000,15.000000,0.169821,0.004421
2287,text,0.789610,0.263089,0.603339,0.044215,15.000000,15.000000,0.163356,0.005213
2288,physics,0.870435,0.263089,0.655199,0.053423,15.000000,15.000000,0.162905,0.006015
2289,physics,0.667106,0.246406,0.507221,0.035303,15.000000,15.000000,0.162110,0.003512
2290,physics,0.819313,0.277935,0.639137,0.070835,15.000000,15.000000,0.159163,0.005901
2291,physics,0.790963,0.263089,0.587108,0.047350,15.000000,15.000000,0.158388,0.004768
2292,text,0.849359,0.277579,0.673875,0.068724,15.000000,15.000000,0.168255,0.005832
2293,physics,0.959734,0.277935,0.739757,0.029737,15.000000,15.000000,0.161608,0.007929
2294,physics,0.883067,0.263089,0.714224,0.049254,15.000000,15.000000,0.155740,0.007428
2295,physics,0.823947,0.263089,0.642060,0.112204,15.000000,15.000000,0.158997,0.005695
2296,physics,0.808482,0.288705,0.645996,0.036540,15.000000,15.000000,0.160297,0.005700
2297,text,0.836281,0.277935,0.644686,0.033147,15.000000,15.000000,0.168697,0.005402
2298,physics,0.793243,0.252998,0.579167,0.031921,15.000000,15.000000,0.160504,0.004938
2299,text,0.949801,0.263089,0.724866,0.026536,15.000000,15.000000,0.165906,0.007105
2300,text,0.791936,0.263089,0.600303,0.033436,15.000000,15.000000,0.165451,0.004958
2301,physics,0.770792,0.277579,0.604822,0.047996,15.000000,15.000000,0.164134,0.004983
2302,text,0.784797,0.277579,0.571453,0.042893,15.000000,15.000000,0.164731,0.004363
2303,text,0.785452,0.277579,0.620814,0.053767,15.000000,15.000000,0.172851,0.005053
2304,text,0.767540,0.277579,0.595489,0.052657,15.000000,15.000000,0.175905,0.004656
2305,physics,0.835103,0.263534,0.647851,0.058458,15.000000,15.000000,0.168481,0.005947
2306,physics,0.776438,0.288705,0.592830,0.018699,14.997261,15.000000,0.158253,0.005327
2307,text,0.787061,0.252998,0.570659,0.038581,15.000000,15.000000,0.155181,0.004640
2308,physics,0.707740,0.252998,0.542871,0.041370,15.000000,15.000000,0.155295,0.004104
2309,text,0.842205,0.277579,0.656642,0.048164,15.000000,15.000000,0.161723,0.005757
2310,text,0.864166,0.288705,0.663657,0.029386,15.000000,15.000000,0.173641,0.005545
2311,physics,0.802695,0.277579,0.634606,0.059556,15.000000,15.000000,0.182363,0.005079
2312,text,0.723949,0.288705,0.538618,0.020913,15.000000,15.000000,0.175944,0.004143
2313,physics,0.748517,0.252998,0.575322,0.058192,15.000000,15.000000,0.177744,0.004368
2314,text,0.902336,0.277579,0.725445,0.048407,15.000000,15.000000,0.184032,0.006713
2315,physics,0.809841,0.252998,0.657758,0.041203,15.000000,15.000000,0.185337,0.005754
2316,physics,0.666477,0.277579,0.520267,0.025139,15.000000,15.000000,0.181262,0.003719
2317,text,0.808421,0.253229,0.617053,0.034326,14.997852,15.000000,0.175861,0.005488
2318,text,0.819823,0.263089,0.591670,0.035801,14.999693,15.000000,0.170442,0.005026
2319,text,0.889401,0.252998,0.724132,0.041260,15.000000,15.000000,0.170632,0.007267
2320,text,0.865604,0.252998,0.682918,0.035360,15.000000,15.000000,0.172055,0.006486
2321,text,0.859673,0.277579,0.681963,0.054479,14.997847,15.000000,0.168717,0.006805
2322,text,0.815004,0.252998,0.636609,0.031574,14.994656,15.000000,0.161382,0.005902
2323,text,0.763275,0.277579,0.589612,0.050497,14.994301,15.000000,0.157782,0.004959
2324,text,0.931493,0.277579,0.754106,0.054797,15.000000,15.000000,0.163550,0.007825
2325,physics,0.813112,0.263534,0.597557,0.040562,15.000000,15.000000,0.169702,0.004581
2326,text,0.785232,0.263089,0.616777,0.037214,15.000000,15.000000,0.168029,0.005238
2327,physics,0.830594,0.288705,0.661288,0.068815,15.000000,15.000000,0.164502,0.006133
2328,text,0.806054,0.277579,0.612334,0.047198,15.000000,15.000000,0.161748,0.005193
2329,physics,0.861568,0.288705,0.674726,0.160959,15.000000,15.000000,0.167676,0.006149
2330,text,0.812713,0.277579,0.633536,0.047005,14.998130,15.000000,0.167019,0.005542
2331,text,0.762366,0.246406,0.560558,0.060922,15.000000,15.000000,0.160547,0.004610
2332,text,0.775596,0.277935,0.596426,0.029804,15.000000,15.000000,0.156168,0.005121
2333,physics,0.805902,0.263089,0.591302,0.016243,14.996730,15.000000,0.160043,0.004588
2334,physics,0.816808,0.252998,0.647324,0.022559,15.000000,15.000000,0.162287,0.005685
2335,text,0.885237,0.277935,0.687419,0.032001,15.000000,15.000000,0.153271,0.007137
2336,text,0.743678,0.246406,0.570031,0.060417,15.000000,15.000000,0.148768,0.004776
2337,physics,0.796078,0.252998,0.604917,0.038774,15.000000,15.000000,0.158944,0.004659
2338,text,0.819823,0.263089,0.589471,0.031578,15.000000,15.000000,0.153533,0.004997
2339,physics,0.922933,0.277579,0.706463,0.163318,15.000000,15.000000,0.160495,0.006651
2340,text,0.759064,0.277935,0.573323,0.027730,15.000000,15.000000,0.159746,0.004575
2341,text,0.871664,0.252998,0.681098,0.037784,15.000000,15.000000,0.162863,0.006368
2342,text,0.843897,0.263089,0.666699,0.030616,15.000000,15.000000,0.167352,0.005992
2343,text,0.874771,0.277579,0.686371,0.068583,15.000000,15.000000,0.160491,0.006886
2344,physics,0.901677,0.263089,0.711969,0.029511,15.000000,15.000000,0.159373,0.007171
2345,text,0.808735,0.277579,0.610940,0.047641,15.000000,15.000000,0.159535,0.005113
2346,text,0.922933,0.277579,0.706796,0.061428,15.000000,15.000000,0.179628,0.006017
2347,text,0.814061,0.250363,0.627947,0.061622,14.994446,15.000000,0.172082,0.005735
2348,physics,0.838993,0.277579,0.676952,0.010904,14.989813,15.000000,0.165322,0.006754
2349,text,0.800877,0.277579,0.627959,0.047761,15.000000,15.000000,0.166277,0.005288
2350,physics,0.817951,0.252998,0.625966,0.125585,15.000000,15.000000,0.172141,0.005189
2351,physics,0.832933,0.277579,0.633600,0.119563,15.000000,15.000000,0.172427,0.005482
2352,physics,0.795266,0.263089,0.615657,0.069666,15.000000,15.000000,0.182714,0.004593
2353,physics,0.878750,0.259508,0.657378,0.077218,15.000000,15.000000,0.179782,0.006032
2354,physics,0.891033,0.263534,0.718893,0.174807,15.000000,15.000000,0.183976,0.006968
2355,physics,0.834783,0.288705,0.667643,0.037967,15.000000,15.000000,0.182888,0.006129
2356,text,0.786791,0.246406,0.587891,0.062514,14.998456,15.000000,0.177575,0.004959
2357,physics,0.822963,0.252998,0.634221,0.074808,15.000000,15.000000,0.181217,0.005304
2358,physics,0.710543,0.252998,0.572995,0.050066,15.000000,15.000000,0.175135,0.004701
2359,physics,0.760394,0.252998,0.608501,0.045124,15.000000,15.000000,0.177525,0.004922
2360,text,0.967273,0.277579,0.764900,0.076417,15.000000,15.000000,0.182725,0.007873
2361,text,0.916806,0.263089,0.732721,0.036038,15.000000,15.000000,0.184858,0.007433
2362,physics,0.738176,0.277579,0.551595,0.013047,14.997316,15.000000,0.182098,0.004219
2363,physics,0.660375,0.277579,0.494977,0.026720,15.000000,15.000000,0.177983,0.003367
2364,text,0.687623,0.263089,0.528930,0.020504,15.000000,15.000000,0.180038,0.003664
2365,physics,0.757517,0.277935,0.580338,0.010770,14.994609,15.000000,0.175778,0.004722
2366,text,0.791134,0.277579,0.610758,0.058029,15.000000,15.000000,0.179837,0.004882
2367,text,0.737642,0.253229,0.604416,0.033476,15.000000,15.000000,0.175669,0.005217
2368,text,0.896178,0.263089,0.699748,0.036984,15.000000,15.000000,0.188761,0.006061
2369,physics,0.742593,0.250363,0.520084,0.036064,15.000000,15.000000,0.188006,0.003590
2370,physics,0.960801,0.263089,0.768166,0.107269,15.000000,15.000000,0.191048,0.008039
2371,text,0.775997,0.277579,0.600837,0.048998,15.000000,15.000000,0.187322,0.005088
2372,text,0.800575,0.277579,0.645486,0.062994,15.000000,15.000000,0.191576,0.005500
2373,text,0.729428,0.277579,0.564283,0.050276,15.000000,15.000000,0.182508,0.004644
2374,text,0.801491,0.252998,0.619343,0.044446,15.000000,15.000000,0.175026,0.005743
2375,physics,0.854871,0.277935,0.687599,0.035363,15.000000,15.000000,0.182501,0.006168
2376,text,0.740094,0.252998,0.580994,0.035268,15.000000,15.000000,0.180141,0.004621
2377,text,0.904043,0.263089,0.710362,0.032835,15.000000,15.000000,0.181080,0.006965
2378,text,0.834783,0.288705,0.668168,0.028819,15.000000,15.000000,0.179513,0.006233
2379,physics,0.817534,0.246406,0.593897,0.067404,15.000000,15.000000,0.184275,0.004509
2380,physics,0.856377,0.246406,0.624360,0.018611,14.997061,15.000000,0.178200,0.005745
2381,physics,0.883067,0.263089,0.716031,0.047526,15.000000,15.000000,0.180442,0.007082
2382,physics,0.832304,0.246406,0.612516,0.038646,15.000000,15.000000,0.184700,0.004894
2383,physics,0.841111,0.263089,0.602956,0.143974,15.000000,15.000000,0.178754,0.005224
2384,physics,0.747268,0.277935,0.580860,0.025905,15.000000,15.000000,0.182395,0.004413
2385,text,0.806625,0.263534,0.634560,0.026826,15.000000,15.000000,0.182740,0.005484
2386,text,0.957975,0.288705,0.793537,0.035225,15.000000,15.000000,0.188294,0.008466
2387,text,0.802583,0.277935,0.676514,0.045230,15.000000,15.000000,0.195133,0.005809
2388,text,0.777628,0.277935,0.581307,0.031789,15.000000,15.000000,0.192584,0.004534
2389,text,0.970665,0.277579,0.699484,0.064685,15.000000,15.000000,0.182560,0.007202
2390,physics,0.798916,0.250363,0.607401,0.031372,15.000000,15.000000,0.185582,0.004826
2391,physics,0.851956,0.263089,0.600741,0.058463,15.000000,15.000000,0.179815,0.005216
2392,physics,0.797985,0.252998,0.657753,0.156306,15.000000,15.000000,0.187197,0.005559
2393,text,0.809416,0.277579,0.609933,0.047047,15.000000,15.000000,0.177412,0.005577
2394,text,0.751489,0.277935,0.620380,0.037537,15.000000,15.000000,0.179289,0.005252
2395,physics,0.923978,0.277579,0.698830,0.152829,15.000000,15.000000,0.189972,0.006105
2396,text,0.890395,0.277579,0.720029,0.063254,15.000000,15.000000,0.185414,0.007547
2397,text,0.952751,0.277579,0.721100,0.055162,15.000000,15.000000,0.178077,0.007611
2398,text,0.794996,0.277579,0.631598,0.053280,14.998804,15.000000,0.170371,0.005834
2399,physics,0.751107,0.277579,0.589536,0.041300,15.000000,15.000000,0.170567,0.004814
2400,physics,0.858264,0.277935,0.691055,0.040734,15.000000,15.000000,0.171733,0.006592
2401,text,0.871779,0.288705,0.671014,0.030283,15.000000,15.000000,0.167431,0.006633
2402,text,0.778144,0.252998,0.567705,0.028765,15.000000,15.000000,0.165586,0.004515
2403,physics,0.752748,0.277579,0.590035,0.025741,15.000000,15.000000,0.159901,0.005098
2404,physics,0.754934,0.288705,0.538324,0.065871,15.000000,15.000000,0.154570,0.004176
2405,physics,0.794587,0.288705,0.642149,0.042589,15.000000,15.000000,0.150907,0.005997
2406,text,0.896442,0.277579,0.733265,0.064944,15.000000,15.000000,0.154405,0.007452
2407,physics,0.705971,0.277579,0.534287,0.007408,14.994258,15.000000,0.150438,0.004112
2408,text,0.932353,0.277935,0.725333,0.031871,15.000000,15.000000,0.172722,0.006378
2409,text,0.846061,0.277579,0.656636,0.043035,15.000000,15.000000,0.172540,0.005882
2410,physics,0.763181,0.277579,0.629808,0.155023,15.000000,15.000000,0.173323,0.005368
2411,physics,0.731697,0.277579,0.595454,0.044232,15.000000,15.000000,0.168849,0.005085
2412,text,0.916083,0.277935,0.746446,0.035946,15.000000,15.000000,0.181016,0.007213
2413,text,0.823186,0.277579,0.631068,0.045995,15.000000,15.000000,0.183499,0.005328
2414,physics,0.765758,0.277579,0.582063,0.015098,14.999440,15.000000,0.180574,0.004630
2415,text,0.858121,0.252998,0.660251,0.036536,15.000000,15.000000,0.184053,0.005840
2416,text,0.775349,0.277579,0.635777,0.039826,15.000000,15.000000,0.188206,0.005300
2417,text,0.826924,0.277935,0.670119,0.030443,15.000000,15.000000,0.180489,0.006663
2418,text,0.793476,0.263089,0.640412,0.031237,15.000000,15.000000,0.183178,0.005574
2419,physics,0.803641,0.288705,0.640672,0.121977,15.000000,15.000000,0.176430,0.005912
2420,text,0.765296,0.263089,0.561170,0.043779,15.000000,15.000000,0.164248,0.004900
2421,text,0.790571,0.277579,0.623666,0.043458,15.000000,15.000000,0.164244,0.005512
2422,text,0.817608,0.277579,0.603470,0.039838,15.000000,15.000000,0.160290,0.005198
2423,physics,0.818489,0.246406,0.620388,0.033748,15.000000,15.000000,0.166261,0.005094
2424,physics,0.800763,0.252998,0.591739,0.016696,14.997476,15.000000,0.173658,0.004340
2425,text,0.848148,0.263089,0.669460,0.042184,15.000000,15.000000,0.173319,0.006167
2426,physics,0.775978,0.277935,0.612666,0.135293,15.000000,15.000000,0.180036,0.004826
2427,physics,0.920608,0.288705,0.755696,0.116323,15.000000,15.000000,0.176424,0.008132
2428,physics,0.809176,0.288705,0.593190,0.059479,15.000000,15.000000,0.178752,0.004716
2429,physics,0.875367,0.277579,0.708086,0.056748,15.000000,15.000000,0.176728,0.007041
2430,physics,0.781488,0.288705,0.625016,0.015255,14.998048,15.000000,0.175794,0.005557
2431,physics,0.840550,0.263089,0.618044,0.095677,15.000000,15.000000,0.174957,0.005356
2432,text,0.798380,0.277579,0.617740,0.038010,15.000000,15.000000,0.173716,0.005311
2433,physics,0.791091,0.263089,0.612100,0.042847,15.000000,15.000000,0.178523,0.004859
2434,physics,0.832098,0.263089,0.645717,0.058874,15.000000,15.000000,0.171995,0.006055
2435,physics,0.704963,0.277579,0.575667,0.034038,15.000000,15.000000,0.175870,0.004356
2436,physics,0.814068,0.263089,0.621832,0.019805,14.997475,15.000000,0.170868,0.005636
2437,physics,0.759724,0.259508,0.597617,0.014389,14.998546,15.000000,0.171483,0.004866
2438,text,0.916806,0.263089,0.735556,0.038216,15.000000,15.000000,0.176125,0.007441
2439,physics,0.910539,0.277579,0.657817,0.041385,15.000000,15.000000,0.178766,0.005908
2440,text,0.717611,0.252998,0.549256,0.036655,15.000000,15.000000,0.175920,0.004248
2441,text,0.802971,0.252998,0.647189,0.033203,15.000000,15.000000,0.170735,0.006110
2442,physics,0.734266,0.277579,0.583667,0.028396,15.000000,15.000000,0.170104,0.004575
2443,physics,0.824712,0.288705,0.663814,0.024681,15.000000,15.000000,0.163196,0.006657
2444,physics,0.798016,0.277579,0.613102,0.064913,15.000000,15.000000,0.165070,0.005131
2445,physics,0.747178,0.277579,0.572779,0.050068,15.000000,15.000000,0.158896,0.004830
2446,physics,0.805981,0.277935,0.646237,0.246605,15.000000,15.000000,0.163706,0.005691
2447,text,0.668034,0.288705,0.514519,0.027021,15.000000,15.000000,0.161941,0.003702
2448,physics,0.840257,0.263089,0.623896,0.095901,15.000000,15.000000,0.168176,0.005026
2449,text,0.849359,0.263089,0.626959,0.034582,15.000000,15.000000,0.172289,0.005219
2450,physics,0.877644,0.277579,0.678023,0.061816,15.000000,15.000000,0.172508,0.006422
2451,text,0.880750,0.277935,0.712880,0.031329,15.000000,15.000000,0.168082,0.007217
2452,physics,0.873606,0.277579,0.670926,0.108061,15.000000,15.000000,0.166056,0.006355
2453,text,0.763796,0.252998,0.615884,0.032080,15.000000,15.000000,0.163826,0.005340
2454,physics,0.875804,0.277935,0.693189,0.026910,15.000000,15.000000,0.163006,0.006725
2455,physics,0.867184,0.252998,0.689915,0.054426,15.000000,15.000000,0.168882,0.006495
2456,physics,0.763705,0.288705,0.619470,0.027261,15.000000,15.000000,0.167725,0.005404
2457,physics,0.834940,0.252998,0.628817,0.057839,15.000000,15.000000,0.172654,0.005273
2458,text,0.724780,0.277579,0.584613,0.047793,15.000000,15.000000,0.170935,0.004800
2459,physics,0.854030,0.252998,0.679028,0.045120,15.000000,15.000000,0.184089,0.005798
2460,text,0.767816,0.288705,0.603565,0.026953,15.000000,15.000000,0.172796,0.005534
2461,physics,0.710662,0.288705,0.590063,0.015544,14.998732,15.000000,0.170143,0.004980
2462,text,0.713051,0.252998,0.562674,0.029086,14.996747,15.000000,0.169501,0.004283
2463,physics,0.833119,0.277579,0.642932,0.036203,15.000000,15.000000,0.170365,0.005650
2464,physics,0.770153,0.252998,0.587380,0.094419,15.000000,15.000000,0.156089,0.005477
2465,physics,0.757400,0.253229,0.561877,0.043710,15.000000,15.000000,0.148870,0.004654
2466,text,0.710662,0.288705,0.590157,0.029655,14.999247,15.000000,0.152010,0.004818
2467,physics,0.775104,0.277579,0.603566,0.096689,15.000000,15.000000,0.150525,0.005209
2468,text,0.687623,0.263089,0.530186,0.019193,15.000000,15.000000,0.155543,0.003700
2469,physics,0.743959,0.288705,0.573640,0.022671,14.999506,15.000000,0.156571,0.004464
2470,physics,0.740990,0.246406,0.536735,0.040746,15.000000,15.000000,0.148675,0.004273
2471,text,0.826587,0.263534,0.653108,0.024594,15.000000,15.000000,0.158987,0.005549
2472,text,0.762515,0.263089,0.562344,0.027044,15.000000,15.000000,0.155251,0.004607
2473,text,0.761591,0.252998,0.593897,0.023955,15.000000,15.000000,0.160010,0.004707
2474,text,0.866210,0.252998,0.635491,0.028855,15.000000,15.000000,0.166539,0.005337
2475,text,0.742655,0.252998,0.558207,0.022879,15.000000,15.000000,0.165749,0.004282
2476,text,0.916806,0.263089,0.730381,0.031546,15.000000,15.000000,0.178175,0.006989
2477,text,0.736739,0.277579,0.583640,0.066320,15.000000,15.000000,0.172817,0.004852
2478,text,0.707095,0.252998,0.538003,0.032473,15.000000,15.000000,0.168159,0.004152
2479,physics,0.831151,0.263089,0.638492,0.048331,15.000000,15.000000,0.165237,0.005623
2480,text,0.807454,0.252998,0.596734,0.026121,15.000000,15.000000,0.159183,0.005323
2481,text,0.834309,0.263089,0.663183,0.028831,15.000000,15.000000,0.164596,0.005822
2482,text,0.880393,0.277935,0.728111,0.037644,15.000000,15.000000,0.163238,0.007560
2483,text,0.760142,0.263534,0.568880,0.022917,15.000000,15.000000,0.158685,0.004688
2484,physics,0.921117,0.263534,0.751806,0.034551,15.000000,15.000000,0.156568,0.008261
2485,text,0.824856,0.263089,0.620408,0.025420,15.000000,15.000000,0.161786,0.005250
2486,text,0.928043,0.277579,0.700258,0.079638,14.999370,15.000000,0.174545,0.006365
2487,text,0.949801,0.263089,0.725990,0.022794,15.000000,15.000000,0.174486,0.007356
2488,text,0.828585,0.252998,0.669018,0.026981,15.000000,15.000000,0.179606,0.006068
2489,physics,0.785738,0.277579,0.638295,0.015893,14.997304,15.000000,0.178499,0.005658
2490,physics,0.875284,0.263089,0.679779,0.038364,15.000000,15.000000,0.175222,0.006481
2491,text,0.754019,0.252998,0.589160,0.022027,15.000000,15.000000,0.175515,0.004721
2492,physics,0.897527,0.252998,0.633761,0.051351,15.000000,15.000000,0.178147,0.005398
2493,physics,0.830363,0.263534,0.634963,0.018321,14.998818,15.000000,0.175721,0.005680
2494,text,0.797342,0.277935,0.588121,0.039382,15.000000,15.000000,0.163322,0.005380
2495,text,0.757262,0.263089,0.562417,0.023517,15.000000,15.000000,0.160697,0.004324
2496,text,0.802145,0.288705,0.634445,0.029012,15.000000,15.000000,0.168044,0.005229
2497,physics,0.925392,0.277579,0.778992,0.282418,15.000000,15.000000,0.178534,0.007979
2498,physics,0.749203,0.246406,0.574851,0.047256,15.000000,15.000000,0.169834,0.004862
2499,physics,0.788076,0.288705,0.633829,0.026311,15.000000,15.000000,0.173715,0.005382
2500,text,0.801190,0.277579,0.648676,0.053071,15.000000,15.000000,0.176028,0.005668
2501,physics,0.740171,0.253229,0.581052,0.040421,15.000000,15.000000,0.173974,0.004744
2502,physics,0.739732,0.288705,0.572799,0.081153,15.000000,15.000000,0.171180,0.004574
2503,physics,0.722981,0.252998,0.565133,0.029037,15.000000,15.000000,0.169982,0.004326
2504,physics,0.827314,0.277579,0.653346,0.078702,15.000000,15.000000,0.166172,0.006186
2505,text,0.890395,0.277579,0.717906,0.062455,15.000000,15.000000,0.169141,0.007244
2506,text,0.835278,0.263089,0.643134,0.029057,15.000000,15.000000,0.169979,0.005616
2507,physics,0.743400,0.259508,0.557707,0.040953,15.000000,15.000000,0.163293,0.004530
2508,physics,0.947796,0.252998,0.721272,0.084579,15.000000,15.000000,0.168255,0.007141
2509,physics,0.779676,0.277935,0.586549,0.018153,14.998481,15.000000,0.166260,0.004790
2510,text,0.766529,0.277579,0.605925,0.050769,15.000000,15.000000,0.166583,0.004988
2511,physics,0.744990,0.246406,0.555204,0.017008,14.998002,15.000000,0.151633,0.004738
2512,text,0.799218,0.252998,0.616960,0.034868,15.000000,15.000000,0.152578,0.005383
2513,text,0.864968,0.277579,0.704095,0.066375,15.000000,15.000000,0.166164,0.006409
2514,text,0.724780,0.277579,0.582273,0.052854,15.000000,15.000000,0.165442,0.004729
2515,text,0.746830,0.277579,0.593971,0.050971,15.000000,15.000000,0.157912,0.005167
2516,physics,0.792640,0.288705,0.615260,0.087899,15.000000,15.000000,0.166100,0.004851
2517,text,0.664139,0.250363,0.486703,0.047270,15.000000,15.000000,0.162899,0.003298
2518,text,0.718384,0.246406,0.541022,0.047840,15.000000,15.000000,0.160695,0.004090
2519,text,0.968768,0.263534,0.720397,0.041170,15.000000,15.000000,0.157405,0.007523
2520,text,0.766953,0.288705,0.628543,0.029526,15.000000,15.000000,0.163768,0.005207
2521,text,0.740171,0.253229,0.581466,0.025397,15.000000,15.000000,0.155777,0.005009
2522,text,0.803272,0.277579,0.646264,0.067011,15.000000,15.000000,0.157070,0.005836
2523,text,0.843225,0.263089,0.641764,0.031232,14.998612,15.000000,0.152585,0.005931
2524,physics,0.707340,0.252998,0.541066,0.059047,15.000000,15.000000,0.142086,0.004468
2525,physics,0.778871,0.263089,0.609070,0.113354,15.000000,15.000000,0.149784,0.004928
2526,physics,0.874221,0.277579,0.692834,0.051451,15.000000,15.000000,0.158239,0.006517
2527,physics,0.771720,0.252998,0.600800,0.076056,15.000000,15.000000,0.151659,0.005238
2528,physics,0.789338,0.277579,0.584882,0.032570,15.000000,15.000000,0.152861,0.004763
2529,text,0.730004,0.277935,0.569271,0.035268,15.000000,15.000000,0.146000,0.004767
2530,text,0.765854,0.277935,0.573452,0.029249,14.998303,15.000000,0.142359,0.004797
2531,text,0.796434,0.288705,0.604954,0.027815,15.000000,15.000000,0.147013,0.005028
2532,physics,0.881561,0.250363,0.620532,0.045318,15.000000,15.000000,0.151463,0.005116
2533,physics,0.911385,0.259508,0.684061,0.014547,14.997062,15.000000,0.149552,0.006754
2534,physics,0.853753,0.252998,0.637335,0.073506,15.000000,15.000000,0.154659,0.005436
2535,physics,0.767126,0.259508,0.614831,0.035083,15.000000,15.000000,0.155983,0.005234
2536,physics,0.853753,0.252998,0.637463,0.073316,15.000000,15.000000,0.172535,0.004905
2537,text,0.764421,0.277935,0.601271,0.036756,15.000000,15.000000,0.176777,0.004779
2538,text,0.702356,0.250363,0.505050,0.046226,15.000000,15.000000,0.172097,0.003642
2539,text,0.899645,0.277579,0.718677,0.064183,15.000000,15.000000,0.171588,0.007128
2540,physics,0.913899,0.277579,0.719603,0.151540,15.000000,15.000000,0.171904,0.007219
2541,text,0.800763,0.252998,0.588072,0.035403,14.997769,15.000000,0.178483,0.004301
2542,physics,0.814243,0.252998,0.641149,0.120505,15.000000,15.000000,0.185687,0.005179
2543,physics,0.724976,0.277935,0.596631,0.020380,15.000000,15.000000,0.182508,0.004887
2544,physics,0.817951,0.252998,0.624854,0.132549,15.000000,15.000000,0.167009,0.006179
2545,text,0.718225,0.277579,0.567068,0.053476,15.000000,15.000000,0.163730,0.004600
2546,text,0.881584,0.250363,0.656660,0.042602,15.000000,15.000000,0.173023,0.005613
2547,text,0.764877,0.277935,0.622320,0.030130,15.000000,15.000000,0.172365,0.005327
2548,physics,0.756110,0.277935,0.585556,0.021103,15.000000,15.000000,0.173844,0.004587
2549,text,0.840990,0.263089,0.631181,0.039301,15.000000,15.000000,0.166545,0.005806
2550,physics,0.721653,0.252998,0.558964,0.019788,15.000000,15.000000,0.165645,0.004322
2551,physics,0.749893,0.263089,0.537489,0.016982,15.000000,15.000000,0.161412,0.004197
2552,text,0.705026,0.252998,0.519298,0.030617,15.000000,15.000000,0.160507,0.003699
2553,physics,0.846861,0.250363,0.593726,0.073523,15.000000,15.000000,0.159788,0.004964
2554,physics,0.804849,0.246406,0.656937,0.069362,15.000000,15.000000,0.161842,0.006025
2555,physics,0.874221,0.277579,0.693495,0.050723,15.000000,15.000000,0.159156,0.006943
2556,physics,0.785686,0.250363,0.589825,0.015309,14.997643,15.000000,0.164739,0.004490
2557,text,0.765012,0.246406,0.595477,0.038064,15.000000,15.000000,0.165646,0.004804
2558,text,0.856913,0.277579,0.657074,0.069132,15.000000,15.000000,0.158203,0.006324
2559,physics,0.960801,0.263089,0.766239,0.117336,15.000000,15.000000,0.158962,0.008235
2560,text,0.775998,0.277579,0.596601,0.076072,15.000000,15.000000,0.159090,0.004960
2561,text,0.752175,0.277935,0.558440,0.033946,15.000000,15.000000,0.166027,0.003956
2562,text,0.778673,0.288705,0.623009,0.032690,15.000000,15.000000,0.171833,0.005070
2563,text,0.803502,0.263089,0.615406,0.028324,15.000000,15.000000,0.176002,0.005019
2564,text,0.824001,0.252998,0.625975,0.030930,15.000000,15.000000,0.177863,0.005406
2565,physics,0.827122,0.277579,0.657272,0.032062,15.000000,15.000000,0.174686,0.006231
2566,physics,0.834289,0.277935,0.653016,0.027577,15.000000,15.000000,0.174183,0.005875
2567,physics,0.770153,0.252998,0.587100,0.105236,15.000000,15.000000,0.155003,0.005619
2568,physics,0.835103,0.263534,0.645264,0.061430,15.000000,15.000000,0.158657,0.005528
2569,text,0.807807,0.277579,0.639575,0.062464,15.000000,15.000000,0.156310,0.005843
2570,text,0.941015,0.277579,0.757495,0.066583,15.000000,15.000000,0.140686,0.008611
2571,physics,0.790349,0.246406,0.563347,0.061463,15.000000,15.000000,0.126773,0.004798
2572,physics,0.803641,0.288705,0.636285,0.128381,15.000000,15.000000,0.140542,0.005211
2573,physics,0.754502,0.250363,0.583142,0.028855,15.000000,15.000000,0.137184,0.004933
2574,text,0.873493,0.288705,0.693367,0.026902,15.000000,15.000000,0.139623,0.006720
2575,physics,0.762510,0.277935,0.584788,0.017402,15.000000,15.000000,0.138114,0.004806
2576,physics,0.717611,0.252998,0.548234,0.038369,15.000000,15.000000,0.136128,0.004299
2577,text,0.822320,0.263089,0.609433,0.035199,15.000000,15.000000,0.135684,0.005157
2578,text,0.793331,0.277935,0.647751,0.039115,15.000000,15.000000,0.146268,0.005292
2579,physics,0.837491,0.277579,0.669003,0.066376,15.000000,15.000000,0.148265,0.006205
2580,physics,0.747268,0.277935,0.580416,0.026314,15.000000,15.000000,0.150222,0.004608
2581,physics,0.821536,0.277579,0.639914,0.060635,15.000000,15.000000,0.143124,0.005945
2582,text,0.703440,0.277579,0.533704,0.053049,14.997729,15.000000,0.137834,0.004194
2583,physics,0.793615,0.277935,0.624048,0.105527,15.000000,15.000000,0.145799,0.005265
2584,text,0.767126,0.259508,0.615755,0.023824,15.000000,15.000000,0.152562,0.005057
2585,physics,0.820705,0.277935,0.661414,0.057827,15.000000,15.000000,0.158367,0.005843
2586,text,0.762366,0.246406,0.560157,0.054544,15.000000,15.000000,0.156863,0.004372
2587,text,0.800271,0.252998,0.602830,0.033542,15.000000,15.000000,0.153082,0.005215
2588,physics,0.836052,0.277579,0.629585,0.151759,15.000000,15.000000,0.147604,0.005823
2589,text,0.801283,0.277579,0.615690,0.046276,15.000000,15.000000,0.146926,0.005405
2590,text,0.837893,0.263089,0.672052,0.040333,15.000000,15.000000,0.148540,0.006352
2591,text,0.812333,0.263089,0.598600,0.034242,15.000000,15.000000,0.150292,0.004920
2592,physics,0.845733,0.288705,0.681056,0.038886,15.000000,15.000000,0.155616,0.006062
2593,physics,0.686200,0.252998,0.499466,0.018833,14.998529,15.000000,0.156707,0.003293
2594,text,0.769334,0.288705,0.596225,0.025321,15.000000,15.000000,0.152540,0.005084
2595,text,0.825364,0.277935,0.660494,0.030626,15.000000,15.000000,0.159940,0.005924
2596,text,0.860837,0.277935,0.687969,0.025978,15.000000,15.000000,0.161659,0.006657
2597,physics,0.799857,0.252998,0.603831,0.061925,15.000000,15.000000,0.162965,0.005027
2598,physics,0.779222,0.288705,0.627299,0.130349,15.000000,15.000000,0.158618,0.005632
2599,physics,0.719891,0.263089,0.565316,0.048062,15.000000,15.000000,0.154868,0.004623
2600,text,0.819823,0.263089,0.589519,0.032686,15.000000,15.000000,0.155804,0.004807
2601,text,0.794587,0.288705,0.637892,0.028929,15.000000,15.000000,0.151845,0.005913
2602,physics,0.830557,0.263089,0.639522,0.045482,15.000000,15.000000,0.157237,0.005482
2603,text,0.853761,0.277579,0.689214,0.056461,15.000000,15.000000,0.160275,0.006499
2604,text,0.841333,0.277935,0.661277,0.028903,15.000000,15.000000,0.163359,0.005929
2605,text,0.911652,0.277579,0.727671,0.066731,14.993662,15.000000,0.169688,0.007134
2606,text,0.886953,0.263534,0.717182,0.033663,15.000000,15.000000,0.189580,0.006085
2607,physics,0.777078,0.252998,0.558262,0.060946,15.000000,15.000000,0.179600,0.004581
2608,physics,0.770435,0.288705,0.613422,0.072438,15.000000,15.000000,0.178181,0.005266
2609,physics,0.854887,0.277579,0.672109,0.064356,15.000000,15.000000,0.181991,0.006039
2610,text,0.811473,0.263089,0.581215,0.031106,15.000000,15.000000,0.175405,0.004756
2611,text,0.765664,0.259508,0.550140,0.023232,15.000000,15.000000,0.175853,0.004033
2612,physics,1.003715,0.277579,0.761487,0.026836,15.000000,15.000000,0.181352,0.007769
2613,physics,0.743239,0.288705,0.587393,0.044017,15.000000,15.000000,0.182804,0.004614
2614,physics,0.820914,0.288705,0.693111,0.098984,15.000000,15.000000,0.183939,0.006480
2615,text,0.809489,0.277579,0.647714,0.054652,15.000000,15.000000,0.193321,0.005227
2616,text,0.846754,0.277935,0.649901,0.028688,15.000000,15.000000,0.188666,0.006091
2617,text,0.793476,0.263089,0.638860,0.025334,15.000000,15.000000,0.193948,0.005399
2618,physics,0.794315,0.252998,0.562804,0.041298,15.000000,15.000000,0.189209,0.004436
2619,text,0.810848,0.277579,0.654499,0.054500,15.000000,15.000000,0.192460,0.005749
2620,text,0.842707,0.263534,0.658424,0.030241,15.000000,15.000000,0.189250,0.006236
2621,text,0.831431,0.252998,0.653573,0.032957,15.000000,15.000000,0.193960,0.005597
2622,physics,0.875502,0.246406,0.679073,0.050146,15.000000,15.000000,0.191218,0.006487
2623,physics,0.857370,0.288705,0.670502,0.192901,15.000000,15.000000,0.189576,0.006134
2624,text,0.893392,0.259508,0.710741,0.024985,15.000000,15.000000,0.192929,0.006849
2625,physics,0.759192,0.277579,0.589879,0.034921,15.000000,15.000000,0.189548,0.004807
2626,physics,0.917352,0.246406,0.697911,0.150300,15.000000,15.000000,0.203556,0.005908
2627,physics,0.683115,0.288705,0.516364,0.051733,15.000000,15.000000,0.197984,0.003704
2628,text,0.777078,0.252998,0.556597,0.034416,15.000000,15.000000,0.193411,0.004324
2629,physics,0.828719,0.277579,0.646684,0.015895,14.998862,15.000000,0.189317,0.005947
2630,physics,0.844907,0.277579,0.671874,0.050470,15.000000,15.000000,0.186342,0.006526
2631,physics,0.789239,0.253229,0.598159,0.028133,14.997361,15.000000,0.179033,0.005366
2632,physics,0.809489,0.277579,0.646869,0.106459,15.000000,15.000000,0.188356,0.005288
2633,physics,0.859006,0.277579,0.657149,0.033132,15.000000,15.000000,0.186998,0.006003
2634,text,0.810210,0.288705,0.635929,0.027590,15.000000,15.000000,0.193650,0.005105
2635,text,0.871664,0.252998,0.680441,0.039768,15.000000,15.000000,0.195081,0.006281
2636,text,0.687150,0.288705,0.529411,0.023480,14.997042,15.000000,0.189203,0.004008
2637,text,0.818619,0.288705,0.634063,0.025026,15.000000,15.000000,0.190690,0.005401
2638,physics,0.836790,0.288705,0.603924,0.061811,15.000000,15.000000,0.189176,0.005111
2639,physics,0.833068,0.252998,0.660990,0.090116,15.000000,15.000000,0.176104,0.006510
2640,physics,0.857271,0.277935,0.673415,0.092225,15.000000,15.000000,0.177705,0.006278
2641,text,0.758092,0.277935,0.581459,0.028241,15.000000,15.000000,0.173974,0.004793
2642,physics,0.811786,0.263089,0.619146,0.033035,15.000000,15.000000,0.159164,0.006047
2643,physics,0.706341,0.252998,0.543409,0.016462,15.000000,15.000000,0.164326,0.003827
2644,physics,0.804849,0.246406,0.654718,0.068695,15.000000,15.000000,0.166397,0.005986
2645,physics,0.767060,0.288705,0.590712,0.017400,14.998763,15.000000,0.165821,0.004714
2646,text,0.811551,0.288705,0.620573,0.026292,15.000000,15.000000,0.165575,0.005290
2647,physics,0.794587,0.288705,0.637369,0.041805,15.000000,15.000000,0.165658,0.005652
2648,physics,0.861211,0.246406,0.598622,0.080342,15.000000,15.000000,0.160515,0.005255
2649,physics,0.731855,0.288705,0.544224,0.009530,14.994466,15.000000,0.161918,0.003901
2650,physics,0.849222,0.277935,0.681065,0.035140,15.000000,15.000000,0.164693,0.006286
2651,physics,0.671538,0.263089,0.491388,0.009522,14.997653,15.000000,0.155016,0.003668
2652,text,0.729718,0.277579,0.598237,0.057564,15.000000,15.000000,0.152506,0.005053
2653,physics,0.769621,0.277935,0.613496,0.028308,15.000000,15.000000,0.156904,0.005180
2654,text,0.819588,0.263534,0.608695,0.023724,15.000000,15.000000,0.150309,0.005458
2655,physics,0.731995,0.259508,0.594391,0.090548,15.000000,15.000000,0.160055,0.004473
2656,physics,0.873522,0.277935,0.683298,0.076043,15.000000,15.000000,0.164734,0.006419
2657,physics,0.893600,0.277579,0.684208,0.050477,15.000000,15.000000,0.167511,0.006471
2658,text,0.718396,0.288705,0.557749,0.024777,15.000000,15.000000,0.165814,0.004332
2659,text,0.778134,0.277935,0.588450,0.028826,15.000000,15.000000,0.162408,0.004835
2660,physics,0.808285,0.288705,0.586823,0.041694,15.000000,15.000000,0.152310,0.005011
2661,physics,0.936954,0.252998,0.678393,0.039063,15.000000,15.000000,0.154475,0.006409
2662,physics,0.819617,0.277579,0.597169,0.030106,15.000000,15.000000,0.151495,0.005036
2663,physics,0.801550,0.277935,0.605529,0.017887,14.998185,15.000000,0.149292,0.005303
2664,physics,0.901557,0.277935,0.711240,0.030317,14.999372,15.000000,0.145847,0.007282
2665,physics,0.789758,0.253229,0.582024,0.034725,15.000000,15.000000,0.138419,0.005002
2666,text,0.755841,0.277579,0.605776,0.047645,15.000000,15.000000,0.137889,0.005124
2667,physics,0.770829,0.277579,0.604166,0.038877,15.000000,15.000000,0.138546,0.005123
2668,physics,0.916817,0.246406,0.660629,0.050904,15.000000,15.000000,0.140008,0.006196
2669,text,0.737642,0.253229,0.602771,0.030282,15.000000,15.000000,0.138390,0.005161
2670,physics,0.816877,0.277579,0.629346,0.081792,15.000000,15.000000,0.135592,0.005708
2671,physics,0.834940,0.252998,0.622136,0.062565,15.000000,15.000000,0.141739,0.005211
2672,text,0.739510,0.252998,0.567485,0.031534,15.000000,15.000000,0.142326,0.004444
2673,physics,0.830334,0.277579,0.673044,0.141691,15.000000,15.000000,0.163034,0.005371
2674,text,0.724346,0.263089,0.532719,0.033143,15.000000,15.000000,0.169313,0.003346
2675,physics,0.699547,0.277579,0.541401,0.014464,14.999713,15.000000,0.170807,0.003760
2676,text,0.935882,0.252998,0.748560,0.034554,15.000000,15.000000,0.181087,0.007267
2677,physics,0.721375,0.252998,0.538892,0.092127,15.000000,15.000000,0.172224,0.004124
2678,physics,0.808342,0.288705,0.636389,0.018524,14.999738,15.000000,0.157808,0.006145
2679,text,0.742385,0.252998,0.562456,0.033508,14.994282,15.000000,0.148887,0.004587
2680,physics,0.829320,0.277579,0.656148,0.140945,15.000000,15.000000,0.137102,0.006436
2681,physics,0.814243,0.252998,0.642086,0.123276,15.000000,15.000000,0.149838,0.005207
2682,text,0.922607,0.277579,0.731499,0.057658,15.000000,15.000000,0.167136,0.006817
2683,text,0.718686,0.246406,0.506695,0.048030,15.000000,15.000000,0.169671,0.003213
2684,text,0.926191,0.263089,0.730995,0.038539,15.000000,15.000000,0.166705,0.007470
2685,physics,0.779371,0.277579,0.619300,0.088990,15.000000,15.000000,0.160112,0.005571
2686,text,0.835075,0.263089,0.679640,0.029884,15.000000,15.000000,0.152917,0.006946
2687,physics,0.894725,0.263089,0.724758,0.130938,15.000000,15.000000,0.159970,0.007044
2688,text,0.949306,0.263089,0.681705,0.030070,15.000000,15.000000,0.157818,0.006554
2689,physics,0.745404,0.246406,0.554914,0.068715,15.000000,15.000000,0.158317,0.004271
2690,physics,0.724976,0.277935,0.597363,0.019761,15.000000,15.000000,0.158661,0.004834
2691,text,0.765890,0.263089,0.580793,0.032148,15.000000,15.000000,0.151251,0.004994
2692,text,0.708921,0.252998,0.534692,0.025899,15.000000,15.000000,0.149214,0.003995
2693,physics,0.686550,0.263089,0.518192,0.041127,15.000000,15.000000,0.140984,0.003966
2694,physics,0.813181,0.277935,0.627158,0.032667,15.000000,15.000000,0.142392,0.005527
2695,text,0.938674,0.250363,0.684685,0.039317,15.000000,15.000000,0.150085,0.006361
2696,physics,0.758926,0.246406,0.553898,0.092306,15.000000,15.000000,0.153853,0.004084
2697,physics,0.928003,0.246406,0.701057,0.042127,15.000000,15.000000,0.174940,0.005787
2698,physics,0.822343,0.277579,0.636388,0.056108,15.000000,15.000000,0.168993,0.005745
2699,text,0.773753,0.263089,0.553681,0.031951,14.996893,15.000000,0.151759,0.004886
2700,text,0.849359,0.277579,0.676053,0.075542,15.000000,15.000000,0.166651,0.005687
2701,text,0.805648,0.263089,0.621021,0.033387,15.000000,15.000000,0.168084,0.005125
2702,text,0.808748,0.277935,0.619022,0.030867,15.000000,15.000000,0.154678,0.005805
2703,text,0.893392,0.259508,0.713279,0.024087,15.000000,15.000000,0.162092,0.006872
2704,text,0.845447,0.277579,0.687234,0.052903,15.000000,15.000000,0.169238,0.006216
2705,physics,0.740094,0.252998,0.581453,0.037156,15.000000,15.000000,0.163763,0.004825
2706,text,0.922607,0.277579,0.732966,0.057461,15.000000,15.000000,0.178380,0.006902
2707,text,0.881584,0.250363,0.658985,0.047860,15.000000,15.000000,0.175768,0.006103
2708,text,0.837649,0.252998,0.659878,0.032373,15.000000,15.000000,0.173153,0.006147
2709,physics,0.830334,0.277579,0.674512,0.142563,15.000000,15.000000,0.182700,0.005653
2710,physics,0.781066,0.253229,0.583455,0.077486,15.000000,15.000000,0.175797,0.004803
2711,text,0.760528,0.263089,0.551956,0.033619,15.000000,15.000000,0.162893,0.004638
2712,physics,0.703440,0.277579,0.533905,0.013805,14.997741,15.000000,0.150407,0.004430
2713,physics,0.868423,0.263534,0.691011,0.155431,15.000000,15.000000,0.166279,0.006054
2714,physics,0.776856,0.252998,0.639729,0.169627,15.000000,15.000000,0.179299,0.004870
2715,physics,0.903810,0.259508,0.728416,0.050957,15.000000,15.000000,0.173117,0.007754
2716,physics,0.841333,0.277935,0.664680,0.085178,15.000000,15.000000,0.161863,0.006573
2717,text,0.682072,0.277935,0.529068,0.030157,14.994047,15.000000,0.160447,0.003904
2718,physics,0.647588,0.263089,0.489484,0.043268,15.000000,15.000000,0.158032,0.003325
2719,physics,0.785738,0.277579,0.640162,0.015287,14.997703,15.000000,0.152849,0.005851
2720,physics,0.754090,0.252998,0.579505,0.056380,15.000000,15.000000,0.147799,0.004790
2721,text,0.763373,0.252998,0.589946,0.028708,15.000000,15.000000,0.145000,0.004990
2722,text,0.756110,0.277935,0.588845,0.032910,15.000000,15.000000,0.149350,0.004596
2723,text,0.934238,0.252998,0.689507,0.035605,15.000000,15.000000,0.155205,0.006518
2724,text,0.876805,0.288705,0.702331,0.028640,15.000000,15.000000,0.158908,0.006765
2725,physics,0.812424,0.252998,0.601527,0.070705,15.000000,15.000000,0.162923,0.004871
2726,physics,0.781488,0.288705,0.624116,0.014510,14.997560,15.000000,0.158231,0.005679
2727,text,0.811473,0.263089,0.583142,0.025915,14.999797,15.000000,0.160488,0.004525
2728,physics,0.763181,0.277579,0.625993,0.172695,15.000000,15.000000,0.161843,0.005337
2729,physics,0.827583,0.263534,0.658681,0.096571,15.000000,15.000000,0.168288,0.005730
2730,text,0.847839,0.277579,0.663813,0.048928,15.000000,15.000000,0.172345,0.005915
2731,text,0.681088,0.277935,0.552288,0.028893,15.000000,15.000000,0.168060,0.004366
2732,text,0.876084,0.277579,0.695503,0.048752,15.000000,15.000000,0.169051,0.006778
2733,physics,0.698168,0.288705,0.548649,0.014934,14.999882,15.000000,0.163497,0.004284
2734,text,0.851766,0.252998,0.618216,0.031425,15.000000,15.000000,0.172221,0.004785
2735,physics,0.765707,0.263534,0.593885,0.022623,15.000000,15.000000,0.168604,0.004990
2736,physics,0.662923,0.263089,0.504208,0.006674,14.995543,15.000000,0.166123,0.003444
2737,text,0.818029,0.277579,0.645553,0.056117,14.990569,15.000000,0.168086,0.005663
2738,text,0.779271,0.277579,0.601814,0.050512,14.991763,15.000000,0.171087,0.004718
2739,text,0.725296,0.250363,0.547985,0.059330,14.994956,15.000000,0.161656,0.004547
2740,text,0.803997,0.263089,0.625275,0.034883,15.000000,15.000000,0.154053,0.005610
2741,text,0.819307,0.288705,0.642040,0.018089,15.000000,15.000000,0.154893,0.005817
2742,text,0.911690,0.259508,0.667432,0.018481,15.000000,15.000000,0.151351,0.006391
2743,physics,0.851466,0.277579,0.654706,0.031219,15.000000,15.000000,0.153961,0.005910
2744,text,0.887791,0.277579,0.715159,0.056944,15.000000,15.000000,0.158233,0.007075
2745,physics,0.853593,0.252998,0.660783,0.030725,15.000000,15.000000,0.168185,0.005611
2746,text,0.793587,0.288705,0.591674,0.028653,15.000000,15.000000,0.164743,0.004881
2747,text,0.895382,0.288705,0.685024,0.024218,15.000000,15.000000,0.167209,0.006400
2748,physics,0.819588,0.263534,0.608604,0.063259,15.000000,15.000000,0.164884,0.005125
2749,text,0.923013,0.277579,0.735404,0.061150,15.000000,15.000000,0.164436,0.007559
2750,text,0.845976,0.259508,0.659107,0.022759,15.000000,15.000000,0.160375,0.006248
2751,physics,0.760989,0.277935,0.578918,0.179549,15.000000,15.000000,0.165053,0.004372
2752,text,0.853706,0.263089,0.626663,0.034689,15.000000,15.000000,0.155439,0.005870
2753,text,0.917352,0.246406,0.697499,0.048566,15.000000,15.000000,0.172469,0.005952
2754,physics,0.818500,0.263089,0.637958,0.077061,15.000000,15.000000,0.175227,0.005425
2755,text,0.780841,0.277579,0.618042,0.056493,15.000000,15.000000,0.165266,0.005714
2756,physics,0.794587,0.288705,0.636106,0.041948,15.000000,15.000000,0.163962,0.005716
2757,text,0.745721,0.288705,0.576959,0.024247,15.000000,15.000000,0.158586,0.004818
2758,text,0.776438,0.288705,0.587199,0.026696,14.997536,15.000000,0.158798,0.004825
2759,text,0.861568,0.288705,0.657442,0.023684,15.000000,15.000000,0.157902,0.006172
2760,text,0.842181,0.252998,0.604213,0.025932,15.000000,15.000000,0.163566,0.004819
2761,physics,0.807414,0.277579,0.647233,0.093956,15.000000,15.000000,0.163469,0.005806
2762,physics,0.943761,0.277579,0.741866,0.159758,15.000000,15.000000,0.167581,0.007554
2763,physics,0.819203,0.277579,0.667465,0.014632,14.996333,15.000000,0.167945,0.006149
2764,text,0.842207,0.277935,0.653454,0.030948,15.000000,15.000000,0.170817,0.005733
2765,physics,0.867516,0.277935,0.692240,0.156873,15.000000,15.000000,0.176796,0.006242
2766,physics,0.887100,0.277935,0.700110,0.036165,15.000000,15.000000,0.175988,0.006796
2767,text,0.818489,0.246406,0.620370,0.051301,15.000000,15.000000,0.174750,0.005356
2768,physics,0.894566,0.288705,0.689875,0.026829,14.997799,15.000000,0.171803,0.006787
2769,text,0.828002,0.252998,0.614591,0.028608,15.000000,15.000000,0.177369,0.004987
2770,text,0.812598,0.277579,0.657618,0.052055,15.000000,15.000000,0.179663,0.005858
2771,physics,0.779768,0.277935,0.570062,0.011858,14.997609,15.000000,0.180230,0.004305
2772,physics,0.824712,0.288705,0.659116,0.023936,14.997321,15.000000,0.164835,0.006908
2773,text,0.684217,0.288705,0.523178,0.024281,14.995086,15.000000,0.156639,0.004084
2774,text,0.834309,0.263089,0.661982,0.034461,15.000000,15.000000,0.164195,0.005655
2775,physics,0.706207,0.250363,0.501695,0.010702,14.997869,15.000000,0.157789,0.003554
2776,physics,0.847377,0.277935,0.679745,0.068831,15.000000,15.000000,0.165472,0.006109
2777,physics,0.718409,0.277579,0.574805,0.029750,15.000000,15.000000,0.158626,0.004791
2778,text,0.793380,0.263089,0.620628,0.038079,15.000000,15.000000,0.155558,0.005448
2779,physics,0.846058,0.250363,0.619776,0.042456,15.000000,15.000000,0.157919,0.005258
2780,text,0.718023,0.263089,0.544986,0.023552,15.000000,15.000000,0.150038,0.004334
2781,text,0.835953,0.246406,0.664771,0.051394,15.000000,15.000000,0.162056,0.005662
2782,text,0.848581,0.252998,0.623076,0.031434,15.000000,15.000000,0.161670,0.005380
2783,text,0.947184,0.277579,0.762609,0.061163,14.997233,15.000000,0.171110,0.007878
2784,text,0.811308,0.277579,0.652195,0.053243,15.000000,15.000000,0.157669,0.006509
2785,text,0.849405,0.252998,0.652090,0.025803,15.000000,15.000000,0.162782,0.005763
2786,text,0.824712,0.288705,0.659459,0.030871,15.000000,15.000000,0.155725,0.006584
2787,physics,0.837552,0.253229,0.678704,0.038044,15.000000,15.000000,0.161668,0.006220
2788,physics,0.808285,0.288705,0.583480,0.048488,15.000000,15.000000,0.157391,0.004726
2789,text,0.793243,0.252998,0.576766,0.028750,15.000000,15.000000,0.158263,0.004528
2790,physics,0.796504,0.277579,0.626223,0.045928,15.000000,15.000000,0.157733,0.005506
2791,physics,0.790942,0.252998,0.583522,0.140543,15.000000,15.000000,0.165349,0.004276
2792,physics,0.887100,0.277579,0.709231,0.077477,15.000000,15.000000,0.164551,0.006915
2793,physics,0.811551,0.288705,0.614412,0.109762,15.000000,15.000000,0.165467,0.005109
2794,text,0.880057,0.250363,0.645520,0.051393,15.000000,15.000000,0.159008,0.006078
2795,text,0.822450,0.277579,0.645384,0.056430,15.000000,15.000000,0.163503,0.005591
2796,text,0.830992,0.246406,0.609442,0.056114,15.000000,15.000000,0.157397,0.005271
2797,physics,0.807031,0.277579,0.630827,0.094983,15.000000,15.000000,0.153450,0.005678
2798,physics,0.713663,0.277579,0.555282,0.014094,14.997489,15.000000,0.144144,0.004680
2799,physics,0.888195,0.246406,0.692426,0.049003,15.000000,15.000000,0.155816,0.006318
2800,text,0.767299,0.277935,0.588796,0.034259,15.000000,15.000000,0.152280,0.004962
2801,physics,0.813760,0.263089,0.613904,0.036183,15.000000,15.000000,0.155800,0.005121
2802,text,0.683115,0.288705,0.516813,0.021934,15.000000,15.000000,0.158428,0.003494
2803,text,0.790816,0.250363,0.591200,0.050529,14.997173,15.000000,0.157912,0.004750
2804,physics,0.734869,0.252998,0.547726,0.041075,15.000000,15.000000,0.159795,0.004044
2805,physics,0.732282,0.263089,0.583077,0.116937,15.000000,15.000000,0.160324,0.004442
2806,text,0.836351,0.246406,0.630942,0.053382,14.998061,15.000000,0.150939,0.005899
2807,physics,0.671538,0.263089,0.487949,0.011052,14.996477,15.000000,0.144848,0.003502
2808,physics,0.792664,0.277935,0.596781,0.066564,15.000000,15.000000,0.142755,0.004919
2809,text,0.859270,0.252998,0.674290,0.026113,15.000000,15.000000,0.148535,0.006082
2810,text,0.771868,0.277935,0.586222,0.035111,15.000000,15.000000,0.147024,0.004872
2811,physics,0.806633,0.252998,0.594081,0.040827,15.000000,15.000000,0.149979,0.004757
2812,text,0.833886,0.263089,0.636838,0.024120,15.000000,15.000000,0.145113,0.005917
2813,physics,0.779889,0.252998,0.594119,0.119799,15.000000,15.000000,0.145495,0.004843
2814,physics,0.790458,0.263089,0.608250,0.022141,15.000000,15.000000,0.147819,0.005143
2815,physics,0.802145,0.288705,0.634153,0.025109,15.000000,15.000000,0.150930,0.005447
2816,text,0.856539,0.277579,0.644723,0.060835,15.000000,15.000000,0.157980,0.005485
2817,text,0.710933,0.263089,0.535403,0.021253,14.999981,15.000000,0.153596,0.004062
2818,text,0.803802,0.263089,0.630427,0.028480,14.998814,15.000000,0.150993,0.005695
2819,physics,0.748576,0.263089,0.562570,0.063059,15.000000,15.000000,0.155268,0.004101
2820,physics,0.836351,0.246406,0.631290,0.021411,14.998373,15.000000,0.149308,0.005752
2821,text,0.808332,0.252998,0.634897,0.025220,15.000000,15.000000,0.142756,0.005941
2822,physics,0.771642,0.252998,0.622243,0.032730,15.000000,15.000000,0.153587,0.004878
2823,physics,0.765658,0.246406,0.583656,0.066909,15.000000,15.000000,0.143821,0.005045
2824,text,0.900593,0.288705,0.654527,0.023342,15.000000,15.000000,0.139990,0.006168
2825,text,0.908803,0.250363,0.709853,0.038590,15.000000,15.000000,0.152373,0.006597
2826,text,0.777628,0.277935,0.575807,0.039516,15.000000,15.000000,0.158631,0.004251
2827,text,0.884623,0.288705,0.705425,0.029788,15.000000,15.000000,0.158775,0.006966
2828,text,0.785904,0.288705,0.595607,0.027380,15.000000,15.000000,0.146195,0.005413
2829,text,0.897210,0.277935,0.717334,0.042064,15.000000,15.000000,0.150167,0.006938
2830,text,0.855816,0.277579,0.685223,0.071414,15.000000,15.000000,0.155441,0.006414
2831,physics,0.941015,0.277579,0.755489,0.056303,15.000000,15.000000,0.155575,0.007903
2832,text,0.808332,0.252998,0.633294,0.028412,15.000000,15.000000,0.155005,0.005612
2833,physics,0.739494,0.252998,0.559142,0.032899,15.000000,15.000000,0.154825,0.004241
2834,physics,0.706207,0.250363,0.502859,0.011066,14.998578,15.000000,0.148591,0.003584
2835,text,0.844262,0.277935,0.660453,0.035882,15.000000,15.000000,0.144002,0.006284
2836,physics,0.763153,0.288705,0.602074,0.046514,15.000000,15.000000,0.147078,0.004797
2837,physics,0.794713,0.277935,0.628368,0.062853,15.000000,15.000000,0.151660,0.005204
2838,text,0.840936,0.263089,0.640535,0.021228,15.000000,15.000000,0.153473,0.005532
2839,physics,0.740409,0.277935,0.566597,0.042303,15.000000,15.000000,0.146471,0.004637
2840,text,0.892228,0.259508,0.714833,0.025514,15.000000,15.000000,0.148416,0.007272
2841,physics,0.871664,0.252998,0.678800,0.083835,15.000000,15.000000,0.152745,0.006326
2842,text,0.782068,0.288705,0.623921,0.020972,15.000000,15.000000,0.160292,0.005103
2843,text,0.703440,0.277579,0.532096,0.055962,14.998836,15.000000,0.144369,0.004578
2844,text,0.786991,0.277579,0.596669,0.054772,15.000000,15.000000,0.137547,0.005263
2845,text,0.866498,0.246406,0.657422,0.059411,15.000000,15.000000,0.140016,0.006113
2846,text,0.803686,0.252998,0.623006,0.031692,15.000000,15.000000,0.147067,0.005070
2847,physics,0.949801,0.263089,0.722803,0.049660,15.000000,15.000000,0.149932,0.007212
2848,text,0.948889,0.252998,0.680536,0.030629,15.000000,15.000000,0.154808,0.006323
2849,physics,0.790942,0.252998,0.577280,0.147245,15.000000,15.000000,0.151517,0.004589
2850,physics,0.895740,0.253229,0.694038,0.022828,15.000000,15.000000,0.146647,0.007064
2851,text,0.788770,0.246406,0.582577,0.043007,15.000000,15.000000,0.145160,0.004897
2852,text,0.742358,0.263089,0.558681,0.019969,15.000000,15.000000,0.149886,0.004084
2853,physics,0.890740,0.277579,0.670735,0.080180,15.000000,15.000000,0.155658,0.006077
2854,text,0.797720,0.259508,0.634073,0.022580,14.995788,15.000000,0.152242,0.005689
2855,physics,0.888182,0.252998,0.676291,0.040592,15.000000,15.000000,0.155219,0.006345
2856,physics,0.844559,0.263089,0.650679,0.053365,15.000000,15.000000,0.157163,0.005780
2857,text,0.742358,0.263089,0.552264,0.019855,15.000000,15.000000,0.166246,0.003710
2858,text,0.887818,0.277579,0.684005,0.069500,14.999627,15.000000,0.174792,0.006004
2859,text,0.688175,0.277579,0.545868,0.061033,15.000000,15.000000,0.171202,0.004120
2860,physics,0.927850,0.252998,0.718008,0.084676,15.000000,15.000000,0.172018,0.007198
2861,physics,0.778839,0.252998,0.590845,0.010730,14.996980,15.000000,0.169190,0.004785
2862,text,0.814068,0.263089,0.613715,0.025716,14.994220,15.000000,0.160345,0.005572
2863,physics,0.853593,0.252998,0.652712,0.031001,14.997639,15.000000,0.163458,0.005677
2864,text,0.767126,0.259508,0.610134,0.023198,15.000000,15.000000,0.165404,0.005021
2865,text,0.815336,0.263089,0.609467,0.024405,15.000000,15.000000,0.170053,0.004850
2866,physics,0.757400,0.253229,0.550608,0.048701,15.000000,15.000000,0.164957,0.004278
2867,text,0.766905,0.277579,0.595798,0.064716,15.000000,15.000000,0.157572,0.005148
2868,physics,0.858928,0.277579,0.689396,0.196228,15.000000,15.000000,0.169978,0.006114
2869,physics,0.887818,0.277579,0.681837,0.019752,14.999939,15.000000,0.178283,0.005956
2870,text,0.765296,0.263089,0.541467,0.030417,15.000000,15.000000,0.165046,0.004529
2871,physics,0.867973,0.253229,0.622616,0.071746,15.000000,15.000000,0.167847,0.005123
2872,text,0.949306,0.263089,0.662170,0.026130,15.000000,15.000000,0.157268,0.006527
2873,text,0.721574,0.252998,0.566910,0.023904,15.000000,15.000000,0.154578,0.004503
2874,physics,0.891948,0.246406,0.628126,0.019230,14.999514,15.000000,0.152747,0.005557
2875,text,0.917352,0.246406,0.679421,0.040270,15.000000,15.000000,0.163158,0.005923
2876,text,0.854917,0.263089,0.691987,0.026453,15.000000,15.000000,0.170989,0.006276
2877,text,0.802638,0.277935,0.636723,0.047393,15.000000,15.000000,0.175513,0.005314
2878,text,0.770435,0.288705,0.601263,0.026309,15.000000,15.000000,0.173005,0.005005
2879,physics,0.713051,0.252998,0.553299,0.023422,14.998131,15.000000,0.168601,0.004257
2880,text,0.853593,0.252998,0.650714,0.025804,15.000000,15.000000,0.176332,0.005420
2881,text,0.856539,0.277579,0.635805,0.061932,15.000000,15.000000,0.180990,0.005248
2882,physics,0.774482,0.253229,0.607036,0.023284,15.000000,15.000000,0.171306,0.005444
2883,text,0.677820,0.252998,0.505953,0.022607,15.000000,15.000000,0.178017,0.003037
2884,text,0.867366,0.277579,0.680141,0.065758,15.000000,15.000000,0.176382,0.006460
2885,text,0.677820,0.252998,0.506074,0.023559,15.000000,15.000000,0.189140,0.002708
2886,physics,0.734869,0.252998,0.539616,0.040111,15.000000,15.000000,0.186470,0.004016
2887,text,0.736827,0.250363,0.520586,0.055729,14.996447,15.000000,0.173682,0.004241
2888,physics,0.681088,0.277935,0.543501,0.016090,14.998886,15.000000,0.164907,0.004473
2889,text,0.806575,0.288705,0.605286,0.023298,15.000000,15.000000,0.158223,0.005386
2890,physics,0.782317,0.288705,0.575272,0.024227,15.000000,15.000000,0.159869,0.004481
2891,physics,0.726048,0.277579,0.554939,0.059888,15.000000,15.000000,0.164700,0.003978
2892,text,0.830363,0.263534,0.629598,0.027766,15.000000,15.000000,0.167616,0.005403
2893,physics,0.800575,0.277579,0.630657,0.108856,15.000000,15.000000,0.172974,0.005293
2894,text,0.811929,0.288705,0.635896,0.024542,15.000000,15.000000,0.179263,0.005232
2895,physics,0.869259,0.246406,0.662337,0.037528,15.000000,15.000000,0.181014,0.005996
2896,text,0.716619,0.259508,0.526486,0.020989,15.000000,15.000000,0.187521,0.003340
2897,text,0.876267,0.277579,0.651705,0.060739,15.000000,15.000000,0.184333,0.006125
2898,text,0.768503,0.252998,0.566570,0.028666,14.999009,15.000000,0.183330,0.004405
2899,text,0.896002,0.277935,0.711332,0.048793,15.000000,15.000000,0.192432,0.006491
2900,physics,0.764751,0.263089,0.545239,0.054091,15.000000,15.000000,0.172270,0.004965
2901,text,0.823141,0.252998,0.631460,0.029826,15.000000,15.000000,0.175467,0.005279
2902,text,0.796578,0.263089,0.608498,0.035276,15.000000,15.000000,0.174492,0.005046
2903,text,0.820556,0.263089,0.620160,0.032736,15.000000,15.000000,0.168752,0.005654
2904,physics,0.758831,0.253229,0.567104,0.078812,15.000000,15.000000,0.171268,0.004240
2905,physics,0.854030,0.252998,0.656819,0.044601,15.000000,15.000000,0.173596,0.005855
2906,physics,0.678859,0.259508,0.510812,0.035695,15.000000,15.000000,0.168743,0.003646
2907,text,0.796577,0.263089,0.605332,0.029154,15.000000,15.000000,0.170048,0.004996
2908,text,0.952587,0.263089,0.723112,0.031288,15.000000,15.000000,0.170009,0.007323
2909,text,0.626713,0.288705,0.482239,0.023639,15.000000,15.000000,0.173326,0.002896
2910,physics,0.921564,0.252998,0.683471,0.084321,15.000000,15.000000,0.171427,0.006652
2911,text,0.875494,0.277935,0.625902,0.034963,14.998070,15.000000,0.163781,0.005806
2912,physics,0.761591,0.252998,0.571670,0.068399,15.000000,15.000000,0.166192,0.004353
2913,physics,0.756928,0.253229,0.518600,0.023422,14.999396,15.000000,0.161865,0.003780
2914,text,0.891948,0.246406,0.625378,0.051117,14.999822,15.000000,0.166343,0.005205
2915,physics,0.765854,0.277935,0.561632,0.014603,14.996775,15.000000,0.162433,0.004489
2916,physics,0.982557,0.252998,0.740706,0.042469,14.998758,15.000000,0.165039,0.007537
2917,text,0.872882,0.277579,0.701246,0.063821,15.000000,15.000000,0.171677,0.006481
2918,text,0.876267,0.277579,0.647212,0.058529,15.000000,15.000000,0.168098,0.005969
2919,physics,0.843116,0.252998,0.622266,0.047357,15.000000,15.000000,0.176625,0.004862
2920,physics,0.897527,0.252998,0.618526,0.056785,15.000000,15.000000,0.175667,0.005209
2921,physics,0.731855,0.288705,0.530046,0.010630,14.995293,15.000000,0.171943,0.003812
2922,text,0.848846,0.263089,0.639374,0.028624,15.000000,15.000000,0.156563,0.006369
2923,text,0.790804,0.288705,0.585154,0.018270,14.998004,15.000000,0.146905,0.005120
2924,physics,0.766170,0.277935,0.553714,0.065572,15.000000,15.000000,0.144176,0.004320
2925,text,0.797441,0.250363,0.572663,0.051806,15.000000,15.000000,0.141058,0.004583
2926,physics,0.721735,0.253229,0.524148,0.015797,14.997554,15.000000,0.132653,0.004054
2927,text,0.747932,0.252998,0.589887,0.024333,15.000000,15.000000,0.126802,0.005108
2928,text,0.790135,0.277579,0.613862,0.067047,15.000000,15.000000,0.136910,0.004995
2929,physics,0.846035,0.277935,0.628654,0.019218,14.997791,15.000000,0.136467,0.005584
2930,physics,0.745750,0.263089,0.524291,0.042337,15.000000,15.000000,0.138988,0.003622
2931,text,0.761591,0.252998,0.572489,0.020568,15.000000,15.000000,0.150172,0.004100
2932,text,0.827750,0.277579,0.619491,0.063885,15.000000,15.000000,0.164673,0.004657
2933,text,0.710239,0.288705,0.536324,0.026873,14.996568,15.000000,0.158702,0.004130
2934,physics,0.800877,0.277579,0.596712,0.010825,14.994512,15.000000,0.158808,0.004823
2935,physics,0.744141,0.259508,0.559102,0.099877,15.000000,15.000000,0.150943,0.004555
2936,text,0.676215,0.252998,0.497594,0.025245,14.999438,15.000000,0.151888,0.003352
2937,text,0.943663,0.288705,0.761090,0.027085,14.996861,15.000000,0.156589,0.007884
2938,text,0.887323,0.253229,0.677290,0.031286,15.000000,15.000000,0.156529,0.006436
2939,physics,0.895542,0.252998,0.644081,0.036031,15.000000,15.000000,0.164119,0.005464
2940,physics,0.822864,0.277935,0.620941,0.039565,15.000000,15.000000,0.159733,0.005362
2941,text,0.806587,0.263089,0.612794,0.025338,15.000000,15.000000,0.162791,0.005034
2942,physics,0.837893,0.263089,0.660581,0.046272,15.000000,15.000000,0.149920,0.006650
2943,text,0.762158,0.277579,0.581545,0.057904,15.000000,15.000000,0.156328,0.004420
2944,physics,0.733427,0.263089,0.565284,0.029961,15.000000,15.000000,0.158298,0.004342
2945,physics,0.819339,0.263089,0.576170,0.027694,15.000000,15.000000,0.154426,0.004800
2946,physics,0.852582,0.259508,0.644700,0.099548,15.000000,15.000000,0.152964,0.005860
2947,physics,0.782068,0.288705,0.609762,0.037329,15.000000,15.000000,0.159522,0.004880
2948,physics,0.820926,0.253229,0.585051,0.124418,15.000000,15.000000,0.158275,0.004757
2949,text,0.685161,0.277579,0.480959,0.046129,15.000000,15.000000,0.156969,0.003099
2950,physics,0.799703,0.250363,0.565880,0.014343,14.999758,15.000000,0.150832,0.004638
2951,physics,0.887474,0.263089,0.638227,0.048559,15.000000,15.000000,0.152860,0.005635
2952,physics,0.892545,0.277579,0.732099,0.017239,14.995961,15.000000,0.162778,0.007118
2953,physics,0.835278,0.263089,0.617433,0.054114,15.000000,15.000000,0.161485,0.005210
2954,text,0.860864,0.263089,0.604247,0.031746,15.000000,15.000000,0.155978,0.005224
2955,physics,0.830992,0.246406,0.596642,0.030217,15.000000,15.000000,0.142593,0.005346
2956,text,0.743122,0.252998,0.564920,0.024153,15.000000,15.000000,0.143232,0.004418
2957,text,0.668034,0.288705,0.494121,0.022285,15.000000,15.000000,0.137673,0.003607
2958,physics,0.779738,0.263534,0.608438,0.042151,15.000000,15.000000,0.143857,0.005018
2959,physics,0.728385,0.263089,0.548549,0.046254,15.000000,15.000000,0.140445,0.004291
2960,physics,0.852570,0.277935,0.644768,0.035207,15.000000,15.000000,0.148168,0.005325
2961,text,0.844559,0.263089,0.637591,0.022760,15.000000,15.000000,0.147776,0.005684
2962,physics,0.729204,0.277935,0.567525,0.031933,15.000000,15.000000,0.154986,0.004169
2963,physics,0.731095,0.277579,0.514568,0.171033,15.000000,15.000000,0.141801,0.004157
2964,physics,0.909181,0.277579,0.701900,0.160134,15.000000,15.000000,0.145343,0.006848
2965,text,0.721937,0.277579,0.575290,0.050211,14.997910,15.000000,0.144339,0.004670
2966,text,0.856200,0.252998,0.609778,0.025926,14.995057,15.000000,0.153403,0.004761
2967,text,0.764421,0.277935,0.576497,0.038187,15.000000,15.000000,0.160514,0.004270
2968,text,0.848724,0.277579,0.617282,0.045638,15.000000,15.000000,0.166748,0.004860
2969,text,0.796434,0.288705,0.580896,0.023686,15.000000,15.000000,0.153223,0.005205
2970,physics,0.794926,0.277579,0.564545,0.017118,15.000000,15.000000,0.156617,0.004125
2971,text,0.876084,0.277579,0.656668,0.044759,15.000000,15.000000,0.160297,0.005906
2972,text,0.876813,0.246406,0.662053,0.051270,15.000000,15.000000,0.159738,0.006068
2973,physics,0.762615,0.277579,0.582523,0.026427,15.000000,15.000000,0.163231,0.004485
2974,physics,0.798750,0.288705,0.604985,0.023761,15.000000,15.000000,0.159061,0.005098
2975,text,0.718450,0.263089,0.544707,0.031488,15.000000,15.000000,0.155407,0.004199
2976,physics,0.712852,0.288705,0.528859,0.037525,15.000000,15.000000,0.145886,0.004156
2977,physics,0.851259,0.263089,0.624881,0.058961,15.000000,15.000000,0.149880,0.005307
2978,text,0.795377,0.277579,0.626459,0.050751,15.000000,15.000000,0.148514,0.005507
2979,physics,0.765707,0.263534,0.576948,0.022069,15.000000,15.000000,0.150982,0.004491
2980,physics,0.862298,0.288705,0.627159,0.051310,15.000000,15.000000,0.154578,0.005350
2981,text,0.707375,0.263089,0.530503,0.021551,15.000000,15.000000,0.152745,0.004008
2982,physics,0.742981,0.277579,0.543631,0.007396,14.994253,15.000000,0.151907,0.004134
2983,text,0.931017,0.277579,0.689907,0.046703,15.000000,15.000000,0.149865,0.006829
2984,physics,0.763373,0.252998,0.569715,0.048969,15.000000,15.000000,0.150085,0.004525
2985,text,0.864038,0.277579,0.661834,0.047114,15.000000,15.000000,0.161735,0.005705
2986,physics,0.888217,0.252998,0.683665,0.113227,15.000000,15.000000,0.165502,0.006347
2987,text,0.836572,0.252998,0.609301,0.028069,15.000000,15.000000,0.169136,0.004968
2988,physics,0.791768,0.259508,0.610116,0.020375,14.997900,15.000000,0.171124,0.005033
2989,text,0.744990,0.246406,0.539726,0.053285,14.996483,15.000000,0.167762,0.004029
2990,text,0.740481,0.277579,0.576490,0.050771,15.000000,15.000000,0.168542,0.004539
2991,physics,0.706207,0.250363,0.489710,0.012089,15.000000,15.000000,0.165199,0.003305
2992,text,0.814061,0.250363,0.621422,0.057051,14.994165,15.000000,0.160054,0.005556
2993,text,0.737520,0.277579,0.536677,0.050004,14.995416,15.000000,0.162373,0.003713
2994,text,0.851299,0.277579,0.660919,0.062783,15.000000,15.000000,0.161346,0.006250
2995,physics,0.776765,0.288705,0.590509,0.010058,14.993889,15.000000,0.156177,0.005133
2996,physics,0.779768,0.277935,0.550732,0.011903,14.992954,15.000000,0.162783,0.003800
2997,physics,0.896385,0.263089,0.683278,0.089734,15.000000,15.000000,0.166547,0.006435
2998,text,0.762691,0.277579,0.583632,0.057603,15.000000,15.000000,0.158769,0.005086
2999,text,1.001985,0.277935,0.756069,0.031664,15.000000,15.000000,0.170563,0.007541
