step,action,action_vec_norm,obs_norm,free_energy,confidence,cycle_count,frame_mean,elapsed_ms
0,2,1.248425,0.516117,9.895697,0.896090,1,2.919800,15.993
1,2,1.501282,0.583705,26.910225,0.916552,2,2.875000,13.461
2,1,1.543809,0.475967,26.233707,0.916769,3,2.890564,13.514
3,1,1.426821,0.606013,23.603673,0.916834,4,2.902344,13.279
4,1,1.675511,0.654486,22.760433,0.917767,5,2.947144,13.261
5,3,1.296913,0.630979,19.880077,0.916825,6,2.921692,13.424
6,0,1.817144,0.581047,18.122563,0.916778,7,2.890564,13.351
7,3,1.668708,0.432962,17.554217,0.916802,8,2.890564,13.386
8,0,1.577334,0.610846,17.680281,0.916277,9,2.904236,13.249
9,0,1.608887,0.599189,17.876158,0.916202,10,2.890564,49.826
10,3,2.047352,0.640418,17.927786,0.916840,11,2.919800,13.408
11,3,1.899073,0.613203,18.009934,0.916377,12,2.892456,13.279
12,2,1.722673,0.601858,18.019090,0.916085,13,2.875000,13.568
13,3,1.457417,0.538232,17.449117,0.916861,14,2.902344,13.731
14,2,1.785090,0.648553,17.102591,0.915891,15,2.906128,45.906
15,0,1.403216,0.619744,16.669020,0.915456,16,2.875000,13.284
16,0,1.866929,0.466531,16.317702,0.916691,17,2.861328,13.356
17,2,1.362306,0.654603,16.570810,0.916645,18,2.904236,13.350
18,2,1.833498,0.531755,16.497422,0.917190,19,2.888672,13.848
19,3,1.148664,0.596187,16.134591,0.917117,20,2.847656,45.890
20,2,1.083298,0.367589,15.632461,0.917923,21,2.845764,13.344
21,3,1.727662,0.472091,15.504707,0.916158,22,2.904236,13.531
22,3,1.826889,0.468589,15.552955,0.919039,23,2.812744,13.628
23,3,2.006797,0.524465,15.588736,0.917862,24,2.904236,13.475
24,2,1.569087,0.430368,15.692437,0.917402,25,2.876892,45.894
25,2,1.609150,0.483791,15.380072,0.917492,26,2.863220,13.450
26,3,1.774382,0.500240,15.466713,0.916834,27,2.892456,13.766
27,3,1.832943,0.563106,15.342261,0.917178,28,2.853760,13.376
28,2,1.592739,0.649725,15.396416,0.917607,29,2.875000,13.572
29,3,2.037902,0.499966,15.273914,0.915824,30,2.847656,45.969
30,3,1.655024,0.539238,15.362101,0.917182,31,2.876892,13.468
31,2,1.550055,0.465394,15.329396,0.916826,32,2.933472,13.415
32,3,1.943349,0.469721,15.101183,0.916505,33,2.904236,13.338
33,3,1.299289,0.570766,15.014546,0.917415,34,2.933472,13.317
34,2,1.860330,0.655899,14.949105,0.917714,35,2.890564,45.964
35,3,1.758566,0.539976,14.858322,0.917908,36,2.890564,14.056
36,3,1.898692,0.496690,14.819626,0.917663,37,2.933472,13.474
37,2,1.646814,0.530527,14.882825,0.917414,38,2.921692,13.381
38,2,1.246091,0.574513,15.006214,0.917366,39,2.917908,13.395
39,2,1.805623,0.627099,15.165199,0.916753,40,2.876892,49.961
40,3,1.790071,0.732072,15.097833,0.917172,41,2.919800,13.411
41,3,1.448488,0.715854,15.063234,0.916433,42,2.904236,13.686
42,0,1.795540,0.755560,15.140443,0.916839,43,2.878784,13.655
43,2,1.318810,0.626358,15.306243,0.916560,44,2.890564,46.306
44,0,2.056321,0.506194,15.337109,0.917367,45,2.888672,13.569
45,0,1.602863,0.532145,15.619123,0.917365,46,2.890564,13.676
46,3,1.191138,0.495597,15.754761,0.917291,47,2.906128,13.557
47,2,1.523602,0.537308,16.289298,0.916851,48,2.892456,13.697
48,0,1.750275,0.507612,16.476847,0.917107,49,2.876892,46.188
49,1,1.971873,0.678894,16.330217,0.916821,50,2.826416,13.661
50,1,1.676399,0.669780,16.115143,0.917156,51,2.892456,13.565
51,1,2.568733,0.621136,16.214891,0.917359,52,2.900452,13.723
52,2,1.380586,0.625894,16.342536,0.916487,53,2.906128,13.692
53,0,1.096791,0.515367,16.505012,0.916742,54,2.904236,46.410
54,1,1.544242,0.355516,16.404589,0.916594,55,2.843872,13.712
55,3,1.221961,0.387106,16.566691,0.916229,56,2.904236,13.727
56,3,1.667397,0.489738,16.684149,0.916945,57,2.931580,13.748
57,1,1.469668,0.472445,17.251355,0.917147,58,2.906128,13.362
58,3,1.387329,0.591107,17.079931,0.916480,59,2.921692,49.857
59,2,1.146172,0.560044,17.395535,0.917850,60,2.785400,13.428
60,0,1.549454,0.546826,17.582286,0.917896,61,2.847656,13.452
61,0,1.821272,0.623669,17.756987,0.917427,62,2.904236,13.361
62,1,1.708267,0.563911,17.760776,0.918028,63,2.917908,13.454
63,1,2.125570,0.635598,17.932462,0.918062,64,2.876892,13.637
64,1,1.738759,0.675318,18.401979,0.917447,65,2.888672,13.372
65,2,1.336668,0.702274,18.293743,0.917280,66,2.863220,13.452
66,3,1.329994,0.630892,18.214643,0.916500,67,2.886780,13.398
67,1,1.657681,0.602192,18.313904,0.917849,68,2.875000,50.086
68,0,1.330009,0.568556,18.494163,0.917240,69,2.892456,13.511
69,3,1.496388,0.489317,18.962680,0.917450,70,2.857544,13.575
70,0,1.812324,0.467074,19.113712,0.917353,71,2.904236,14.039
71,2,1.450549,0.495712,18.957165,0.916836,72,2.917908,14.783
72,2,1.339476,0.501236,19.126776,0.916346,73,2.890564,46.129
73,2,1.693327,0.672400,19.090774,0.917156,74,2.904236,13.421
74,0,1.665721,0.588433,18.953252,0.917126,75,2.843872,13.335
75,3,1.640777,0.482829,18.777953,0.917000,76,2.904236,13.433
76,2,1.739706,0.505939,18.826301,0.917418,77,2.933472,13.411
77,0,1.452257,0.506588,18.602393,0.917232,78,2.904236,45.897
78,2,1.608717,0.556605,18.832364,0.917746,79,2.906128,13.358
79,2,1.712962,0.710601,18.578289,0.917062,80,2.826416,13.325
80,0,1.465741,0.641077,18.430794,0.917327,81,2.947144,13.360
81,3,1.451806,0.623943,18.378365,0.917463,82,2.919800,13.346
82,2,1.447046,0.611160,18.700754,0.916900,83,2.890564,45.870
83,3,1.203284,0.572430,18.678227,0.917892,84,2.919800,13.370
84,0,1.364529,0.514957,18.931149,0.917321,85,2.902344,13.318
85,0,1.511550,0.490583,18.800867,0.917188,86,2.890564,13.385
86,1,1.519178,0.414210,18.703954,0.917084,87,2.919800,13.367
87,2,1.679916,0.452535,18.657244,0.917960,88,2.919800,45.938
88,2,1.634674,0.520511,18.465623,0.917479,89,2.890564,13.922
89,1,1.693677,0.525422,18.383469,0.917801,90,2.904236,13.662
90,3,1.622244,0.469294,18.307575,0.917766,91,2.904236,15.620
91,3,1.622805,0.455384,18.481218,0.917913,92,2.919800,50.038
92,0,1.308270,0.515792,18.291226,0.917718,93,2.878784,13.497
93,3,1.970812,0.623194,18.212782,0.918355,94,2.917908,13.563
94,3,1.804660,0.645067,18.162676,0.918029,95,2.919800,13.460
95,3,1.648184,0.569127,17.983981,0.917154,96,2.892456,15.673
96,3,1.709048,0.489309,17.881414,0.917262,97,2.890564,46.137
97,3,1.591421,0.573248,18.253405,0.916885,98,2.892456,13.502
98,1,1.945589,0.578317,18.377866,0.917536,99,2.917908,13.510
99,3,1.836445,0.498348,18.305346,0.917085,100,2.888672,13.511
100,0,1.247850,0.479214,18.448394,0.917327,101,2.847656,13.813
101,2,1.281640,0.556645,18.305483,0.917786,102,2.800964,46.065
102,2,1.678538,0.484753,18.252109,0.917573,103,2.919800,13.685
103,2,1.669649,0.512712,18.558739,0.916965,104,2.890564,13.717
104,2,1.488693,0.519293,18.745777,0.917126,105,2.931580,13.759
105,2,1.826653,0.528931,18.741425,0.916795,106,2.888672,15.782
106,2,1.265179,0.559266,18.810379,0.916901,107,2.826416,13.806
107,0,1.710515,0.603800,18.759824,0.916706,108,2.904236,13.892
108,3,1.297700,0.624967,18.446590,0.916081,109,2.876892,13.754
109,3,1.755839,0.668557,18.448361,0.915891,110,2.916016,14.750
110,2,1.687998,0.703342,18.334021,0.916573,111,2.890564,46.328
111,3,1.883323,0.604767,18.497961,0.917239,112,2.826416,13.740
112,3,1.584425,0.573784,18.552696,0.916617,113,2.904236,13.945
113,3,1.437533,0.578129,18.769181,0.917585,114,2.892456,14.224
114,2,1.366480,0.512933,18.835840,0.917855,115,2.875000,13.723
115,1,1.492933,0.596063,18.986585,0.916963,116,2.875000,46.290
116,3,1.234044,0.523518,19.080020,0.917138,117,2.875000,13.665
117,3,1.508402,0.427879,19.185890,0.916830,118,2.919800,13.665
118,0,1.569990,0.629745,19.391022,0.916052,119,2.894348,13.387
119,0,1.421697,0.585391,19.432502,0.916870,120,2.904236,14.930
120,3,1.349878,0.657077,19.410621,0.916466,121,2.904236,46.458
121,0,1.839483,0.635310,19.511370,0.916818,122,2.890564,13.484
122,0,1.674226,0.685037,19.869755,0.917452,123,2.947144,13.698
123,2,1.431424,0.596668,19.702765,0.917531,124,2.843872,13.906
124,3,1.517080,0.587696,19.948010,0.917824,125,2.931580,13.815
125,3,1.336550,0.534197,19.964881,0.916396,126,2.890564,52.032
126,2,1.364248,0.487329,20.155212,0.917307,127,2.890564,23.681
127,1,1.417959,0.564761,20.069839,0.917061,128,2.917908,52.688
128,2,1.337060,0.596515,20.053114,0.916779,129,2.812744,20.262
129,1,1.402221,0.660838,20.022698,0.916760,130,2.917908,24.946
130,2,1.564911,0.615641,19.994509,0.916837,131,2.892456,48.413
131,3,1.118890,0.659831,19.999171,0.916807,132,2.863220,13.508
132,0,1.406967,0.623596,19.797515,0.917175,133,2.919800,13.588
133,2,1.270950,0.729391,19.890229,0.917072,134,2.869324,13.447
134,0,1.707856,0.629683,19.768606,0.917022,135,2.878784,45.898
135,1,1.749823,0.631377,19.712984,0.917916,136,2.919800,13.391
136,0,1.575375,0.567344,19.718594,0.917238,137,2.890564,13.430
137,1,1.469793,0.535128,19.756180,0.917062,138,2.916016,14.950
138,0,1.828938,0.560475,19.765735,0.916786,139,2.904236,15.759
139,2,0.995847,0.631833,19.797157,0.917104,140,2.906128,45.970
140,0,1.253435,0.529359,20.040644,0.918008,141,2.890564,14.015
141,2,1.406739,0.464671,19.939383,0.917706,142,2.888672,13.401
142,1,1.465949,0.598301,20.168369,0.916610,143,2.806641,13.339
143,1,1.232884,0.572191,20.168476,0.916948,144,2.875000,13.491
144,3,1.873879,0.539670,19.944459,0.916746,145,2.888672,45.970
145,0,1.601551,0.539981,19.924264,0.917855,146,2.890564,13.418
146,0,1.588016,0.643653,19.930112,0.916959,147,2.902344,13.461
147,2,1.531680,0.585789,19.890504,0.917118,148,2.876892,13.402
148,2,1.280812,0.532628,19.627068,0.917537,149,2.908020,13.994
149,3,1.350303,0.521310,19.451698,0.917740,150,2.906128,45.901
150,3,1.093426,0.636412,19.365332,0.917239,151,2.904236,13.826
151,3,1.539481,0.752277,19.373773,0.916465,152,2.878784,13.654
152,1,1.931875,0.665527,19.461620,0.916487,153,2.921692,13.393
153,0,1.643252,0.552445,19.318435,0.916934,154,2.876892,52.128
154,2,1.562869,0.564921,19.388882,0.916781,155,2.919800,13.415
155,3,1.467982,0.445983,19.361255,0.917812,156,2.931580,13.356
156,1,1.648241,0.407653,19.463355,0.917436,157,2.888672,13.293
157,0,1.503108,0.498845,19.656997,0.916860,158,2.904236,13.469
158,2,1.411450,0.517635,19.498031,0.917339,159,2.863220,49.906
159,1,1.429951,0.559906,19.291384,0.916818,160,2.904236,13.342
160,3,1.629211,0.524876,19.355917,0.917069,161,2.876892,13.723
161,2,1.335104,0.485911,19.587791,0.917036,162,2.906128,13.892
162,2,1.678798,0.524676,19.620728,0.916400,163,2.906128,13.367
163,1,1.526357,0.568704,19.773397,0.916388,164,2.859436,45.838
164,1,1.655559,0.575959,20.124286,0.915833,165,2.875000,13.933
165,1,1.409372,0.674590,19.926951,0.916046,166,2.904236,13.418
166,1,1.356560,0.610916,20.028534,0.916974,167,2.916016,13.632
167,3,1.048582,0.561034,20.054910,0.917015,168,2.812744,13.776
168,3,1.326069,0.534003,19.827439,0.917502,169,2.843872,48.242
169,3,1.575238,0.537930,19.813263,0.917428,170,2.906128,13.707
170,0,1.306159,0.527774,19.624147,0.917023,171,2.890564,13.926
171,0,1.169048,0.718929,19.762484,0.916592,172,2.904236,13.827
172,1,1.529358,0.699256,19.720513,0.916306,173,2.845764,13.658
173,0,1.429185,0.666010,19.816914,0.916928,174,2.892456,46.053
174,2,1.439206,0.670910,19.560886,0.917052,175,2.888672,13.628
175,1,1.526915,0.714695,19.520359,0.917176,176,2.875000,13.569
176,1,1.782462,0.612919,19.868370,0.916837,177,2.906128,13.620
177,2,1.615266,0.641779,19.741047,0.916896,178,2.904236,13.548
178,0,1.430166,0.546874,19.689259,0.917090,179,2.906128,13.723
179,0,1.229859,0.575173,19.696929,0.916525,180,2.878784,13.570
180,0,1.680088,0.680228,19.805025,0.916706,181,2.904236,13.568
181,1,1.506463,0.586455,20.028676,0.917888,182,2.863220,13.849
182,2,1.106597,0.725073,20.317173,0.917104,183,2.875000,46.297
183,3,1.429323,0.586257,20.052461,0.917200,184,2.933472,13.388
184,3,1.653618,0.572177,19.999707,0.916879,185,2.890564,13.986
185,0,1.520191,0.525708,19.862803,0.917498,186,2.828308,14.080
186,0,1.470052,0.608269,19.863445,0.916853,187,2.855652,13.396
187,1,1.487904,0.421388,19.951507,0.917240,188,2.904236,46.034
188,0,1.227650,0.537148,19.661205,0.916688,189,2.875000,13.493
189,0,1.873529,0.589324,19.526898,0.917398,190,2.904236,13.330
190,0,1.376688,0.728986,19.696433,0.916952,191,2.890564,13.534
191,0,1.810501,0.724767,19.974577,0.916744,192,2.841980,13.797
192,3,1.363448,0.564897,20.067709,0.916658,193,2.884888,46.417
193,2,1.601813,0.659209,19.843160,0.916842,194,2.890564,14.201
194,2,1.349950,0.680638,19.754095,0.917103,195,2.906128,14.083
195,1,1.422770,0.612116,19.483745,0.917138,196,2.890564,14.984
196,0,1.606208,0.662672,19.420334,0.916878,197,2.875000,13.378
197,0,1.284994,0.605824,19.169648,0.917976,198,2.917908,44.421
198,1,1.942463,0.626522,18.899179,0.918283,199,2.875000,13.498
199,2,1.528865,0.680936,18.799155,0.917110,200,2.888672,13.411
200,3,0.791172,0.662880,18.744868,0.917863,201,2.908020,13.450
201,2,1.842594,0.614015,18.920764,0.917223,202,2.826416,13.406
202,1,1.352593,0.532427,18.974013,0.917695,203,2.832092,48.939
203,2,1.420255,0.528910,18.763235,0.916435,204,2.906128,13.533
204,2,1.738553,0.615355,18.680236,0.916438,205,2.906128,13.374
205,3,1.408726,0.526744,18.681447,0.916910,206,2.890564,13.613
206,3,1.035423,0.554721,18.781861,0.916798,207,2.861328,13.577
207,3,1.665571,0.480348,18.842855,0.916525,208,2.917908,13.348
208,1,1.517138,0.616293,18.616763,0.917004,209,2.916016,13.321
209,0,1.722480,0.507898,18.702409,0.916448,210,2.890564,13.377
210,0,1.735491,0.622146,18.836120,0.917018,211,2.919800,13.316
211,3,1.438222,0.677577,18.967740,0.916269,212,2.904236,45.922
212,2,1.519079,0.634664,19.030832,0.916632,213,2.890564,13.690
213,1,1.907606,0.524232,18.856098,0.916350,214,2.884888,13.397
214,2,1.335726,0.562433,18.706840,0.917424,215,2.863220,13.380
215,1,1.391908,0.557942,19.059652,0.917116,216,2.906128,13.343
216,1,1.553170,0.516617,19.100298,0.916738,217,2.890564,45.874
217,2,1.179515,0.541952,19.327983,0.917633,218,2.919800,13.320
218,1,1.419757,0.545235,19.091674,0.917311,219,2.906128,13.417
219,1,1.526353,0.756636,19.080326,0.916184,220,2.904236,13.415
220,3,1.515603,0.704491,19.242577,0.916547,221,2.890564,13.365
221,0,1.302560,0.630775,19.225849,0.916954,222,2.876892,45.862
222,3,1.462234,0.620626,19.068269,0.916259,223,2.904236,13.554
223,2,1.553935,0.585822,19.150609,0.917707,224,2.906128,13.657
224,2,1.590270,0.545613,19.091571,0.916914,225,2.878784,13.338
225,0,1.363372,0.459788,19.055914,0.917821,226,2.873108,13.274
226,0,1.456299,0.530585,19.162656,0.917067,227,2.904236,46.053
227,1,1.319951,0.683539,19.253140,0.917148,228,2.812744,13.498
228,3,1.435054,0.554569,19.175064,0.916462,229,2.917908,13.493
229,0,1.635221,0.706677,19.308904,0.917229,230,2.873108,13.550
230,1,1.549888,0.633568,19.458966,0.917174,231,2.919800,13.588
231,1,1.256479,0.510759,19.309231,0.918129,232,2.890564,46.081
232,0,1.673376,0.578660,19.231761,0.917501,233,2.904236,13.711
233,0,1.507991,0.588073,19.342050,0.916642,234,2.919800,15.062
234,0,1.322724,0.526002,19.317147,0.917358,235,2.875000,13.948
235,1,1.382406,0.522671,19.601437,0.916896,236,2.878784,13.808
236,3,1.757990,0.660694,19.691825,0.917069,237,2.904236,46.126
237,2,1.583081,0.513041,19.761158,0.917359,238,2.875000,13.871
238,3,1.837117,0.755409,19.674895,0.916850,239,2.935364,13.558
239,3,1.709851,0.614103,19.594399,0.916156,240,2.906128,13.494
240,3,1.667249,0.568042,19.515982,0.917709,241,2.917908,13.663
241,1,1.361157,0.663805,19.410497,0.916694,242,2.904236,48.564
242,1,1.237200,0.655674,19.406401,0.917655,243,2.863220,13.753
243,0,1.475421,0.584386,19.540076,0.918029,244,2.919800,13.669
244,1,1.461451,0.635506,19.567857,0.917460,245,2.876892,14.226
245,1,1.153860,0.606493,19.474429,0.918113,246,2.906128,50.159
246,3,1.665356,0.550173,19.686404,0.917329,247,2.919800,13.469
247,0,1.481315,0.615449,19.555702,0.917088,248,2.890564,13.364
248,3,1.110389,0.682591,19.767510,0.916006,249,2.863220,13.319
249,1,1.175971,0.659367,19.740529,0.917384,250,2.917908,13.436
250,2,1.527640,0.531815,19.773119,0.918173,251,2.902344,49.894
251,1,1.433606,0.490223,19.836267,0.915540,252,2.843872,13.339
252,1,1.497066,0.529783,19.931821,0.917301,253,2.875000,13.342
253,2,1.619613,0.480800,19.956349,0.917789,254,2.906128,13.886
254,3,1.161635,0.489442,19.999412,0.917101,255,2.890564,13.504
255,3,1.771112,0.515869,19.876714,0.916107,256,2.931580,46.625
256,0,1.493231,0.403146,19.638617,0.917675,257,2.863220,15.892
257,2,1.326752,0.441723,19.870497,0.917437,258,2.890564,13.897
258,2,1.295612,0.619619,19.857804,0.917051,259,2.888672,13.991
259,3,1.139584,0.557207,19.956575,0.916761,260,2.904236,13.680
260,3,1.417029,0.541693,20.235408,0.916632,261,2.890564,13.577
261,3,1.800707,0.593794,20.450846,0.917663,262,2.859436,28.279
262,1,1.577184,0.599197,20.387264,0.916259,263,2.875000,77.138
263,3,1.649849,0.560615,20.542719,0.917209,264,2.906128,17.305
264,0,1.254331,0.742216,20.654268,0.916597,265,2.919800,53.745
265,2,1.582693,0.616524,20.693514,0.916822,266,2.906128,27.210
266,0,1.690502,0.708935,20.778470,0.915601,267,2.863220,18.042
267,0,1.587590,0.628875,20.490340,0.916408,268,2.933472,13.665
268,0,1.587345,0.589024,20.102583,0.916681,269,2.890564,46.245
269,1,1.410270,0.714432,20.252231,0.916571,270,2.890564,13.500
270,2,1.387695,0.586794,20.240886,0.917308,271,2.935364,13.808
271,3,1.262850,0.602705,19.997854,0.917133,272,2.931580,13.398
272,3,1.422708,0.600494,20.229198,0.916610,273,2.933472,45.867
273,1,1.331466,0.580239,20.345459,0.917242,274,2.876892,13.373
274,0,1.480166,0.610211,20.353087,0.917044,275,2.890564,13.409
275,0,1.512087,0.450771,20.279740,0.917323,276,2.799072,13.898
276,1,1.829771,0.491406,20.116698,0.918139,277,2.812744,13.436
277,0,1.250217,0.558505,20.385946,0.917653,278,2.863220,46.049
278,2,1.523463,0.467179,20.278454,0.916187,279,2.873108,13.506
279,2,1.811155,0.429528,20.318388,0.917118,280,2.906128,13.419
280,3,1.929403,0.652420,20.078442,0.916571,281,2.876892,13.968
281,2,1.213917,0.712994,20.069443,0.916428,282,2.863220,13.457
282,1,1.475662,0.582808,20.302182,0.917328,283,2.904236,50.022
283,3,1.561661,0.589701,20.013987,0.917310,284,2.902344,13.408
284,1,1.300921,0.596281,19.824234,0.916536,285,2.826416,13.404
285,0,1.255181,0.555365,19.528229,0.916251,286,2.916016,13.459
286,3,1.771713,0.551800,19.503195,0.917291,287,2.904236,13.448
287,2,1.395027,0.673149,19.626928,0.916935,288,2.890564,46.043
288,1,1.467645,0.462991,19.677223,0.917326,289,2.902344,13.345
289,1,1.316053,0.645129,19.470229,0.915914,290,2.894348,13.608
290,1,1.356044,0.616760,19.267922,0.916053,291,2.921692,13.751
291,1,1.564893,0.610392,19.286267,0.916760,292,2.904236,14.266
292,3,1.540886,0.805202,19.212033,0.916433,293,2.890564,46.193
293,2,1.561618,0.486689,19.043002,0.917372,294,2.906128,16.189
294,2,1.816407,0.612664,19.182496,0.917077,295,2.853333,13.679
295,1,1.659199,0.542848,19.066636,0.917843,296,2.875000,13.685
296,1,1.482223,0.571115,18.909370,0.917447,297,2.843872,46.200
297,1,1.741875,0.540214,18.874325,0.916852,298,2.888672,13.568
298,0,1.360823,0.623120,18.870246,0.916883,299,2.859436,13.750
299,1,1.794565,0.569648,18.918450,0.917007,300,2.863220,13.645
300,0,1.500456,0.686444,19.149361,0.916689,301,2.931580,13.895
301,2,1.504800,0.582165,19.122826,0.917654,302,2.890564,46.381
302,2,1.366650,0.567964,19.172031,0.916827,303,2.906128,13.756
303,2,1.362898,0.717112,19.159043,0.916439,304,2.902344,13.642
304,1,1.144260,0.575882,19.213265,0.916192,305,2.906128,13.657
305,1,1.779140,0.619943,19.239183,0.916207,306,2.902344,13.586
306,3,1.226279,0.550484,19.355942,0.917646,307,2.906128,51.098
307,3,1.878769,0.671235,19.334443,0.917698,308,2.890564,13.896
308,1,1.423511,0.772931,19.184897,0.917355,309,2.935364,16.109
309,3,1.502964,0.659865,18.985755,0.916337,310,2.826416,13.449
310,0,1.716391,0.736591,19.031051,0.917088,311,2.859436,13.861
311,0,1.582876,0.582979,19.172646,0.916512,312,2.906128,13.698
312,0,1.296559,0.643569,19.237517,0.917126,313,2.906128,13.918
313,1,1.619862,0.557738,19.160847,0.916934,314,2.904236,13.788
314,2,1.331784,0.536539,18.976762,0.916234,315,2.888672,13.920
315,0,1.714012,0.722783,19.098119,0.916403,316,2.917908,46.163
316,2,1.536675,0.559344,19.200169,0.918134,317,2.902344,13.567
317,2,1.410174,0.474268,19.107367,0.917097,318,2.863220,13.468
318,2,1.402259,0.608135,19.052391,0.917273,319,2.906128,13.369
319,0,1.462503,0.604483,18.912606,0.916871,320,2.876892,16.324
320,1,2.058753,0.755337,19.074897,0.915545,321,2.919800,46.527
321,2,1.613687,0.641068,19.146697,0.916085,322,2.962708,14.783
322,1,1.654385,0.468384,19.274297,0.915981,323,2.906128,13.414
323,2,1.681455,0.664913,19.465413,0.916065,324,2.845764,15.848
324,2,1.644872,0.690630,19.325013,0.917405,325,2.904236,13.577
325,2,1.559445,0.617353,19.341953,0.917537,326,2.886780,45.887
326,2,1.063292,0.433966,19.168259,0.917426,327,2.888672,13.500
327,0,1.798866,0.551510,19.426890,0.917047,328,2.933472,13.341
328,2,1.477707,0.463510,19.444561,0.917198,329,2.890564,13.408
329,2,1.387620,0.561015,19.329430,0.916976,330,2.919800,13.929
330,0,1.345071,0.587959,19.141968,0.916826,331,2.947144,13.752
331,2,1.528142,0.501749,19.245442,0.917266,332,2.847656,17.518
332,3,1.720945,0.587542,19.507695,0.915499,333,2.890564,13.459
333,2,1.605431,0.598672,19.285754,0.917487,334,2.888672,13.349
334,2,1.948702,0.526763,19.351898,0.917354,335,2.890564,46.174
335,2,1.215456,0.448331,19.586676,0.916617,336,2.904236,13.796
336,1,1.114575,0.613632,19.563366,0.916814,337,2.875000,14.335
337,3,1.513112,0.536171,19.503813,0.916612,338,2.906128,15.390
338,2,1.537450,0.598923,19.326957,0.915735,339,2.904236,13.758
339,1,1.667031,0.728277,19.299791,0.915352,340,2.906128,50.066
340,2,1.517428,0.617762,19.419382,0.916853,341,2.890564,13.813
341,0,1.310836,0.559077,19.393035,0.917948,342,2.863220,13.530
342,3,1.641938,0.601787,19.331809,0.916858,343,2.875000,13.739
343,0,1.493376,0.555008,19.125532,0.916488,344,2.863220,48.059
344,3,1.807525,0.454952,18.794295,0.917930,345,2.876892,13.729
345,0,1.377809,0.614575,19.117889,0.916811,346,2.873108,13.624
346,2,1.852088,0.595879,19.028561,0.917424,347,2.916016,13.660
347,1,1.521404,0.417341,19.069821,0.917672,348,2.906128,13.750
348,1,1.655648,0.708627,19.129533,0.916042,349,2.933472,46.113
349,2,1.782894,0.550244,19.187377,0.917582,350,2.890564,13.706
350,1,1.515484,0.538233,19.149302,0.916701,351,2.890564,14.094
351,1,1.194817,0.651999,19.168414,0.916956,352,2.847656,13.646
352,0,1.770810,0.490653,18.985475,0.917273,353,2.785400,16.458
353,0,1.384422,0.635531,19.221090,0.916296,354,2.826416,14.033
354,1,1.640588,0.525288,19.268653,0.917515,355,2.859436,13.829
355,3,1.371858,0.468432,19.073238,0.917901,356,2.933472,13.472
356,1,1.706185,0.493645,19.174868,0.917993,357,2.931580,13.620
357,0,1.635254,0.584375,19.339232,0.917461,358,2.931580,46.454
358,1,1.548108,0.590289,19.388965,0.917227,359,2.888672,13.778
359,1,1.593598,0.551995,19.288288,0.916442,360,2.875000,13.762
360,1,1.318723,0.643037,19.154388,0.917134,361,2.906128,13.804
361,3,1.338863,0.581315,19.175397,0.914408,362,2.847656,13.757
362,0,1.616978,0.510789,19.456759,0.917214,363,2.863220,45.931
363,3,1.773078,0.545121,19.718188,0.918114,364,2.921692,13.570
364,3,1.607300,0.558928,19.649401,0.917929,365,2.876892,13.440
365,1,1.543916,0.459775,19.812779,0.917023,366,2.875000,13.490
366,1,1.768629,0.488127,19.454814,0.918098,367,2.888672,13.364
367,3,1.559995,0.506682,19.256300,0.916451,368,2.904236,48.063
368,1,1.555195,0.583286,19.015994,0.917418,369,2.917908,13.987
369,3,1.765501,0.473262,18.954913,0.917082,370,2.812744,14.180
370,3,1.427003,0.424070,18.839265,0.917111,371,2.904236,18.331
371,1,1.479991,0.489867,18.841171,0.916924,372,2.916016,46.651
372,2,1.499720,0.623699,18.747876,0.917153,373,2.863220,13.695
373,1,1.531347,0.799811,18.865711,0.915932,374,2.890564,13.675
374,1,1.766308,0.543735,19.097461,0.916316,375,2.904236,13.381
375,3,1.366758,0.725700,19.077013,0.916124,376,2.873108,13.508
376,2,1.598254,0.633295,19.064784,0.916505,377,2.888672,46.218
377,1,1.339520,0.530634,18.975906,0.917764,378,2.863220,13.446
378,3,1.601828,0.495973,19.111089,0.917478,379,2.904236,13.579
379,2,1.457232,0.620675,18.945848,0.916699,380,2.878784,13.472
380,2,1.441332,0.446180,19.040740,0.917813,381,2.917908,14.030
381,3,1.578637,0.609255,18.994490,0.916765,382,2.947144,52.241
382,0,1.422591,0.538239,18.965812,0.916855,383,2.890564,13.408
383,2,1.339219,0.596417,18.917514,0.918144,384,2.919800,13.504
384,1,1.766492,0.628695,19.094467,0.916736,385,2.919800,13.381
385,0,1.791505,0.571109,18.914865,0.917212,386,2.904236,49.965
386,3,1.547218,0.591077,18.798510,0.915986,387,2.933472,13.537
387,2,1.578093,0.559346,18.916313,0.917740,388,2.876892,13.420
388,0,1.710086,0.670992,18.826662,0.917085,389,2.843872,13.443
389,2,1.608811,0.534027,18.595331,0.917478,390,2.863220,13.483
390,3,1.520488,0.486148,18.682146,0.916600,391,2.919800,50.100
391,2,1.652979,0.540859,18.618478,0.916229,392,2.919800,13.556
392,3,1.226279,0.500018,18.631281,0.917913,393,2.904236,13.473
393,1,1.266430,0.633336,18.774420,0.918157,394,2.904236,13.469
394,0,1.418094,0.537861,18.606321,0.917457,395,2.876892,13.459
395,3,1.797105,0.650514,18.426886,0.917452,396,2.906128,42.361
396,0,1.784261,0.650521,18.459914,0.917332,397,2.904236,13.650
397,3,1.730866,0.526342,18.404077,0.916954,398,2.890564,13.742
398,3,1.480755,0.508764,18.570855,0.917810,399,2.890564,13.691
399,2,1.452203,0.566252,18.886489,0.917148,400,2.875000,13.652
400,3,1.536976,0.601429,19.148319,0.916469,401,2.875000,46.189
401,0,1.950956,0.596055,19.194091,0.916064,402,2.875000,13.770
402,1,1.365046,0.562260,19.351580,0.916762,403,2.873108,13.795
403,1,1.139362,0.503253,19.344025,0.917422,404,2.933472,13.682
404,3,1.582363,0.602771,19.538917,0.916916,405,2.876892,13.649
405,1,1.074185,0.646169,19.473556,0.917527,406,2.826416,82.823
406,3,1.409373,0.518479,19.162676,0.916750,407,2.890564,73.100
407,1,1.583229,0.577945,19.110674,0.917469,408,2.857544,18.834
408,0,1.791772,0.583503,19.228676,0.917050,409,2.890564,21.289
409,1,1.415049,0.496214,19.173313,0.917535,410,2.935364,20.302
410,2,1.478229,0.599532,19.290964,0.916690,411,2.904236,17.833
411,0,1.622462,0.570826,19.466428,0.916586,412,2.890564,13.490
412,0,1.770898,0.525425,19.718582,0.916963,413,2.906128,13.401
413,3,1.512909,0.571340,19.512009,0.917239,414,2.947144,13.471
414,1,1.913771,0.554502,19.800024,0.917721,415,2.859436,13.317
415,0,1.653604,0.516761,19.865232,0.916509,416,2.917908,14.048
416,0,1.490106,0.657353,19.567746,0.916461,417,2.906128,13.672
417,0,1.552825,0.537071,19.587506,0.917341,418,2.904236,46.175
418,1,2.201944,0.681294,19.383391,0.916667,419,2.890564,13.321
419,2,1.462606,0.534786,19.157128,0.917045,420,2.904236,13.376
420,3,1.305019,0.523961,19.246712,0.917037,421,2.890564,13.270
421,1,1.712648,0.575930,19.586907,0.917728,422,2.904236,13.248
422,1,1.783437,0.573755,19.380570,0.917196,423,2.890564,46.442
423,1,2.024429,0.521474,19.543689,0.917152,424,2.863220,13.330
424,0,1.570807,0.542177,19.612673,0.917331,425,2.916016,13.312
425,1,1.010754,0.535283,19.600112,0.914498,426,2.906128,13.288
426,0,1.645931,0.640605,19.707682,0.916830,427,2.917908,13.707
427,2,1.653371,0.482394,19.820526,0.917090,428,2.890564,46.266
428,2,1.397524,0.543177,19.836034,0.917283,429,2.904236,13.410
429,0,1.662214,0.602554,19.737242,0.917401,430,2.906128,13.375
430,2,1.699630,0.429752,19.733216,0.917416,431,2.841980,13.272
431,3,1.568386,0.585199,19.590721,0.916901,432,2.931580,13.887
432,1,1.667667,0.651239,19.371101,0.916999,433,2.863220,45.864
433,3,1.528523,0.596580,19.206063,0.915965,434,2.890564,13.384
434,1,1.800054,0.579089,19.156289,0.917302,435,2.890564,13.300
435,1,1.376787,0.601438,18.995395,0.917485,436,2.826416,13.376
436,3,1.624742,0.629672,18.870056,0.917349,437,2.890564,13.342
437,1,1.479271,0.630635,19.052242,0.916439,438,2.906128,46.320
438,2,1.271609,0.508182,19.289051,0.916817,439,2.888672,13.316
439,1,1.569078,0.558727,19.404193,0.917105,440,2.890564,13.292
440,0,1.420175,0.624773,19.487020,0.916610,441,2.919800,13.271
441,0,1.587400,0.607834,19.511480,0.916232,442,2.888672,13.236
442,3,1.510563,0.556955,19.286358,0.916555,443,2.859436,48.435
443,2,1.517401,0.650361,19.297902,0.916808,444,2.904236,13.380
444,2,1.434022,0.559953,19.176538,0.917352,445,2.840088,13.934
445,1,1.577696,0.600672,19.217655,0.917511,446,2.875000,13.437
446,2,1.229977,0.657157,19.263253,0.916279,447,2.845764,13.609
447,1,1.613133,0.538739,19.389843,0.916473,448,2.812744,46.474
448,2,1.550579,0.730083,19.499411,0.917277,449,2.917908,13.678
449,1,1.410145,0.512912,19.434948,0.916614,450,2.875000,13.654
450,2,1.808925,0.530618,19.465969,0.917602,451,2.900452,13.687
451,2,1.460616,0.600559,19.593577,0.916550,452,2.878784,13.561
452,2,1.747472,0.558189,19.541291,0.916475,453,2.853760,50.111
453,3,1.539205,0.681676,19.340534,0.917679,454,2.890564,13.635
454,1,1.284888,0.562011,19.432794,0.917025,455,2.875000,13.570
455,0,1.660649,0.626433,19.374737,0.916985,456,2.933472,13.656
456,3,1.412006,0.427348,19.388127,0.917967,457,2.876892,13.681
457,2,1.101440,0.483269,19.102415,0.917313,458,2.916016,13.883
458,2,1.375788,0.612419,19.204493,0.917121,459,2.863220,14.158
459,2,1.348102,0.628132,19.224029,0.916915,460,2.947144,13.628
460,0,1.979666,0.617793,19.288553,0.916096,461,2.814636,13.570
461,0,1.824854,0.549112,19.228490,0.916741,462,2.931580,50.041
462,1,1.486766,0.571660,19.229571,0.916365,463,2.890564,13.273
463,3,1.385602,0.631322,19.348720,0.917801,464,2.875000,13.302
464,3,1.543780,0.579782,19.442422,0.917481,465,2.904236,13.292
465,2,1.376549,0.634583,19.627404,0.917113,466,2.890564,13.283
466,1,1.254313,0.550046,19.579817,0.916937,467,2.904236,47.996
467,0,1.879233,0.560932,19.687469,0.916000,468,2.919800,13.804
468,2,1.508790,0.498400,19.551340,0.917069,469,2.888672,13.736
469,0,1.636562,0.613409,19.445689,0.916828,470,2.876892,13.377
470,2,1.566359,0.630701,19.454592,0.917040,471,2.855652,13.496
471,2,1.210693,0.460327,19.400945,0.917201,472,2.921692,46.120
472,2,1.379849,0.384725,19.369618,0.917395,473,2.863220,13.287
473,3,1.187092,0.528602,19.334397,0.917651,474,2.875000,13.346
474,1,1.263045,0.733314,19.291993,0.916749,475,2.935364,13.687
475,3,1.452875,0.693313,19.283498,0.915170,476,2.919800,14.649
476,0,1.186278,0.608589,19.169710,0.917240,477,2.890564,14.183
477,0,1.369873,0.607038,19.179415,0.918061,478,2.800964,13.640
478,2,1.083449,0.719896,18.963024,0.917253,479,2.949036,13.836
479,2,1.198543,0.704097,18.927703,0.917179,480,2.890564,13.473
480,0,1.713147,0.510072,19.094531,0.916492,481,2.799072,13.950
481,0,1.749467,0.616239,18.948820,0.916220,482,2.904236,13.469
482,0,1.471655,0.605283,18.921842,0.917327,483,2.888672,14.580
483,3,1.557750,0.536514,18.851867,0.917845,484,2.863220,13.346
484,3,1.595373,0.569883,18.879243,0.916646,485,2.904236,13.299
485,2,1.384798,0.534882,19.021478,0.917125,486,2.933472,50.273
486,0,1.449953,0.685889,19.013838,0.916743,487,2.890564,14.117
487,2,1.458530,0.672282,19.186180,0.917605,488,2.876892,13.350
488,2,1.435651,0.479778,19.236677,0.917311,489,2.875000,13.723
489,2,1.354476,0.559823,19.462910,0.917235,490,2.843872,13.494
490,0,1.768288,0.657559,19.184256,0.917195,491,2.906128,42.811
491,0,1.602433,0.445629,19.357401,0.915987,492,2.919800,14.350
492,0,1.964984,0.561436,19.273502,0.917890,493,2.919800,13.510
493,0,1.499613,0.717679,19.539023,0.916304,494,2.890564,13.300
494,2,1.479893,0.627496,19.555232,0.917313,495,2.919800,13.436
495,1,1.906715,0.491719,19.365081,0.916227,496,2.906128,46.536
496,1,1.326242,0.553345,19.253787,0.917216,497,2.906128,13.702
497,2,1.469714,0.566078,19.133430,0.917192,498,2.785400,14.330
498,0,1.415312,0.573193,19.096451,0.916989,499,2.919800,13.831
499,0,1.610407,0.642333,19.059364,0.916788,500,2.888672,14.082
500,1,1.693420,0.488721,19.248417,0.917582,501,2.890564,13.721
501,3,1.451542,0.580741,19.215384,0.917229,502,2.878784,14.349
502,0,1.738335,0.663047,18.940134,0.916933,503,2.919800,13.604
503,0,1.130930,0.584936,19.029054,0.917433,504,2.902344,13.697
504,3,1.517344,0.701985,19.261140,0.916822,505,2.875000,46.137
505,0,1.558631,0.642246,19.159534,0.916678,506,2.906128,13.563
506,3,1.559957,0.650802,19.145124,0.916677,507,2.906128,13.549
507,3,1.536915,0.669126,19.315327,0.916555,508,2.859436,14.268
508,1,1.431107,0.598790,19.063729,0.916732,509,2.931580,13.589
509,2,1.586158,0.552511,18.967694,0.917568,510,2.892456,50.799
510,0,1.724189,0.711083,19.150308,0.917232,511,2.931580,13.854
511,0,1.432271,0.729705,19.107442,0.916918,512,2.861328,13.633
512,1,1.457895,0.638017,18.990258,0.916810,513,2.931580,13.850
513,0,1.591285,0.625968,19.298640,0.916705,514,2.863220,13.638
514,2,1.541279,0.627010,19.513151,0.917686,515,2.900452,13.501
515,2,1.452536,0.519514,19.584451,0.916860,516,2.888672,13.337
516,3,1.317531,0.496271,19.509381,0.917719,517,2.904236,13.311
517,0,1.270730,0.648399,19.487927,0.916796,518,2.906128,13.716
518,0,1.753140,0.578276,19.541249,0.917033,519,2.906128,46.886
519,2,1.290771,0.508070,19.400614,0.916981,520,2.888672,14.047
520,3,1.132877,0.441106,19.136654,0.917534,521,2.876892,13.382
521,1,1.439076,0.519365,19.124088,0.917774,522,2.919800,13.379
522,2,1.553859,0.599007,19.350929,0.917280,523,2.812744,14.233
523,2,1.832975,0.642380,19.143350,0.917629,524,2.908020,13.396
524,0,1.765477,0.580843,19.042735,0.916296,525,2.890564,15.022
525,2,1.644658,0.682815,18.874127,0.915984,526,2.904236,13.416
526,2,1.360278,0.616849,18.938777,0.916091,527,2.890564,13.302
527,3,1.262257,0.701948,19.101667,0.917242,528,2.906128,13.253
528,1,1.457760,0.519695,19.088061,0.917720,529,2.888672,47.828
529,3,1.826863,0.501584,19.284725,0.916000,530,2.888672,14.553
530,0,1.383379,0.639210,19.310717,0.917136,531,2.812744,14.055
531,1,1.394448,0.503979,19.372529,0.917313,532,2.906128,13.346
532,0,1.665163,0.571675,19.128853,0.917744,533,2.845764,13.286
533,2,1.662153,0.657565,19.079851,0.916048,534,2.904236,49.517
534,3,1.475683,0.589523,19.395418,0.917063,535,2.890564,14.189
535,3,1.402206,0.518671,19.403104,0.917477,536,2.888672,13.331
536,2,1.414700,0.534893,19.316246,0.917664,537,2.919800,13.344
537,3,1.352912,0.683108,19.460518,0.917719,538,2.890564,13.381
538,2,1.410134,0.533262,19.676756,0.918039,539,2.875000,13.469
539,1,1.381384,0.619062,19.467025,0.917583,540,2.826416,14.359
540,1,1.419678,0.599674,19.817686,0.916714,541,2.878784,13.863
541,1,1.533194,0.605545,20.061965,0.916976,542,2.890564,13.384
542,3,1.858449,0.564651,19.995034,0.917156,543,2.933472,13.401
543,3,1.451223,0.574376,19.911225,0.917368,544,2.863220,13.429
544,1,1.564420,0.559675,19.900470,0.916609,545,2.906128,13.279
545,1,1.301435,0.586799,19.873392,0.916284,546,2.861328,13.749
546,1,1.441134,0.753900,19.867894,0.916452,547,2.875000,14.050
547,3,1.304154,0.658896,19.851566,0.916580,548,2.826416,13.664
548,0,1.537878,0.648769,19.992963,0.916877,549,2.892456,13.886
549,2,1.431695,0.471867,19.987610,0.917424,550,2.875000,13.817
550,2,1.588287,0.589941,20.055502,0.917313,551,2.917908,15.146
551,2,1.362441,0.531311,20.354663,0.917170,552,2.890564,13.712
552,1,1.687406,0.440902,20.637119,0.917064,553,2.875000,42.260
553,2,1.575813,0.616697,20.429144,0.916978,554,2.933472,13.752
554,2,1.455413,0.664402,20.447000,0.917655,555,2.875000,13.727
555,2,1.373381,0.567274,20.432700,0.917804,556,2.863220,13.721
556,2,1.705128,0.591366,20.404428,0.917284,557,2.785400,13.744
557,1,1.374599,0.482853,20.569654,0.917221,558,2.931580,13.743
558,3,1.680167,0.585214,20.296094,0.916485,559,2.859436,13.793
559,1,1.684983,0.590577,20.504228,0.915761,560,2.904236,13.740
560,2,1.657571,0.691510,20.438774,0.916159,561,2.904236,13.789
561,2,1.662005,0.539794,19.954364,0.916961,562,2.933472,14.527
562,2,1.422103,0.703410,20.086750,0.916123,563,2.904236,13.743
563,0,1.375448,0.400609,19.802159,0.916575,564,2.890564,13.752
564,1,1.661081,0.564481,19.753868,0.917915,565,2.890564,13.579
565,0,1.523075,0.459679,19.761759,0.917621,566,2.878784,13.423
566,3,1.362455,0.605461,19.878255,0.917360,567,2.826416,13.412
567,2,1.541420,0.502588,19.895743,0.917176,568,2.902344,48.909
568,3,1.552838,0.615761,19.853948,0.916983,569,2.859436,13.471
569,1,1.822747,0.618281,19.701334,0.916626,570,2.878784,13.415
570,2,1.410224,0.634389,19.862571,0.917235,571,2.904236,15.960
571,0,1.634464,0.544412,20.136041,0.916952,572,2.840088,75.285
572,2,1.574830,0.551442,20.129148,0.917153,573,2.890564,69.670
573,1,1.403759,0.499629,20.129916,0.917235,574,2.875000,21.020
574,3,1.505302,0.677815,19.926697,0.916668,575,2.890564,23.433
575,3,1.518884,0.588647,19.950541,0.916543,576,2.890564,57.196
576,1,1.339335,0.634994,20.030159,0.917747,577,2.931580,19.883
577,3,1.615657,0.657074,19.908156,0.916500,578,2.861328,14.442
578,1,1.446552,0.517027,19.785246,0.917136,579,2.947144,13.916
579,1,1.416693,0.628852,19.623980,0.916951,580,2.816528,46.948
580,1,1.704236,0.532412,19.518757,0.917851,581,2.947144,13.502
581,3,1.382994,0.470525,19.567910,0.917070,582,2.892456,13.382
582,0,1.373294,0.539748,19.551003,0.916791,583,2.919800,13.480
583,2,1.203565,0.663018,19.259577,0.916489,584,2.904236,13.458
584,1,1.599028,0.610033,19.176150,0.916197,585,2.919800,14.202
585,1,1.673943,0.581335,19.274467,0.916474,586,2.906128,13.522
586,2,1.352977,0.530599,19.411108,0.917326,587,2.906128,13.613
587,3,1.573484,0.579760,19.228950,0.917529,588,2.826416,13.472
588,1,1.551570,0.548878,19.332117,0.917646,589,2.906128,46.612
589,3,1.239571,0.594869,19.227809,0.916197,590,2.902344,13.959
590,1,1.521060,0.467597,19.431120,0.917297,591,2.876892,13.749
591,2,1.578880,0.470364,19.471011,0.917206,592,2.876892,13.619
592,3,1.444618,0.499031,19.677681,0.917928,593,2.890564,14.184
593,2,1.183174,0.606690,19.795475,0.917807,594,2.917908,46.222
594,1,1.460116,0.596741,19.775637,0.916573,595,2.904236,13.623
595,2,1.173195,0.588169,19.891555,0.916442,596,2.890564,13.467
596,2,1.417713,0.527859,19.936431,0.917864,597,2.841980,13.563
597,0,1.544279,0.415462,19.934017,0.916986,598,2.904236,13.878
598,3,1.456404,0.456725,19.847915,0.916470,599,2.890564,48.409
599,2,1.574474,0.587116,19.727081,0.916811,600,2.906128,14.352
600,1,1.352280,0.716781,19.651188,0.917467,601,2.904236,13.905
601,3,1.623233,0.640560,19.483443,0.914843,602,2.890564,13.833
602,3,1.094512,0.647874,19.405148,0.916339,603,2.904236,13.632
603,3,1.606883,0.539226,19.308637,0.916696,604,2.904236,13.957
604,2,1.372037,0.562841,19.322307,0.916598,605,2.875000,14.013
605,2,1.632297,0.599841,19.466577,0.918037,606,2.625977,13.669
606,3,1.623397,0.455963,19.525164,0.917282,607,2.875000,16.256
607,3,1.677754,0.566835,19.537483,0.917889,608,2.847656,42.302
608,2,1.479469,0.629815,19.667414,0.916775,609,2.875000,13.794
609,3,1.616680,0.609552,19.719650,0.916704,610,2.904236,13.904
610,2,1.411897,0.540753,19.847868,0.916626,611,2.890564,14.015
611,1,1.555854,0.644990,19.940698,0.916061,612,2.947144,13.744
612,3,1.625625,0.551771,19.869355,0.916853,613,2.892456,46.068
613,1,1.174941,0.622430,19.825722,0.917558,614,2.875000,13.602
614,0,1.327592,0.548874,19.943220,0.917873,615,2.876892,13.693
615,3,1.527908,0.514837,20.220145,0.917199,616,2.904236,13.446
616,3,1.465745,0.499745,20.206698,0.917385,617,2.904236,13.349
617,3,1.381677,0.490544,20.450994,0.917493,618,2.933472,45.924
618,2,1.494566,0.564645,20.484639,0.916764,619,2.843872,13.929
619,3,1.505741,0.686756,20.552832,0.915989,620,2.857544,13.587
620,3,1.598408,0.728332,20.167054,0.917089,621,2.947144,13.478
621,2,1.329486,0.530464,20.022208,0.917228,622,2.875000,14.833
622,3,1.246351,0.630498,19.831648,0.917131,623,2.904236,47.383
623,3,1.547256,0.627796,19.632437,0.917260,624,2.904236,13.455
624,2,1.455077,0.518473,19.349804,0.916822,625,2.916016,13.406
625,1,1.482557,0.529143,19.303353,0.917146,626,2.921692,13.467
626,2,1.310715,0.620763,19.206545,0.916601,627,2.892456,13.988
627,1,1.422631,0.659720,19.217117,0.916385,628,2.890564,46.023
628,2,1.337075,0.685735,18.913407,0.917665,629,2.906128,15.743
629,2,1.565517,0.640556,18.877365,0.917389,630,2.888672,13.447
630,3,1.253082,0.588819,18.715352,0.916878,631,2.888672,14.157
631,0,1.649179,0.672480,18.619236,0.917058,632,2.906128,13.655
632,0,1.527273,0.681684,18.571537,0.917130,633,2.904236,45.952
633,2,1.792130,0.453298,18.733459,0.917805,634,2.785400,13.351
634,2,1.436910,0.444343,18.942139,0.917372,635,2.919800,13.338
635,2,1.477075,0.501569,19.060788,0.917224,636,2.921692,13.374
636,1,1.507277,0.479903,19.217301,0.916622,637,2.857544,50.069
637,3,1.535153,0.515885,19.122878,0.915928,638,2.919800,13.503
638,0,1.460626,0.610930,19.172626,0.916900,639,2.892456,13.460
639,1,1.145950,0.495171,19.019014,0.917420,640,2.916016,13.395
640,1,1.529877,0.533886,18.935081,0.917374,641,2.906128,13.565
641,3,1.482807,0.606802,18.785278,0.917060,642,2.904236,42.201
642,1,1.339609,0.463445,18.986650,0.917431,643,2.906128,13.410
643,2,1.021895,0.547952,18.895012,0.917400,644,2.917908,14.699
644,3,1.225433,0.540463,18.899445,0.917304,645,2.890564,13.388
645,1,1.610446,0.534181,19.067090,0.916134,646,2.890564,13.435
646,1,1.244950,0.683079,19.014474,0.916707,647,2.904236,45.936
647,3,1.811289,0.582435,18.973604,0.917375,648,2.904236,13.505
648,1,1.055319,0.668472,18.956796,0.916369,649,2.904236,13.967
649,2,1.381631,0.625676,18.872690,0.916816,650,2.904236,13.465
650,2,1.401027,0.580410,18.965999,0.917762,651,2.917908,13.908
651,2,1.720761,0.430514,18.837784,0.918043,652,2.799072,50.459
652,2,1.403583,0.474364,19.093334,0.916583,653,2.908020,13.591
653,1,1.175901,0.544358,19.202963,0.916877,654,2.921692,13.656
654,2,1.358231,0.499007,19.513683,0.917071,655,2.857544,13.585
655,3,1.501532,0.643814,19.421932,0.916469,656,2.906128,50.278
656,3,1.349016,0.652279,19.600119,0.916103,657,2.875000,13.705
657,2,1.372785,0.578637,19.658829,0.917234,658,2.876892,13.598
658,3,1.430161,0.408233,19.540447,0.916883,659,2.890564,13.575
659,1,1.670032,0.544188,19.476172,0.917524,660,2.878784,13.575
660,1,1.537709,0.561852,19.670614,0.916781,661,2.843872,46.164
661,2,1.395433,0.541778,19.654312,0.917268,662,2.875000,13.863
662,1,1.448737,0.614395,19.664314,0.916751,663,2.947144,13.849
663,2,1.524982,0.524108,19.765919,0.916615,664,2.875000,13.732
664,3,1.313402,0.546678,19.780844,0.918084,665,2.904236,13.727
665,2,2.019184,0.584741,19.842981,0.917335,666,2.931580,50.337
666,3,1.574614,0.605527,19.434309,0.917604,667,2.890564,13.502
667,2,1.401787,0.601135,19.490686,0.917248,668,2.890564,13.380
668,1,1.536775,0.592046,19.325591,0.916006,669,2.890564,13.440
669,0,1.521878,0.607855,19.399634,0.917566,670,2.933472,13.481
670,0,1.731845,0.584704,19.420590,0.917219,671,2.876892,46.293
671,0,1.478759,0.580235,19.547495,0.915827,672,2.892456,13.670
672,0,1.719099,0.615554,19.642706,0.918214,673,2.888672,13.448
673,3,1.342349,0.736338,19.614200,0.917488,674,2.875000,13.472
674,3,1.296709,0.575043,19.247916,0.917343,675,2.857544,49.974
675,2,1.293478,0.542637,19.457367,0.916729,676,2.904236,13.323
676,1,1.808999,0.594568,19.263699,0.916922,677,2.933472,13.375
677,2,1.463758,0.559075,19.260149,0.916206,678,2.843872,13.951
678,2,1.527663,0.455203,19.184349,0.917303,679,2.847656,13.285
679,1,1.516275,0.444867,19.238093,0.917728,680,2.906128,50.057
680,0,1.339420,0.579058,19.364042,0.917443,681,2.875000,13.414
681,0,1.517584,0.535242,19.379349,0.917225,682,2.890564,14.197
682,3,1.798122,0.477982,19.409044,0.917457,683,2.919800,13.396
683,2,1.649842,0.573722,19.445422,0.917388,684,2.878784,13.481
684,2,1.833742,0.683012,19.420082,0.916290,685,2.857544,50.418
685,2,1.505774,0.598746,19.279704,0.916528,686,2.906128,13.554
686,0,1.431654,0.727825,19.029031,0.916007,687,2.876892,13.951
687,0,1.462023,0.480547,19.150723,0.917077,688,2.876892,13.497
688,2,1.655213,0.533831,19.108984,0.917072,689,2.933472,13.433
689,1,1.738618,0.612134,18.981556,0.916760,690,2.919800,13.441
690,1,1.935678,0.549027,19.175136,0.917446,691,2.890564,14.153
691,0,1.631669,0.657040,19.236325,0.917188,692,2.890564,13.618
692,1,1.463476,0.576643,19.145967,0.917480,693,2.904236,13.384
693,1,1.414482,0.671796,19.287881,0.916295,694,2.863220,46.041
694,0,1.541273,0.583938,19.308285,0.917061,695,2.878784,13.637
695,0,1.609415,0.638447,19.378911,0.917211,696,2.875000,13.432
696,1,1.633324,0.568094,19.516217,0.917700,697,2.906128,13.389
697,3,1.194519,0.541596,19.520131,0.917013,698,2.890564,13.785
698,1,1.628654,0.662432,19.965978,0.917091,699,2.847656,50.063
699,3,1.771773,0.586059,19.985960,0.917058,700,2.841980,14.392
700,2,1.439381,0.506698,20.031296,0.916603,701,2.904236,13.658
701,3,1.118219,0.636488,19.825513,0.917158,702,2.919800,13.935
702,1,1.122972,0.648761,20.029869,0.916267,703,2.826416,13.846
703,2,1.476640,0.572293,19.990344,0.917099,704,2.890564,42.579
704,0,1.291365,0.652632,20.010593,0.917034,705,2.873108,13.678
705,3,1.158991,0.679466,19.947244,0.916802,706,2.847656,13.721
706,2,1.603864,0.559565,20.166120,0.916664,707,2.847656,13.649
707,2,1.476509,0.646469,20.019335,0.916242,708,2.919800,13.727
708,1,1.224470,0.690715,20.251349,0.917256,709,2.904236,46.192
709,3,1.632488,0.467473,20.108925,0.918232,710,2.919800,13.632
710,3,1.555841,0.506961,20.203532,0.917213,711,2.892456,13.592
711,3,1.451036,0.620057,20.332547,0.917115,712,2.900452,14.032
712,3,1.332587,0.524129,20.358567,0.916511,713,2.890564,13.948
713,2,1.596782,0.537634,20.475928,0.917275,714,2.919800,13.707
714,3,1.428152,0.553345,20.285111,0.917275,715,2.902344,13.576
715,1,1.767755,0.525746,20.062993,0.916499,716,2.871216,13.635
716,2,1.652713,0.655054,20.176917,0.917121,717,2.906128,13.589
717,0,1.118937,0.515228,20.316892,0.917038,718,2.863220,50.024
718,0,1.430542,0.656696,20.459685,0.916992,719,2.888672,13.394
719,3,1.402152,0.617525,20.471671,0.917332,720,2.863220,13.419
720,0,1.430230,0.657422,20.342103,0.917622,721,2.947144,13.369
721,1,1.453227,0.454751,20.680626,0.916905,722,2.859436,13.599
722,3,1.318393,0.590727,20.546767,0.916947,723,2.919800,41.884
723,1,1.033061,0.531449,20.246109,0.916753,724,2.876892,13.295
724,1,1.473046,0.650724,20.434331,0.917655,725,2.906128,16.080
725,2,1.534580,0.592780,20.159560,0.916262,726,2.861328,13.563
726,3,1.477959,0.499651,20.048930,0.916507,727,2.890564,13.482
727,3,1.453699,0.670389,20.031936,0.916560,728,2.919800,45.985
728,3,1.570746,0.594165,20.139065,0.917245,729,2.890564,13.910
729,1,1.669419,0.557296,20.150395,0.917326,730,2.906128,13.714
730,1,1.198469,0.575142,20.115878,0.917670,731,2.888672,13.346
731,2,1.380774,0.576796,20.036866,0.917141,732,2.888672,13.398
732,1,1.348408,0.550891,20.137597,0.916807,733,2.843872,50.910
733,1,1.470835,0.494790,20.166441,0.917718,734,2.917908,13.471
734,1,1.743868,0.712955,19.936912,0.917215,735,2.919800,13.399
735,1,1.514132,0.544876,19.584778,0.917579,736,2.812744,13.371
736,2,1.495166,0.504967,19.431485,0.916667,737,2.890564,49.973
737,2,1.707618,0.452319,19.554809,0.916940,738,2.900452,14.008
738,1,1.445027,0.637344,19.561909,0.917499,739,2.875000,13.316
739,3,1.417878,0.673622,19.845785,0.916877,740,2.861328,13.336
740,0,1.452793,0.534404,19.842308,0.917503,741,2.933472,13.332
741,1,1.177592,0.577086,19.988634,0.916657,742,2.904236,49.967
742,2,1.325574,0.610636,19.900975,0.917250,743,2.906128,13.431
743,3,1.744141,0.551539,19.777059,0.917587,744,2.919800,13.385
744,0,1.271692,0.607059,19.599509,0.915899,745,2.873108,13.318
745,0,1.472876,0.627231,19.342069,0.917393,746,2.904236,13.403
746,1,1.279611,0.662634,19.199774,0.917457,747,2.826416,42.067
747,0,1.707743,0.596875,19.339003,0.917687,748,2.871216,13.455
748,3,1.599458,0.546263,19.390866,0.917099,749,2.894348,13.362
749,1,1.565702,0.545226,19.441395,0.917626,750,2.878784,13.371
750,3,1.065307,0.598853,19.341481,0.917193,751,2.875000,14.046
751,2,1.640615,0.487029,19.299494,0.917369,752,2.904236,47.100
752,3,1.012410,0.597188,19.485529,0.917167,753,2.875000,13.852
753,1,1.817339,0.575119,19.464277,0.916891,754,2.962708,13.683
754,0,1.475073,0.566196,19.553229,0.917501,755,2.861328,13.620
755,1,1.786319,0.692343,19.611449,0.917382,756,2.890564,13.612
756,3,1.739339,0.593707,19.825147,0.916952,757,2.878784,46.133
757,0,1.608486,0.606937,19.953821,0.916971,758,2.919800,13.651
758,3,1.245058,0.594698,20.130038,0.915695,759,2.919800,13.713
759,3,1.850214,0.534264,20.015275,0.915983,760,2.919800,13.593
760,3,1.509829,0.631964,19.766291,0.917138,761,2.843872,13.605
761,1,0.871018,0.472766,19.801675,0.917382,762,2.892456,46.306
762,3,1.573975,0.656142,19.741190,0.916854,763,2.904236,14.096
763,2,1.856461,0.601007,19.850053,0.916641,764,2.890564,13.632
764,2,1.612077,0.669041,19.724222,0.917001,765,2.878784,13.582
765,2,1.640650,0.509452,20.028121,0.916696,766,2.878784,50.146
766,1,1.359242,0.577231,20.032886,0.916403,767,2.906128,13.591
767,3,1.575546,0.553218,20.531849,0.917063,768,2.890564,13.590
768,1,1.481465,0.718935,20.671169,0.915667,769,2.906128,13.331
769,3,1.619552,0.592995,20.528689,0.917441,770,2.904236,13.283
770,2,1.769963,0.609056,20.371774,0.916672,771,2.919800,45.895
771,1,1.615848,0.541547,20.133282,0.917649,772,2.875000,13.387
772,3,1.431055,0.523957,19.967905,0.916792,773,2.888672,13.682
773,1,1.024815,0.637634,19.763249,0.917287,774,2.876892,13.363
774,1,1.707174,0.547133,19.814890,0.916474,775,2.904236,13.422
775,2,1.697762,0.487193,19.874172,0.917169,776,2.906128,50.034
776,1,1.234988,0.476139,19.988994,0.917554,777,2.843872,13.383
777,0,1.429583,0.484635,20.034875,0.917437,778,2.890564,13.476
778,2,1.504781,0.682229,20.269469,0.917575,779,2.916016,13.448
779,1,1.591500,0.484821,20.184382,0.916887,780,2.890564,13.967
780,2,1.701168,0.622104,20.058965,0.917176,781,2.904236,46.082
781,0,1.913767,0.539700,20.002910,0.917095,782,2.919800,13.481
782,2,1.420037,0.565742,19.798470,0.917253,783,2.812744,13.674
783,3,1.695662,0.610601,19.828605,0.917760,784,2.919800,13.899
784,1,1.360179,0.400396,19.888298,0.917640,785,2.949036,50.385
785,0,1.820294,0.591526,19.823718,0.916973,786,2.876892,13.528
786,3,1.094184,0.526412,19.697195,0.917412,787,2.812744,13.333
787,2,1.651221,0.551941,19.672821,0.918048,788,2.947144,13.428
788,0,1.683753,0.575672,19.522926,0.917042,789,2.859436,13.918
789,2,1.392544,0.545768,19.481511,0.916840,790,2.919800,50.026
790,1,1.743572,0.654161,19.346008,0.917087,791,2.906128,13.276
791,0,1.409977,0.581938,19.417546,0.915648,792,2.906128,13.460
792,1,1.426135,0.622408,19.545558,0.916706,793,2.843872,13.492
793,0,1.406116,0.652268,19.571905,0.916628,794,2.890564,13.558
794,3,1.112737,0.642383,19.720946,0.917520,795,2.890564,50.034
795,2,1.618274,0.517415,19.622921,0.917683,796,2.863220,13.471
796,1,1.813241,0.601607,19.466386,0.916121,797,2.826416,13.333
797,3,1.301716,0.504391,19.226508,0.917784,798,2.892456,13.369
798,0,1.855613,0.558360,19.382676,0.917706,799,2.875000,50.079
799,2,1.505986,0.585895,19.115752,0.917315,800,2.933472,13.374
800,2,1.519011,0.413111,19.215624,0.916566,801,2.919800,13.436
801,2,1.086743,0.608889,19.374960,0.916400,802,2.919800,13.981
802,1,1.171082,0.625516,19.607547,0.918117,803,2.888672,13.613
803,0,1.604636,0.512911,19.340654,0.916592,804,2.875000,46.318
804,1,1.338251,0.568245,19.450180,0.917539,805,2.863220,13.643
805,0,1.692404,0.602952,19.422513,0.917476,806,2.919800,13.664
806,3,1.555839,0.678935,19.369859,0.916699,807,2.857544,13.708
807,2,1.531543,0.533104,19.406768,0.916821,808,2.875000,13.758
808,3,1.646833,0.680875,19.449080,0.916870,809,2.904236,46.160
809,2,1.727083,0.525813,19.515450,0.916939,810,2.892456,13.869
810,3,1.640974,0.642129,19.483956,0.917806,811,2.875000,14.296
811,3,1.369046,0.591052,19.355881,0.916700,812,2.906128,14.109
812,1,1.652399,0.574897,19.635365,0.917083,813,2.919800,14.575
813,3,1.627333,0.516158,19.654773,0.917144,814,2.785400,46.975
814,3,1.584514,0.448787,19.786565,0.916898,815,2.892456,13.639
815,0,1.660393,0.612482,19.969151,0.918031,816,2.935364,13.582
816,2,1.501251,0.626886,20.018942,0.917072,817,2.904236,13.627
817,0,1.521857,0.553886,19.887472,0.917318,818,2.873108,13.771
818,2,1.576774,0.490901,19.985711,0.916548,819,2.933472,13.766
819,2,1.695637,0.581073,20.096391,0.917273,820,2.921692,13.348
820,3,1.345821,0.657838,20.167025,0.916555,821,2.876892,13.345
821,3,1.661099,0.658330,20.318087,0.917182,822,2.917908,13.387
822,3,1.321896,0.535618,20.360585,0.917345,823,2.863220,46.013
823,1,1.707840,0.555589,20.271945,0.916805,824,2.859436,13.411
824,0,1.326002,0.653398,20.162226,0.916196,825,2.890564,13.460
825,3,1.450084,0.736607,20.118356,0.917254,826,2.919800,13.433
826,0,1.418977,0.512526,19.962676,0.917366,827,2.908020,13.384
827,2,1.366040,0.612947,19.915484,0.917735,828,2.857544,46.090
828,3,1.784297,0.694352,19.970689,0.915861,829,2.904236,13.568
829,0,1.498388,0.650303,20.006646,0.916194,830,2.906128,13.434
830,0,1.582061,0.483941,19.956627,0.918007,831,2.947144,13.471
831,1,1.681569,0.473263,19.936359,0.916820,832,2.828308,13.436
832,0,1.652519,0.543562,19.905808,0.917170,833,2.890564,50.801
833,3,1.466101,0.646333,19.855273,0.916396,834,2.931580,13.748
834,3,1.406459,0.535264,19.724931,0.916484,835,2.904236,13.753
835,2,1.615099,0.623637,20.051403,0.916889,836,2.888672,13.447
836,2,1.961173,0.567607,20.034126,0.917810,837,2.904236,13.420
837,3,1.804048,0.582945,19.939656,0.916851,838,2.935364,49.888
838,0,1.335893,0.548238,19.845803,0.917348,839,2.799072,13.358
839,1,1.527127,0.592272,19.729359,0.916371,840,2.947144,13.255
840,2,1.518771,0.539179,19.708271,0.917332,841,2.921692,13.389
841,0,1.442428,0.403525,19.686463,0.917662,842,2.890564,50.033
842,3,1.260246,0.622948,19.747546,0.917018,843,2.875000,13.871
843,1,1.568290,0.543011,19.787733,0.918109,844,2.878784,13.666
844,1,1.683834,0.452428,19.492104,0.917559,845,2.828308,13.437
845,2,1.830336,0.494019,19.679311,0.916960,846,2.904236,13.450
846,2,1.470932,0.551007,19.666186,0.917022,847,2.906128,46.243
847,0,1.512379,0.631021,19.409518,0.916328,848,2.892456,13.397
848,1,1.533755,0.452302,19.602267,0.916582,849,2.843872,13.414
849,0,1.628217,0.407842,19.567201,0.917428,850,2.894348,13.308
850,0,1.692756,0.518623,19.369427,0.916599,851,2.933472,13.407
851,1,1.365530,0.522360,19.504443,0.917537,852,2.931580,49.936
852,1,1.972229,0.559779,19.479082,0.917270,853,2.857544,13.332
853,2,1.354529,0.599392,19.248305,0.917119,854,2.919800,13.940
854,3,1.314476,0.527942,19.490999,0.916595,855,2.906128,13.729
855,1,1.655450,0.570738,19.436752,0.916772,856,2.890564,13.667
856,1,1.387434,0.639575,19.411487,0.917271,857,2.812744,46.334
857,1,1.657254,0.507077,19.639464,0.916720,858,2.904236,13.794
858,1,1.339037,0.612543,19.603933,0.916891,859,2.906128,13.625
859,1,1.665826,0.603107,19.848026,0.916800,860,2.919800,13.674
860,2,1.378397,0.698586,19.843765,0.917126,861,2.814636,13.723
861,2,1.495254,0.598286,19.973985,0.917393,862,2.906128,13.734
862,1,1.475514,0.619376,20.021921,0.916658,863,2.878784,13.642
863,3,1.629404,0.483688,20.075917,0.917071,864,2.904236,14.147
864,1,1.413744,0.614099,19.664096,0.917299,865,2.875000,13.837
865,2,1.661636,0.725760,19.828551,0.917642,866,2.876892,50.264
866,0,1.574967,0.631946,19.841857,0.917586,867,2.878784,13.836
867,1,1.622616,0.548264,19.881124,0.917944,868,2.904236,13.751
868,0,1.322088,0.611882,19.907700,0.917461,869,2.900452,13.570
869,2,1.576065,0.576926,19.868457,0.917889,870,2.904236,13.725
870,1,1.352430,0.545446,19.957214,0.917012,871,2.919800,52.153
871,3,1.368821,0.387919,19.804901,0.917035,872,2.906128,13.900
872,0,1.548242,0.583889,19.886632,0.916888,873,2.841980,13.720
873,2,1.455374,0.634184,20.040197,0.917054,874,2.947144,13.812
874,0,1.497641,0.619791,19.927556,0.917243,875,2.826416,46.003
875,0,1.676554,0.606036,19.860878,0.917224,876,2.906128,13.521
876,3,1.436444,0.524349,19.941082,0.917455,877,2.906128,13.394
877,3,1.591291,0.589024,19.692433,0.917411,878,2.888672,13.456
878,0,1.690694,0.543644,19.713750,0.917341,879,2.904236,13.403
879,3,1.605169,0.612983,19.877231,0.917023,880,2.890564,13.374
880,2,1.208977,0.569621,19.857312,0.917474,881,2.933472,13.503
881,3,1.508108,0.545573,19.833979,0.917047,882,2.878784,13.925
882,3,1.511910,0.519464,20.004697,0.916887,883,2.828308,13.333
883,3,1.711634,0.624644,20.126884,0.915841,884,2.861328,13.652
884,2,1.341682,0.569983,19.999137,0.917295,885,2.890564,50.039
885,2,1.954522,0.463558,20.129207,0.916246,886,2.904236,13.425
886,0,1.705032,0.610714,20.066765,0.916175,887,2.888672,13.421
887,0,1.616920,0.628493,20.021649,0.917714,888,2.843872,13.333
888,0,1.581921,0.619478,20.249665,0.917038,889,2.906128,13.467
889,2,1.022361,0.554009,20.157641,0.917922,890,2.890564,46.072
890,2,1.210346,0.638329,20.150454,0.916955,891,2.904236,13.464
891,2,1.084888,0.595068,19.789547,0.917677,892,2.919800,13.629
892,2,1.380575,0.561467,19.944085,0.915911,893,2.902344,13.335
893,3,1.441538,0.636174,19.941121,0.917430,894,2.921692,13.484
894,2,1.863576,0.581814,19.872265,0.916616,895,2.890564,46.104
895,3,1.403991,0.602015,19.831036,0.917426,896,2.892456,13.708
896,0,1.363433,0.588492,20.215481,0.917200,897,2.892456,13.505
897,1,1.351135,0.523504,19.915060,0.917319,898,2.919800,13.859
898,1,1.603764,0.665588,19.579830,0.916239,899,2.863220,13.526
899,2,1.385149,0.650609,19.594763,0.915983,900,2.917908,46.034
900,0,1.731537,0.616700,19.504917,0.917103,901,2.917908,15.977
901,3,1.732132,0.669867,19.533001,0.917131,902,2.847656,13.461
902,1,1.491015,0.656761,19.305719,0.917833,903,2.919800,13.622
903,1,1.526219,0.553187,19.431567,0.917474,904,2.904236,14.206
904,1,1.766524,0.464952,19.452339,0.917512,905,2.902344,13.859
905,2,1.935696,0.595424,19.308829,0.917802,906,2.904236,13.611
906,3,1.563149,0.597432,19.214632,0.917369,907,2.890564,13.593
907,3,1.184457,0.523518,19.188457,0.918277,908,2.876892,13.605
908,0,1.100247,0.600010,19.364148,0.916707,909,2.876892,46.192
909,2,1.476327,0.566163,19.372824,0.917328,910,2.812744,13.626
910,3,1.446439,0.521697,19.206982,0.916172,911,2.890564,13.616
911,3,1.640733,0.545839,19.188256,0.917599,912,2.904236,13.547
912,2,1.851809,0.583200,19.024050,0.918063,913,2.902344,13.629
913,2,1.608505,0.553152,18.894175,0.918229,914,2.876892,50.167
914,3,1.880980,0.604931,18.679594,0.916731,915,2.853760,13.721
915,3,1.387576,0.563087,18.549006,0.916861,916,2.933472,15.897
916,0,1.420167,0.627725,18.751474,0.917220,917,2.919800,13.679
917,3,1.535210,0.634098,18.831052,0.916594,918,2.919800,50.429
918,2,1.664329,0.665294,18.748465,0.916647,919,2.919800,13.616
919,0,1.601763,0.613293,18.870687,0.917219,920,2.859436,13.712
920,1,1.032900,0.459369,18.896843,0.917029,921,2.908020,13.679
921,2,1.799583,0.534279,18.764287,0.917667,922,2.863220,13.471
922,1,1.317625,0.537224,18.764519,0.916915,923,2.906128,13.364
923,3,1.530494,0.586912,18.782266,0.918029,924,2.876892,13.560
924,1,1.271414,0.470453,18.618937,0.917498,925,2.919800,13.319
925,2,1.467040,0.550630,18.601659,0.917335,926,2.904236,13.394
926,2,1.509239,0.645247,18.356958,0.918166,927,2.906128,13.457
927,0,1.804011,0.682796,18.269264,0.916656,928,2.888672,50.064
928,0,1.366437,0.584033,18.101967,0.916922,929,2.906128,13.334
929,2,1.355439,0.644361,18.053952,0.917123,930,2.919800,13.890
930,3,1.536662,0.547865,18.161528,0.916497,931,2.890564,15.524
931,1,1.695098,0.665927,18.041888,0.917654,932,2.919800,13.442
932,1,1.508278,0.587648,18.224363,0.916403,933,2.816528,49.844
933,0,1.429040,0.499836,18.399955,0.916880,934,2.847656,13.487
934,3,1.559732,0.497418,18.379579,0.917264,935,2.875000,13.434
935,0,1.258967,0.712796,18.391599,0.918402,936,2.888672,13.364
936,1,1.618093,0.554573,18.365823,0.916526,937,2.904236,50.060
937,3,1.781285,0.508675,18.241781,0.917133,938,2.875000,13.475
938,3,1.711644,0.530498,18.321710,0.916530,939,2.826416,13.410
939,1,1.628308,0.665619,18.350179,0.917563,940,2.919800,13.340
940,0,1.244581,0.570951,18.280831,0.915864,941,2.917908,13.414
941,2,1.697884,0.634155,18.329433,0.916878,942,2.890564,50.636
942,1,1.451702,0.714512,18.353635,0.917764,943,2.890564,13.361
943,0,1.877572,0.538434,18.352067,0.917081,944,2.861328,13.391
944,0,1.492725,0.449594,18.534247,0.917147,945,2.906128,15.360
945,1,1.509984,0.524750,18.625685,0.916851,946,2.919800,50.493
946,0,1.462474,0.648164,18.824613,0.917235,947,2.785400,13.749
947,1,1.328494,0.583991,18.704928,0.917346,948,2.904236,14.046
948,2,1.408418,0.581119,18.729597,0.917945,949,2.933472,13.783
949,3,1.400126,0.626050,18.926689,0.917155,950,2.863220,14.377
950,3,1.666138,0.499167,18.938962,0.917181,951,2.919800,50.139
951,0,1.545991,0.541349,18.879817,0.916963,952,2.884888,13.389
952,1,1.779155,0.581996,18.978041,0.916673,953,2.906128,13.372
953,0,1.677329,0.579853,19.005996,0.917962,954,2.888672,13.394
954,2,1.416902,0.635977,19.201354,0.917677,955,2.890564,14.022
955,0,1.572798,0.517847,19.317640,0.916499,956,2.904236,41.997
956,0,1.635551,0.587288,19.223046,0.916477,957,2.847656,13.615
957,2,1.663713,0.542947,19.118139,0.917631,958,2.878784,13.598
958,3,1.191259,0.573834,19.316090,0.916747,959,2.843872,13.546
959,0,1.494194,0.539595,19.234606,0.916232,960,2.906128,15.895
960,1,1.192154,0.604829,19.454369,0.917359,961,2.917908,50.125
961,2,1.658130,0.713218,19.393975,0.917803,962,2.892456,13.645
962,3,1.345776,0.699317,19.290080,0.917363,963,2.875000,13.599
963,1,1.340606,0.532662,19.303739,0.917406,964,2.853760,13.552
964,1,1.418252,0.604991,18.989914,0.916710,965,2.906128,13.742
965,0,1.267783,0.499920,18.772634,0.917576,966,2.878784,13.801
966,2,1.620859,0.569166,18.887385,0.916795,967,2.906128,13.600
967,1,1.352331,0.480748,19.107961,0.917748,968,2.947144,13.625
968,3,1.744019,0.548983,19.014889,0.916188,969,2.859436,13.615
969,0,1.491213,0.538135,18.988321,0.916915,970,2.935364,50.262
970,0,1.206695,0.551390,19.069083,0.917584,971,2.890564,13.726
971,2,1.521466,0.703035,19.150335,0.917213,972,2.919800,13.843
972,0,1.459072,0.535041,19.182214,0.916759,973,2.890564,13.314
973,3,1.378085,0.581487,19.052314,0.916800,974,2.906128,14.408
974,3,1.583248,0.481574,18.820669,0.917259,975,2.904236,50.643
975,2,1.665142,0.558007,18.821888,0.917157,976,2.919800,13.266
976,2,1.378659,0.663111,18.637684,0.916577,977,2.875000,13.338
977,3,1.140941,0.522043,18.605477,0.916915,978,2.878784,13.338
978,1,1.313548,0.555901,18.324413,0.916693,979,2.919800,13.476
979,3,1.619510,0.546601,18.479133,0.916377,980,2.890564,13.522
980,0,1.294131,0.601111,18.434088,0.917285,981,2.906128,13.387
981,2,1.841988,0.567712,18.311439,0.917439,982,2.876892,13.409
982,2,1.660865,0.554900,18.320368,0.916736,983,2.904236,13.262
983,1,1.295881,0.477095,18.239118,0.917786,984,2.890564,50.799
984,3,1.391397,0.501243,18.208156,0.917535,985,2.947144,13.374
985,1,1.525385,0.585310,18.361420,0.916572,986,2.919800,13.513
986,2,0.835271,0.563594,18.316744,0.916799,987,2.933472,13.330
987,2,1.702491,0.596713,18.412791,0.916823,988,2.826416,13.491
988,3,1.142397,0.677040,18.510298,0.917212,989,2.890564,49.866
989,2,1.276859,0.586136,18.618368,0.916426,990,2.904236,13.514
990,1,1.258738,0.586274,18.668960,0.917091,991,2.859436,13.406
991,3,1.546666,0.503667,18.817462,0.917007,992,2.875000,13.736
992,1,1.461704,0.666093,18.829013,0.916376,993,2.853760,50.477
993,0,1.715110,0.585577,18.785697,0.916920,994,2.812744,13.442
994,2,1.503579,0.781675,18.929182,0.915344,995,2.875000,13.478
995,2,1.276258,0.693494,19.099814,0.916088,996,2.904236,13.339
996,1,1.663139,0.647739,19.420350,0.916889,997,2.904236,13.528
997,3,1.594064,0.501198,19.398799,0.916043,998,2.863220,46.020
998,3,1.451373,0.651173,19.253602,0.917864,999,2.840088,13.381
999,0,1.599546,0.556538,19.304294,0.916848,1000,2.933472,13.410
1000,3,1.621788,0.590933,19.324123,0.916526,1001,2.888672,13.318
1001,3,1.595651,0.430082,19.396846,0.917385,1002,2.884888,13.414
1002,3,1.526889,0.634479,19.377386,0.916424,1003,2.875000,50.039
1003,3,1.032335,0.578076,19.408869,0.916456,1004,2.906128,13.354
1004,0,1.574797,0.626326,19.377614,0.916776,1005,2.919800,13.405
1005,2,1.557222,0.714166,19.452909,0.916303,1006,2.919800,13.296
1006,1,1.639579,0.556619,19.593247,0.916781,1007,2.847656,13.502
1007,2,1.760879,0.643743,19.384562,0.917971,1008,2.890564,50.137
1008,0,1.453005,0.577564,19.360884,0.916829,1009,2.863220,13.621
1009,0,1.525183,0.541561,19.385037,0.917188,1010,2.878784,13.625
1010,3,1.582347,0.637399,19.421267,0.916928,1011,2.890564,13.620
1011,3,1.222571,0.425668,19.431783,0.917251,1012,2.904236,13.611
1012,2,1.319201,0.565204,19.422916,0.917312,1013,2.919800,13.806
1013,0,1.160875,0.608075,19.409850,0.916112,1014,2.962708,13.683
1014,2,1.532941,0.603661,19.486929,0.916469,1015,2.919800,13.593
1015,1,1.547645,0.612763,19.751568,0.916410,1016,2.861328,13.527
1016,1,1.529638,0.566348,19.621296,0.916477,1017,2.890564,50.365
1017,3,1.278574,0.568881,19.643948,0.917618,1018,2.919800,13.955
1018,3,1.409949,0.556965,19.580347,0.917706,1019,2.931580,19.939
1019,3,1.616766,0.548509,19.438064,0.917261,1020,2.919800,56.138
1020,1,1.255763,0.660157,19.566091,0.916489,1021,2.886780,13.761
1021,1,1.774829,0.502778,19.580641,0.917934,1022,2.904236,21.195
1022,1,1.362118,0.434343,19.817473,0.916991,1023,2.861328,24.750
1023,1,1.594343,0.673667,19.917372,0.916021,1024,2.812744,13.857
1024,0,1.752058,0.560491,19.828502,0.917302,1025,2.863220,13.513
1025,1,1.375929,0.510667,19.855360,0.917436,1026,2.919800,13.432
1026,1,1.300509,0.556961,19.742606,0.915996,1027,2.859436,13.355
1027,3,1.422297,0.575523,19.792314,0.917390,1028,2.799072,50.136
1028,2,1.915398,0.578417,19.935024,0.914940,1029,2.861328,13.437
1029,1,1.586518,0.660730,20.132503,0.916547,1030,2.890564,13.476
1030,1,1.422323,0.580641,20.288322,0.916681,1031,2.904236,13.543
1031,3,1.386177,0.435694,20.316864,0.916947,1032,2.875000,13.473
1032,2,1.467656,0.599503,20.507193,0.916695,1033,2.919800,46.026
1033,0,1.657293,0.511721,20.529206,0.916845,1034,2.921692,13.436
1034,1,1.474953,0.574368,20.603378,0.916400,1035,2.876892,13.437
1035,1,1.401571,0.600504,20.707955,0.917190,1036,2.904236,13.345
1036,0,1.314669,0.598316,20.645601,0.917605,1037,2.906128,14.030
1037,2,1.451796,0.495334,20.634700,0.916970,1038,2.861328,46.048
1038,2,1.560336,0.643352,20.684641,0.916126,1039,2.799072,13.464
1039,0,1.310752,0.585374,20.842595,0.917996,1040,2.845764,13.395
1040,0,1.466860,0.603354,20.761745,0.916761,1041,2.900452,13.419
1041,0,1.505815,0.574228,20.633242,0.917461,1042,2.919800,13.552
1042,1,1.437790,0.560171,20.698686,0.917673,1043,2.933472,50.044
1043,0,1.733548,0.585212,20.913604,0.916000,1044,2.904236,13.418
1044,1,1.539875,0.549911,21.183318,0.917242,1045,2.878784,13.314
1045,0,1.319854,0.616161,21.285746,0.916704,1046,2.919800,13.462
1046,3,1.452540,0.462966,21.295300,0.917071,1047,2.875000,49.845
1047,2,1.481602,0.710356,21.254721,0.916282,1048,2.876892,13.557
1048,2,1.873736,0.573485,21.397706,0.916968,1049,2.931580,13.388
1049,2,1.533506,0.680597,21.431647,0.916344,1050,2.890564,13.342
1050,3,1.776647,0.507377,21.354155,0.917562,1051,2.812744,13.492
1051,3,1.675589,0.616943,21.152127,0.915902,1052,2.888672,45.858
1052,3,1.297775,0.628332,20.910398,0.916396,1053,2.904236,13.759
1053,1,1.304648,0.586880,20.704016,0.915616,1054,2.931580,13.418
1054,3,1.707180,0.628329,20.637663,0.916548,1055,2.906128,13.448
1055,3,1.307269,0.650436,20.703451,0.916156,1056,2.875000,13.479
1056,3,1.578216,0.640652,20.813664,0.915758,1057,2.904236,46.077
1057,3,1.731823,0.592747,21.052300,0.917044,1058,2.863220,13.415
1058,3,1.452307,0.625835,21.190361,0.916703,1059,2.888672,13.436
1059,2,1.452829,0.478980,21.130917,0.917303,1060,2.892456,13.425
1060,3,1.738137,0.636777,21.045075,0.917211,1061,2.863220,13.416
1061,3,1.536697,0.548000,21.102141,0.917629,1062,2.935364,49.912
1062,3,1.700838,0.600502,20.980562,0.915968,1063,2.904236,13.529
1063,3,1.401709,0.612088,20.842943,0.915842,1064,2.876892,13.336
1064,3,1.645413,0.585252,20.518611,0.916480,1065,2.931580,13.707
1065,1,1.298904,0.600512,20.472033,0.917036,1066,2.843872,13.774
1066,1,1.455277,0.570776,20.342815,0.916677,1067,2.906128,13.696
1067,1,1.633471,0.482735,20.145050,0.916760,1068,2.904236,13.692
1068,0,1.687135,0.581957,20.291563,0.916484,1069,2.861328,13.643
1069,3,1.239632,0.608519,20.171616,0.917744,1070,2.933472,13.642
1070,1,1.699184,0.577669,20.324171,0.916661,1071,2.904236,46.258
1071,1,1.061677,0.533120,19.984896,0.916472,1072,2.906128,13.636
1072,2,1.407818,0.566288,20.273045,0.917084,1073,2.904236,13.734
1073,0,1.497168,0.499654,20.342581,0.916928,1074,2.894348,13.637
1074,2,1.570090,0.515943,20.251075,0.917270,1075,2.875000,14.000
1075,0,1.759569,0.517997,20.160547,0.917496,1076,2.876892,46.183
1076,1,1.379565,0.541559,20.047660,0.917075,1077,2.875000,13.757
1077,0,1.418577,0.518178,19.964194,0.917115,1078,2.853760,13.624
1078,2,1.801033,0.521854,19.809955,0.916788,1079,2.904236,13.661
1079,1,1.738313,0.522041,19.643516,0.916869,1080,2.890564,13.660
1080,0,1.437557,0.653804,19.461856,0.916638,1081,2.888672,45.978
1081,0,1.619760,0.525944,19.393387,0.916633,1082,2.904236,13.840
1082,3,1.627403,0.579955,19.244195,0.916343,1083,2.902344,13.463
1083,0,1.528930,0.579016,19.352626,0.917018,1084,2.840088,13.358
1084,1,1.536325,0.629185,19.547979,0.917635,1085,2.904236,13.763
1085,2,1.327619,0.584564,19.586315,0.916865,1086,2.919800,46.247
1086,3,1.588501,0.533751,19.458452,0.916762,1087,2.890564,13.544
1087,0,1.454446,0.602444,19.236959,0.916565,1088,2.812744,13.486
1088,2,1.876380,0.658537,19.341542,0.917387,1089,2.878784,13.434
1089,1,1.442462,0.519187,19.049845,0.917764,1090,2.832092,13.522
1090,0,1.846374,0.553468,19.071611,0.917713,1091,2.904236,45.842
1091,1,1.068921,0.562530,18.973146,0.917364,1092,2.876892,13.629
1092,3,1.881421,0.726785,18.792972,0.916989,1093,2.888672,13.374
1093,3,1.274415,0.517630,18.577231,0.917495,1094,2.962708,13.367
1094,2,1.591020,0.606268,18.756482,0.917013,1095,2.812744,13.452
1095,1,1.570348,0.661717,18.695809,0.916940,1096,2.904236,45.969
1096,3,1.441298,0.566930,18.954164,0.916551,1097,2.919800,13.453
1097,3,1.845203,0.553186,18.980849,0.916314,1098,2.906128,13.408
1098,2,1.464780,0.526390,18.754448,0.917733,1099,2.826416,13.456
1099,1,1.536602,0.467676,18.699437,0.917305,1100,2.886780,13.473
1100,1,1.259204,0.521438,18.522940,0.916757,1101,2.859436,42.276
1101,2,1.406954,0.568586,18.657798,0.917321,1102,2.904236,14.409
1102,2,1.352606,0.543413,18.468686,0.916382,1103,2.908020,13.579
1103,3,1.671282,0.566980,18.861727,0.916674,1104,2.890564,13.347
1104,3,1.330871,0.552358,18.646904,0.918184,1105,2.878784,13.498
1105,2,1.307675,0.515360,18.710546,0.916919,1106,2.904236,46.095
1106,1,1.487904,0.598371,18.789470,0.917119,1107,2.875000,13.371
1107,2,1.695642,0.664828,18.735474,0.917227,1108,2.876892,13.401
1108,3,1.420583,0.509447,18.802710,0.917095,1109,2.890564,13.392
1109,2,1.541715,0.660919,18.912573,0.915972,1110,2.906128,13.602
1110,3,1.662473,0.543368,18.902242,0.917806,1111,2.812744,49.865
1111,1,1.309914,0.556417,18.974758,0.918463,1112,2.904236,13.374
1112,3,1.465109,0.549263,19.005669,0.916098,1113,2.890564,13.336
1113,1,1.846568,0.435686,18.919391,0.917895,1114,2.904236,13.346
1114,2,1.125551,0.716185,19.028451,0.917536,1115,2.906128,13.501
1115,0,1.377060,0.649790,19.176463,0.917716,1116,2.906128,14.538
1116,2,1.436721,0.610282,19.218569,0.917207,1117,2.890564,14.742
1117,0,1.583501,0.522498,19.160081,0.917132,1118,2.861328,14.166
1118,3,1.551445,0.573414,19.083829,0.916906,1119,2.876892,14.168
1119,0,1.409098,0.578108,19.038013,0.917878,1120,2.832092,48.124
1120,0,1.877388,0.505961,18.887638,0.917770,1121,2.863220,13.554
1121,1,1.685340,0.545391,19.164212,0.916936,1122,2.890564,13.793
1122,1,1.328315,0.530400,19.085962,0.916964,1123,2.841980,13.698
1123,1,1.495442,0.837271,19.221718,0.915303,1124,2.876892,13.683
1124,0,1.584259,0.653183,19.532694,0.916189,1125,2.906128,42.321
1125,0,1.423676,0.572223,19.657055,0.916401,1126,2.904236,13.794
1126,1,1.532764,0.527946,19.549504,0.917468,1127,2.904236,13.835
1127,2,1.596816,0.369896,19.520239,0.917759,1128,2.890564,13.634
1128,0,1.778182,0.772680,19.320520,0.917345,1129,2.876892,13.745
1129,2,1.513377,0.649065,19.170540,0.916179,1130,2.859436,50.099
1130,1,1.339712,0.605846,19.382851,0.916202,1131,2.826416,14.647
1131,3,1.219062,0.533828,19.206454,0.916799,1132,2.888672,13.842
1132,1,1.725552,0.562878,19.411455,0.917876,1133,2.892456,13.886
1133,0,1.587993,0.621045,19.526823,0.916926,1134,2.863220,50.524
1134,0,1.131082,0.545243,19.446498,0.916912,1135,2.906128,13.730
1135,3,1.324882,0.549314,19.550241,0.917611,1136,2.906128,13.714
1136,0,1.646516,0.452243,19.689329,0.917671,1137,2.894348,13.720
1137,2,1.511136,0.635569,19.717173,0.917120,1138,2.863220,13.537
1138,2,1.130757,0.519276,19.471415,0.917275,1139,2.826416,41.925
1139,3,1.361116,0.478233,19.388645,0.917038,1140,2.906128,13.452
1140,3,1.483433,0.592445,19.231121,0.917258,1141,2.873108,13.477
1141,1,1.491285,0.520962,19.081689,0.915489,1142,2.919800,13.459
1142,1,1.554406,0.622644,19.095245,0.916658,1143,2.890564,13.477
1143,0,1.698428,0.765860,18.919371,0.917128,1144,2.859436,45.897
1144,3,1.194952,0.595783,18.973602,0.916599,1145,2.919800,13.567
1145,2,1.451281,0.587856,18.978547,0.916446,1146,2.812744,13.947
1146,0,1.461650,0.563896,18.976790,0.916958,1147,2.863220,14.528
1147,1,1.782782,0.498282,18.949375,0.916699,1148,2.919800,13.379
1148,3,1.462325,0.472363,18.932839,0.918261,1149,2.863220,45.966
1149,0,1.317537,0.546127,19.089542,0.917291,1150,2.863220,13.420
1150,2,1.032375,0.503379,19.004326,0.917162,1151,2.888672,13.387
1151,2,1.244130,0.594115,19.262081,0.917999,1152,2.919800,13.440
1152,1,1.454004,0.663766,19.330250,0.918756,1153,2.863220,13.442
1153,0,1.857087,0.806739,19.259389,0.915502,1154,2.906128,49.933
1154,2,1.555757,0.483453,19.204372,0.917103,1155,2.904236,13.333
1155,2,1.570625,0.502827,19.160573,0.917472,1156,2.904236,13.405
1156,0,1.315310,0.441882,19.165349,0.917493,1157,2.890564,13.407
1157,1,1.405877,0.676803,19.325144,0.916579,1158,2.919800,13.437
1158,1,1.537610,0.604133,19.466965,0.917357,1159,2.875000,45.932
1159,0,1.412874,0.442577,19.368578,0.917339,1160,2.904236,13.352
1160,3,1.268217,0.474963,19.582600,0.917321,1161,2.919800,13.816
1161,0,1.647158,0.565892,19.859232,0.916851,1162,2.906128,14.368
1162,1,1.650983,0.605873,19.791924,0.917281,1163,2.875000,13.563
1163,1,1.197211,0.545263,20.181712,0.917566,1164,2.812744,13.479
1164,3,1.608162,0.611915,20.064603,0.917058,1165,2.875000,13.537
1165,3,1.407430,0.465062,20.020318,0.917186,1166,2.917908,13.466
1166,3,1.498603,0.626451,20.330399,0.916808,1167,2.904236,13.437
1167,2,1.688923,0.518409,20.224747,0.917435,1168,2.799072,13.517
1168,2,1.850702,0.497364,20.267816,0.917343,1169,2.890564,13.430
1169,3,1.471042,0.507827,20.190552,0.917595,1170,2.890564,13.451
1170,3,1.140584,0.546051,20.330239,0.917582,1171,2.859436,13.492
1171,2,1.606427,0.538881,20.222932,0.917462,1172,2.878784,13.473
1172,2,1.430265,0.575414,20.452501,0.917711,1173,2.888672,45.997
1173,1,1.644770,0.538554,20.798467,0.917384,1174,2.919800,13.411
1174,1,1.315896,0.641085,20.705882,0.917638,1175,2.906128,13.448
1175,1,1.327665,0.581403,20.937176,0.916355,1176,2.843872,13.379
1176,3,1.920760,0.556787,20.752526,0.917938,1177,2.890564,15.043
1177,2,1.455365,0.602211,20.800668,0.917663,1178,2.890564,46.203
1178,2,1.376199,0.571144,20.908619,0.917287,1179,2.875000,13.885
1179,1,1.192106,0.519641,20.783711,0.917631,1180,2.919800,13.680
1180,1,1.800269,0.595321,20.943946,0.916886,1181,2.890564,13.745
1181,1,1.710738,0.702349,20.974908,0.916784,1182,2.878784,13.726
1182,2,1.857008,0.416822,20.954902,0.916483,1183,2.888672,46.309
1183,2,1.060910,0.631032,20.749896,0.916539,1184,2.863220,13.636
1184,3,1.630857,0.396579,20.699726,0.917023,1185,2.888672,13.696
1185,3,1.232504,0.600643,20.838059,0.917360,1186,2.904236,13.632
1186,1,1.520519,0.535816,20.959583,0.917503,1187,2.916016,13.728
1187,3,1.149866,0.645867,21.062234,0.916402,1188,2.917908,50.229
1188,1,1.472889,0.484532,21.152885,0.917328,1189,2.890564,13.710
1189,1,1.671643,0.682059,21.117379,0.918165,1190,2.890564,13.650
1190,2,1.252984,0.577958,20.801450,0.917678,1191,2.890564,14.096
1191,0,1.537491,0.521060,21.065067,0.916053,1192,2.890564,14.530
1192,0,1.543110,0.431886,21.107973,0.917899,1193,2.869324,13.706
1193,1,1.557190,0.470425,20.752166,0.918055,1194,2.904236,13.647
1194,1,1.358217,0.550221,20.603296,0.917143,1195,2.890564,13.537
1195,3,1.335689,0.628591,20.368884,0.917507,1196,2.890564,13.400
1196,3,1.582056,0.573564,20.249151,0.917456,1197,2.830200,46.061
1197,1,1.524741,0.533930,20.388461,0.917107,1198,2.904236,13.496
1198,2,1.461118,0.659952,20.051205,0.916934,1199,2.890564,13.541
1199,1,1.439614,0.664322,19.755921,0.917589,1200,2.890564,13.550
1200,0,1.899723,0.701719,19.615150,0.916986,1201,2.919800,13.401
1201,1,1.280658,0.627405,19.671168,0.916870,1202,2.892456,49.918
1202,2,1.410101,0.669763,19.504265,0.917137,1203,2.919800,13.350
1203,1,1.456075,0.640349,19.517532,0.916393,1204,2.861328,13.486
1204,1,1.371770,0.628175,19.329842,0.916159,1205,2.919800,13.457
1205,3,1.367063,0.481641,19.153324,0.917412,1206,2.875000,13.946
1206,2,1.330919,0.465686,19.265106,0.917187,1207,2.890564,46.849
1207,2,1.235704,0.550472,19.422930,0.917014,1208,2.904236,13.404
1208,3,1.514953,0.567522,19.311166,0.916238,1209,2.853760,13.561
1209,2,1.391651,0.625711,19.211266,0.915679,1210,2.906128,13.600
1210,3,1.502685,0.548716,19.042527,0.916331,1211,2.861328,13.434
1211,1,1.378090,0.610217,19.179404,0.917060,1212,2.890564,50.082
1212,3,1.479602,0.554580,19.127888,0.916553,1213,2.894348,13.408
1213,3,1.277990,0.512671,19.034657,0.916583,1214,2.890564,13.425
1214,2,1.549947,0.621247,19.060661,0.916674,1215,2.888672,13.444
1215,3,1.278088,0.732526,19.282413,0.916074,1216,2.919800,49.887
1216,0,1.848123,0.482111,19.306130,0.916460,1217,2.931580,13.583
1217,1,1.781586,0.521831,19.189871,0.916877,1218,2.908020,13.384
1218,0,1.540606,0.604579,19.201126,0.917408,1219,2.904236,13.418
1219,3,1.394473,0.732630,18.869457,0.916738,1220,2.890564,13.483
1220,3,1.599213,0.575984,18.898028,0.917488,1221,2.890564,42.916
1221,0,1.394033,0.700995,18.750476,0.918278,1222,2.884888,13.352
1222,3,1.335674,0.563368,18.879503,0.918181,1223,2.876892,13.483
1223,0,1.567682,0.581359,18.727549,0.916404,1224,2.904236,13.435
1224,1,1.333760,0.519500,18.590854,0.917284,1225,2.904236,13.425
1225,1,1.685548,0.544155,18.755893,0.917505,1226,2.878784,46.190
1226,1,1.564764,0.498087,19.023823,0.917541,1227,2.906128,13.534
1227,0,1.307863,0.655577,19.108785,0.916784,1228,2.933472,13.605
1228,2,1.420765,0.655582,19.217431,0.916938,1229,2.875000,13.642
1229,0,1.361119,0.640665,19.297020,0.916189,1230,2.919800,14.014
1230,2,1.382090,0.510067,19.436113,0.916935,1231,2.861328,50.069
1231,3,1.205678,0.746952,19.635535,0.917368,1232,2.876892,13.439
1232,3,1.511951,0.549625,19.540196,0.916629,1233,2.863220,13.603
1233,1,1.272331,0.589448,19.479835,0.916673,1234,2.812744,13.547
1234,3,1.785329,0.535186,19.453682,0.915190,1235,2.935364,13.641
1235,0,1.727760,0.602746,19.326604,0.917168,1236,2.904236,42.323
1236,1,1.659040,0.527518,19.229701,0.917576,1237,2.859436,13.715
1237,3,1.328184,0.488920,19.192162,0.917266,1238,2.931580,13.767
1238,1,1.514632,0.504306,19.023446,0.918220,1239,2.863220,13.703
1239,0,1.759115,0.563518,18.930947,0.916817,1240,2.906128,13.749
1240,1,1.550139,0.480970,19.037981,0.917366,1241,2.904236,46.445
1241,3,1.817796,0.541694,18.837735,0.917124,1242,2.785400,13.734
1242,2,1.055586,0.557821,18.950422,0.916818,1243,2.919800,13.655
1243,3,1.439360,0.451295,18.787318,0.917084,1244,2.886780,13.625
1244,2,1.788109,0.641370,18.785025,0.916846,1245,2.904236,13.669
1245,0,1.581224,0.454263,18.836019,0.917413,1246,2.947144,50.280
1246,0,1.672963,0.469867,19.053435,0.916902,1247,2.859436,13.632
1247,1,1.472543,0.470288,18.922896,0.917623,1248,2.878784,13.655
1248,1,1.173269,0.533641,18.730299,0.918202,1249,2.812744,13.593
1249,1,1.658378,0.499954,18.998836,0.916799,1250,2.828308,50.383
1250,1,1.468222,0.516391,18.887117,0.917460,1251,2.904236,13.498
1251,0,1.549018,0.605503,19.180843,0.917463,1252,2.861328,13.463
1252,1,1.385881,0.555927,19.032885,0.917682,1253,2.917908,13.432
1253,0,1.660494,0.670773,19.182610,0.917420,1254,2.902344,13.406
1254,0,1.497128,0.589933,19.336046,0.917280,1255,2.906128,49.868
1255,2,1.573297,0.632342,19.382877,0.917082,1256,2.847656,13.364
1256,3,1.500754,0.549600,19.370757,0.917325,1257,2.890564,13.381
1257,3,1.495007,0.573283,19.176479,0.917628,1258,2.890564,13.515
1258,3,1.473232,0.637545,19.138882,0.916205,1259,2.933472,13.430
1259,1,1.417837,0.651079,19.281636,0.916479,1260,2.863220,49.992
1260,2,1.852351,0.619359,19.253594,0.916728,1261,2.876892,13.610
1261,0,1.268862,0.545680,19.086203,0.917182,1262,2.785400,13.477
1262,0,1.624283,0.532714,19.275874,0.916670,1263,2.935364,13.417
1263,0,1.755185,0.593575,19.107210,0.917670,1264,2.921692,13.590
1264,2,1.498660,0.533448,19.165252,0.917230,1265,2.826416,13.555
1265,2,1.376586,0.646367,19.295590,0.916453,1266,2.904236,14.806
1266,2,1.489526,0.594973,19.350736,0.917255,1267,2.890564,100.131
1267,2,1.705814,0.602016,19.510134,0.917140,1268,2.919800,28.132
1268,0,1.236400,0.537927,19.505229,0.916599,1269,2.904236,42.515
1269,1,1.767712,0.536712,19.529911,0.917064,1270,2.876892,13.965
1270,3,1.387657,0.610197,19.815388,0.916996,1271,2.904236,14.842
1271,0,1.449557,0.554404,19.567358,0.916619,1272,2.906128,15.040
1272,3,1.175585,0.620074,19.328448,0.917620,1273,2.890564,46.688
1273,1,1.563502,0.563552,19.531678,0.915914,1274,2.919800,15.714
1274,3,1.747950,0.622190,19.455513,0.915991,1275,2.843872,13.574
1275,0,0.916507,0.580159,19.491242,0.916233,1276,2.906128,13.603
1276,0,1.499320,0.549824,19.498537,0.916847,1277,2.878784,13.968
1277,2,1.375157,0.518428,19.374673,0.916652,1278,2.799072,14.057
1278,1,1.720280,0.589553,19.137962,0.916717,1279,2.906128,13.561
1279,1,1.686387,0.612640,19.234051,0.916534,1280,2.812744,13.375
1280,0,1.796541,0.496147,19.378900,0.917399,1281,2.863220,13.348
1281,2,1.514060,0.630324,19.192638,0.915602,1282,2.863220,49.999
1282,1,1.543319,0.560328,19.129572,0.917375,1283,2.888672,13.395
1283,2,1.549797,0.549258,19.140224,0.917756,1284,2.919800,13.632
1284,0,1.526123,0.756735,18.885086,0.917068,1285,2.875000,13.412
1285,3,1.741162,0.634450,18.752123,0.916694,1286,2.875000,13.435
1286,2,1.383328,0.629047,18.631148,0.917542,1287,2.876892,50.251
1287,1,1.350109,0.574143,18.538062,0.917290,1288,2.857544,15.488
1288,2,1.239409,0.634697,18.496959,0.917343,1289,2.906128,15.759
1289,2,1.220466,0.608727,18.630751,0.916964,1290,2.828308,13.516
1290,1,1.441005,0.758708,18.557751,0.916060,1291,2.931580,46.091
1291,2,1.523367,0.523893,18.354913,0.916962,1292,2.888672,13.863
1292,0,1.794394,0.552254,18.413706,0.916381,1293,2.917908,13.689
1293,1,1.399602,0.496454,18.395682,0.917254,1294,2.931580,13.779
1294,0,1.723221,0.455235,18.246316,0.916328,1295,2.875000,13.706
1295,3,1.629703,0.453227,18.432871,0.916726,1296,2.888672,46.217
1296,3,1.114848,0.499271,18.410674,0.916779,1297,2.876892,13.788
1297,1,1.417834,0.444596,18.346871,0.917297,1298,2.933472,13.856
1298,3,1.571218,0.599792,18.317698,0.916974,1299,2.890564,13.707
1299,3,1.539776,0.553785,18.332175,0.917697,1300,2.890564,13.795
1300,0,1.456344,0.523572,18.421834,0.917996,1301,2.931580,51.050
1301,2,1.789549,0.639480,18.556847,0.917166,1302,2.906128,13.783
1302,2,1.529870,0.500251,18.409961,0.917475,1303,2.902344,13.741
1303,2,1.576061,0.510806,18.324861,0.917329,1304,2.875000,13.839
1304,0,1.621411,0.524144,18.573227,0.916828,1305,2.919800,50.375
1305,1,1.504893,0.489129,18.513253,0.916597,1306,2.890564,13.600
1306,1,1.730207,0.604225,18.483482,0.917272,1307,2.919800,13.987
1307,1,1.812948,0.493150,18.544384,0.917588,1308,2.904236,13.718
1308,2,1.706043,0.558237,18.584439,0.917298,1309,2.876892,13.530
1309,0,1.654246,0.583267,18.596900,0.917430,1310,2.890564,50.007
1310,3,1.635574,0.534201,18.654807,0.917200,1311,2.863220,13.586
1311,0,1.306846,0.615784,18.653041,0.917117,1312,2.906128,13.512
1312,1,1.613478,0.478186,18.834294,0.917735,1313,2.904236,13.535
1313,0,1.574987,0.549905,18.764002,0.917119,1314,2.906128,13.753
1314,3,1.701686,0.728392,18.702970,0.916884,1315,2.890564,49.062
1315,2,1.582941,0.516701,18.666655,0.917015,1316,2.875000,13.616
1316,0,1.749186,0.531247,18.986985,0.917173,1317,2.904236,13.780
1317,0,1.502266,0.565866,19.031628,0.917721,1318,2.919800,13.690
1318,2,1.565571,0.661292,19.181599,0.917468,1319,2.935364,50.082
1319,2,1.577254,0.605600,19.230024,0.916733,1320,2.888672,13.591
1320,3,1.813224,0.548118,19.342910,0.917577,1321,2.917908,13.456
1321,0,1.281838,0.671064,19.440851,0.917759,1322,2.890564,13.557
1322,1,1.637051,0.618416,19.233049,0.917657,1323,2.888672,13.568
1323,1,1.667025,0.607172,19.214353,0.916873,1324,2.892456,49.874
1324,1,1.722101,0.508598,19.075368,0.915971,1325,2.859436,13.367
1325,3,1.279837,0.530363,19.206244,0.916547,1326,2.890564,13.410
1326,2,1.588697,0.557996,19.183278,0.915851,1327,2.904236,13.482
1327,0,1.429061,0.539594,19.172581,0.916837,1328,2.826416,13.544
1328,3,1.413550,0.517160,19.377896,0.917550,1329,2.876892,13.905
1329,0,1.507994,0.617667,19.553739,0.917442,1330,2.843872,14.291
1330,2,1.712420,0.689272,19.714032,0.917523,1331,2.908020,13.909
1331,3,1.368837,0.509832,19.763857,0.917045,1332,2.921692,14.321
1332,1,1.382015,0.671349,19.609736,0.916876,1333,2.812744,50.318
1333,3,1.402855,0.558749,19.559641,0.917066,1334,2.890564,13.557
1334,3,1.361002,0.601808,19.610776,0.916793,1335,2.812744,13.393
1335,1,1.420726,0.602093,19.787799,0.917377,1336,2.919800,13.473
1336,2,1.623706,0.502621,19.834353,0.916780,1337,2.917908,13.863
1337,1,1.439743,0.546212,20.005278,0.917467,1338,2.902344,49.923
1338,1,1.639749,0.675832,20.258211,0.916707,1339,2.904236,13.360
1339,3,1.222168,0.491569,20.143376,0.917386,1340,2.859436,13.466
1340,3,1.402545,0.567473,20.228947,0.916557,1341,2.904236,13.454
1341,0,1.707384,0.516649,20.376754,0.917289,1342,2.904236,49.895
1342,0,1.490402,0.590351,20.459644,0.917543,1343,2.904236,13.514
1343,2,1.439992,0.575461,20.244461,0.917069,1344,2.859436,13.376
1344,0,1.879190,0.601466,20.295360,0.916976,1345,2.890564,13.389
1345,0,1.580741,0.488094,20.353940,0.917514,1346,2.890564,13.452
1346,3,1.300080,0.646018,20.436680,0.916851,1347,2.890564,42.815
1347,2,1.342619,0.578371,20.562581,0.916892,1348,2.917908,13.654
1348,3,1.496993,0.672817,20.436897,0.916776,1349,2.847656,13.787
1349,0,1.694666,0.610993,20.440265,0.917022,1350,2.906128,13.683
1350,0,1.384046,0.563377,20.505184,0.916961,1351,2.876892,13.669
1351,3,1.709554,0.687878,20.478232,0.916219,1352,2.935364,13.730
1352,3,1.322387,0.629459,20.436888,0.917208,1353,2.890564,13.712
1353,3,1.306122,0.493563,20.422551,0.917637,1354,2.875000,13.717
1354,3,1.230115,0.671538,20.396299,0.916879,1355,2.890564,13.611
1355,0,1.590336,0.475817,20.466062,0.917351,1356,2.890564,13.638
1356,3,1.469679,0.511829,20.599838,0.917331,1357,2.917908,50.681
1357,3,1.665277,0.537990,20.542954,0.916895,1358,2.917908,13.696
1358,1,1.394502,0.576478,20.301987,0.917819,1359,2.904236,13.616
1359,3,1.464278,0.474209,20.377935,0.916678,1360,2.890564,13.629
1360,1,1.549672,0.429981,20.019086,0.917533,1361,2.890564,13.719
1361,0,1.737378,0.620049,19.927955,0.916652,1362,2.888672,50.050
1362,1,1.597094,0.564424,19.740958,0.916824,1363,2.904236,13.701
1363,3,1.043514,0.539291,19.661013,0.916961,1364,2.921692,13.640
1364,2,1.431868,0.646229,19.713762,0.916420,1365,2.890564,13.335
1365,0,1.291179,0.609671,19.647857,0.916698,1366,2.919800,49.775
1366,3,1.552140,0.620292,19.507958,0.916748,1367,2.875000,13.258
1367,2,1.551180,0.585717,19.583419,0.917277,1368,2.904236,13.473
1368,1,1.477392,0.626178,19.559459,0.916469,1369,2.876892,13.303
1369,0,1.653221,0.529422,19.287322,0.917713,1370,2.890564,13.313
1370,1,1.477517,0.670214,19.089122,0.916377,1371,2.876892,13.275
1371,2,1.444480,0.639586,19.143576,0.917261,1372,2.904236,13.305
1372,3,0.981575,0.585996,19.054403,0.917202,1373,2.904236,13.284
1373,3,1.275207,0.643273,19.091785,0.917744,1374,2.876892,13.313
1374,1,1.508392,0.803898,19.081092,0.918042,1375,2.906128,13.284
1375,1,1.836340,0.692843,19.106078,0.916775,1376,2.933472,13.341
1376,3,1.527556,0.663663,19.111213,0.916341,1377,2.878784,13.404
1377,3,1.503228,0.666018,19.146258,0.917154,1378,2.904236,13.525
1378,2,1.549337,0.631228,19.104683,0.917827,1379,2.931580,13.315
1379,2,1.510087,0.470175,19.094035,0.917314,1380,2.904236,13.186
1380,0,1.501529,0.684497,19.314382,0.916187,1381,2.875000,45.838
1381,0,1.249611,0.598647,19.345737,0.917233,1382,2.904236,13.243
1382,3,1.617027,0.525672,19.299251,0.916577,1383,2.878784,13.198
1383,1,1.277997,0.615093,19.174288,0.917738,1384,2.861328,13.289
1384,1,1.327523,0.492428,19.106522,0.915901,1385,2.888672,13.197
1385,0,1.628669,0.557346,19.061782,0.917138,1386,2.904236,49.816
1386,1,1.412854,0.610695,19.203140,0.916530,1387,2.917908,13.344
1387,3,1.721033,0.629982,19.077778,0.916163,1388,2.875000,13.753
1388,1,1.852665,0.490159,18.929342,0.916809,1389,2.917908,13.686
1389,1,1.650553,0.687311,18.876775,0.916857,1390,2.890564,13.333
1390,2,1.432491,0.584691,18.976699,0.916586,1391,2.906128,41.853
1391,3,1.595350,0.576108,18.575811,0.916484,1392,2.888672,13.544
1392,2,1.545776,0.602479,18.819336,0.916651,1393,2.875000,13.469
1393,1,1.497270,0.578734,18.827024,0.916945,1394,2.947144,13.320
1394,1,1.675581,0.471563,18.840629,0.917557,1395,2.919800,13.260
1395,3,1.918303,0.497660,18.698516,0.916683,1396,2.933472,13.355
1396,1,1.284081,0.522273,18.780608,0.914986,1397,2.861328,13.342
1397,1,1.435462,0.603646,18.854688,0.916627,1398,2.904236,13.276
1398,1,1.582747,0.705430,18.978259,0.916279,1399,2.904236,13.629
1399,0,1.399082,0.609804,19.031944,0.917115,1400,2.892456,13.787
1400,0,1.433958,0.610112,18.947406,0.916101,1401,2.847656,13.400
1401,2,1.819554,0.622688,18.950942,0.916796,1402,2.863220,13.439
1402,1,1.393043,0.636933,19.096981,0.918128,1403,2.919800,13.330
1403,0,1.574496,0.640485,19.108364,0.917651,1404,2.919800,13.393
1404,3,1.550706,0.557653,19.323337,0.917358,1405,2.919800,13.732
1405,3,1.552416,0.604207,19.315271,0.916081,1406,2.861328,46.096
1406,2,1.817902,0.615663,19.323612,0.917146,1407,2.947144,13.546
1407,3,1.234783,0.487766,19.421616,0.917844,1408,2.890564,13.622
1408,1,1.377776,0.443361,19.343413,0.918433,1409,2.906128,13.516
1409,3,1.477275,0.557672,19.267296,0.916844,1410,2.888672,14.100
1410,3,1.719020,0.633429,19.453894,0.917186,1411,2.878784,13.822
1411,1,1.316472,0.594336,19.196727,0.917727,1412,2.919800,13.708
1412,2,1.560118,0.587443,19.031119,0.917839,1413,2.906128,13.638
1413,3,1.339120,0.572345,18.951304,0.916002,1414,2.933472,13.510
1414,3,1.401556,0.603442,18.895765,0.917486,1415,2.863220,13.592
1415,1,1.525173,0.638671,19.112193,0.917513,1416,2.890564,13.718
1416,0,1.295371,0.530837,19.241571,0.917542,1417,2.871216,13.569
1417,1,1.497937,0.632934,19.402107,0.916491,1418,2.826416,13.586
1418,1,1.099706,0.607904,19.415161,0.916840,1419,2.906128,13.576
1419,1,1.466669,0.530951,19.459876,0.917541,1420,2.919800,13.572
1420,3,1.748612,0.671608,19.525974,0.916887,1421,2.812744,14.094
1421,1,1.511556,0.621061,19.723351,0.917903,1422,2.799072,13.897
1422,2,1.312787,0.536787,19.773230,0.917902,1423,2.921692,13.257
1423,2,1.605938,0.604671,20.194337,0.916618,1424,2.812744,13.401
1424,3,1.596840,0.635112,20.356525,0.916684,1425,2.890564,13.195
1425,3,1.449208,0.501315,20.191036,0.917618,1426,2.906128,45.785
1426,3,1.395604,0.593712,20.080512,0.916914,1427,2.859436,13.292
1427,0,1.592220,0.568215,20.034918,0.917001,1428,2.812744,13.444
1428,2,1.537377,0.455963,20.018468,0.916900,1429,2.919800,13.342
1429,0,1.065133,0.641339,19.903173,0.917811,1430,2.933472,13.264
1430,3,1.510494,0.514082,19.969678,0.917038,1431,2.857544,49.819
1431,1,1.329777,0.624537,19.820982,0.916495,1432,2.900452,14.111
1432,2,1.771577,0.474208,19.657881,0.917337,1433,2.812744,13.374
1433,2,1.316753,0.620608,19.938904,0.917288,1434,2.933472,13.283
1434,1,1.715560,0.602316,19.788684,0.916354,1435,2.878784,13.291
1435,1,1.637504,0.705522,19.834656,0.916817,1436,2.832092,41.823
1436,1,1.361163,0.702574,19.552004,0.916750,1437,2.812744,13.210
1437,3,1.495395,0.510736,19.457130,0.917632,1438,2.906128,13.428
1438,0,1.150758,0.648703,19.436367,0.917495,1439,2.919800,13.212
1439,3,1.751701,0.590657,19.551689,0.917553,1440,2.886780,13.235
1440,0,1.207593,0.515037,19.485110,0.917309,1441,2.888672,45.875
1441,1,1.480875,0.477553,19.583875,0.917459,1442,2.785400,13.337
1442,3,1.463125,0.613924,19.310748,0.917076,1443,2.947144,13.873
1443,2,1.192594,0.566244,19.499429,0.917601,1444,2.890564,13.283
1444,0,1.653810,0.616596,19.377170,0.916834,1445,2.888672,13.421
1445,0,1.261174,0.664075,19.504955,0.917202,1446,2.832092,45.711
1446,0,1.501621,0.503851,19.426689,0.917129,1447,2.919800,13.315
1447,1,1.529161,0.669839,19.410267,0.915408,1448,2.904236,13.271
1448,3,1.462680,0.580514,19.302876,0.916070,1449,2.875000,13.279
1449,3,1.356568,0.501483,19.261900,0.916521,1450,2.847656,13.269
1450,2,1.538800,0.425895,19.378316,0.917679,1451,2.890564,45.823
1451,1,1.988839,0.501022,19.552448,0.917160,1452,2.843872,13.299
1452,2,1.747363,0.578056,19.379199,0.917175,1453,2.876892,13.262
1453,1,1.691551,0.697571,19.500468,0.917035,1454,2.863220,13.705
1454,1,1.703639,0.531635,19.475523,0.916892,1455,2.888672,13.369
1455,0,1.625803,0.574669,19.353189,0.916481,1456,2.859436,46.075
1456,1,1.434342,0.530182,19.107210,0.917300,1457,2.906128,13.332
1457,2,1.654403,0.430815,19.158944,0.917643,1458,2.931580,13.405
1458,1,1.462275,0.531208,18.998261,0.917167,1459,2.888672,13.294
1459,0,1.628699,0.434259,19.080749,0.918314,1460,2.847656,13.300
1460,3,1.214955,0.631623,18.932258,0.917112,1461,2.904236,13.651
1461,3,1.423963,0.604271,18.997462,0.916623,1462,2.875000,13.671
1462,2,1.553210,0.642863,18.958125,0.917801,1463,2.904236,13.523
1463,3,1.374388,0.615836,18.770717,0.916977,1464,2.863220,13.948
1464,3,1.214180,0.534590,18.927565,0.916678,1465,2.888672,13.571
1465,3,1.588127,0.802988,18.803606,0.918522,1466,2.875000,46.085
1466,0,1.705209,0.587638,18.803928,0.917098,1467,2.875000,13.565
1467,1,1.281628,0.625896,18.838644,0.916777,1468,2.904236,13.536
1468,1,1.258270,0.707207,18.969844,0.915704,1469,2.876892,13.467
1469,3,1.739589,0.640419,19.049029,0.916703,1470,2.917908,13.625
1470,1,1.567286,0.625066,18.909210,0.917169,1471,2.904236,50.104
1471,0,1.528388,0.507498,19.021052,0.917215,1472,2.861328,14.298
1472,2,1.570964,0.609374,19.129592,0.916967,1473,2.890564,14.112
1473,1,1.646530,0.596499,19.063149,0.916864,1474,2.888672,14.223
1474,0,1.531689,0.584812,19.111835,0.916697,1475,2.931580,14.448
1475,0,1.235827,0.586026,19.088745,0.916934,1476,2.847656,13.548
1476,2,1.494344,0.444001,18.938497,0.917934,1477,2.888672,13.664
1477,2,1.549842,0.612959,18.791438,0.916166,1478,2.900452,13.269
1478,0,1.653430,0.581683,18.780090,0.917089,1479,2.904236,13.302
1479,2,1.527482,0.532937,18.714514,0.915881,1480,2.890564,45.943
1480,2,1.512762,0.512480,18.870362,0.916938,1481,2.890564,13.389
1481,3,1.375209,0.611505,18.651443,0.916318,1482,2.863220,13.345
1482,0,1.684039,0.497869,18.483695,0.916357,1483,2.876892,13.246
1483,2,1.403099,0.546991,18.454899,0.916404,1484,2.917908,13.260
1484,3,1.580925,0.465435,18.747327,0.917090,1485,2.875000,45.976
1485,0,1.726654,0.642110,18.595863,0.916792,1486,2.900452,13.332
1486,2,1.438432,0.547612,18.573054,0.918386,1487,2.873108,13.418
1487,3,1.486541,0.614815,18.656278,0.916487,1488,2.917908,13.271
1488,1,1.586588,0.444869,18.694169,0.917688,1489,2.904236,13.265
1489,3,1.873603,0.667947,18.895957,0.917181,1490,2.890564,49.964
1490,0,1.715241,0.649367,18.912152,0.917107,1491,2.888672,13.260
1491,1,1.549820,0.668238,18.856157,0.917865,1492,2.890564,13.330
1492,1,1.448496,0.577391,18.976147,0.917585,1493,2.906128,13.299
1493,2,1.297862,0.514456,18.991738,0.916552,1494,2.875000,13.282
1494,0,1.450369,0.639003,19.135308,0.916726,1495,2.875000,45.910
1495,2,1.785384,0.602486,19.187324,0.915886,1496,2.890564,13.255
1496,1,1.378506,0.574926,19.003218,0.916278,1497,2.890564,13.307
1497,3,1.679136,0.591279,18.882562,0.917151,1498,2.888672,13.357
1498,3,1.521192,0.561378,18.993709,0.917520,1499,2.904236,13.278
1499,2,1.109259,0.602418,18.966255,0.917362,1500,2.876892,43.888
1500,3,1.565505,0.641121,18.854940,0.915794,1501,2.919800,52.575
1501,0,1.846204,0.743849,18.883253,0.916874,1502,2.875000,74.803
1502,1,1.351613,0.574934,18.707747,0.917243,1503,2.875000,23.598
1503,2,1.714311,0.594561,18.545474,0.916318,1504,2.947144,49.243
1504,3,1.733391,0.753580,18.371390,0.916976,1505,2.904236,13.351
1505,3,1.645895,0.696652,18.226903,0.916061,1506,2.902344,13.230
1506,0,1.681895,0.698912,18.374502,0.917073,1507,2.890564,13.355
1507,0,1.474449,0.651812,18.490695,0.916873,1508,2.876892,13.249
1508,3,1.729581,0.613469,18.701779,0.915901,1509,2.919800,41.732
1509,0,1.560635,0.463455,18.985773,0.916889,1510,2.875000,13.242
1510,1,1.472040,0.570105,19.015202,0.917761,1511,2.875000,13.317
1511,0,1.165275,0.596146,18.880537,0.917194,1512,2.919800,13.239
1512,3,1.271432,0.674052,18.683418,0.915947,1513,2.919800,13.511
1513,3,1.853030,0.486070,18.774991,0.917071,1514,2.861328,49.691
1514,3,1.406408,0.628252,18.796079,0.916245,1515,2.919800,13.290
1515,0,1.060621,0.587986,18.864310,0.917124,1516,2.919800,13.195
1516,1,1.730004,0.438740,18.808139,0.917573,1517,2.906128,13.266
1517,2,1.904318,0.526450,18.891433,0.917187,1518,2.861328,13.335
1518,3,1.482072,0.577041,18.723451,0.917081,1519,2.904236,13.679
1519,0,1.060044,0.432803,18.704247,0.917454,1520,2.906128,13.655
1520,0,1.576878,0.455589,18.714004,0.917321,1521,2.906128,13.592
1521,1,1.342151,0.486716,18.793183,0.917607,1522,2.902344,13.681
1522,1,1.359822,0.698813,18.754315,0.917217,1523,2.906128,13.794
1523,1,1.358509,0.677306,18.727729,0.917500,1524,2.931580,13.792
1524,0,1.629901,0.575199,18.603912,0.916085,1525,2.919800,13.669
1525,1,1.504368,0.570552,18.438207,0.917122,1526,2.904236,13.621
1526,1,1.344760,0.479606,18.425058,0.917370,1527,2.906128,13.610
1527,1,1.562946,0.536950,18.613971,0.916585,1528,2.890564,13.735
1528,0,1.526644,0.393811,18.788029,0.917230,1529,2.917908,13.691
1529,1,1.566535,0.594428,18.687280,0.916562,1530,2.878784,13.698
1530,2,1.474556,0.550741,18.817161,0.917308,1531,2.888672,13.567
1531,2,1.552942,0.626510,18.857861,0.915419,1532,2.947144,13.590
1532,1,1.560729,0.657324,18.918916,0.917294,1533,2.904236,46.122
1533,1,1.459969,0.645632,18.873696,0.917448,1534,2.892456,13.545
1534,1,1.672205,0.598449,18.911330,0.917770,1535,2.890564,13.628
1535,3,1.479874,0.476275,18.952001,0.917641,1536,2.892456,13.576
1536,2,1.363024,0.464859,18.866076,0.916702,1537,2.876892,13.423
1537,3,1.707406,0.560968,19.041923,0.917942,1538,2.904236,13.391
1538,1,1.632347,0.586494,19.022385,0.917372,1539,2.947144,13.464
1539,1,1.754129,0.620496,18.974842,0.916723,1540,2.904236,13.456
1540,0,1.120676,0.634272,18.777454,0.916356,1541,2.876892,13.486
1541,1,1.898496,0.648753,18.600071,0.916960,1542,2.904236,13.355
1542,1,1.245522,0.572420,18.613897,0.916890,1543,2.863220,46.107
1543,0,1.818682,0.513361,18.851741,0.916868,1544,2.947144,13.345
1544,0,1.634077,0.554848,18.820417,0.917505,1545,2.892456,13.632
1545,1,1.623041,0.612470,18.825590,0.916276,1546,2.875000,13.530
1546,1,1.578003,0.624704,18.849113,0.916564,1547,2.890564,13.354
1547,1,1.386717,0.561330,18.745682,0.917613,1548,2.933472,13.551
1548,3,1.661347,0.610038,18.692904,0.917372,1549,2.904236,13.547
1549,0,1.636402,0.502770,18.776042,0.918023,1550,2.890564,13.345
1550,1,1.283923,0.677970,18.971893,0.916850,1551,2.843872,13.343
1551,0,1.424598,0.698325,19.007928,0.916924,1552,2.863220,13.368
1552,1,1.441443,0.627966,19.029793,0.916797,1553,2.888672,46.082
1553,2,1.655344,0.565008,18.825923,0.916505,1554,2.890564,13.476
1554,0,1.618932,0.674748,18.868381,0.916193,1555,2.890564,13.486
1555,0,1.276230,0.608742,18.920405,0.917448,1556,2.847656,13.605
1556,2,1.444108,0.672907,18.940761,0.917190,1557,2.904236,13.401
1557,3,1.463250,0.614845,19.034245,0.917093,1558,2.919800,45.907
1558,2,1.304603,0.459134,19.152566,0.916860,1559,2.826416,13.495
1559,3,1.559804,0.553288,19.034707,0.917361,1560,2.873108,13.426
1560,2,1.343934,0.413995,19.093107,0.917716,1561,2.875000,13.374
1561,3,1.597050,0.624335,19.349661,0.915933,1562,2.904236,13.399
1562,1,1.470893,0.434791,19.184833,0.917544,1563,2.890564,13.619
1563,2,1.308117,0.635805,19.320007,0.916620,1564,2.894348,13.459
1564,2,1.618470,0.513023,19.175932,0.916864,1565,2.890564,14.042
1565,2,1.166165,0.661382,19.343569,0.917793,1566,2.919800,13.393
1566,3,1.529988,0.632777,19.604207,0.916904,1567,2.894348,13.659
1567,2,1.262771,0.579585,19.655100,0.917507,1568,2.888672,50.795
1568,1,1.505419,0.580115,19.974174,0.917250,1569,2.904236,13.884
1569,1,1.889701,0.592404,19.826180,0.917659,1570,2.890564,13.358
1570,0,1.294776,0.569795,19.753438,0.917457,1571,2.890564,13.386
1571,3,1.762445,0.482402,19.340396,0.917097,1572,2.863220,13.457
1572,2,1.346269,0.513884,19.490951,0.917347,1573,2.904236,41.906
1573,3,1.640987,0.664141,19.572509,0.917145,1574,2.828308,13.450
1574,1,1.432932,0.634038,19.493746,0.916214,1575,2.878784,13.590
1575,3,1.796539,0.513845,19.663342,0.917522,1576,2.904236,13.613
1576,3,1.511619,0.462348,19.746904,0.917045,1577,2.890564,13.823
1577,1,1.624111,0.648714,19.731496,0.918029,1578,2.878784,46.199
1578,1,1.746998,0.653389,19.657518,0.917268,1579,2.906128,13.569
1579,2,0.954881,0.683522,19.828470,0.916708,1580,2.847656,13.819
1580,1,1.439527,0.536113,19.877352,0.917188,1581,2.812744,13.707
1581,1,1.459585,0.698849,19.800646,0.918522,1582,2.888672,13.717
1582,2,1.483383,0.529616,19.630759,0.916881,1583,2.875000,47.138
1583,1,1.359860,0.600714,19.806475,0.916887,1584,2.906128,13.650
1584,0,1.471505,0.542136,19.674016,0.917024,1585,2.878784,13.571
1585,1,1.733895,0.668075,19.742671,0.916859,1586,2.935364,13.827
1586,1,1.479727,0.712994,19.797432,0.917597,1587,2.890564,13.867
1587,0,1.582452,0.610230,20.001352,0.917148,1588,2.878784,42.256
1588,3,0.989989,0.579415,20.048056,0.916241,1589,2.935364,13.619
1589,1,0.986610,0.635172,19.924286,0.917769,1590,2.875000,13.684
1590,3,1.696858,0.488159,19.670420,0.917153,1591,2.878784,13.439
1591,1,1.394959,0.465234,19.580176,0.916802,1592,2.904236,13.370
1592,2,0.891890,0.514640,19.245317,0.916213,1593,2.904236,50.207
1593,2,1.448653,0.554008,19.304998,0.917526,1594,2.906128,13.329
1594,0,1.372096,0.568427,19.394590,0.917707,1595,2.875000,13.352
1595,0,1.337953,0.561797,19.513317,0.917395,1596,2.878784,13.447
1596,1,1.680360,0.561128,19.569850,0.917466,1597,2.875000,13.521
1597,0,1.433995,0.569843,19.455616,0.918084,1598,2.843872,48.889
1598,1,1.177093,0.556267,19.362049,0.916484,1599,2.863220,13.421
1599,0,1.167651,0.464770,19.345898,0.917039,1600,2.904236,13.463
1600,1,1.398040,0.871067,19.382393,0.916168,1601,2.890564,13.326
1601,1,1.539563,0.651784,19.502866,0.916857,1602,2.919800,46.855
1602,2,1.511198,0.603891,19.610491,0.916827,1603,2.812744,13.528
1603,1,1.238685,0.632708,20.160019,0.917081,1604,2.876892,13.585
1604,3,1.291152,0.631366,20.208150,0.916962,1605,2.890564,13.425
1605,3,1.550594,0.634725,19.987841,0.917211,1606,2.919800,13.392
1606,1,1.696261,0.436232,19.892519,0.918018,1607,2.890564,45.909
1607,2,1.376174,0.626732,19.868768,0.917684,1608,2.861328,13.595
1608,2,1.611589,0.633362,19.844945,0.917174,1609,2.863220,13.429
1609,1,1.487994,0.509206,19.975472,0.918091,1610,2.875000,13.433
1610,0,1.242312,0.577912,20.106187,0.916519,1611,2.828308,13.471
1611,1,1.744126,0.568816,20.016624,0.917486,1612,2.876892,45.963
1612,2,1.366772,0.602998,20.116487,0.917108,1613,2.904236,13.400
1613,2,0.905941,0.580776,20.058549,0.917250,1614,2.890564,13.394
1614,3,1.799605,0.689036,20.101224,0.917127,1615,2.919800,13.427
1615,0,1.474569,0.657853,19.969234,0.917245,1616,2.906128,13.431
1616,2,1.000313,0.597561,20.136580,0.917146,1617,2.888672,50.341
1617,0,1.453847,0.591955,20.231103,0.916400,1618,2.859436,13.360
1618,1,1.362318,0.670833,20.100629,0.917387,1619,2.908020,13.540
1619,1,1.621653,0.628772,19.861884,0.917264,1620,2.876892,13.429
1620,3,1.467561,0.534896,19.821867,0.917596,1621,2.890564,13.344
1621,3,1.496467,0.512596,19.862388,0.917249,1622,2.841980,41.881
1622,3,1.635611,0.538584,19.799722,0.916669,1623,2.890564,13.357
1623,2,1.381886,0.504041,19.914358,0.917053,1624,2.875000,13.355
1624,2,1.529148,0.502623,20.252767,0.917235,1625,2.904236,13.428
1625,3,1.543454,0.598322,20.176446,0.916630,1626,2.876892,13.404
1626,0,1.567740,0.616368,20.392689,0.917008,1627,2.890564,50.309
1627,0,1.590245,0.550346,20.296935,0.917562,1628,2.904236,13.358
1628,3,1.262270,0.676007,20.327506,0.916987,1629,2.935364,13.568
1629,0,1.828034,0.610409,20.355412,0.917140,1630,2.888672,13.953
1630,3,1.365483,0.482039,20.456786,0.917531,1631,2.843872,13.403
1631,0,1.612938,0.629459,20.622986,0.916292,1632,2.876892,46.825
1632,0,1.508530,0.673335,20.360326,0.916609,1633,2.890564,13.680
1633,0,1.324058,0.552444,20.474648,0.917096,1634,2.917908,13.596
1634,1,1.156649,0.561079,20.558756,0.917566,1635,2.812744,13.729
1635,2,1.712318,0.599295,20.480541,0.916189,1636,2.847656,13.682
1636,3,1.359552,0.656198,20.355818,0.916410,1637,2.919800,13.743
1637,3,1.235825,0.546714,20.364205,0.916852,1638,2.917908,13.665
1638,0,1.768726,0.555586,20.633903,0.917165,1639,2.906128,13.823
1639,3,1.642844,0.570623,20.699904,0.916456,1640,2.876892,13.781
1640,0,1.440698,0.544833,20.515531,0.917061,1641,2.904236,50.318
1641,1,1.515334,0.526239,20.402327,0.917149,1642,2.904236,13.676
1642,0,1.588295,0.504340,20.186088,0.917089,1643,2.876892,13.641
1643,2,1.330508,0.631113,20.118799,0.916308,1644,2.906128,13.658
1644,1,1.812509,0.676815,20.069797,0.917369,1645,2.931580,13.680
1645,2,1.332159,0.633129,20.288480,0.916880,1646,2.894348,46.357
1646,1,1.569925,0.661776,20.419021,0.916527,1647,2.890564,14.266
1647,2,1.558447,0.590039,20.384828,0.917335,1648,2.904236,14.194
1648,1,1.353635,0.601186,20.246906,0.916692,1649,2.826416,16.331
1649,1,1.801264,0.617456,20.012703,0.916513,1650,2.875000,79.218
1650,3,1.742076,0.608238,20.108365,0.916926,1651,2.919800,66.230
1651,1,1.567749,0.457831,20.414071,0.917041,1652,2.841980,30.316
1652,1,1.463389,0.548309,20.396520,0.916179,1653,2.875000,57.342
1653,2,1.765200,0.562197,20.424835,0.916910,1654,2.904236,15.636
1654,1,1.307623,0.594351,20.677131,0.915840,1655,2.875000,16.034
1655,2,1.575936,0.406128,20.714446,0.917528,1656,2.826416,15.048
1656,0,1.314253,0.628661,20.668800,0.916305,1657,2.890564,49.573
1657,1,1.622247,0.575094,20.871797,0.917347,1658,2.906128,15.132
1658,0,1.317099,0.602964,20.539439,0.916365,1659,2.876892,15.652
1659,2,1.739390,0.607781,20.262714,0.917439,1660,2.892456,16.147
1660,1,1.567966,0.541191,20.210709,0.916935,1661,2.904236,18.253
1661,3,1.450990,0.584378,20.057142,0.917584,1662,2.857544,13.947
1662,3,1.621764,0.543523,19.951982,0.917424,1663,2.847656,13.518
1663,3,1.592985,0.596479,19.876230,0.917304,1664,2.863220,13.388
1664,2,1.524847,0.502293,20.044223,0.918098,1665,2.847656,13.396
1665,2,1.460114,0.530766,20.045700,0.917186,1666,2.859436,44.998
1666,2,1.576991,0.490643,19.996624,0.916315,1667,2.863220,13.571
1667,0,1.604123,0.579171,19.951861,0.916664,1668,2.876892,13.404
1668,0,1.476691,0.481716,19.819560,0.916960,1669,2.875000,13.445
1669,1,1.265444,0.638825,19.779755,0.917096,1670,2.837769,13.359
1670,2,1.799588,0.608923,19.520963,0.916254,1671,2.876892,50.188
1671,1,1.463753,0.687113,19.652571,0.917097,1672,2.892456,13.963
1672,2,1.496537,0.676220,19.522218,0.916796,1673,2.847656,14.112
1673,2,1.803336,0.615064,19.395467,0.917242,1674,2.906128,13.512
1674,1,1.650384,0.629616,19.818842,0.917162,1675,2.845764,13.576
1675,3,1.553012,0.550658,19.763549,0.916461,1676,2.921692,44.699
1676,1,1.531471,0.602186,19.696710,0.917556,1677,2.840088,13.542
1677,1,1.331898,0.587532,19.479326,0.917756,1678,2.876892,13.581
1678,3,1.292303,0.555869,19.591125,0.916690,1679,2.863220,15.395
1679,1,1.393470,0.534145,19.787762,0.917440,1680,2.904236,15.258
1680,0,1.363825,0.545066,19.553696,0.918064,1681,2.875000,20.550
1681,0,1.378443,0.516736,19.588145,0.917598,1682,2.876892,16.880
1682,1,1.655634,0.600243,19.608906,0.916988,1683,2.890564,15.833
1683,0,1.408399,0.607107,19.536585,0.916889,1684,2.863220,50.455
1684,1,1.474324,0.616747,19.398468,0.916433,1685,2.935364,16.032
1685,2,1.647089,0.475187,19.340428,0.917588,1686,2.847656,15.295
1686,0,1.272130,0.553872,19.289838,0.916803,1687,2.878784,16.544
1687,0,1.566347,0.501912,19.182124,0.917395,1688,2.847656,48.088
1688,1,1.660209,0.559722,19.111725,0.917304,1689,2.919800,16.028
1689,3,1.519585,0.601786,19.035891,0.916366,1690,2.888672,16.847
1690,0,1.751688,0.802054,19.151779,0.916713,1691,2.908020,14.755
1691,1,1.214832,0.575689,19.265356,0.916887,1692,2.890564,13.920
1692,2,1.704709,0.538542,19.243784,0.917317,1693,2.890564,51.795
1693,3,0.987846,0.721535,19.600715,0.915465,1694,2.892456,14.120
1694,3,1.189034,0.561901,19.682065,0.916701,1695,2.890564,16.437
1695,1,1.536037,0.687112,19.734721,0.916875,1696,2.933472,15.131
1696,1,1.330401,0.476350,19.854396,0.917707,1697,2.876892,47.636
1697,3,1.596463,0.494614,19.808576,0.917173,1698,2.863220,15.159
1698,3,1.463595,0.677556,19.549584,0.915901,1699,2.890564,15.361
1699,2,1.816627,0.604886,19.538237,0.916621,1700,2.812744,15.918
1700,3,1.073772,0.579611,19.831546,0.917322,1701,2.876892,51.199
1701,1,1.362843,0.584780,19.834670,0.917841,1702,2.890564,13.779
1702,2,1.674744,0.648026,19.860655,0.917137,1703,2.876892,13.680
1703,2,1.536078,0.664202,19.938490,0.916716,1704,2.812744,14.402
1704,0,1.509906,0.622894,19.901890,0.917562,1705,2.890564,52.013
1705,0,1.998492,0.673135,20.154150,0.916736,1706,2.876892,16.341
1706,3,1.521830,0.685932,19.845274,0.916479,1707,2.890564,16.020
1707,2,1.423236,0.543743,19.602024,0.916939,1708,2.888672,16.715
1708,2,1.489435,0.530513,19.735451,0.916960,1709,2.904236,49.018
1709,0,1.524853,0.620787,19.805703,0.917135,1710,2.861328,16.563
1710,1,1.497097,0.524276,19.912789,0.916682,1711,2.875000,13.591
1711,0,1.370820,0.554807,19.842453,0.917315,1712,2.875000,15.692
1712,2,1.109562,0.611897,19.907434,0.917271,1713,2.857544,15.938
1713,2,1.398931,0.765343,19.640319,0.916967,1714,2.906128,48.769
1714,1,1.284447,0.599628,19.698147,0.917241,1715,2.863220,14.530
1715,1,1.436449,0.601144,19.752382,0.917546,1716,2.906128,14.332
1716,2,1.567512,0.503127,19.744528,0.917206,1717,2.904236,14.664
1717,1,1.154610,0.453491,19.905986,0.917345,1718,2.947144,50.188
1718,2,1.574307,0.510635,19.964667,0.917389,1719,2.902344,13.559
1719,3,1.325852,0.711189,19.947400,0.916880,1720,2.890564,13.435
1720,2,1.520502,0.632490,19.865035,0.916451,1721,2.947144,13.524
1721,1,1.637182,0.481152,19.802366,0.917304,1722,2.876892,13.658
1722,1,1.340689,0.561504,19.911985,0.916240,1723,2.906128,50.036
1723,1,1.742720,0.662028,19.928955,0.916411,1724,2.888672,13.465
1724,2,1.488197,0.565972,19.921025,0.916920,1725,2.919800,13.577
1725,1,1.794360,0.641809,19.590048,0.916117,1726,2.892456,13.451
1726,0,1.286214,0.462435,19.532975,0.916729,1727,2.875000,13.791
1727,1,1.429109,0.556247,19.665978,0.917334,1728,2.873108,13.869
1728,1,1.478991,0.654441,19.422447,0.916421,1729,2.890564,13.585
1729,3,1.555884,0.527378,19.446343,0.916545,1730,2.840088,13.445
1730,2,1.762616,0.521971,19.607856,0.917821,1731,2.892456,14.003
1731,1,1.814038,0.644485,19.563693,0.916355,1732,2.917908,46.157
1732,2,1.652381,0.590724,19.498581,0.916829,1733,2.812744,13.526
1733,0,1.675401,0.671436,19.596594,0.917641,1734,2.917908,13.518
1734,3,1.480985,0.555494,19.745086,0.916531,1735,2.917908,13.575
1735,1,1.599866,0.573821,19.597383,0.916695,1736,2.873108,13.596
1736,3,1.440018,0.564629,19.698806,0.917275,1737,2.931580,43.041
1737,0,1.627429,0.616750,19.581791,0.917990,1738,2.906128,13.844
1738,1,1.571580,0.572071,19.941289,0.917263,1739,2.876892,13.974
1739,1,1.370008,0.536332,20.112004,0.917045,1740,2.917908,13.432
1740,3,1.671554,0.585225,20.011807,0.917161,1741,2.904236,13.492
1741,0,1.050073,0.563974,19.986053,0.916754,1742,2.902344,51.107
1742,1,1.094983,0.604562,19.944211,0.917719,1743,2.904236,13.558
1743,3,1.646048,0.461609,19.819905,0.917210,1744,2.904236,13.477
1744,0,1.667207,0.494528,19.906279,0.917165,1745,2.904236,13.709
1745,3,1.424655,0.518397,20.233456,0.917328,1746,2.888672,13.788
1746,2,1.040903,0.483768,20.136084,0.917587,1747,2.906128,50.411
1747,3,1.415296,0.624341,19.951413,0.917483,1748,2.847656,14.244
1748,1,1.437217,0.515809,19.857099,0.917227,1749,2.890564,13.713
1749,3,1.400811,0.640166,19.564912,0.918146,1750,2.933472,13.695
1750,0,1.568116,0.507002,19.288408,0.916853,1751,2.857544,46.253
1751,0,1.560571,0.590823,19.421336,0.916834,1752,2.931580,13.774
1752,2,1.374588,0.628094,19.631656,0.916635,1753,2.888672,13.627
1753,3,1.714176,0.533636,19.680734,0.917672,1754,2.892456,13.940
1754,1,1.234055,0.580434,19.482942,0.917313,1755,2.906128,13.704
1755,3,1.362388,0.616691,19.477669,0.916756,1756,2.863220,50.611
1756,0,1.523605,0.548985,19.467153,0.917613,1757,2.919800,13.852
1757,2,1.577291,0.570393,19.502457,0.916775,1758,2.906128,14.335
1758,2,1.449148,0.475199,19.512356,0.917063,1759,2.890564,13.737
1759,2,1.387493,0.569905,19.535508,0.917281,1760,2.855652,50.350
1760,3,1.212174,0.604577,19.417391,0.917867,1761,2.892456,13.698
1761,2,1.466535,0.559178,19.298187,0.917284,1762,2.876892,13.448
1762,3,1.554014,0.697928,19.418460,0.917289,1763,2.869324,13.631
1763,0,1.244920,0.671561,19.614036,0.916844,1764,2.890564,13.598
1764,3,1.585795,0.592670,19.627656,0.917083,1765,2.863220,50.204
1765,1,1.518383,0.577287,19.714154,0.917516,1766,2.906128,14.081
1766,0,1.168176,0.703515,19.740755,0.916850,1767,2.816528,16.533
1767,2,1.641529,0.556144,19.452404,0.917245,1768,2.888672,15.541
1768,2,1.367194,0.528431,19.322936,0.916722,1769,2.888672,15.545
1769,2,1.628525,0.603503,19.398898,0.915628,1770,2.828308,20.243
1770,1,1.220828,0.711762,19.148935,0.916289,1771,2.863220,19.873
1771,1,1.548576,0.557998,19.066021,0.916781,1772,2.875000,20.517
1772,0,1.755848,0.603838,19.043427,0.917657,1773,2.906128,51.071
1773,1,1.438508,0.544927,19.314249,0.916852,1774,2.876892,13.830
1774,3,1.414316,0.682687,19.429184,0.916196,1775,2.904236,13.865
1775,2,1.302988,0.470016,19.407983,0.917304,1776,2.931580,13.887
1776,3,1.380701,0.660021,19.493538,0.917254,1777,2.863220,46.010
1777,1,1.787695,0.558583,19.356860,0.917080,1778,2.799072,13.548
1778,3,1.716277,0.493028,19.530533,0.917120,1779,2.888672,13.568
1779,3,1.506872,0.613857,19.476591,0.917668,1780,2.876892,14.969
1780,3,1.587900,0.727239,19.654132,0.917592,1781,2.843872,80.926
1781,1,1.510292,0.501878,19.726031,0.917481,1782,2.892456,32.263
1782,0,1.450702,0.424873,19.986863,0.916872,1783,2.847656,25.009
1783,1,1.604519,0.505737,20.023702,0.917117,1784,2.906128,24.664
1784,3,1.593348,0.639349,19.789132,0.916575,1785,2.906128,54.714
1785,1,1.174886,0.526038,19.864422,0.916571,1786,2.876892,13.402
1786,3,1.308053,0.748988,19.923965,0.917891,1787,2.906128,13.385
1787,1,1.766919,0.606669,20.060325,0.916824,1788,2.931580,13.335
1788,0,1.768356,0.617642,20.167903,0.917324,1789,2.785400,13.489
1789,2,1.619006,0.499662,20.169619,0.917057,1790,2.875000,50.089
1790,3,1.840911,0.608054,20.136135,0.916922,1791,2.904236,13.348
1791,1,1.357972,0.729803,19.892199,0.916988,1792,2.830200,13.345
1792,3,1.742474,0.557118,20.187439,0.917475,1793,2.906128,13.543
1793,1,1.789121,0.585054,20.183219,0.916198,1794,2.875000,49.984
1794,3,1.395902,0.520370,20.425796,0.916787,1795,2.812744,13.591
1795,0,1.569248,0.482173,20.259209,0.916843,1796,2.847656,13.431
1796,1,1.855118,0.565859,20.211671,0.917380,1797,2.890564,13.649
1797,0,1.470305,0.525900,20.203489,0.917827,1798,2.859436,13.373
1798,2,1.657519,0.598579,20.142578,0.918159,1799,2.812744,50.265
1799,3,1.625759,0.433154,20.167135,0.917457,1800,2.902344,13.869
1800,1,1.245451,0.584633,20.194525,0.917493,1801,2.890564,13.402
1801,1,1.695123,0.504097,20.143364,0.917103,1802,2.843872,13.650
1802,2,1.544825,0.570274,20.165370,0.916873,1803,2.878784,13.759
1803,3,1.762910,0.660452,20.219390,0.917525,1804,2.890564,46.335
1804,0,1.559418,0.593688,19.971063,0.916915,1805,2.890564,13.657
1805,3,1.429884,0.533442,19.663554,0.916552,1806,2.919800,13.518
1806,0,1.112321,0.456774,19.854581,0.916598,1807,2.904236,13.600
1807,1,1.509287,0.541663,19.590980,0.916920,1808,2.812744,13.594
1808,2,1.555346,0.458527,19.437445,0.917311,1809,2.863220,13.722
1809,3,1.067132,0.473514,19.475001,0.917962,1810,2.906128,13.892
1810,2,1.295765,0.649294,19.347803,0.916992,1811,2.863220,14.023
1811,3,1.362167,0.505557,19.383115,0.916730,1812,2.906128,13.688
1812,0,1.633256,0.690506,19.508388,0.916223,1813,2.859436,50.306
1813,3,1.237199,0.630248,19.256782,0.916613,1814,2.906128,13.615
1814,2,1.480489,0.565784,19.339117,0.917130,1815,2.785400,13.510
1815,1,1.702133,0.532139,19.274603,0.916888,1816,2.875000,13.679
1816,1,1.608028,0.547939,19.347081,0.917163,1817,2.890564,13.657
1817,0,1.255306,0.650827,19.425970,0.915943,1818,2.888672,50.148
1818,3,1.553035,0.592700,19.511605,0.916997,1819,2.826416,13.420
1819,3,1.400128,0.551516,19.621194,0.918082,1820,2.875000,13.939
1820,2,1.555732,0.613514,19.454584,0.917139,1821,2.876892,13.441
1821,2,1.362041,0.628209,19.471657,0.916769,1822,2.884888,13.486
1822,2,1.636273,0.531578,19.542429,0.917831,1823,2.906128,46.020
1823,3,1.172824,0.535176,19.848651,0.916776,1824,2.847656,13.355
1824,3,1.375217,0.527785,19.807850,0.917553,1825,2.919800,13.359
1825,1,1.336421,0.612780,19.709479,0.916177,1826,2.876892,13.686
1826,0,1.508910,0.470319,19.494970,0.917282,1827,2.890564,50.694
1827,2,1.494725,0.658258,19.350681,0.916872,1828,2.785400,13.713
1828,3,1.597313,0.601442,19.440627,0.916805,1829,2.888672,13.474
1829,2,1.346053,0.546894,19.406683,0.916044,1830,2.876892,13.401
1830,2,1.232723,0.563097,19.627225,0.917256,1831,2.875000,13.714
1831,2,1.564652,0.690305,19.705114,0.916443,1832,2.840088,49.982
1832,2,1.075455,0.643721,19.937955,0.916570,1833,2.875000,13.455
1833,0,1.269499,0.688856,20.019477,0.917175,1834,2.876892,13.311
1834,3,1.695608,0.608480,20.045617,0.917274,1835,2.884888,13.298
1835,0,1.944788,0.525589,20.008730,0.917694,1836,2.906128,49.961
1836,2,1.407501,0.675761,20.367513,0.917317,1837,2.847656,13.446
1837,3,1.439297,0.611645,20.352199,0.916519,1838,2.892456,13.606
1838,3,1.662141,0.491961,20.043320,0.917835,1839,2.890564,13.406
1839,3,1.665791,0.545557,20.181136,0.918255,1840,2.863220,13.504
1840,1,1.325829,0.661688,20.362525,0.915585,1841,2.919800,13.800
1841,2,1.690186,0.473183,20.312674,0.916721,1842,2.890564,13.660
1842,1,1.313109,0.623112,20.116871,0.917559,1843,2.875000,13.474
1843,3,1.546810,0.609900,20.014761,0.917872,1844,2.917908,13.379
1844,1,1.534515,0.329241,19.985696,0.917531,1845,2.876892,13.466
1845,1,1.546515,0.595421,20.066878,0.915814,1846,2.861328,46.215
1846,1,1.524302,0.578420,19.924134,0.916393,1847,2.916016,13.698
1847,3,1.616387,0.585897,19.895988,0.915981,1848,2.906128,13.586
1848,2,1.514707,0.591318,20.144159,0.918275,1849,2.847656,13.366
1849,0,1.517786,0.513570,20.049695,0.917414,1850,2.906128,13.423
1850,2,1.545285,0.588703,19.862873,0.917780,1851,2.816528,46.211
1851,3,1.354153,0.526060,19.924202,0.916718,1852,2.888672,13.667
1852,2,1.468729,0.650201,19.839288,0.917753,1853,2.888672,13.399
1853,1,1.283652,0.500240,19.837284,0.917740,1854,2.812744,13.365
1854,2,1.488999,0.586665,19.670784,0.917254,1855,2.863220,13.571
1855,2,1.198349,0.641211,19.454112,0.916556,1856,2.859436,48.149
1856,0,1.355991,0.568326,19.287863,0.916863,1857,2.906128,13.716
1857,3,1.624623,0.514171,19.251338,0.916631,1858,2.892456,13.648
1858,1,1.333765,0.528094,19.056610,0.917366,1859,2.888672,13.631
1859,3,1.710817,0.452004,19.219610,0.918030,1860,2.869324,13.714
1860,1,1.291794,0.530517,18.954756,0.917351,1861,2.863220,50.166
1861,3,1.071532,0.713856,18.848529,0.916532,1862,2.876892,13.717
1862,1,1.268950,0.465442,18.873541,0.917285,1863,2.888672,13.591
1863,1,1.728054,0.585860,18.965093,0.916099,1864,2.892456,13.633
1864,1,1.437448,0.499709,18.670047,0.916931,1865,2.906128,50.258
1865,0,1.329435,0.563893,18.493104,0.916696,1866,2.845764,13.781
1866,0,1.571863,0.523436,18.570269,0.917008,1867,2.863220,13.635
1867,1,1.769569,0.484364,18.523024,0.917777,1868,2.812744,13.676
1868,3,1.343353,0.589458,18.570665,0.917681,1869,2.875000,13.707
1869,1,1.342413,0.515314,18.545875,0.917584,1870,2.933472,50.389
1870,1,1.626254,0.502097,18.664383,0.916741,1871,2.906128,13.641
1871,0,1.819732,0.648217,19.066107,0.916977,1872,2.917908,13.821
1872,3,1.748028,0.534489,18.965240,0.916138,1873,2.904236,13.934
1873,2,1.354291,0.424153,18.875151,0.917623,1874,2.906128,50.829
1874,2,1.487124,0.564006,18.999094,0.917599,1875,2.890564,13.444
1875,2,1.269378,0.558038,19.099666,0.917760,1876,2.847656,13.444
1876,2,1.485858,0.581893,19.041630,0.916900,1877,2.859436,13.540
1877,1,1.602046,0.650973,19.149225,0.917623,1878,2.921692,13.428
1878,2,1.678817,0.554098,19.202871,0.917230,1879,2.890564,46.035
1879,2,1.458382,0.534714,19.108464,0.916586,1880,2.863220,13.524
1880,3,1.279778,0.578682,19.068651,0.917159,1881,2.919800,13.470
1881,3,1.587504,0.629271,18.885020,0.917113,1882,2.906128,13.707
1882,2,1.473147,0.519933,19.095969,0.916826,1883,2.845764,13.425
1883,1,1.325019,0.567619,18.769720,0.917118,1884,2.906128,46.186
1884,3,1.717014,0.638063,18.962863,0.916480,1885,2.855652,13.527
1885,3,1.511623,0.726822,18.986683,0.917381,1886,2.890564,13.756
1886,2,1.581700,0.691189,19.009803,0.915716,1887,2.847656,14.083
1887,2,1.508637,0.635695,18.803280,0.917701,1888,2.919800,13.516
1888,0,1.511670,0.663766,18.871957,0.916485,1889,2.906128,50.002
1889,0,1.513570,0.478541,18.886189,0.917384,1890,2.890564,13.449
1890,3,1.636063,0.613480,18.989293,0.917580,1891,2.919800,13.331
1891,0,1.391623,0.569072,18.907641,0.917550,1892,2.906128,13.387
1892,2,1.575593,0.523357,19.159695,0.917800,1893,2.876892,13.508
1893,0,1.593863,0.609049,19.290369,0.917198,1894,2.843872,42.006
1894,0,1.599858,0.522373,19.197598,0.916764,1895,2.906128,13.400
1895,3,1.590571,0.571807,19.170104,0.917212,1896,2.904236,13.563
1896,0,1.660848,0.581788,19.085079,0.917195,1897,2.873108,13.429
1897,2,1.757754,0.498643,19.265678,0.917216,1898,2.921692,13.554
1898,1,1.439764,0.514799,19.113637,0.916274,1899,2.863220,46.288
1899,1,1.613862,0.587006,19.086741,0.917257,1900,2.890564,13.492
1900,0,1.273715,0.834850,19.100353,0.917169,1901,2.906128,13.440
1901,2,1.426591,0.631703,18.998568,0.916955,1902,2.873108,13.865
1902,1,1.454997,0.589821,18.866775,0.916526,1903,2.919800,13.716
1903,3,1.483271,0.576590,18.753599,0.918159,1904,2.890564,49.981
1904,3,1.395622,0.630304,18.867693,0.916940,1905,2.799072,13.600
1905,0,1.257390,0.455408,19.046831,0.917392,1906,2.931580,13.456
1906,3,1.465723,0.655201,18.964687,0.915913,1907,2.890564,13.387
1907,3,1.446041,0.581295,18.785955,0.917238,1908,2.863220,13.595
1908,0,1.732853,0.609085,18.675704,0.917512,1909,2.888672,13.565
1909,3,1.400085,0.657781,18.676094,0.917580,1910,2.876892,13.474
1910,2,1.358713,0.460954,18.717266,0.917258,1911,2.890564,13.429
1911,3,1.764047,0.598969,18.815579,0.916979,1912,2.863220,13.430
1912,0,1.255610,0.586782,18.476788,0.916636,1913,2.841980,13.723
1913,3,1.771830,0.491348,18.699400,0.917168,1914,2.892456,13.792
1914,1,1.196591,0.482375,18.822052,0.916819,1915,2.890564,13.707
1915,2,1.237880,0.580681,18.912755,0.917083,1916,2.902344,13.593
1916,2,1.562386,0.622266,18.852805,0.917273,1917,2.890564,13.652
1917,3,1.411788,0.618812,18.837965,0.917630,1918,2.876892,46.258
1918,2,1.242022,0.657723,18.857756,0.917603,1919,2.947144,13.706
1919,0,1.856609,0.616572,19.277149,0.916937,1920,2.890564,13.582
1920,3,1.462891,0.533303,19.240289,0.916529,1921,2.785400,13.659
1921,1,1.606700,0.694636,19.331158,0.916729,1922,2.876892,13.719
1922,2,1.465362,0.606548,19.350976,0.917358,1923,2.890564,51.414
1923,2,1.470256,0.523866,19.420213,0.917203,1924,2.847656,14.305
1924,1,1.370220,0.515247,19.347913,0.917759,1925,2.935364,13.690
1925,1,1.445854,0.516042,19.275880,0.917936,1926,2.906128,13.596
1926,2,1.242845,0.614824,19.489846,0.917020,1927,2.890564,50.737
1927,0,1.566436,0.745308,19.429601,0.917447,1928,2.933472,15.053
1928,1,1.586246,0.540295,19.434266,0.916915,1929,2.845764,13.676
1929,2,1.748790,0.594552,19.457024,0.916971,1930,2.845764,13.647
1930,1,1.420976,0.711358,19.685535,0.916895,1931,2.931580,13.390
1931,1,1.319434,0.594265,19.820818,0.916656,1932,2.812744,50.029
1932,3,1.667505,0.654141,19.859474,0.916059,1933,2.832092,14.834
1933,3,1.422892,0.534990,19.923067,0.916229,1934,2.906128,70.764
1934,2,1.401322,0.631485,19.942366,0.917212,1935,2.863220,24.862
1935,3,1.256467,0.679523,20.023404,0.917569,1936,2.826416,17.279
1936,0,1.438510,0.554826,19.964538,0.917765,1937,2.904236,43.228
1937,1,1.489911,0.586218,19.793017,0.917565,1938,2.890564,20.947
1938,1,1.167527,0.708824,19.823833,0.916047,1939,2.863220,20.963
1939,2,1.804987,0.542911,19.667666,0.916723,1940,2.875000,55.008
1940,3,1.310390,0.549627,19.781842,0.916988,1941,2.890564,18.646
1941,3,1.775955,0.607683,19.956522,0.917677,1942,2.861328,13.614
1942,3,1.654492,0.492232,19.891173,0.918158,1943,2.904236,13.549
1943,0,1.768718,0.613066,20.035601,0.917071,1944,2.947144,13.482
1944,0,1.549625,0.602845,20.184020,0.916784,1945,2.878784,13.526
1945,2,1.331904,0.569404,20.043505,0.916044,1946,2.892456,13.329
1946,0,1.398030,0.626959,19.879772,0.916976,1947,2.904236,13.312
1947,3,1.827273,0.617614,20.056824,0.916694,1948,2.876892,13.422
1948,3,1.521531,0.702351,19.699754,0.917167,1949,2.906128,46.035
1949,1,1.414123,0.481673,19.633681,0.917833,1950,2.814636,13.663
1950,2,1.426986,0.496565,19.832394,0.917700,1951,2.863220,14.061
1951,1,1.054762,0.557261,19.656089,0.916096,1952,2.890564,13.332
1952,3,1.462700,0.655422,19.658807,0.915679,1953,2.890564,13.424
1953,0,1.563835,0.551615,19.699252,0.916452,1954,2.876892,13.772
1954,3,1.552058,0.599918,19.809497,0.916612,1955,2.890564,13.428
1955,1,1.735717,0.541976,19.600694,0.917818,1956,2.931580,13.350
1956,0,1.507024,0.708466,19.574408,0.916448,1957,2.863220,13.351
1957,0,1.360680,0.589299,19.590681,0.917336,1958,2.812744,13.918
1958,1,1.650903,0.571735,19.367390,0.917415,1959,2.888672,49.947
1959,3,1.204364,0.564946,19.360945,0.918042,1960,2.892456,13.734
1960,0,1.490983,0.554329,19.658365,0.917300,1961,2.812744,13.494
1961,3,1.535643,0.663036,19.420462,0.917331,1962,2.812744,13.575
1962,3,1.486418,0.648135,19.520761,0.916666,1963,2.906128,13.439
1963,0,1.418515,0.605945,19.511699,0.915685,1964,2.832092,50.024
1964,3,1.533987,0.655721,19.438912,0.917150,1965,2.812744,13.334
1965,2,1.463987,0.596504,19.255254,0.916827,1966,2.890564,13.631
1966,1,1.516799,0.560197,19.116604,0.917257,1967,2.875000,13.393
1967,3,1.431896,0.491988,19.136310,0.917507,1968,2.917908,13.493
1968,1,1.403197,0.609952,19.177546,0.917178,1969,2.890564,13.543
1969,2,1.629006,0.597908,19.360895,0.916942,1970,2.828308,13.431
1970,2,1.682369,0.615462,19.402974,0.917323,1971,2.863220,13.622
1971,1,1.386159,0.684040,19.348307,0.916770,1972,2.890564,13.890
1972,2,1.464784,0.507195,19.321341,0.917467,1973,2.890564,50.176
1973,1,1.836949,0.649246,19.274896,0.916526,1974,2.919800,13.660
1974,2,1.753133,0.636661,19.377074,0.916073,1975,2.873108,13.685
1975,2,1.808133,0.609221,19.300920,0.917427,1976,2.890564,13.556
1976,0,1.541980,0.542775,19.207562,0.917792,1977,2.876892,13.641
1977,3,1.514223,0.532898,19.220125,0.917692,1978,2.906128,50.085
1978,2,1.362974,0.611874,19.021095,0.916829,1979,2.843872,13.597
1979,1,1.539751,0.515591,18.949612,0.917069,1980,2.888672,13.704
1980,1,1.518555,0.576072,19.192620,0.916592,1981,2.904236,14.049
1981,3,1.561485,0.639610,19.303720,0.916641,1982,2.890564,50.317
1982,1,1.531967,0.578564,19.102686,0.917829,1983,2.878784,13.781
1983,2,1.618364,0.555206,19.084486,0.916827,1984,2.906128,13.666
1984,2,1.736080,0.612850,19.233840,0.917827,1985,2.921692,13.672
1985,3,1.340275,0.666508,19.388520,0.916818,1986,2.904236,13.690
1986,3,1.129672,0.624622,19.358695,0.916947,1987,2.888672,46.224
1987,2,1.693577,0.554616,19.616615,0.918034,1988,2.890564,13.239
1988,0,1.410366,0.503605,19.548398,0.917237,1989,2.876892,13.354
1989,1,1.622625,0.570380,19.523193,0.917033,1990,2.931580,13.519
1990,0,1.949782,0.558703,19.619994,0.917920,1991,2.875000,13.740
1991,0,1.463799,0.517827,19.687235,0.917377,1992,2.863220,49.930
1992,1,1.623534,0.439748,19.436732,0.917353,1993,2.919800,13.337
1993,0,1.371194,0.657352,19.406892,0.917362,1994,2.876892,13.380
1994,1,1.388991,0.495453,19.250350,0.917438,1995,2.906128,14.103
1995,0,1.517210,0.469932,19.202998,0.917023,1996,2.847656,13.519
1996,2,1.589002,0.563023,19.310829,0.917770,1997,2.904236,13.477
1997,3,1.692117,0.528610,19.454307,0.917261,1998,2.861328,13.354
1998,1,1.628777,0.546737,19.521733,0.916789,1999,2.875000,13.378
1999,0,1.660880,0.479530,19.279974,0.916840,2000,2.902344,13.335
2000,3,1.627166,0.567059,19.258665,0.917271,2001,2.890564,13.701
2001,0,1.349599,0.621390,19.223730,0.917482,2002,2.861328,13.534
2002,1,1.726501,0.589341,19.372400,0.918171,2003,2.947144,13.382
2003,2,1.558988,0.589047,19.323467,0.917498,2004,2.890564,13.414
2004,0,1.452873,0.627477,19.253678,0.916552,2005,2.878784,13.583
2005,2,1.111184,0.676302,19.254232,0.916896,2006,2.876892,45.991
2006,1,1.019111,0.687804,19.152499,0.917104,2007,2.875000,13.309
2007,1,1.330446,0.500356,19.160590,0.916666,2008,2.863220,13.403
2008,0,1.331658,0.611637,19.313966,0.916731,2009,2.904236,13.336
2009,1,1.667431,0.548507,19.277214,0.915716,2010,2.875000,13.441
2010,2,1.812947,0.653832,19.533900,0.917396,2011,2.875000,48.806
2011,1,1.538448,0.450747,19.548480,0.917364,2012,2.917908,13.577
2012,0,1.897529,0.628873,19.498994,0.916705,2013,2.861328,13.454
2013,3,1.482182,0.501544,19.512660,0.916959,2014,2.876892,13.379
2014,2,1.467406,0.598880,19.869969,0.916938,2015,2.900452,13.481
2015,2,1.609887,0.649283,20.015088,0.916456,2016,2.843872,42.074
2016,0,1.508092,0.577408,19.959759,0.918110,2017,2.863220,13.415
2017,0,1.487636,0.429307,19.744357,0.917292,2018,2.890564,13.580
2018,3,1.802331,0.558789,19.682480,0.916919,2019,2.863220,13.368
2019,2,1.331586,0.492902,19.454459,0.917172,2020,2.935364,13.421
2020,0,1.504397,0.509751,19.576031,0.917522,2021,2.919800,50.261
2021,1,1.344775,0.486911,19.403161,0.917593,2022,2.906128,13.594
2022,3,1.517841,0.616066,19.130994,0.916393,2023,2.878784,13.845
2023,3,1.562649,0.597708,19.111948,0.916151,2024,2.890564,13.391
2024,1,1.540238,0.573978,19.261644,0.916879,2025,2.906128,13.600
2025,1,1.446727,0.570822,19.294928,0.916887,2026,2.876892,49.872
2026,2,1.850067,0.639060,19.242462,0.917374,2027,2.888672,13.480
2027,1,1.718567,0.571065,19.254433,0.917534,2028,2.931580,13.568
2028,1,1.246581,0.527565,19.123485,0.917069,2029,2.863220,13.631
2029,1,1.789344,0.740857,19.088665,0.916789,2030,2.876892,13.612
2030,1,1.679657,0.568832,19.016833,0.917483,2031,2.888672,13.881
2031,3,1.059219,0.542149,19.122608,0.917196,2032,2.861328,14.002
2032,2,1.642917,0.639207,19.162573,0.917606,2033,2.906128,13.633
2033,2,1.374081,0.575709,19.230470,0.917230,2034,2.892456,13.698
2034,1,1.181652,0.572609,19.178035,0.916627,2035,2.781616,50.318
2035,2,1.581035,0.543804,19.104248,0.916720,2036,2.890564,13.623
2036,2,1.618870,0.647254,19.194993,0.916932,2037,2.875000,13.619
2037,3,1.147511,0.576316,19.278873,0.916691,2038,2.919800,13.593
2038,0,1.473944,0.640035,19.490274,0.917345,2039,2.876892,13.635
2039,0,1.541017,0.556620,19.640377,0.917643,2040,2.933472,42.315
2040,0,1.627781,0.533880,19.608700,0.917330,2041,2.919800,13.517
2041,1,1.516748,0.496658,19.617503,0.918026,2042,2.830200,13.950
2042,1,1.448532,0.645808,19.657775,0.917524,2043,2.873108,13.700
2043,2,1.806401,0.527854,19.674997,0.917752,2044,2.890564,13.604
2044,0,1.547091,0.639758,19.690384,0.916991,2045,2.890564,45.913
2045,3,1.160042,0.569524,19.607425,0.917811,2046,2.904236,13.429
2046,0,1.686404,0.575179,19.386626,0.917465,2047,2.875000,13.429
2047,1,1.440698,0.614395,19.271147,0.917575,2048,2.876892,13.403
2048,1,1.328870,0.642161,19.118729,0.917332,2049,2.904236,13.421
2049,1,1.377536,0.707138,19.336743,0.915178,2050,2.841980,46.770
2050,2,1.535409,0.600064,19.173970,0.916289,2051,2.876892,13.419
2051,0,1.143296,0.698807,19.361214,0.916692,2052,2.904236,13.679
2052,1,1.473694,0.618102,19.387444,0.915858,2053,2.875000,13.688
2053,1,1.548089,0.504516,19.400357,0.916781,2054,2.906128,13.407
2054,2,1.345286,0.532855,19.477759,0.916431,2055,2.892456,42.063
2055,1,1.736844,0.697187,19.755561,0.917990,2056,2.876892,13.414
2056,1,1.760522,0.640996,19.506291,0.916537,2057,2.919800,13.985
2057,1,1.577108,0.561788,19.596869,0.916401,2058,2.873108,13.407
2058,1,1.672976,0.601352,19.646150,0.917100,2059,2.875000,13.861
2059,0,1.240508,0.542392,19.716378,0.917381,2060,2.863220,50.284
2060,3,1.543902,0.487271,20.057246,0.917949,2061,2.828308,13.343
2061,0,1.235184,0.569751,20.030065,0.917343,2062,2.931580,13.407
2062,3,1.242917,0.613256,20.103461,0.917023,2063,2.904236,14.157
2063,3,1.557892,0.665777,20.075345,0.916369,2064,2.875000,13.582
2064,0,1.843324,0.538228,20.191529,0.917055,2065,2.917908,13.396
2065,0,1.237790,0.624247,19.984570,0.916447,2066,2.888672,13.360
2066,2,1.585093,0.567322,20.133615,0.916712,2067,2.935364,13.347
2067,2,1.992127,0.714646,20.457080,0.916727,2068,2.919800,13.400
2068,2,1.250209,0.691060,20.306542,0.917495,2069,2.906128,13.666
2069,0,1.551943,0.612067,20.204955,0.916495,2070,2.876892,13.536
2070,0,1.473252,0.557957,20.013466,0.916608,2071,2.904236,13.566
2071,3,1.288497,0.704111,19.901626,0.917343,2072,2.906128,13.538
2072,1,1.629969,0.641946,19.955665,0.917162,2073,2.892456,13.610
2073,2,1.389171,0.574093,19.827383,0.916667,2074,2.890564,46.146
2074,3,1.462501,0.604225,19.930206,0.916948,2075,2.826416,13.381
2075,2,1.651975,0.507658,19.999377,0.916329,2076,2.888672,13.562
2076,2,1.287234,0.512152,20.094823,0.917455,2077,2.863220,13.340
2077,0,1.196492,0.598976,19.871060,0.917573,2078,2.845764,13.391
2078,2,1.651798,0.690668,19.772445,0.916220,2079,2.826416,46.098
2079,2,1.459352,0.663787,20.008312,0.915656,2080,2.875000,13.377
2080,0,1.496100,0.787952,20.085024,0.916196,2081,2.859436,13.388
2081,2,1.417825,0.566603,19.822335,0.915794,2082,2.814636,13.355
2082,2,1.489488,0.524588,20.142307,0.916719,2083,2.906128,13.483
2083,2,1.442921,0.658992,19.961741,0.917679,2084,2.902344,46.430
2084,3,1.657576,0.650818,20.142204,0.917873,2085,2.935364,13.760
2085,1,1.799997,0.461916,20.000106,0.917382,2086,2.933472,13.649
2086,0,1.351146,0.599102,20.013782,0.916904,2087,2.890564,13.739
2087,0,1.456806,0.557285,19.987198,0.917925,2088,2.921692,13.751
2088,3,1.816831,0.575236,20.164865,0.916968,2089,2.892456,46.237
2089,3,1.409996,0.703210,20.108736,0.917034,2090,2.931580,13.499
2090,3,1.300680,0.623903,20.025685,0.916492,2091,2.863220,13.905
2091,0,1.779615,0.610526,19.829482,0.916592,2092,2.904236,13.602
2092,0,1.699617,0.642528,19.629560,0.916687,2093,2.921692,13.876
2093,3,1.347653,0.418452,19.664049,0.917163,2094,2.917908,46.290
2094,2,1.407191,0.557087,19.467861,0.916775,2095,2.931580,13.740
2095,2,1.514300,0.488046,19.372262,0.916857,2096,2.900452,13.804
2096,0,1.498186,0.656570,19.288698,0.917684,2097,2.919800,13.685
2097,3,1.318264,0.488226,19.258424,0.916882,2098,2.919800,13.646
2098,0,1.420439,0.609671,19.208909,0.917937,2099,2.863220,42.432
2099,1,1.457575,0.692346,19.158103,0.916601,2100,2.931580,13.618
2100,0,1.537352,0.720805,19.387874,0.917072,2101,2.830200,13.446
2101,3,1.596570,0.642462,19.315182,0.917334,2102,2.859436,13.349
2102,1,1.331439,0.632705,19.249247,0.916780,2103,2.890564,13.518
2103,3,1.430185,0.568844,19.306664,0.917533,2104,2.919800,49.449
2104,3,1.254238,0.588942,19.170582,0.916289,2105,2.826416,13.638
2105,1,1.446366,0.620095,19.317664,0.916681,2106,2.888672,13.343
2106,1,1.611231,0.454904,19.259406,0.916604,2107,2.890564,13.398
2107,1,1.273641,0.599942,19.320088,0.916752,2108,2.875000,13.504
2108,3,1.256092,0.466441,19.333015,0.917764,2109,2.892456,41.858
2109,0,1.621319,0.570724,19.426428,0.918312,2110,2.888672,13.410
2110,1,1.382833,0.575718,19.481782,0.916280,2111,2.892456,13.403
2111,3,1.359493,0.631415,19.599003,0.916946,2112,2.890564,13.978
2112,0,1.523955,0.632290,19.413336,0.917351,2113,2.890564,13.482
2113,1,1.598873,0.503896,19.460550,0.916849,2114,2.949036,42.082
2114,2,1.576345,0.717383,19.313200,0.915653,2115,2.947144,13.937
2115,0,0.964670,0.636702,19.304475,0.917531,2116,2.917908,13.717
2116,1,1.533719,0.540550,19.230888,0.917130,2117,2.919800,13.608
2117,3,1.164687,0.717021,19.112286,0.916930,2118,2.935364,13.431
2118,2,1.308863,0.535798,19.137091,0.916999,2119,2.878784,45.986
2119,3,1.742617,0.685117,19.164623,0.916589,2120,2.931580,13.437
2120,0,1.722573,0.615072,19.085417,0.917294,2121,2.878784,13.371
2121,0,1.279390,0.633332,19.060304,0.916580,2122,2.875000,13.432
2122,1,1.799349,0.531774,19.126932,0.917230,2123,2.921692,13.449
2123,2,1.441786,0.573729,19.045344,0.916559,2124,2.888672,45.983
2124,3,1.562685,0.574023,18.941574,0.917298,2125,2.917908,13.328
2125,1,1.599210,0.676745,18.990757,0.915423,2126,2.919800,13.702
2126,1,1.665865,0.576558,19.013829,0.916834,2127,2.843872,13.328
2127,2,1.553943,0.522929,19.107828,0.917662,2128,2.859436,13.388
2128,2,1.403987,0.500041,19.157599,0.918040,2129,2.890564,46.403
2129,3,1.414016,0.666064,19.156316,0.916815,2130,2.919800,13.626
2130,2,1.721985,0.704784,19.104701,0.917174,2131,2.906128,13.535
2131,2,1.538312,0.666156,19.137957,0.917042,2132,2.890564,13.388
2132,3,1.171219,0.454658,19.122116,0.916719,2133,2.890564,13.456
2133,2,1.327633,0.547941,19.169924,0.916417,2134,2.904236,45.906
2134,2,1.340026,0.490547,19.180139,0.917236,2135,2.853760,13.431
2135,3,1.515062,0.617609,19.110779,0.916475,2136,2.902344,13.649
2136,1,1.560526,0.503381,18.997425,0.916999,2137,2.904236,13.551
2137,3,1.515917,0.573099,18.899009,0.917612,2138,2.888672,13.650
2138,2,1.621562,0.509886,18.847104,0.916260,2139,2.878784,41.950
2139,2,1.115920,0.573231,18.786245,0.915423,2140,2.931580,13.438
2140,3,1.393004,0.468693,18.901835,0.916531,2141,2.878784,13.378
2141,2,1.777179,0.672870,18.832952,0.917648,2142,2.904236,13.697
2142,2,1.640271,0.489188,18.821234,0.918152,2143,2.906128,13.658
2143,2,1.506092,0.699748,18.859000,0.917535,2144,2.902344,50.488
2144,0,1.216633,0.578957,18.987109,0.916950,2145,2.947144,13.857
2145,0,1.730993,0.595211,18.879114,0.917079,2146,2.933472,14.106
2146,1,1.335822,0.553802,18.899171,0.916888,2147,2.890564,13.882
2147,1,1.099226,0.590274,19.182489,0.918157,2148,2.892456,13.841
2148,0,1.788728,0.492140,18.938819,0.917962,2149,2.843872,46.152
2149,0,1.761772,0.625548,19.028324,0.916951,2150,2.873108,13.755
2150,0,1.533063,0.670602,19.176999,0.917364,2151,2.890564,13.562
2151,3,1.793394,0.557725,19.167081,0.917084,2152,2.890564,13.676
2152,3,1.164837,0.613447,19.417687,0.917249,2153,2.906128,13.654
2153,0,1.217485,0.518012,19.410908,0.917010,2154,2.933472,13.676
2154,2,1.326584,0.541808,19.490032,0.917251,2155,2.931580,13.598
2155,1,1.540539,0.401568,19.455418,0.917201,2156,2.933472,13.780
2156,3,1.130416,0.455433,19.684045,0.917259,2157,2.888672,13.827
2157,2,1.860461,0.559663,19.585479,0.917731,2158,2.919800,13.624
2158,0,1.502639,0.617799,19.543276,0.915633,2159,2.878784,13.480
2159,2,1.727836,0.456227,19.649804,0.917032,2160,2.869324,14.053
2160,2,1.456973,0.500513,19.611967,0.917958,2161,2.847656,13.500
2161,1,1.763365,0.657487,19.641342,0.917313,2162,2.904236,13.436
2162,3,1.308818,0.684951,19.759602,0.917281,2163,2.906128,46.048
2163,3,1.610621,0.602978,19.765740,0.917620,2164,2.933472,13.361
2164,1,1.667158,0.600164,19.918886,0.917632,2165,2.931580,13.454
2165,2,1.570566,0.585918,19.959579,0.917484,2166,2.931580,13.350
2166,1,1.330965,0.442253,20.133902,0.917299,2167,2.904236,13.372
2167,2,1.417520,0.652505,20.253729,0.916702,2168,2.843872,46.359
2168,2,1.680369,0.595603,20.313014,0.917345,2169,2.892456,13.403
2169,0,1.670366,0.444104,20.298705,0.917611,2170,2.904236,14.124
2170,3,1.323833,0.622436,20.382244,0.917271,2171,2.906128,13.324
2171,2,1.812936,0.590872,20.510484,0.916643,2172,2.875000,13.422
2172,0,1.522650,0.643822,20.251457,0.917364,2173,2.828308,49.970
2173,0,1.633995,0.542945,20.438301,0.917512,2174,2.902344,13.450
2174,0,1.209222,0.483223,20.464150,0.917018,2175,2.904236,13.434
2175,0,1.463625,0.466495,20.301859,0.917625,2176,2.859436,13.684
2176,0,1.866206,0.479058,20.369767,0.917602,2177,2.890564,13.453
2177,0,1.379098,0.577635,20.472599,0.917369,2178,2.873108,50.043
2178,3,1.469354,0.626621,20.644007,0.916650,2179,2.890564,13.432
2179,0,1.305415,0.602350,20.169138,0.917217,2180,2.904236,13.391
2180,3,1.500697,0.571795,20.152089,0.917700,2181,2.878784,13.417
2181,2,1.490648,0.564561,20.262443,0.916611,2182,2.890564,13.432
2182,2,1.468614,0.753446,20.186174,0.918199,2183,2.921692,13.486
2183,1,1.626315,0.602807,20.121154,0.917047,2184,2.904236,13.382
2184,2,1.592064,0.529321,19.934427,0.918219,2185,2.863220,13.430
2185,1,1.401085,0.596327,19.905017,0.916996,2186,2.875000,13.418
2186,0,0.995527,0.398925,19.992670,0.916803,2187,2.919800,13.621
2187,2,1.395681,0.680177,20.094198,0.917137,2188,2.904236,13.735
2188,1,1.297592,0.696870,19.965722,0.916539,2189,2.890564,13.352
2189,1,1.508165,0.491862,20.063881,0.917750,2190,2.890564,13.605
2190,1,1.485328,0.555096,20.111342,0.916518,2191,2.890564,13.565
2191,2,1.483595,0.660963,20.028595,0.916630,2192,2.812744,50.184
2192,1,1.330644,0.604376,20.026594,0.917429,2193,2.888672,13.516
2193,1,1.351853,0.545575,20.125899,0.916611,2194,2.841980,13.540
2194,2,1.426807,0.613057,19.854055,0.917178,2195,2.857544,13.402
2195,1,1.590797,0.517456,19.980141,0.917131,2196,2.843872,13.448
2196,3,1.830519,0.476281,19.799358,0.916892,2197,2.814636,49.930
2197,1,1.293525,0.433890,19.751531,0.916565,2198,2.876892,13.936
2198,0,1.544088,0.642110,19.780871,0.917034,2199,2.876892,13.629
2199,2,1.561175,0.511245,19.875372,0.917052,2200,2.876892,13.658
2200,2,1.099578,0.454778,19.790324,0.916399,2201,2.876892,13.653
2201,0,1.144393,0.581928,19.873615,0.917194,2202,2.876892,13.635
2202,1,1.531981,0.636231,19.702738,0.916904,2203,2.878784,13.586
2203,3,1.473621,0.689394,19.613750,0.916625,2204,2.812744,13.588
2204,0,1.644289,0.542120,19.736825,0.917216,2205,2.902344,13.861
2205,1,1.695893,0.518283,19.575537,0.916532,2206,2.875000,46.496
2206,2,1.825617,0.437362,19.391530,0.917977,2207,2.906128,13.623
2207,3,1.621378,0.644024,19.161994,0.917006,2208,2.888672,13.900
2208,2,1.570559,0.607752,18.896508,0.916986,2209,2.917908,13.864
2209,0,1.847679,0.567339,18.999790,0.916552,2210,2.892456,13.577
2210,2,1.590780,0.569054,18.893781,0.917233,2211,2.904236,13.454
2211,0,1.168696,0.559549,18.974291,0.917139,2212,2.904236,13.602
2212,3,1.220255,0.511663,19.155426,0.916609,2213,2.875000,13.584
2213,1,1.601563,0.517879,19.354507,0.916810,2214,2.873108,13.549
2214,3,1.518198,0.594260,19.126189,0.916650,2215,2.859436,13.312
2215,2,1.237279,0.587993,19.077198,0.917450,2216,2.826416,49.935
2216,0,1.795058,0.627765,19.127496,0.916590,2217,2.904236,13.345
2217,2,1.391019,0.501305,18.988068,0.917481,2218,2.921692,13.294
2218,1,1.436694,0.489854,18.996263,0.917160,2219,2.917908,13.630
2219,3,1.636143,0.564599,18.971947,0.917011,2220,2.919800,13.520
2220,3,1.295846,0.611472,18.727515,0.917460,2221,2.904236,42.452
2221,3,1.619569,0.428854,18.559457,0.916560,2222,2.826416,13.400
2222,2,1.505461,0.590030,18.714603,0.917936,2223,2.904236,13.506
2223,0,1.644945,0.621179,18.933410,0.918129,2224,2.890564,13.374
2224,1,1.825641,0.504854,18.963023,0.916006,2225,2.875000,13.465
2225,3,1.621297,0.463772,18.955162,0.917116,2226,2.890564,45.901
2226,2,1.780975,0.508726,19.129548,0.917279,2227,2.904236,13.982
2227,2,1.273646,0.603223,18.942533,0.917560,2228,2.812744,13.435
2228,0,1.389541,0.522289,18.820359,0.917047,2229,2.890564,13.386
2229,3,1.477108,0.599965,18.756230,0.916972,2230,2.890564,13.758
2230,3,1.665843,0.530055,18.514601,0.917583,2231,2.919800,49.983
2231,3,1.271974,0.553863,18.555377,0.916912,2232,2.904236,13.361
2232,2,1.451691,0.586079,18.917735,0.916768,2233,2.906128,13.497
2233,0,1.442343,0.587789,18.930313,0.918164,2234,2.904236,13.362
2234,3,1.361821,0.590619,19.107595,0.917981,2235,2.855652,14.007
2235,3,1.106363,0.631872,19.278314,0.916714,2236,2.888672,13.493
2236,3,1.620372,0.480052,19.385538,0.917744,2237,2.878784,14.087
2237,3,1.620716,0.484839,19.374485,0.916605,2238,2.919800,13.388
2238,1,1.704003,0.691887,19.632833,0.916514,2239,2.904236,13.827
2239,3,1.355323,0.645741,19.997738,0.916930,2240,2.906128,46.515
2240,2,1.252494,0.709673,20.382566,0.916765,2241,2.875000,13.411
2241,3,1.335801,0.561353,20.300966,0.917246,2242,2.947144,13.405
2242,2,1.790850,0.545495,20.416597,0.917773,2243,2.888672,13.564
2243,0,1.716526,0.743899,20.484274,0.916840,2244,2.876892,13.402
2244,2,1.269065,0.621198,20.513326,0.915934,2245,2.888672,46.130
2245,1,1.452764,0.631011,20.232856,0.916816,2246,2.904236,13.367
2246,1,1.406418,0.669066,20.519439,0.916049,2247,2.919800,13.370
2247,0,1.682398,0.537313,20.532681,0.916111,2248,2.875000,13.692
2248,3,1.569684,0.626557,20.512209,0.916851,2249,2.873108,13.433
2249,1,1.200606,0.569635,20.737481,0.916897,2250,2.919800,46.244
2250,3,1.447904,0.584234,20.508755,0.917115,2251,2.890564,13.653
2251,2,1.344290,0.497891,20.487162,0.917344,2252,2.892456,13.573
2252,1,1.722259,0.562813,20.664772,0.916972,2253,2.935364,13.394
2253,1,1.712538,0.610349,20.730924,0.916429,2254,2.841980,13.399
2254,1,1.595504,0.582126,20.597441,0.917101,2255,2.890564,50.455
2255,2,1.648316,0.489982,20.089634,0.917389,2256,2.875000,13.701
2256,2,1.653005,0.602223,20.209448,0.917080,2257,2.931580,13.566
2257,2,1.749038,0.663639,20.190667,0.916621,2258,2.906128,13.562
2258,1,1.647220,0.488263,20.140776,0.917563,2259,2.863220,50.228
2259,3,1.402206,0.593355,20.132338,0.917410,2260,2.890564,13.767
2260,1,1.333175,0.706918,20.028631,0.915849,2261,2.890564,13.743
2261,0,1.383457,0.706074,20.254760,0.915813,2262,2.904236,13.667
2262,2,1.779737,0.604626,20.572221,0.916177,2263,2.919800,13.736
2263,2,1.615752,0.492157,20.296219,0.917681,2264,2.875000,13.621
2264,1,1.314086,0.692834,20.296894,0.916406,2265,2.904236,13.691
2265,1,1.413873,0.576068,20.369782,0.917222,2266,2.890564,13.850
2266,0,1.771117,0.727726,20.184996,0.916363,2267,2.919800,13.786
2267,0,1.757826,0.489493,19.982500,0.916812,2268,2.919800,13.635
2268,1,1.520523,0.588460,19.806433,0.916722,2269,2.873108,46.157
2269,2,1.766664,0.651225,19.945555,0.916754,2270,2.859436,13.650
2270,2,1.340738,0.523125,19.966390,0.916146,2271,2.919800,13.974
2271,3,1.500458,0.520636,19.791988,0.917750,2272,2.917908,13.525
2272,0,1.643282,0.556427,19.685141,0.916699,2273,2.890564,13.382
2273,3,1.429445,0.593399,19.896846,0.916602,2274,2.861328,45.850
2274,3,1.508953,0.481817,19.964520,0.916871,2275,2.904236,13.414
2275,1,1.473819,0.526863,19.905224,0.916977,2276,2.875000,13.338
2276,0,1.528291,0.476830,19.764571,0.917249,2277,2.890564,13.398
2277,0,1.699825,0.645427,19.709736,0.915751,2278,2.904236,13.421
2278,3,1.478856,0.447580,19.804278,0.917593,2279,2.888672,49.968
2279,0,1.581299,0.533503,19.602846,0.916279,2280,2.906128,13.418
2280,2,1.635088,0.539928,19.765796,0.916396,2281,2.890564,13.561
2281,0,1.456193,0.618632,19.940302,0.916798,2282,2.890564,13.568
2282,0,1.673918,0.550732,19.995226,0.916385,2283,2.875000,13.352
2283,3,1.222695,0.624807,19.870111,0.916808,2284,2.919800,42.025
2284,0,1.322173,0.589876,19.921918,0.917483,2285,2.888672,13.297
2285,2,1.479295,0.577410,19.873044,0.917102,2286,2.888672,13.409
2286,1,1.584525,0.605923,19.922154,0.917605,2287,2.902344,13.433
2287,0,1.428544,0.595859,20.019930,0.917440,2288,2.890564,13.430
2288,2,1.211246,0.723791,19.989786,0.916740,2289,2.904236,46.001
2289,3,1.635010,0.520266,19.962658,0.916796,2290,2.888672,13.435
2290,3,1.187678,0.660557,19.987410,0.917220,2291,2.904236,13.417
2291,0,1.675530,0.486269,20.094315,0.917022,2292,2.859436,13.718
2292,3,1.707352,0.626680,20.229035,0.916903,2293,2.878784,13.510
2293,3,1.132966,0.493329,20.205863,0.917045,2294,2.904236,50.030
2294,1,1.532539,0.665251,20.068299,0.916968,2295,2.890564,13.410
2295,1,1.581630,0.711945,20.415706,0.918031,2296,2.906128,14.185
2296,1,1.320549,0.593879,20.106842,0.916619,2297,2.890564,13.296
2297,0,1.677981,0.523430,19.810756,0.918302,2298,2.890564,50.066
2298,1,1.437907,0.593450,19.927110,0.916865,2299,2.875000,13.892
2299,1,1.456546,0.732027,20.162898,0.915936,2300,2.919800,13.947
2300,0,1.508047,0.664510,19.943785,0.915567,2301,2.875000,13.994
2301,1,1.535553,0.577656,19.768211,0.916845,2302,2.875000,13.848
2302,3,1.651999,0.512015,19.644807,0.917672,2303,2.875000,13.760
2303,3,1.500446,0.446323,19.582557,0.917233,2304,2.890564,13.446
2304,3,1.619276,0.495566,19.469817,0.915954,2305,2.890564,13.404
2305,0,1.529216,0.583788,19.269710,0.916960,2306,2.875000,13.485
2306,3,1.615806,0.518019,19.219524,0.917447,2307,2.876892,13.329
2307,3,1.162435,0.607965,19.181823,0.916913,2308,2.832092,13.432
2308,3,1.281374,0.552785,18.972838,0.916837,2309,2.919800,14.519
2309,3,1.421681,0.810714,18.963180,0.916278,2310,2.890564,13.451
2310,3,1.452659,0.505624,18.836934,0.917359,2311,2.933472,13.318
2311,2,1.244280,0.609456,19.005789,0.916349,2312,2.919800,13.674
2312,2,1.659286,0.535024,18.709912,0.916869,2313,2.919800,50.289
2313,2,1.817631,0.687358,18.609436,0.916887,2314,2.906128,13.722
2314,1,1.526121,0.518989,18.539206,0.917057,2315,2.890564,13.590
2315,3,1.437010,0.579892,18.550460,0.917086,2316,2.888672,13.557
2316,0,1.588895,0.435102,18.644526,0.917219,2317,2.890564,13.582
2317,2,1.474841,0.490938,18.652036,0.916406,2318,2.919800,42.346
2318,1,1.300910,0.473291,18.548877,0.917504,2319,2.875000,13.620
2319,0,1.348594,0.553298,18.763594,0.916015,2320,2.904236,13.701
2320,1,1.371432,0.486779,18.904556,0.917424,2321,2.876892,13.617
2321,2,0.954006,0.469057,18.831879,0.917194,2322,2.878784,13.706
2322,1,1.414876,0.444848,18.740175,0.917237,2323,2.878784,50.997
2323,3,1.370216,0.581457,18.659570,0.917127,2324,2.873108,13.911
2324,2,1.069694,0.563873,18.578707,0.917879,2325,2.873108,13.569
2325,3,1.865574,0.493827,18.750946,0.917496,2326,2.933472,13.532
2326,0,1.336019,0.528470,18.703641,0.916902,2327,2.890564,13.701
2327,0,1.506612,0.654889,18.609406,0.916211,2328,2.919800,13.426
2328,2,1.246491,0.459699,18.680252,0.917247,2329,2.904236,13.356
2329,2,1.234337,0.662120,18.731602,0.917142,2330,2.890564,13.534
2330,0,1.645862,0.679001,18.681408,0.917128,2331,2.876892,13.453
2331,3,1.328015,0.612180,18.502303,0.917413,2332,2.904236,48.888
2332,3,1.486284,0.496490,18.639066,0.916809,2333,2.904236,13.413
2333,1,1.982490,0.489383,18.765546,0.917829,2334,2.830200,13.714
2334,2,1.553021,0.710969,18.800797,0.916453,2335,2.919800,13.413
2335,0,1.634191,0.722555,18.850930,0.916139,2336,2.890564,13.418
2336,2,1.399933,0.605551,19.003722,0.916458,2337,2.892456,45.969
2337,3,1.540734,0.582601,18.816212,0.916636,2338,2.853760,13.651
2338,1,1.911977,0.616247,18.734835,0.916423,2339,2.919800,13.598
2339,1,1.344396,0.618030,18.989275,0.916700,2340,2.890564,13.411
2340,1,1.835241,0.554506,19.244260,0.917800,2341,2.876892,13.374
2341,0,1.790301,0.608061,19.344980,0.917259,2342,2.904236,46.093
2342,0,1.389670,0.544855,19.343195,0.916792,2343,2.919800,13.345
2343,0,1.656678,0.571608,19.443550,0.916182,2344,2.871216,13.566
2344,2,1.476657,0.670905,19.407159,0.918607,2345,2.875000,13.605
2345,1,1.632064,0.632012,19.277110,0.916728,2346,2.876892,13.373
2346,2,1.513113,0.706050,19.489304,0.915830,2347,2.863220,46.121
2347,1,1.651426,0.490356,19.667139,0.916857,2348,2.841980,13.408
2348,1,1.349235,0.613294,19.624813,0.917088,2349,2.890564,13.449
2349,0,1.420547,0.570767,19.742207,0.917868,2350,2.921692,13.303
2350,1,1.586694,0.574584,19.814482,0.916962,2351,2.904236,13.378
2351,3,1.739746,0.536608,19.926611,0.916802,2352,2.888672,41.913
2352,0,1.539131,0.542883,19.803007,0.916958,2353,2.878784,13.422
2353,2,1.260637,0.478681,19.492486,0.916647,2354,2.904236,13.709
2354,3,1.500082,0.599158,19.694711,0.916928,2355,2.919800,13.640
2355,0,1.276149,0.591305,19.834768,0.917038,2356,2.826416,13.647
2356,3,1.713131,0.646162,19.846163,0.916302,2357,2.906128,46.139
2357,2,1.669371,0.467827,19.850425,0.917444,2358,2.890564,13.337
2358,0,1.271984,0.570753,19.825718,0.916349,2359,2.904236,13.368
2359,1,1.499747,0.487667,19.794526,0.915607,2360,2.890564,13.384
2360,0,1.459109,0.743624,19.834198,0.917334,2361,2.919800,13.364
2361,3,1.556623,0.545632,19.598930,0.917786,2362,2.871216,46.324
2362,0,1.478243,0.738605,19.635218,0.915827,2363,2.875000,13.389
2363,0,1.501554,0.568642,19.840077,0.917475,2364,2.875000,13.495
2364,0,1.701957,0.635532,19.838284,0.917036,2365,2.947144,13.428
2365,3,1.585758,0.469972,19.956057,0.917464,2366,2.904236,13.570
2366,1,1.224727,0.615463,20.003553,0.916708,2367,2.906128,42.084
2367,3,1.527132,0.581173,19.966176,0.917614,2368,2.919800,13.395
2368,2,1.404076,0.565248,20.075849,0.917231,2369,2.826416,13.775
2369,3,1.296666,0.706107,20.087779,0.917199,2370,2.861328,13.796
2370,2,1.660257,0.530562,20.225182,0.916886,2371,2.904236,13.715
2371,0,1.570636,0.612617,19.896980,0.917451,2372,2.863220,13.728
2372,2,1.756589,0.654298,19.655036,0.917294,2373,2.890564,13.665
2373,1,1.128551,0.661906,19.577892,0.915886,2374,2.812744,13.722
2374,3,1.532904,0.509621,19.436610,0.917067,2375,2.890564,13.539
2375,2,1.519264,0.584180,19.203710,0.916776,2376,2.933472,13.591
2376,1,1.223557,0.684935,19.422368,0.916109,2377,2.916016,48.348
2377,3,1.627337,0.552353,19.496272,0.917516,2378,2.890564,13.902
2378,2,1.617945,0.626315,19.670277,0.916631,2379,2.847656,13.650
2379,3,1.535641,0.542065,19.717707,0.916721,2380,2.916016,13.666
2380,0,1.514049,0.546821,19.801879,0.917990,2381,2.890564,13.566
2381,2,1.716439,0.635761,19.715791,0.917348,2382,2.917908,42.114
2382,1,1.661853,0.582930,19.924909,0.916631,2383,2.826416,14.464
2383,0,1.390052,0.619865,19.783741,0.917769,2384,2.878784,13.654
2384,1,1.765278,0.521923,19.882453,0.917472,2385,2.890564,13.698
2385,0,1.355336,0.471328,20.234121,0.915563,2386,2.904236,13.420
2386,0,1.612341,0.452556,20.197050,0.918341,2387,2.847656,13.689
2387,3,1.278547,0.534936,20.164916,0.917215,2388,2.826416,13.589
2388,0,1.595786,0.518193,20.224215,0.916880,2389,2.906128,13.616
2389,3,1.391883,0.647672,19.857101,0.916747,2390,2.904236,13.402
2390,3,1.504367,0.665754,19.678705,0.916500,2391,2.876892,13.441
2391,2,1.221084,0.537763,19.644195,0.916959,2392,2.931580,46.026
2392,0,1.433618,0.615554,19.474720,0.917770,2393,2.875000,13.367
2393,0,1.395611,0.530033,19.495105,0.917624,2394,2.919800,13.385
2394,3,1.658992,0.640696,19.561322,0.915795,2395,2.826416,13.698
2395,0,1.195641,0.580298,19.424321,0.916530,2396,2.904236,13.348
2396,1,1.462720,0.704569,19.439601,0.915635,2397,2.892456,14.076
2397,3,1.751990,0.434653,19.416642,0.916629,2398,2.904236,13.474
2398,1,1.341699,0.556456,19.505519,0.916575,2399,2.799072,13.686
2399,3,1.416243,0.542763,19.450331,0.917279,2400,2.863220,13.605
2400,1,1.538675,0.683977,19.331292,0.915209,2401,2.875000,14.078
2401,1,1.969618,0.632695,19.596785,0.917401,2402,2.904236,47.355
2402,0,1.362378,0.605496,19.492551,0.917474,2403,2.873108,13.458
2403,3,1.591621,0.612754,19.756751,0.916263,2404,2.919800,13.376
2404,0,1.442030,0.592661,19.721657,0.916826,2405,2.812744,13.380
2405,1,1.579781,0.566325,19.590434,0.916531,2406,2.878784,13.594
2406,3,1.665927,0.477897,19.625845,0.917732,2407,2.876892,13.381
2407,3,1.371376,0.683336,19.662123,0.917003,2408,2.906128,13.458
2408,3,1.215640,0.532747,19.757397,0.916731,2409,2.919800,13.510
2409,3,1.485767,0.637700,19.835236,0.916643,2410,2.875000,13.656
2410,1,1.733032,0.564259,19.780854,0.916531,2411,2.902344,13.430
2411,3,1.669294,0.647509,19.851754,0.916277,2412,2.892456,13.423
2412,0,1.432598,0.628365,19.590901,0.915744,2413,2.816528,13.345
2413,1,1.794833,0.622038,19.480999,0.916079,2414,2.888672,13.350
2414,2,1.550027,0.602503,19.478344,0.917742,2415,2.917908,13.293
2415,0,1.403810,0.591031,19.340686,0.916002,2416,2.890564,13.667
2416,0,1.311066,0.495695,19.259321,0.917176,2417,2.931580,46.005
2417,3,1.426294,0.495674,19.429559,0.917164,2418,2.904236,13.425
2418,3,1.370852,0.522200,19.489817,0.917535,2419,2.890564,13.396
2419,1,1.267752,0.548489,19.581787,0.916830,2420,2.890564,13.620
2420,0,1.723361,0.541234,19.494615,0.916825,2421,2.890564,13.477
2421,1,1.477493,0.546157,19.857312,0.916831,2422,2.921692,46.001
2422,1,1.325047,0.562273,19.806980,0.917566,2423,2.886780,13.404
2423,2,0.786277,0.565418,19.812370,0.917012,2424,2.847656,13.416
2424,0,1.095059,0.496322,20.017949,0.916111,2425,2.890564,13.568
2425,1,1.183463,0.603318,20.046284,0.916755,2426,2.906128,13.637
2426,3,1.449072,0.582481,20.138140,0.916549,2427,2.890564,13.696
2427,1,1.572549,0.614631,20.243878,0.916283,2428,2.917908,13.708
2428,2,1.662026,0.570810,20.265503,0.916468,2429,2.857544,13.683
2429,0,1.647771,0.649771,20.173291,0.917900,2430,2.906128,13.673
2430,2,1.744043,0.569472,20.087607,0.917462,2431,2.875000,13.821
2431,2,1.627210,0.709066,20.127276,0.917029,2432,2.931580,14.358
2432,3,1.621491,0.665265,20.110602,0.916458,2433,2.890564,13.661
2433,0,1.724087,0.730869,20.040602,0.916250,2434,2.841980,13.625
2434,3,1.529236,0.566807,20.126532,0.917337,2435,2.919800,13.655
2435,2,1.126106,0.506763,19.841355,0.916914,2436,2.919800,13.603
2436,2,1.558474,0.527725,20.048192,0.916953,2437,2.904236,46.239
2437,2,1.629688,0.566471,20.214767,0.917522,2438,2.814636,13.635
2438,1,1.309081,0.673451,20.164171,0.916413,2439,2.888672,13.679
2439,2,1.364954,0.523419,20.228082,0.916755,2440,2.919800,13.580
2440,2,1.406313,0.503988,20.181505,0.917732,2441,2.859436,13.342
2441,2,1.352622,0.540972,20.180925,0.917135,2442,2.904236,47.063
2442,3,1.595307,0.586289,20.161566,0.916735,2443,2.906128,13.361
2443,3,1.405718,0.536540,19.920173,0.917763,2444,2.890564,13.333
2444,2,1.250728,0.482521,19.909863,0.917061,2445,2.875000,13.452
2445,3,1.243375,0.624999,19.707833,0.917108,2446,2.921692,13.407
2446,3,1.284890,0.603758,19.663570,0.917217,2447,2.933472,42.340
2447,1,1.359380,0.657567,19.774947,0.917192,2448,2.863220,13.476
2448,2,1.670249,0.548059,19.791168,0.917249,2449,2.873108,13.510
2449,1,1.354839,0.541942,19.487335,0.916652,2450,2.906128,13.328
2450,3,1.517884,0.516585,19.352717,0.916473,2451,2.859436,13.468
2451,0,1.758926,0.645884,19.197479,0.917177,2452,2.865112,46.649
2452,3,1.032405,0.469551,19.015594,0.918382,2453,2.906128,13.772
2453,0,1.434578,0.595159,18.854080,0.916535,2454,2.906128,13.437
2454,3,1.652322,0.657164,19.081362,0.916587,2455,2.904236,13.427
2455,2,1.436986,0.672893,18.938246,0.917096,2456,2.894348,13.415
2456,3,1.171397,0.665237,18.750036,0.917642,2457,2.906128,45.919
2457,3,1.482867,0.565588,18.818079,0.917294,2458,2.921692,13.356
2458,0,1.370137,0.544131,18.769596,0.917140,2459,2.904236,13.346
2459,0,1.473380,0.582108,18.723872,0.915557,2460,2.828308,13.414
2460,3,1.272950,0.551208,18.459945,0.916550,2461,2.875000,13.348
2461,3,1.426605,0.487631,18.583439,0.916820,2462,2.917908,13.495
2462,2,1.469519,0.517819,18.753446,0.916747,2463,2.888672,13.575
2463,2,1.656644,0.542325,18.873511,0.917101,2464,2.919800,13.800
2464,0,1.650821,0.579750,18.654954,0.917169,2465,2.888672,13.484
2465,1,1.449745,0.547926,18.505754,0.917204,2466,2.861328,13.444
2466,1,1.218890,0.599482,18.286153,0.916587,2467,2.875000,13.497
2467,3,1.665614,0.583832,18.394213,0.917193,2468,2.816528,13.466
2468,3,1.639482,0.468998,18.304687,0.917275,2469,2.890564,13.493
2469,0,1.217209,0.542296,18.293206,0.917001,2470,2.826416,13.884
2470,3,1.582174,0.490495,18.259937,0.917904,2471,2.859436,13.351
2471,2,1.338814,0.559347,18.276166,0.917620,2472,2.904236,50.149
2472,2,1.351564,0.599560,18.420559,0.916442,2473,2.890564,13.509
2473,0,1.892326,0.633785,18.603679,0.917130,2474,2.890564,13.645
2474,1,1.631015,0.558235,18.655058,0.917191,2475,2.859436,13.412
2475,3,1.477671,0.464579,18.497983,0.916264,2476,2.931580,13.449
2476,1,1.806136,0.658659,18.717872,0.917372,2477,2.921692,49.993
2477,3,1.488969,0.502003,18.873778,0.917274,2478,2.921692,13.655
2478,3,1.100683,0.574352,18.759685,0.917253,2479,2.878784,13.467
2479,0,1.610419,0.467126,18.810827,0.916963,2480,2.878784,13.482
2480,0,1.108674,0.484674,18.727894,0.916221,2481,2.919800,13.498
2481,1,1.587959,0.600684,18.858587,0.916482,2482,2.921692,13.630
2482,1,1.698986,0.516384,18.905836,0.916314,2483,2.919800,13.945
2483,3,1.656335,0.556301,19.009958,0.916677,2484,2.890564,13.562
2484,3,1.305383,0.553596,19.148176,0.918229,2485,2.875000,13.628
2485,0,1.619884,0.697531,19.189561,0.916039,2486,2.886780,46.227
2486,3,1.465025,0.574034,19.050646,0.916763,2487,2.861328,13.673
2487,1,1.453626,0.723824,19.113930,0.916787,2488,2.917908,13.747
2488,0,1.275151,0.511532,19.272851,0.917411,2489,2.888672,19.635
2489,1,1.159431,0.546146,19.164495,0.917595,2490,2.890564,59.307
2490,0,1.172135,0.587322,19.135609,0.917048,2491,2.826416,14.496
2491,3,1.585461,0.680991,19.159042,0.915814,2492,2.863220,14.785
2492,3,1.783762,0.812735,19.240196,0.915382,2493,2.904236,20.107
2493,2,1.504225,0.513612,19.119378,0.917976,2494,2.904236,61.519
2494,2,1.285597,0.560311,18.930966,0.916436,2495,2.904236,13.785
2495,0,1.350999,0.618274,18.658163,0.917012,2496,2.843872,13.977
2496,1,1.235246,0.436772,18.693314,0.917442,2497,2.890564,13.801
2497,3,1.700848,0.477613,18.623675,0.917417,2498,2.962708,45.895
2498,3,1.744426,0.651016,18.894064,0.915807,2499,2.921692,13.336
2499,0,1.491752,0.640999,18.882332,0.917258,2500,2.904236,13.685
2500,3,1.482250,0.653889,19.023676,0.917066,2501,2.904236,13.570
2501,0,1.569067,0.650085,18.909249,0.916341,2502,2.904236,46.120
2502,2,1.620312,0.654152,18.938482,0.918042,2503,2.826416,13.357
2503,0,1.743235,0.473808,18.818740,0.917158,2504,2.876892,13.345
2504,1,1.705437,0.555190,18.813998,0.916413,2505,2.919800,13.404
2505,0,1.299084,0.551006,18.777223,0.917086,2506,2.904236,13.292
2506,2,1.342705,0.639717,18.804490,0.916631,2507,2.890564,45.924
2507,3,1.222020,0.481218,18.946388,0.917426,2508,2.919800,13.411
2508,3,1.667462,0.555887,18.817156,0.917440,2509,2.890564,14.778
2509,1,1.330878,0.484244,18.973375,0.918349,2510,2.875000,13.880
2510,2,1.485364,0.464733,18.908146,0.917897,2511,2.921692,13.537
2511,0,1.486514,0.572119,18.822213,0.917503,2512,2.906128,13.331
2512,3,1.126524,0.563475,18.656739,0.916705,2513,2.917908,13.414
2513,2,1.604904,0.487017,18.521952,0.916121,2514,2.832092,13.509
2514,1,1.499223,0.526558,18.439891,0.916932,2515,2.919800,13.416
2515,3,1.751536,0.570437,18.475139,0.917839,2516,2.859436,13.277
2516,0,1.447566,0.551059,18.475531,0.917030,2517,2.875000,13.379
2517,0,1.508421,0.488047,18.355885,0.917373,2518,2.875000,13.348
2518,0,1.399195,0.574067,18.369374,0.916959,2519,2.812744,13.324
2519,1,1.355678,0.520748,18.433513,0.917429,2520,2.904236,13.351
2520,2,1.452619,0.617302,18.419462,0.916827,2521,2.828308,13.440
2521,1,1.197576,0.569891,18.703108,0.917259,2522,2.859436,13.786
2522,3,1.526735,0.587284,19.003846,0.917288,2523,2.890564,13.943
2523,1,1.547402,0.656899,18.953816,0.916527,2524,2.906128,13.337
2524,1,1.266676,0.711057,18.860232,0.916923,2525,2.917908,13.342
2525,3,1.657380,0.690663,19.054433,0.918144,2526,2.876892,13.434
2526,2,1.158268,0.601339,19.132493,0.916351,2527,2.876892,45.841
2527,1,1.367889,0.615655,19.269489,0.917534,2528,2.904236,13.289
2528,0,1.628935,0.679518,19.394938,0.916545,2529,2.919800,13.327
2529,1,1.464780,0.619555,19.672881,0.917194,2530,2.931580,13.269
2530,2,1.733738,0.664637,19.639017,0.915749,2531,2.826416,13.388
2531,3,1.150195,0.581948,19.786400,0.916878,2532,2.888672,50.777
2532,1,1.557405,0.560784,19.690810,0.916188,2533,2.863220,13.249
2533,1,1.476240,0.586284,19.622548,0.916659,2534,2.890564,13.423
2534,3,1.478426,0.654770,19.484192,0.916536,2535,2.921692,13.336
2535,1,1.385311,0.554948,19.715362,0.916641,2536,2.857544,13.365
2536,0,1.720600,0.456665,19.698739,0.916900,2537,2.917908,45.925
2537,1,1.506188,0.554025,19.713046,0.917130,2538,2.921692,13.350
2538,2,1.438807,0.520911,19.895739,0.917026,2539,2.908020,13.642
2539,3,1.869625,0.645817,20.048240,0.916727,2540,2.890564,13.519
2540,0,1.419206,0.696319,20.064270,0.916358,2541,2.890564,13.547
2541,3,1.776949,0.590040,19.883484,0.916573,2542,2.931580,46.434
2542,1,1.220169,0.523613,19.994233,0.917701,2543,2.906128,13.655
2543,1,1.715025,0.530823,20.117949,0.917407,2544,2.906128,13.676
2544,2,1.489874,0.564607,20.423083,0.917494,2545,2.894348,13.684
2545,0,1.473000,0.545420,20.450333,0.916492,2546,2.832092,13.567
2546,1,1.671959,0.591716,20.486748,0.917414,2547,2.873108,42.084
2547,1,1.585159,0.634593,20.449117,0.916930,2548,2.890564,13.537
2548,2,1.541247,0.615362,20.452267,0.917247,2549,2.826416,13.577
2549,1,1.764762,0.515586,20.372478,0.918383,2550,2.859436,13.563
2550,2,1.442671,0.564485,20.469705,0.917465,2551,2.890564,13.700
2551,3,1.237444,0.486653,20.676328,0.916409,2552,2.933472,47.965
2552,0,1.238462,0.435030,20.597105,0.916580,2553,2.876892,13.747
2553,1,1.555982,0.525054,20.512856,0.917392,2554,2.902344,13.619
2554,0,1.358442,0.474182,20.266626,0.916573,2555,2.876892,13.337
2555,1,1.396692,0.465176,20.256215,0.917492,2556,2.822205,13.337
2556,1,1.236180,0.540540,20.197191,0.916545,2557,2.892456,41.958
2557,3,1.394444,0.586004,19.951716,0.916490,2558,2.876892,13.280
2558,3,1.255148,0.452581,19.858967,0.918011,2559,2.826416,13.264
2559,1,1.208964,0.680202,20.043892,0.916627,2560,2.933472,13.436
2560,1,1.472303,0.477059,20.062472,0.916876,2561,2.863220,13.314
2561,1,1.484827,0.554183,20.306487,0.917468,2562,2.917908,41.852
2562,1,1.586404,0.620476,20.299775,0.916829,2563,2.892456,13.471
2563,2,1.716737,0.643308,20.203289,0.917525,2564,2.902344,13.573
2564,1,1.512866,0.453965,20.366787,0.917732,2565,2.906128,13.459
2565,3,1.548252,0.521647,20.387681,0.917732,2566,2.904236,13.304
2566,1,1.444461,0.521153,20.509101,0.916661,2567,2.888672,13.928
2567,0,1.362498,0.465590,20.420728,0.917211,2568,2.890564,13.280
2568,3,1.581449,0.632774,20.296844,0.917436,2569,2.919800,13.472
2569,1,1.285527,0.532103,20.323986,0.916465,2570,2.863220,13.252
2570,3,1.325370,0.579163,20.178092,0.917208,2571,2.886780,13.354
2571,0,1.923508,0.553503,20.071470,0.917767,2572,2.875000,13.340
2572,0,1.527685,0.694509,20.139974,0.917149,2573,2.888672,13.880
2573,0,1.533862,0.480482,20.035489,0.916991,2574,2.840088,13.726
2574,0,1.681279,0.642340,19.948756,0.916671,2575,2.900452,13.424
2575,1,1.217088,0.602114,19.885105,0.918238,2576,2.947144,13.265
2576,0,1.535588,0.660259,19.836691,0.916249,2577,2.876892,13.439
2577,3,1.467979,0.592279,19.934837,0.916673,2578,2.863220,13.498
2578,2,1.373961,0.547989,19.956835,0.917753,2579,2.875000,13.353
2579,0,1.626253,0.558789,19.994887,0.917583,2580,2.906128,13.303
2580,2,1.810205,0.694526,19.910141,0.917852,2581,2.902344,13.309
2581,0,1.667876,0.509483,20.140277,0.916504,2582,2.873108,13.475
2582,0,1.444146,0.657701,20.061177,0.917735,2583,2.890564,13.368
2583,3,1.629665,0.588351,20.224790,0.916486,2584,2.863220,13.497
2584,3,1.542912,0.624978,20.452490,0.916674,2585,2.890564,13.487
2585,1,1.271883,0.551236,20.323237,0.916586,2586,2.863220,13.310
2586,1,1.463676,0.647274,20.227001,0.917066,2587,2.917908,13.335
2587,2,1.598431,0.500119,20.095608,0.916766,2588,2.904236,13.527
2588,0,1.431687,0.479843,20.228756,0.916751,2589,2.876892,13.371
2589,0,1.562769,0.701673,20.379364,0.916363,2590,2.906128,13.367
2590,0,1.270063,0.571784,20.194066,0.917158,2591,2.933472,13.315
2591,1,1.636338,0.669461,20.082394,0.916559,2592,2.847656,13.344
2592,1,1.705406,0.510117,19.993077,0.917469,2593,2.847656,13.439
2593,3,1.266136,0.614485,19.839517,0.915659,2594,2.878784,13.498
2594,1,1.844487,0.715847,19.770756,0.916982,2595,2.890564,14.129
2595,2,0.966138,0.530760,19.748371,0.917833,2596,2.904236,13.699
2596,1,1.383731,0.601451,19.476572,0.917312,2597,2.904236,13.735
2597,1,1.536231,0.573478,19.457336,0.915602,2598,2.875000,13.774
2598,3,1.616764,0.721218,19.651599,0.917160,2599,2.919800,13.744
2599,0,1.628023,0.711369,19.554661,0.917833,2600,2.917908,13.676
2600,2,1.754765,0.593455,19.582370,0.916539,2601,2.890564,13.698
2601,3,1.554992,0.573658,19.549853,0.916381,2602,2.904236,50.299
2602,0,1.379610,0.640889,19.615447,0.917882,2603,2.857544,13.660
2603,3,1.633345,0.573014,19.813871,0.917999,2604,2.875000,13.949
2604,1,1.497537,0.511926,19.930180,0.916607,2605,2.875000,13.886
2605,3,1.276837,0.620614,19.733281,0.917543,2606,2.890564,13.686
2606,1,1.604300,0.622159,19.819756,0.916733,2607,2.919800,50.391
2607,3,1.349704,0.524528,19.942488,0.917562,2608,2.904236,13.732
2608,3,1.343734,0.409367,19.874295,0.917290,2609,2.890564,13.757
2609,1,1.771218,0.659665,19.850574,0.917161,2610,2.888672,13.685
2610,1,1.763080,0.673115,19.748838,0.916873,2611,2.873108,13.775
2611,3,1.499805,0.531764,19.674526,0.917377,2612,2.904236,13.479
2612,3,0.985087,0.499606,19.756100,0.916839,2613,2.890564,13.408
2613,3,1.616331,0.625490,19.692673,0.917211,2614,2.875000,13.410
2614,0,1.644299,0.540922,19.634866,0.916867,2615,2.931580,13.963
2615,0,1.539701,0.557896,19.116408,0.916168,2616,2.857544,45.981
2616,1,1.517953,0.524934,19.099643,0.918287,2617,2.906128,13.451
2617,3,1.366304,0.624079,18.934181,0.916390,2618,2.892456,13.533
2618,1,1.886605,0.666044,18.899599,0.917112,2619,2.875000,13.516
2619,0,1.350591,0.458405,18.966426,0.917290,2620,2.828308,13.472
2620,0,1.017021,0.565386,19.146067,0.916676,2621,2.888672,13.469
2621,1,1.526388,0.632419,19.002291,0.916657,2622,2.890564,14.235
2622,0,1.521957,0.651463,19.168606,0.916858,2623,2.919800,13.512
2623,3,1.413739,0.566139,19.167889,0.917411,2624,2.931580,13.549
2624,3,1.730129,0.569483,18.982900,0.916476,2625,2.888672,13.733
2625,0,1.759394,0.571397,18.986681,0.917175,2626,2.847656,46.254
2626,0,1.377328,0.557879,19.173820,0.916800,2627,2.890564,13.519
2627,1,1.693345,0.553415,19.207432,0.917032,2628,2.878784,13.483
2628,3,1.683238,0.588333,19.317654,0.916598,2629,2.933472,13.385
2629,0,1.574513,0.562130,19.445266,0.916752,2630,2.875000,13.465
2630,1,1.295099,0.512882,19.185235,0.917723,2631,2.828308,45.975
2631,1,1.624024,0.460154,19.190539,0.917462,2632,2.888672,13.433
2632,1,1.429811,0.437821,19.316639,0.917000,2633,2.875000,13.458
2633,3,1.183833,0.629162,19.331120,0.916232,2634,2.886780,13.416
2634,3,1.408081,0.478399,19.127684,0.917005,2635,2.947144,13.518
2635,1,1.783895,0.650798,19.051755,0.917607,2636,2.876892,46.508
2636,3,1.509051,0.600246,18.887592,0.917181,2637,2.875000,14.090
2637,3,1.580326,0.535804,19.014905,0.917910,2638,2.878784,15.012
2638,1,1.632493,0.602633,18.843951,0.917145,2639,2.892456,13.845
2639,3,1.365136,0.519259,18.640682,0.917504,2640,2.890564,13.860
2640,3,1.404960,0.557520,18.663012,0.916775,2641,2.919800,42.241
2641,0,1.488321,0.670082,18.473920,0.917010,2642,2.906128,13.447
2642,0,1.238712,0.711860,18.580177,0.917110,2643,2.888672,13.508
2643,1,1.561964,0.487494,18.547488,0.917023,2644,2.859436,13.513
2644,2,1.665823,0.497364,18.366839,0.916182,2645,2.875000,13.590
2645,3,1.663602,0.459724,18.264982,0.917045,2646,2.875000,42.206
2646,2,1.319459,0.621645,18.313416,0.917644,2647,2.919800,13.668
2647,3,1.516010,0.487525,18.711638,0.917257,2648,2.904236,13.668
2648,2,1.506643,0.642109,18.734109,0.918113,2649,2.947144,13.465
2649,2,1.594960,0.556613,18.931918,0.917927,2650,2.931580,14.001
2650,1,1.475745,0.592532,19.036929,0.917618,2651,2.814636,45.973
2651,3,1.457140,0.527934,19.047083,0.916387,2652,2.875000,13.838
2652,2,1.768310,0.684768,18.971928,0.917684,2653,2.878784,13.720
2653,2,1.065964,0.584561,19.217791,0.916928,2654,2.906128,13.690
2654,1,1.107855,0.429880,19.365110,0.917770,2655,2.875000,13.634
2655,1,1.503703,0.510464,19.306876,0.917589,2656,2.873108,42.156
2656,2,1.628371,0.689160,19.271283,0.916901,2657,2.906128,13.628
2657,3,1.720466,0.554020,19.140650,0.916624,2658,2.904236,14.044
2658,2,1.465962,0.629076,19.194802,0.915849,2659,2.916016,13.737
2659,0,1.369882,0.498084,18.942973,0.917814,2660,2.919800,13.683
2660,3,1.453118,0.580167,18.861777,0.916674,2661,2.878784,46.351
2661,2,1.649199,0.556504,18.710577,0.917906,2662,2.812744,13.835
2662,3,1.577262,0.607164,18.931684,0.916547,2663,2.847656,13.675
2663,3,1.478044,0.575314,19.022375,0.916901,2664,2.917908,13.820
2664,0,1.333035,0.650956,18.708247,0.916100,2665,2.921692,13.699
2665,1,1.210360,0.587528,18.630059,0.916670,2666,2.890564,42.175
2666,2,1.586862,0.596655,18.710588,0.916366,2667,2.847656,13.691
2667,3,1.711057,0.591995,18.927063,0.917387,2668,2.906128,13.665
2668,1,1.776038,0.605752,18.841983,0.917193,2669,2.902344,13.415
2669,2,1.351664,0.518250,18.744543,0.916626,2670,2.947144,13.712
2670,0,1.495287,0.577658,19.177046,0.917906,2671,2.876892,13.440
2671,2,1.893139,0.757198,19.525707,0.916266,2672,2.828308,13.649
2672,2,1.617609,0.593835,19.660472,0.916480,2673,2.847656,13.521
2673,1,1.384777,0.500207,19.741177,0.916575,2674,2.892456,13.451
2674,3,1.251827,0.464794,19.790185,0.917115,2675,2.947144,13.438
2675,2,1.512419,0.441377,19.907824,0.916678,2676,2.931580,46.440
2676,0,1.269304,0.587116,19.968480,0.916994,2677,2.919800,14.343
2677,0,1.505862,0.619411,20.019357,0.917020,2678,2.892456,13.545
2678,1,1.633140,0.555726,20.186561,0.917330,2679,2.875000,13.443
2679,2,1.113232,0.566949,20.116418,0.917543,2680,2.906128,13.890
2680,1,1.952495,0.595076,19.910091,0.916398,2681,2.919800,46.138
2681,2,1.452830,0.582334,19.576725,0.916807,2682,2.919800,13.491
2682,3,1.719764,0.614407,19.741458,0.916691,2683,2.875000,13.413
2683,2,1.737360,0.575551,19.884149,0.916969,2684,2.800964,13.520
2684,3,1.345314,0.478813,19.977489,0.916991,2685,2.888672,13.429
2685,0,1.555539,0.619183,19.865722,0.917549,2686,2.931580,13.423
2686,0,1.334907,0.575402,19.873997,0.917122,2687,2.904236,13.748
2687,2,1.796446,0.576528,19.773417,0.916504,2688,2.859436,13.532
2688,3,1.738499,0.621331,20.162712,0.917049,2689,2.890564,13.443
2689,3,1.214217,0.486941,20.390854,0.917587,2690,2.843872,13.474
2690,0,1.377293,0.560711,20.430662,0.917206,2691,2.876892,13.805
2691,1,1.691454,0.489529,20.586566,0.917072,2692,2.947144,14.745
2692,2,1.735796,0.669530,20.867745,0.916632,2693,2.919800,13.507
2693,1,1.503433,0.712693,21.030031,0.917274,2694,2.919800,13.391
2694,2,1.896828,0.637899,21.058840,0.917032,2695,2.861328,13.533
2695,1,1.448996,0.562263,20.676811,0.917203,2696,2.875000,46.721
2696,2,1.664540,0.433896,20.792698,0.917844,2697,2.853760,13.576
2697,3,1.443629,0.608347,21.029881,0.916963,2698,2.875000,13.410
2698,3,1.343555,0.469293,20.894479,0.916783,2699,2.799072,13.459
2699,2,1.376981,0.535478,20.546167,0.916756,2700,2.892456,13.488
2700,1,1.615031,0.535977,20.744055,0.915955,2701,2.919800,13.482
2701,2,1.059635,0.699521,20.839213,0.917189,2702,2.919800,13.860
2702,1,1.128930,0.724766,20.678980,0.917052,2703,2.878784,14.329
2703,3,1.502999,0.619486,20.662915,0.917387,2704,2.861328,13.969
2704,1,1.593055,0.516749,20.452871,0.917273,2705,2.861328,14.009
2705,3,1.412045,0.510662,20.471604,0.917981,2706,2.886780,13.461
2706,3,1.471261,0.743738,20.335866,0.917374,2707,2.919800,13.670
2707,0,1.677521,0.599069,20.358910,0.917399,2708,2.876892,14.728
2708,1,1.646528,0.572668,20.467595,0.916919,2709,2.947144,14.454
2709,0,1.539329,0.637765,20.474088,0.916817,2710,2.919800,13.728
2710,2,1.468964,0.478801,20.425479,0.917713,2711,2.919800,13.764
2711,0,1.293315,0.599841,20.507782,0.917884,2712,2.888672,13.817
2712,3,1.538458,0.715099,21.045203,0.917764,2713,2.814636,14.012
2713,0,1.309954,0.487804,21.265846,0.917908,2714,2.888672,13.658
2714,1,1.529923,0.567448,21.102871,0.916615,2715,2.890564,13.684
2715,2,1.340118,0.676323,20.934868,0.917358,2716,2.890564,50.220
2716,3,1.526961,0.624533,20.961934,0.917124,2717,2.859436,13.688
2717,2,1.465378,0.663051,20.697843,0.916488,2718,2.904236,13.644
2718,0,1.208835,0.597797,20.495574,0.917235,2719,2.906128,13.666
2719,1,1.611740,0.599029,20.684509,0.917135,2720,2.919800,13.730
2720,0,1.213870,0.496500,20.562403,0.917091,2721,2.947144,46.415
2721,1,1.506347,0.646628,20.468935,0.916384,2722,2.906128,13.991
2722,1,1.744703,0.599775,20.274372,0.916102,2723,2.847656,14.749
2723,2,1.605114,0.594791,20.385668,0.917429,2724,2.888672,14.102
2724,3,1.572052,0.565192,20.345006,0.916615,2725,2.875000,13.491
2725,2,1.510684,0.673016,20.250662,0.915965,2726,2.826416,13.498
2726,0,1.506279,0.575114,20.283230,0.917101,2727,2.947144,13.517
2727,1,1.684155,0.387247,20.285248,0.918018,2728,2.919800,13.406
2728,0,1.474965,0.532313,20.197880,0.917724,2729,2.878784,13.417
2729,0,1.554024,0.546782,20.173762,0.917475,2730,2.906128,13.568
2730,3,1.522921,0.644070,20.132150,0.917186,2731,2.878784,13.506
2731,0,1.574901,0.596377,20.330814,0.916671,2732,2.917908,13.561
2732,3,1.215283,0.558233,20.332332,0.916682,2733,2.906128,14.380
2733,0,1.578121,0.532316,20.387203,0.917674,2734,2.906128,13.756
2734,2,1.540430,0.504620,20.166692,0.917416,2735,2.919800,14.633
2735,3,1.536099,0.581247,20.352163,0.917365,2736,2.906128,93.953
2736,1,1.344929,0.594549,20.440097,0.916783,2737,2.933472,23.070
2737,3,1.495096,0.592399,20.422836,0.917491,2738,2.916016,28.190
2738,1,1.571242,0.575185,20.579170,0.917174,2739,2.814636,48.601
2739,0,1.157238,0.402334,20.443427,0.917016,2740,2.875000,13.432
2740,3,1.688642,0.612685,20.266266,0.916793,2741,2.847656,13.551
2741,1,1.564877,0.541426,20.303918,0.917163,2742,2.845764,13.416
2742,1,1.412036,0.517178,20.404594,0.916976,2743,2.947144,13.405
2743,1,1.606604,0.464319,20.269129,0.917849,2744,2.884888,13.566
2744,2,1.534470,0.613170,19.907486,0.917062,2745,2.904236,13.423
2745,3,1.709824,0.727586,20.076628,0.916456,2746,2.785400,13.475
2746,2,1.306628,0.550989,20.005284,0.916777,2747,2.875000,13.561
2747,3,1.614753,0.549302,19.969155,0.916760,2748,2.863220,13.515
2748,2,1.690729,0.498837,19.885919,0.917538,2749,2.935364,13.719
2749,3,1.822655,0.559985,19.843054,0.917451,2750,2.904236,13.411
2750,0,1.391530,0.561097,20.122229,0.917466,2751,2.890564,13.439
2751,1,1.550213,0.524835,19.907501,0.916906,2752,2.878784,13.368
2752,3,1.704572,0.633879,19.895364,0.916805,2753,2.904236,49.931
2753,2,0.913379,0.637202,19.998379,0.916733,2754,2.869324,13.326
2754,3,1.556085,0.514357,20.087805,0.917372,2755,2.906128,13.552
2755,0,1.377441,0.606437,19.860329,0.918112,2756,2.906128,13.435
2756,0,1.366842,0.509234,20.008299,0.917324,2757,2.875000,13.948
2757,3,1.683534,0.632349,20.097735,0.916138,2758,2.875000,41.939
2758,0,1.496199,0.562760,19.846800,0.918268,2759,2.002136,13.397
2759,3,1.501325,0.491354,19.997109,0.918051,2760,2.873108,13.794
2760,0,1.859638,0.567608,20.044132,0.916557,2761,2.890564,13.442
2761,3,1.224887,0.586102,19.871489,0.916830,2762,2.904236,13.361
2762,0,1.596081,0.466237,19.899333,0.917438,2763,2.890564,13.824
2763,0,1.615694,0.668978,19.839740,0.916588,2764,2.890564,13.389
2764,2,1.173339,0.549419,19.623328,0.916696,2765,2.875000,13.837
2765,0,1.253860,0.573371,19.731263,0.917127,2766,2.890564,13.714
2766,3,1.434586,0.584957,19.924527,0.917336,2767,2.906128,13.706
2767,2,1.714494,0.498290,19.721557,0.917333,2768,2.875000,13.707
2768,2,1.547198,0.504939,19.944126,0.916658,2769,2.863220,13.795
2769,1,1.488515,0.637227,19.739592,0.917117,2770,2.904236,13.930
2770,0,1.265167,0.581412,19.738615,0.916761,2771,2.890564,13.597
2771,2,1.344985,0.585329,19.606798,0.916766,2772,2.832092,13.608
2772,2,1.550543,0.516712,19.654308,0.917183,2773,2.890564,47.889
2773,1,1.688272,0.485794,19.687123,0.917425,2774,2.740173,13.634
2774,3,1.747440,0.710571,19.664724,0.916642,2775,2.876892,13.672
2775,1,1.612642,0.590450,19.635856,0.915722,2776,2.890564,13.803
2776,3,1.518473,0.659171,19.679784,0.916505,2777,2.894348,13.624
2777,3,1.701139,0.524153,19.459293,0.916408,2778,2.904236,46.135
2778,0,1.456478,0.581852,19.528533,0.917603,2779,2.906128,13.593
2779,2,1.374677,0.652412,19.427880,0.917053,2780,2.890564,13.733
2780,3,1.308607,0.583851,19.341188,0.916112,2781,2.890564,13.879
2781,2,1.507234,0.515842,19.753525,0.916971,2782,2.904236,13.408
2782,1,1.489128,0.500017,19.548430,0.917389,2783,2.919800,44.980
2783,3,1.491033,0.657136,19.555284,0.916120,2784,2.840088,14.238
2784,3,1.668570,0.614583,19.762169,0.916810,2785,2.890564,13.956
2785,0,1.732653,0.647767,19.487015,0.916951,2786,2.890564,14.008
2786,2,1.695827,0.505376,19.446559,0.917059,2787,2.800964,13.827
2787,3,1.637644,0.544545,19.496581,0.917431,2788,2.892456,41.944
2788,0,1.405727,0.566347,19.264179,0.917714,2789,2.890564,13.383
2789,2,1.474819,0.726719,19.027180,0.916909,2790,2.861328,13.398
2790,0,1.570717,0.670570,19.174898,0.916583,2791,2.873108,13.355
2791,1,1.322308,0.668582,19.281513,0.916982,2792,2.906128,13.590
2792,0,1.620172,0.605938,19.321476,0.917192,2793,2.876892,45.919
2793,3,1.707407,0.500298,19.449710,0.917953,2794,2.931580,13.322
2794,2,1.330640,0.508650,19.341178,0.916471,2795,2.828308,13.493
2795,0,1.419821,0.695197,19.212002,0.916400,2796,2.919800,13.404
2796,1,1.578795,0.633444,19.263187,0.916295,2797,2.890564,13.387
2797,3,1.905574,0.542636,19.187687,0.916830,2798,2.875000,41.872
2798,2,1.644014,0.531931,19.260902,0.916489,2799,2.886780,13.314
2799,0,1.494634,0.645745,19.060818,0.916989,2800,2.947144,13.436
2800,0,1.560393,0.630295,19.125330,0.918265,2801,2.917908,13.399
2801,1,1.248274,0.505822,19.234683,0.917698,2802,2.904236,13.695
2802,1,1.847217,0.533533,19.017432,0.916114,2803,2.828308,45.892
2803,3,1.514980,0.607103,19.065313,0.916128,2804,2.933472,13.368
2804,0,1.325685,0.493668,19.002966,0.916261,2805,2.890564,13.448
2805,0,1.794248,0.494416,19.045734,0.916115,2806,2.875000,13.381
2806,0,1.457016,0.662512,19.114099,0.916466,2807,2.845764,13.399
2807,3,1.606771,0.548852,19.076053,0.917473,2808,2.892456,45.850
2808,2,1.531620,0.654527,19.326880,0.917655,2809,2.890564,13.329
2809,1,1.608464,0.721467,19.447844,0.917107,2810,2.785400,13.350
2810,2,1.628992,0.611523,19.412958,0.918108,2811,2.933472,13.361
2811,0,1.239948,0.506424,19.565679,0.917827,2812,2.892456,13.450
2812,2,1.279416,0.466558,19.589462,0.917063,2813,2.888672,13.589
2813,2,1.643731,0.543270,19.287948,0.916672,2814,2.919800,13.442
2814,0,1.580644,0.650647,19.245026,0.916814,2815,2.904236,13.535
2815,0,1.469112,0.513239,19.498687,0.916658,2816,2.861328,13.377
2816,2,1.559632,0.506629,19.477796,0.917325,2817,2.888672,13.336
2817,0,1.568742,0.627104,19.621925,0.916736,2818,2.876892,13.590
2818,0,1.476520,0.520534,19.585271,0.916988,2819,2.890564,13.468
2819,3,1.702423,0.589226,19.696327,0.917103,2820,2.843872,13.457
2820,3,1.665894,0.638697,19.830275,0.916035,2821,2.876892,13.467
2821,1,1.587533,0.657827,19.690115,0.917723,2822,2.904236,13.642
2822,3,1.980323,0.548298,19.641340,0.917236,2823,2.947144,46.321
2823,3,1.471009,0.560366,19.646664,0.916988,2824,2.906128,13.642
2824,0,1.456059,0.703044,19.571756,0.916233,2825,2.917908,13.588
2825,2,1.446556,0.505654,19.625723,0.917797,2826,2.863220,13.572
2826,0,1.305331,0.659580,19.711541,0.916424,2827,2.812744,13.688
2827,0,1.241889,0.528787,19.975106,0.917257,2828,2.863220,46.987
2828,1,1.464517,0.691448,20.162872,0.917083,2829,2.892456,13.613
2829,3,1.428656,0.614837,20.295809,0.916592,2830,2.949036,13.705
2830,3,1.486842,0.507390,20.145985,0.916435,2831,2.919800,13.663
2831,1,1.315328,0.747863,20.234637,0.916451,2832,2.904236,13.617
2832,3,1.562796,0.657096,20.109037,0.916659,2833,2.919800,44.872
2833,0,1.321392,0.628339,20.002778,0.916836,2834,2.847656,13.710
2834,3,1.210666,0.576318,20.028702,0.917468,2835,2.888672,13.688
2835,1,1.757125,0.561888,20.114169,0.917677,2836,2.890564,13.671
2836,1,1.543751,0.565066,19.911745,0.915282,2837,2.906128,13.672
2837,3,1.528044,0.557256,19.629750,0.916018,2838,2.888672,41.923
2838,2,1.173290,0.641666,19.431809,0.917581,2839,2.919800,13.293
2839,3,1.894227,0.645569,19.284300,0.916935,2840,2.917908,13.411
2840,3,1.684932,0.575319,19.108080,0.917149,2841,2.906128,13.299
2841,3,1.757206,0.594212,19.101063,0.916241,2842,2.890564,13.403
2842,1,1.357754,0.547994,19.062922,0.916737,2843,2.875000,45.908
2843,2,1.482218,0.594021,18.853192,0.917217,2844,2.890564,13.342
2844,3,1.797636,0.698933,18.878511,0.916073,2845,2.812744,13.593
2845,2,1.767711,0.648164,19.087637,0.917569,2846,2.904236,13.492
2846,1,1.342139,0.599307,19.203605,0.917474,2847,2.904236,13.428
2847,3,1.785570,0.684026,19.017741,0.918007,2848,2.947144,13.415
2848,0,1.252645,0.483172,18.962600,0.916606,2849,2.906128,13.433
2849,0,1.421896,0.612202,18.874113,0.917829,2850,2.904236,13.427
2850,3,1.519298,0.566891,18.888341,0.916961,2851,2.892456,13.524
2851,1,1.427873,0.590556,18.669469,0.917185,2852,2.904236,13.392
2852,0,1.515887,0.508779,18.605154,0.916427,2853,2.906128,46.015
2853,1,1.358097,0.500469,18.699328,0.917712,2854,2.890564,13.483
2854,0,1.611406,0.593609,18.819243,0.916216,2855,2.902344,13.603
2855,2,1.564729,0.565838,18.840713,0.917396,2856,2.843872,13.504
2856,2,1.125107,0.562421,18.853864,0.918035,2857,2.904236,13.421
2857,1,1.641037,0.599539,18.835780,0.917344,2858,2.904236,13.461
2858,0,1.529257,0.671937,18.873157,0.916938,2859,2.919800,13.430
2859,3,1.417743,0.575776,18.733860,0.917080,2860,2.906128,13.421
2860,0,1.403410,0.628109,18.569441,0.916588,2861,2.876892,13.422
2861,0,1.587690,0.589324,18.355090,0.916852,2862,2.904236,13.424
2862,1,1.629765,0.594862,18.562062,0.916872,2863,2.853760,46.599
2863,1,1.244774,0.554767,18.588564,0.916898,2864,2.890564,13.624
2864,0,1.620970,0.646297,18.495890,0.916146,2865,2.933472,14.257
2865,1,1.626405,0.508306,18.660759,0.917131,2866,2.894348,13.900
2866,0,1.431955,0.604953,18.694942,0.916602,2867,2.906128,14.060
2867,3,1.349162,0.664652,18.812082,0.916883,2868,2.863220,49.915
2868,3,1.197106,0.558266,18.978948,0.916647,2869,2.892456,13.428
2869,3,1.382553,0.505522,19.148107,0.918189,2870,2.902344,13.459
2870,1,1.520623,0.684036,19.034508,0.917151,2871,2.888672,13.456
2871,1,1.766479,0.574063,19.290782,0.917007,2872,2.904236,13.510
2872,0,1.568692,0.615969,19.350923,0.916460,2873,2.919800,42.095
2873,1,1.369585,0.515496,19.441734,0.917037,2874,2.847656,13.331
2874,2,1.196739,0.617670,19.646271,0.917344,2875,2.919800,13.424
2875,2,1.254172,0.582070,19.789177,0.916387,2876,2.890564,13.849
2876,0,1.334866,0.568435,19.798281,0.917812,2877,2.906128,13.904
2877,1,1.390168,0.622310,19.842648,0.916971,2878,2.919800,50.061
2878,0,1.750429,0.678671,19.807185,0.916715,2879,2.904236,13.779
2879,0,1.189158,0.567342,19.907421,0.917064,2880,2.902344,13.589
2880,1,1.271544,0.618098,19.813420,0.916261,2881,2.812744,13.649
2881,1,1.776233,0.513580,19.837795,0.917121,2882,2.890564,13.708
2882,0,1.246798,0.478432,19.785553,0.917168,2883,2.875000,13.765
2883,0,1.328699,0.547091,19.727678,0.917198,2884,2.890564,13.750
2884,0,1.787731,0.620640,19.795992,0.916638,2885,2.875000,13.854
2885,1,1.258866,0.548645,19.517009,0.916954,2886,2.904236,13.723
2886,0,1.514234,0.559989,19.596777,0.918007,2887,2.826416,46.389
2887,0,1.549492,0.536218,19.420956,0.917322,2888,2.931580,13.721
2888,0,1.326858,0.492114,19.540168,0.917022,2889,2.890564,13.615
2889,0,1.477033,0.454126,19.479351,0.917782,2890,2.919800,13.701
2890,1,1.460190,0.487349,19.344837,0.917281,2891,2.892456,13.671
2891,2,1.569547,0.553153,19.519126,0.916947,2892,2.904236,46.190
2892,1,1.097856,0.696202,19.641763,0.917127,2893,2.906128,13.635
2893,3,1.331046,0.428446,19.959873,0.915807,2894,2.890564,13.636
2894,0,1.596811,0.619669,20.019681,0.917117,2895,2.933472,13.437
2895,1,1.448820,0.593251,20.014022,0.917443,2896,2.890564,13.579
2896,0,1.454528,0.510561,20.047675,0.916862,2897,2.888672,42.076
2897,0,1.495614,0.529841,19.975233,0.917569,2898,2.857544,13.356
2898,3,1.714276,0.640503,20.071240,0.916652,2899,2.826416,13.423
2899,0,1.451485,0.585598,20.048753,0.916895,2900,2.890564,13.346
2900,3,1.428538,0.633093,20.280236,0.916761,2901,2.892456,13.391
2901,3,1.555325,0.644278,20.452087,0.917175,2902,2.935364,46.073
2902,1,1.369436,0.685407,20.570356,0.917182,2903,2.947144,13.434
2903,3,1.402098,0.503893,20.450272,0.916706,2904,2.890564,13.415
2904,3,1.486093,0.687966,20.505260,0.916928,2905,2.933472,13.358
2905,1,1.583278,0.614653,20.177360,0.917667,2906,2.847656,13.406
2906,0,1.687859,0.616523,19.754138,0.917498,2907,2.875000,14.270
2907,3,1.225207,0.631680,19.938807,0.916781,2908,2.863220,13.911
2908,3,1.631377,0.595377,20.030086,0.916546,2909,2.892456,13.836
2909,1,1.555492,0.466367,19.847374,0.917246,2910,2.902344,13.346
2910,2,1.160459,0.507627,19.854338,0.917399,2911,2.908020,13.310
2911,0,1.464742,0.634183,19.646295,0.917445,2912,2.890564,13.583
2912,3,1.596635,0.671783,19.749024,0.917239,2913,2.892456,13.633
2913,0,1.939632,0.570981,19.861802,0.916424,2914,2.890564,13.477
2914,0,1.715259,0.564406,19.728706,0.917128,2915,2.904236,13.371
2915,1,1.419045,0.498859,19.717963,0.917733,2916,2.875000,13.352
2916,2,1.270508,0.664499,19.758508,0.916344,2917,2.812744,50.651
2917,3,1.317329,0.568578,20.167628,0.917437,2918,2.904236,13.444
2918,1,1.483788,0.537819,19.984013,0.917176,2919,2.888672,13.430
2919,2,1.443908,0.561395,20.125159,0.916673,2920,2.917908,13.394
2920,2,1.518696,0.478597,20.093494,0.917742,2921,2.875000,13.567
2921,0,1.653001,0.584977,20.123873,0.916442,2922,2.890564,41.976
2922,1,1.150999,0.564687,20.196032,0.918029,2923,2.812744,13.657
2923,0,1.251185,0.520743,19.953255,0.917613,2924,2.890564,13.420
2924,3,1.680307,0.544473,19.934866,0.916742,2925,2.890564,13.374
2925,2,1.269024,0.583608,19.714731,0.917702,2926,2.904236,13.460
2926,0,1.504958,0.590906,19.431069,0.917289,2927,2.888672,46.124
2927,2,1.084337,0.659420,19.635737,0.917472,2928,2.931580,13.685
2928,2,1.505779,0.554353,19.707697,0.917023,2929,2.812744,13.408
2929,1,1.676654,0.652516,19.774510,0.917491,2930,2.904236,13.424
2930,1,1.519016,0.548125,19.822620,0.918102,2931,2.876892,13.320
2931,0,1.559716,0.636457,19.709944,0.916598,2932,2.904236,13.391
2932,3,1.549692,0.566699,19.498301,0.917454,2933,2.875000,23.735
2933,0,1.565996,0.531311,19.418251,0.917742,2934,2.890564,18.888
2934,1,1.881528,0.606016,19.494272,0.917226,2935,2.855652,57.488
2935,1,1.909973,0.555577,19.356555,0.917464,2936,2.812744,21.065
2936,2,1.803386,0.604824,19.174109,0.916851,2937,2.904236,22.134
2937,2,1.416463,0.536771,19.131279,0.916891,2938,2.919800,47.359
2938,1,1.541448,0.662612,19.395053,0.917534,2939,2.919800,13.773
2939,2,1.251838,0.588526,19.186039,0.915909,2940,2.890564,13.688
2940,3,1.263974,0.532028,19.095326,0.916775,2941,2.861328,13.696
2941,1,1.430079,0.437205,19.158209,0.917316,2942,2.841980,13.753
2942,1,1.127480,0.608888,19.342643,0.917157,2943,2.947144,13.740
2943,2,1.566976,0.657514,19.485867,0.917101,2944,2.875000,13.702
2944,3,1.155013,0.526234,19.383234,0.916859,2945,2.902344,13.614
2945,0,1.074313,0.519547,19.438121,0.917575,2946,2.863220,13.691
2946,3,1.772068,0.552333,19.277116,0.915929,2947,2.906128,46.136
2947,3,1.653495,0.703231,19.420319,0.916335,2948,2.847656,13.639
2948,0,1.251207,0.540730,19.335958,0.917157,2949,2.892456,13.927
2949,2,1.563356,0.601412,19.135020,0.918168,2950,2.840088,13.651
2950,3,1.346790,0.584276,19.128379,0.916964,2951,2.904236,13.701
2951,0,1.778869,0.508097,19.076300,0.916938,2952,2.919800,13.403
2952,1,1.556408,0.582700,19.173002,0.917349,2953,2.935364,13.438
2953,3,1.529156,0.674725,19.079819,0.915933,2954,2.878784,13.408
2954,0,1.359421,0.524420,19.178956,0.917375,2955,2.857544,13.388
2955,1,0.987476,0.624278,19.240482,0.917438,2956,2.906128,13.468
2956,2,1.223038,0.598443,19.333865,0.916284,2957,2.906128,46.015
2957,1,1.414737,0.650262,19.351628,0.916783,2958,2.904236,13.364
2958,0,1.329974,0.532466,19.470125,0.917398,2959,2.919800,13.495
2959,0,1.559899,0.553059,19.347444,0.916898,2960,2.917908,13.787
2960,3,1.844927,0.714020,19.272368,0.917257,2961,2.906128,13.363
2961,0,1.418873,0.536127,19.509720,0.917337,2962,2.890564,46.490
2962,2,1.670989,0.590697,19.319449,0.917377,2963,2.906128,13.302
2963,0,1.701262,0.572768,19.193669,0.917103,2964,2.812744,13.478
2964,1,1.594268,0.559042,19.086866,0.918315,2965,2.890564,13.390
2965,3,1.748429,0.517822,18.866059,0.916933,2966,2.904236,13.505
2966,1,1.127055,0.516219,18.861144,0.917411,2967,2.904236,13.511
2967,3,1.202586,0.455835,19.092915,0.917266,2968,2.916016,13.461
2968,3,1.788899,0.565706,19.254480,0.916170,2969,2.890564,13.413
2969,1,1.159661,0.591750,19.334726,0.917257,2970,2.841980,13.508
2970,2,1.556801,0.583174,19.499459,0.917123,2971,2.799072,13.608
2971,1,1.622885,0.672131,19.619678,0.915903,2972,2.904236,13.526
2972,3,1.180822,0.768611,19.595479,0.917440,2973,2.906128,13.601
2973,0,1.480768,0.472040,19.489153,0.916691,2974,2.890564,13.429
2974,2,1.304662,0.503570,19.391251,0.917098,2975,2.902344,13.524
2975,3,1.175623,0.563161,19.332938,0.916625,2976,2.826416,13.423
2976,0,1.389477,0.516442,19.259198,0.918009,2977,2.873108,45.963
2977,1,1.452082,0.637580,18.828742,0.917967,2978,2.904236,13.556
2978,1,1.799227,0.564731,18.789836,0.916753,2979,2.888672,13.458
2979,2,1.132576,0.616565,18.806429,0.917138,2980,2.875000,13.398
2980,1,0.932197,0.687238,18.676658,0.916254,2981,2.876892,13.654
2981,2,1.461574,0.639953,18.444673,0.917393,2982,2.919800,13.604
2982,2,1.360038,0.664129,18.330042,0.916726,2983,2.916016,13.494
2983,0,1.804487,0.529662,18.277096,0.916767,2984,2.906128,13.479
2984,0,1.498817,0.631820,18.262241,0.916600,2985,2.840088,13.543
2985,3,1.079493,0.525225,18.317898,0.917479,2986,2.863220,13.450
2986,0,1.536516,0.553997,18.139046,0.917839,2987,2.890564,50.240
2987,1,1.133404,0.534330,18.270683,0.916458,2988,2.878784,13.327
2988,3,1.495056,0.604407,18.140817,0.916750,2989,2.892456,13.581
2989,2,1.334634,0.517541,18.072274,0.917108,2990,2.917908,13.979
2990,1,1.896676,0.489907,18.111385,0.915851,2991,2.857544,14.337
2991,2,1.867228,0.710244,18.167821,0.916865,2992,2.919800,50.143
2992,2,1.807418,0.721044,18.319230,0.917168,2993,2.904236,13.750
2993,0,1.590349,0.601619,18.056009,0.916905,2994,2.785400,13.611
2994,1,1.777414,0.508286,18.201294,0.918059,2995,2.904236,13.641
2995,2,1.550935,0.606201,18.198694,0.917625,2996,2.906128,15.970
2996,3,1.459157,0.562906,18.410124,0.917329,2997,2.906128,13.723
2997,0,1.532704,0.567649,18.560653,0.917284,2998,2.904236,13.707
2998,0,1.675582,0.416835,18.633940,0.917262,2999,2.888672,13.670
2999,2,1.706013,0.674892,18.650110,0.916657,3000,2.855652,13.719
3000,0,1.384943,0.533054,18.649950,0.917191,3001,2.906128,46.404
3001,0,1.521480,0.711750,18.781778,0.916726,3002,2.875000,13.701
3002,3,1.494306,0.476360,18.426123,0.917459,3003,2.875000,13.777
3003,0,1.294504,0.650399,18.704734,0.916848,3004,2.890564,13.765
3004,1,1.872129,0.468195,18.843203,0.915894,3005,2.906128,13.687
3005,3,1.229237,0.568917,18.904423,0.917022,3006,2.888672,42.235
3006,0,1.456663,0.672844,18.834889,0.918059,3007,2.919800,13.774
3007,0,1.249337,0.708700,18.886182,0.916567,3008,2.853760,13.542
3008,3,1.526051,0.515651,19.001935,0.916043,3009,2.890564,13.504
3009,2,1.395462,0.651172,19.010654,0.917525,3010,2.904236,13.413
3010,0,1.575924,0.569700,19.092278,0.917396,3011,2.892456,13.661
3011,2,1.147999,0.497990,18.939560,0.916991,3012,2.919800,13.719
3012,2,1.809159,0.562670,18.993556,0.916203,3013,2.890564,13.572
3013,2,1.469801,0.579496,19.147843,0.917023,3014,2.843872,13.398
3014,2,1.573501,0.725265,19.279868,0.916544,3015,2.933472,13.574
3015,3,1.264754,0.604239,19.322521,0.917512,3016,2.890564,13.528
3016,0,1.623680,0.640943,19.463738,0.917105,3017,2.904236,13.443
3017,3,1.697589,0.549034,19.539671,0.917435,3018,2.919800,13.380
3018,0,1.048909,0.776377,19.749891,0.916734,3019,2.919800,13.462
3019,1,1.305302,0.604672,19.714665,0.916597,3020,2.875000,13.437
3020,1,1.502458,0.581705,19.706018,0.917105,3021,2.861328,46.183
3021,3,1.531403,0.595377,19.758521,0.917747,3022,2.904236,13.502
3022,1,1.508944,0.582420,19.674695,0.916840,3023,2.947144,13.787
3023,1,1.385960,0.669230,19.474072,0.916147,3024,2.875000,13.499
3024,3,1.806893,0.600466,19.553591,0.916276,3025,2.933472,13.473
3025,2,1.575441,0.568013,19.489587,0.917640,3026,2.785400,13.529
3026,2,1.092118,0.614691,19.400195,0.916075,3027,2.875000,13.522
3027,2,1.692588,0.584346,19.394023,0.917398,3028,2.863220,13.511
3028,0,1.426396,0.479914,19.436367,0.917433,3029,2.799072,13.671
3029,3,1.491863,0.527405,19.504809,0.916924,3030,2.917908,13.447
3030,1,1.883295,0.626275,19.620205,0.917277,3031,2.919800,50.184
3031,0,1.313746,0.577770,19.625085,0.916735,3032,2.919800,13.351
3032,3,1.336629,0.486812,19.506896,0.917202,3033,2.890564,14.256
3033,3,1.751373,0.554135,19.319241,0.917535,3034,2.917908,13.576
3034,2,1.216943,0.583744,19.373299,0.917068,3035,2.853760,14.084
3035,1,1.397269,0.719762,19.375871,0.916941,3036,2.890564,46.152
3036,1,1.369119,0.588705,19.335657,0.917295,3037,2.906128,13.521
3037,3,1.416004,0.501159,19.142689,0.916594,3038,2.826416,13.472
3038,0,1.723512,0.506540,19.210488,0.916792,3039,2.888672,13.499
3039,1,1.815169,0.603930,19.036571,0.916940,3040,2.904236,13.537
3040,2,1.634743,0.367687,19.070990,0.917339,3041,2.859436,42.104
3041,3,1.608453,0.629962,19.281962,0.917421,3042,2.826416,13.572
3042,1,1.321845,0.614828,19.278698,0.917302,3043,2.878784,13.534
3043,3,1.464210,0.690187,19.377485,0.916814,3044,2.890564,13.683
3044,0,1.407685,0.693723,19.719159,0.916005,3045,2.785400,13.484
3045,2,1.482438,0.624166,19.849434,0.917634,3046,2.826416,45.939
3046,1,1.600447,0.585205,19.763851,0.916843,3047,2.933472,13.959
3047,2,1.326846,0.525164,19.577231,0.917940,3048,2.919800,13.527
3048,2,1.533696,0.554489,19.310128,0.917377,3049,2.843872,13.630
3049,1,1.419532,0.494717,19.132146,0.916050,3050,2.890564,13.761
3050,0,0.990478,0.481864,19.006324,0.916886,3051,2.919800,50.191
3051,2,1.303817,0.756812,19.072447,0.916367,3052,2.826416,13.666
3052,3,1.378011,0.572631,19.085201,0.916635,3053,2.904236,13.638
3053,2,1.675664,0.666833,18.985685,0.915904,3054,2.919800,13.704
3054,1,1.609374,0.582871,19.148459,0.916905,3055,2.826416,13.709
3055,3,1.418164,0.559523,19.143186,0.917251,3056,2.859436,13.842
3056,1,1.490587,0.472529,18.906414,0.917530,3057,2.890564,13.709
3057,3,1.595961,0.664743,18.953874,0.917458,3058,2.875000,13.610
3058,2,1.418921,0.589964,19.173946,0.917887,3059,2.812744,13.686
3059,3,1.558673,0.531288,19.426144,0.917365,3060,2.863220,46.375
3060,3,1.376968,0.581780,19.346113,0.916732,3061,2.904236,13.666
3061,3,1.226204,0.656524,19.438083,0.916669,3062,2.853760,13.700
3062,1,1.564489,0.555952,19.365907,0.917319,3063,2.919800,13.659
3063,2,1.457674,0.537512,19.354756,0.916778,3064,2.890564,13.945
3064,1,1.628036,0.536069,19.636602,0.916583,3065,2.843872,45.948
3065,1,1.629150,0.548525,19.720486,0.916897,3066,2.919800,13.877
3066,1,1.555378,0.720676,19.680625,0.917939,3067,2.812744,13.714
3067,2,0.860925,0.555905,19.514303,0.917355,3068,2.919800,13.687
3068,3,1.208866,0.632432,19.410111,0.917036,3069,2.906128,13.587
3069,1,1.460689,0.575989,19.653348,0.916245,3070,2.871216,50.085
3070,1,1.314651,0.640384,19.609379,0.917276,3071,2.890564,13.536
3071,2,1.531240,0.617002,19.735638,0.916702,3072,2.919800,13.470
3072,3,1.299663,0.515702,19.700744,0.917263,3073,2.812744,13.352
3073,0,1.341276,0.630734,19.797751,0.917561,3074,2.890564,13.574
3074,1,1.616387,0.501000,19.945909,0.916874,3075,2.904236,13.615
3075,3,1.584132,0.411562,19.789699,0.917236,3076,2.840088,13.428
3076,0,1.814993,0.586239,19.470103,0.917675,3077,2.916016,13.433
3077,0,1.450253,0.579880,19.565223,0.916687,3078,2.890564,13.371
3078,1,1.614089,0.729522,19.512356,0.916893,3079,2.832092,49.876
3079,0,1.618121,0.567926,19.433927,0.917773,3080,2.812744,13.476
3080,2,1.414626,0.525725,19.654792,0.916650,3081,2.947144,13.568
3081,0,1.064856,0.541129,19.598485,0.916663,3082,2.890564,13.484
3082,0,1.359018,0.589612,19.620309,0.916820,3083,2.857544,13.568
3083,2,1.341241,0.585509,19.484149,0.916637,3084,2.904236,46.106
3084,3,1.569128,0.560406,19.577905,0.917314,3085,2.919800,13.449
3085,1,1.483393,0.505653,19.757971,0.916242,3086,2.799072,13.444
3086,0,1.642113,0.559732,19.670213,0.916338,3087,2.890564,31.568
3087,2,2.056102,0.561597,19.493135,0.916680,3088,2.931580,52.683
3088,0,1.174714,0.631435,19.662040,0.916648,3089,2.785400,68.972
3089,3,1.230401,0.508295,19.907525,0.916686,3090,2.873108,25.648
3090,0,1.808256,0.511009,19.770470,0.917373,3091,2.890564,46.171
3091,2,1.699545,0.555461,19.548511,0.918052,3092,2.888672,13.560
3092,2,1.472382,0.608778,19.752905,0.917349,3093,2.853760,13.633
3093,3,1.113974,0.624646,19.681722,0.917971,3094,2.904236,13.424
3094,0,1.599729,0.577687,19.652829,0.916695,3095,2.916016,13.317
3095,0,1.402129,0.563979,19.745409,0.916751,3096,2.785400,46.023
3096,1,1.616527,0.590608,19.559258,0.916627,3097,2.919800,13.370
3097,3,1.550637,0.563263,19.463476,0.917145,3098,2.863220,13.622
3098,3,1.311310,0.615421,19.396647,0.917458,3099,2.857544,13.353
3099,3,1.663069,0.631962,19.379543,0.917434,3100,2.917908,13.514
3100,0,1.468907,0.493443,19.147549,0.916462,3101,2.919800,50.165
3101,3,1.493755,0.565606,19.013804,0.917335,3102,2.812744,13.470
3102,2,1.364065,0.590017,19.030730,0.915790,3103,2.876892,14.008
3103,1,1.501290,0.630646,19.028539,0.916767,3104,2.919800,13.365
3104,3,1.335791,0.575446,19.199988,0.916931,3105,2.785400,14.013
3105,1,1.471096,0.546950,19.088072,0.917183,3106,2.859436,46.161
3106,3,1.626523,0.632346,19.047383,0.916675,3107,2.904236,13.702
3107,3,1.707713,0.656798,19.110756,0.917106,3108,2.902344,13.593
3108,2,1.305969,0.544551,19.151808,0.917229,3109,2.812744,13.645
3109,2,1.505503,0.521191,18.918539,0.917844,3110,2.917908,13.608
3110,1,1.431838,0.680631,18.880442,0.917270,3111,2.876892,54.620
3111,2,1.499024,0.547784,18.700315,0.917632,3112,2.799072,13.631
3112,2,1.428807,0.569870,18.747763,0.916375,3113,2.892456,13.675
3113,3,1.441642,0.573603,18.820669,0.916279,3114,2.917908,13.675
3114,1,1.405063,0.501208,18.726383,0.917028,3115,2.871216,50.167
3115,1,1.536536,0.673259,18.911719,0.918126,3116,2.890564,13.701
3116,1,1.545683,0.560686,18.737443,0.917642,3117,2.906128,13.505
3117,3,1.694688,0.589376,18.727768,0.917778,3118,2.812744,13.477
3118,1,1.496545,0.589966,18.869428,0.917208,3119,2.890564,50.238
3119,1,1.542764,0.534702,19.222492,0.916727,3120,2.906128,13.703
3120,2,1.799723,0.621618,18.961172,0.917008,3121,2.812744,13.552
3121,0,1.611032,0.656666,18.856850,0.917140,3122,2.833984,13.561
3122,1,1.261172,0.626168,18.880483,0.916629,3123,2.906128,14.139
3123,3,1.641286,0.569552,18.897510,0.917283,3124,2.816528,46.161
3124,3,1.299222,0.556324,18.770587,0.916501,3125,2.841980,13.530
3125,1,1.657423,0.633242,18.666346,0.916007,3126,2.892456,13.383
3126,2,1.401909,0.632814,18.656484,0.917227,3127,2.875000,13.404
3127,1,1.597707,0.557651,18.653333,0.916983,3128,2.826416,13.635
3128,2,1.433300,0.556024,18.508972,0.915880,3129,2.933472,49.860
3129,3,1.577519,0.593350,18.622258,0.917368,3130,2.812744,13.455
3130,2,1.514338,0.614926,18.705993,0.918269,3131,2.863220,13.570
3131,0,1.698224,0.651089,18.755738,0.916230,3132,2.921692,13.436
3132,2,1.279824,0.663889,18.673348,0.918119,3133,2.785400,13.380
3133,1,1.106897,0.726209,18.787867,0.917101,3134,2.902344,50.201
3134,0,1.406077,0.418745,18.838584,0.917277,3135,2.888672,13.407
3135,3,1.246389,0.634891,18.957941,0.917831,3136,2.906128,13.593
3136,0,1.601705,0.604248,18.870146,0.915831,3137,2.799072,13.766
3137,2,1.562404,0.542300,18.866991,0.917187,3138,2.878784,50.783
3138,1,1.427041,0.603583,18.902994,0.916909,3139,2.878784,14.384
3139,0,1.684191,0.556052,18.969370,0.917709,3140,2.812744,13.501
3140,1,1.567800,0.574207,19.085299,0.916461,3141,2.876892,13.387
3141,3,1.587833,0.583762,19.107562,0.917375,3142,2.904236,13.409
3142,3,1.369154,0.531363,19.226808,0.917286,3143,2.812744,49.866
3143,1,1.711228,0.498099,19.241143,0.917744,3144,2.906128,13.315
3144,2,1.322183,0.672589,19.128471,0.917286,3145,2.812744,13.363
3145,3,1.590214,0.745753,19.052005,0.916763,3146,2.888672,13.382
3146,3,1.697703,0.496320,19.282853,0.916394,3147,2.894348,50.130
3147,3,1.170277,0.674744,19.151399,0.917139,3148,2.812744,13.492
3148,3,1.432747,0.765539,19.156049,0.916074,3149,2.921692,13.427
3149,3,1.544191,0.584131,19.245496,0.916559,3150,2.935364,13.364
3150,2,1.670840,0.459134,19.158565,0.916649,3151,2.812744,13.466
3151,2,1.653254,0.542652,18.965575,0.916797,3152,2.935364,46.076
3152,2,1.848566,0.537877,19.104093,0.917568,3153,2.919800,13.420
3153,0,1.313247,0.431516,19.062329,0.916975,3154,2.800964,13.501
3154,2,1.281819,0.546338,19.063691,0.915795,3155,2.875000,13.378
3155,0,1.442683,0.503924,19.017887,0.916606,3156,2.828308,13.433
3156,2,1.909365,0.563253,18.974332,0.917697,3157,2.919800,49.936
3157,3,1.552159,0.494602,19.099845,0.917399,3158,2.906128,13.824
3158,0,1.279286,0.493424,19.295679,0.917861,3159,2.857544,13.476
3159,1,1.528925,0.468358,19.071878,0.917662,3160,2.935364,13.386
3160,0,1.534574,0.587852,18.913497,0.917291,3161,2.908020,16.101
3161,1,1.446499,0.391526,18.860616,0.916933,3162,2.830200,13.808
3162,1,1.753373,0.640942,18.864932,0.916960,3163,2.919800,13.729
3163,1,1.454670,0.663317,18.737657,0.916897,3164,2.890564,13.607
3164,2,1.633467,0.445263,19.110154,0.917533,3165,2.828308,13.622
3165,0,1.952581,0.586207,19.166151,0.916744,3166,2.904236,50.257
3166,0,1.219397,0.501072,19.201918,0.917543,3167,2.826416,13.705
3167,2,1.509443,0.554434,19.211659,0.917666,3168,2.890564,13.687
3168,1,1.357493,0.562092,19.302812,0.917000,3169,2.908020,13.746
3169,3,1.881857,0.594958,19.240541,0.916883,3170,2.857544,13.774
3170,3,1.496976,0.493844,19.389682,0.917047,3171,2.921692,46.204
3171,0,1.753280,0.676843,19.347516,0.917087,3172,2.906128,13.629
3172,1,1.476095,0.573862,19.228208,0.917766,3173,2.812744,14.621
3173,1,1.192392,0.718318,19.293288,0.915945,3174,2.935364,17.057
3174,0,1.589923,0.704484,19.371410,0.916237,3175,2.863220,50.811
3175,3,1.567715,0.530570,19.371780,0.917114,3176,2.828308,13.724
3176,2,1.583046,0.671157,19.498815,0.916529,3177,2.875000,13.620
3177,2,1.429970,0.573702,19.625499,0.917305,3178,2.841980,13.444
3178,0,1.571070,0.542881,19.497277,0.917133,3179,2.906128,13.421
3179,1,1.492978,0.587132,19.440953,0.917044,3180,2.935364,45.978
3180,0,1.320763,0.598540,19.554065,0.917750,3181,2.841980,13.466
3181,3,1.704717,0.611818,19.520461,0.917851,3182,2.894348,13.333
3182,3,1.345861,0.571872,19.649629,0.917579,3183,2.921692,13.392
3183,0,1.701192,0.520214,19.561339,0.916963,3184,2.828308,13.424
3184,0,1.207142,0.559769,19.409992,0.917150,3185,2.919800,46.132
3185,3,1.145329,0.621783,19.407390,0.917815,3186,2.890564,13.399
3186,3,1.454202,0.520364,19.453808,0.917072,3187,2.857544,13.524
3187,3,1.277997,0.543844,19.653894,0.916270,3188,2.888672,13.544
3188,1,1.263036,0.607635,19.842072,0.917052,3189,2.830200,13.413
3189,1,1.165331,0.520427,19.886009,0.917951,3190,2.892456,49.898
3190,3,1.470986,0.692153,19.548371,0.916339,3191,2.919800,13.421
3191,1,1.922991,0.629900,19.648245,0.917423,3192,2.875000,13.436
3192,1,1.763806,0.571752,19.712842,0.917686,3193,2.906128,13.391
3193,3,1.603979,0.558140,19.595826,0.917437,3194,2.826416,13.458
3194,3,1.403007,0.494148,19.670440,0.917533,3195,2.935364,14.044
3195,3,1.542356,0.482431,19.681345,0.916695,3196,2.875000,14.292
3196,3,1.229803,0.570905,19.600498,0.917114,3197,2.799072,17.624
3197,3,1.258558,0.636457,19.627419,0.917056,3198,2.904236,13.516
3198,0,1.827997,0.538195,19.659556,0.917248,3199,2.812744,49.920
3199,3,1.522267,0.523706,19.678224,0.917569,3200,2.826416,13.428
3200,3,1.640885,0.547638,19.646642,0.917108,3201,2.908020,13.550
3201,3,1.804532,0.694001,19.420518,0.916599,3202,2.892456,13.331
3202,0,1.546915,0.615004,19.316262,0.915712,3203,2.800964,14.012
3203,1,1.645984,0.570727,19.457777,0.917504,3204,2.875000,45.954
3204,3,1.616558,0.581815,19.589192,0.917592,3205,2.828308,13.418
3205,2,1.280135,0.475768,19.757109,0.917683,3206,2.919800,13.403
3206,1,1.357436,0.490891,19.719963,0.917544,3207,2.921692,13.429
3207,1,1.557822,0.551798,19.843293,0.916883,3208,2.841980,50.043
3208,0,1.554362,0.431460,19.737501,0.917599,3209,2.935364,13.386
3209,1,1.572583,0.569707,19.753698,0.915509,3210,2.894348,13.485
3210,3,1.329404,0.654523,19.745210,0.917281,3211,2.828308,13.375
3211,1,1.279141,0.617047,19.672317,0.917165,3212,2.906128,13.453
3212,2,1.595796,0.524376,19.562311,0.918014,3213,2.904236,46.104
3213,3,1.469637,0.558241,19.390217,0.917650,3214,2.812744,13.556
3214,2,1.443899,0.507555,19.407540,0.917435,3215,2.935364,13.388
3215,3,1.649126,0.642414,19.669107,0.917788,3216,2.888672,13.372
3216,0,1.553639,0.670649,19.799501,0.916058,3217,2.799072,13.462
3217,1,1.605912,0.532226,19.845785,0.917282,3218,2.876892,49.980
3218,3,1.759771,0.650778,19.922409,0.916214,3219,2.826416,13.670
3219,3,1.617907,0.501064,19.897471,0.917078,3220,2.906128,13.689
3220,3,1.675728,0.532908,19.499289,0.916205,3221,2.921692,13.667
3221,3,1.468375,0.552442,19.475289,0.916933,3222,2.826416,13.693
3222,0,1.426620,0.536641,19.527233,0.916753,3223,2.935364,50.316
3223,3,1.539928,0.683405,19.367153,0.917043,3224,2.921692,15.389
3224,3,1.599587,0.671187,19.394026,0.917197,3225,2.799072,66.911
3225,2,1.573070,0.481648,19.588230,0.916975,3226,2.919800,17.625
3226,2,1.491151,0.585943,19.486664,0.917105,3227,2.875000,19.682
3227,3,0.863918,0.590343,19.379933,0.917512,3228,2.843872,24.904
3228,2,1.554981,0.620601,18.968874,0.917270,3229,2.875000,27.616
3229,1,1.749640,0.555761,19.150134,0.916290,3230,2.841980,27.177
3230,0,1.116749,0.687886,19.369056,0.917061,3231,2.878784,54.284
3231,1,1.405163,0.605634,19.502558,0.916596,3232,2.906128,16.097
3232,2,1.382113,0.555087,19.361658,0.917047,3233,2.875000,15.448
3233,0,0.922109,0.638567,19.700901,0.916619,3234,2.935364,16.978
3234,1,1.386581,0.670873,19.705693,0.916530,3235,2.921692,48.661
3235,0,1.547472,0.704495,19.497954,0.915864,3236,2.857544,17.171
3236,3,1.653987,0.531269,19.435200,0.916679,3237,2.919800,18.195
3237,3,1.696095,0.539510,19.584704,0.917301,3238,2.847656,18.015
3238,3,1.219333,0.537071,19.571565,0.917923,3239,2.859436,52.357
3239,1,1.876610,0.576439,19.392930,0.916900,3240,2.875000,19.878
3240,3,1.536138,0.578719,19.540042,0.917458,3241,2.857544,15.605
3241,2,1.423207,0.457927,19.350664,0.917828,3242,2.906128,50.030
3242,1,1.405982,0.599390,19.379600,0.916024,3243,2.904236,13.429
3243,3,1.511996,0.489410,19.499865,0.917272,3244,2.857544,13.462
3244,1,1.704620,0.520205,19.240180,0.917345,3245,2.861328,13.553
3245,0,1.414913,0.536439,19.339753,0.916786,3246,2.799072,13.339
3246,1,1.620630,0.516902,19.379781,0.917332,3247,2.904236,48.681
3247,2,1.580904,0.531503,19.192192,0.917550,3248,2.921692,13.414
3248,0,0.916173,0.610359,19.219798,0.917667,3249,2.812744,13.478
3249,3,1.606532,0.480099,19.319224,0.917522,3250,2.935364,13.435
3250,2,1.454905,0.580663,19.022095,0.916997,3251,2.919800,13.508
3251,2,1.717182,0.542845,18.934165,0.917366,3252,2.812744,41.899
3252,2,1.494362,0.501033,19.137664,0.918038,3253,2.908020,13.424
3253,3,1.700378,0.616028,18.869541,0.917061,3254,2.904236,13.349
3254,3,1.214753,0.570883,18.844649,0.917601,3255,2.843872,13.465
3255,3,1.577308,0.573324,18.911949,0.916755,3256,2.875000,13.747
3256,0,1.661783,0.543563,18.948071,0.917232,3257,2.828308,46.060
3257,1,1.415032,0.624650,19.046639,0.918006,3258,2.919800,13.475
3258,2,1.184614,0.553860,19.087768,0.917712,3259,2.894348,13.357
3259,3,1.835957,0.499399,19.252119,0.917435,3260,2.859436,13.344
3260,3,1.696543,0.609932,19.693644,0.916905,3261,2.921692,14.169
3261,3,1.538192,0.629365,19.727723,0.917430,3262,2.841980,50.439
3262,1,1.445938,0.548788,19.516553,0.917788,3263,2.906128,13.417
3263,2,1.797981,0.539963,19.401599,0.917882,3264,2.904236,13.425
3264,1,1.620075,0.502214,19.416656,0.917446,3265,2.841980,13.510
3265,2,1.545852,0.555364,19.205418,0.917076,3266,2.847656,13.566
3266,0,1.614890,0.485399,19.523418,0.917692,3267,2.828308,13.668
3267,3,1.593246,0.466591,19.405608,0.917489,3268,2.906128,13.484
3268,3,1.352228,0.634616,19.374498,0.917592,3269,2.919800,13.368
3269,2,1.314379,0.614892,19.389186,0.916382,3270,2.843872,13.493
3270,3,1.878872,0.522645,19.321767,0.917538,3271,2.919800,51.017
3271,3,1.039910,0.510220,19.614584,0.917177,3272,2.904236,14.481
3272,0,1.463537,0.581315,19.357321,0.916613,3273,2.799072,14.029
3273,2,1.490197,0.451514,19.548071,0.917745,3274,2.908020,13.399
3274,2,1.666455,0.395999,19.663830,0.916417,3275,2.888672,13.836
3275,3,1.335012,0.495647,19.619710,0.917454,3276,2.828308,42.409
3276,1,1.697832,0.529754,19.789475,0.917267,3277,2.890564,13.578
3277,0,1.647355,0.476827,19.667983,0.917280,3278,2.826416,13.795
3278,3,1.713897,0.634841,19.693125,0.916989,3279,2.919800,13.548
3279,0,1.330833,0.517039,19.732009,0.917783,3280,2.921692,13.712
3280,3,1.635262,0.610524,19.783191,0.917293,3281,2.830200,50.139
3281,1,1.678733,0.526958,19.649344,0.917773,3282,2.935364,13.642
3282,0,1.339965,0.525536,20.097443,0.916808,3283,2.906128,13.544
3283,1,1.807101,0.506148,20.073078,0.917333,3284,2.828308,13.926
3284,3,1.122082,0.567936,19.984470,0.917949,3285,2.906128,50.499
3285,1,1.507644,0.624697,20.176189,0.915710,3286,2.888672,14.642
3286,2,1.427884,0.665613,20.280069,0.916733,3287,2.800964,14.627
3287,2,1.754825,0.501500,20.380138,0.917613,3288,2.906128,15.242
3288,1,1.407946,0.491963,20.395159,0.917062,3289,2.890564,13.883
3289,3,1.688633,0.495392,20.213873,0.917280,3290,2.841980,46.470
3290,0,1.653309,0.564907,20.016076,0.916992,3291,2.875000,13.724
3291,3,1.502516,0.566151,20.101085,0.915911,3292,2.841980,13.952
3292,0,1.790904,0.506742,19.904440,0.918133,3293,2.919800,13.373
3293,2,1.746191,0.673405,19.617015,0.917842,3294,2.878784,13.399
3294,0,1.944314,0.692474,19.794018,0.917183,3295,2.843872,13.454
3295,2,1.330048,0.486404,19.822059,0.917005,3296,2.906128,13.712
3296,0,1.577904,0.571335,19.686896,0.917297,3297,2.919800,14.194
3297,3,1.702295,0.585656,19.817353,0.917456,3298,2.843872,13.307
3298,3,1.356922,0.695271,19.797511,0.916680,3299,2.919800,50.339
3299,1,1.786566,0.521974,19.961845,0.916557,3300,2.904236,13.304
3300,1,1.608206,0.675104,20.138320,0.917690,3301,2.830200,14.454
3301,3,1.443408,0.675260,19.994455,0.917154,3302,2.861328,13.720
3302,0,1.517273,0.617678,20.213067,0.916534,3303,2.857544,13.400
3303,2,1.391301,0.535097,19.643048,0.917377,3304,2.875000,50.546
3304,1,1.606752,0.530786,19.681565,0.917528,3305,2.906128,13.324
3305,0,1.300878,0.424725,19.785321,0.916983,3306,2.888672,13.444
3306,2,1.779152,0.546010,19.671089,0.917738,3307,2.919800,13.416
3307,1,1.410572,0.616367,19.818861,0.916195,3308,2.906128,51.190
3308,2,1.512285,0.528198,19.775906,0.917361,3309,2.830200,14.252
3309,3,1.657955,0.704806,19.670113,0.916394,3310,2.857544,13.423
3310,2,1.607343,0.520237,19.665163,0.917319,3311,2.906128,13.339
3311,2,1.453686,0.515917,19.992121,0.917476,3312,2.890564,13.362
3312,1,1.491574,0.664420,19.980558,0.916006,3313,2.812744,42.615
3313,3,1.432758,0.646732,19.947569,0.917079,3314,2.919800,14.424
3314,1,1.288341,0.488348,19.807317,0.915737,3315,2.785400,13.466
3315,3,1.544297,0.635518,19.894241,0.917135,3316,2.890564,14.602
3316,2,1.562450,0.576927,19.777007,0.916659,3317,2.921692,13.464
3317,3,1.578153,0.517814,19.854473,0.917679,3318,2.826416,50.117
3318,0,1.679055,0.553786,19.797308,0.917769,3319,2.921692,14.297
3319,0,1.493200,0.474294,19.560016,0.916010,3320,2.919800,13.867
3320,2,1.671436,0.522883,19.464130,0.917492,3321,2.826416,13.358
3321,1,1.472802,0.580680,19.733296,0.918460,3322,2.894348,50.123
3322,1,1.702402,0.643340,20.007393,0.916855,3323,2.875000,13.394
3323,3,1.204781,0.552030,19.825117,0.917289,3324,2.843872,13.875
3324,3,1.611625,0.630965,20.015058,0.916452,3325,2.888672,13.346
3325,0,1.623225,0.596940,20.210482,0.916458,3326,2.828308,13.400
3326,1,1.524606,0.512842,20.091409,0.916708,3327,2.919800,45.928
3327,2,1.509902,0.611789,19.925473,0.917346,3328,2.935364,13.454
3328,2,1.550834,0.678253,20.031602,0.917659,3329,2.861328,14.100
3329,3,1.380531,0.530750,19.898200,0.917688,3330,2.908020,14.184
3330,1,1.520698,0.501105,19.873353,0.916163,3331,2.935364,14.194
3331,2,1.494975,0.608510,19.878085,0.918069,3332,2.828308,50.677
3332,3,1.361234,0.425496,19.686034,0.916969,3333,2.906128,13.576
3333,0,1.799450,0.595221,19.694598,0.917714,3334,2.888672,14.493
3334,3,1.402945,0.525303,19.566893,0.917748,3335,2.873108,13.695
3335,1,1.011598,0.631603,19.753515,0.917000,3336,2.875000,13.708
3336,3,1.662055,0.609395,19.608836,0.916460,3337,2.830200,13.693
3337,3,1.463472,0.550275,19.608267,0.917646,3338,2.919800,13.582
3338,1,1.853731,0.502854,19.716079,0.917872,3339,2.906128,14.427
3339,1,1.313518,0.383070,19.621972,0.917198,3340,2.875000,13.584
3340,0,1.362691,0.600394,19.666093,0.917439,3341,2.906128,46.362
3341,3,1.218827,0.700499,19.813775,0.915507,3342,2.919800,13.789
3342,1,1.190109,0.709231,19.862177,0.917046,3343,2.816528,13.680
3343,1,1.404862,0.715367,19.569971,0.916177,3344,2.906128,14.256
3344,2,1.247338,0.692636,19.585076,0.916326,3345,2.890564,15.215
3345,2,1.665497,0.494930,19.657113,0.917108,3346,2.857544,50.640
3346,3,1.533512,0.530840,19.631745,0.917302,3347,2.875000,14.129
3347,0,1.518302,0.586238,19.437384,0.916932,3348,2.857544,15.585
3348,3,1.223242,0.585493,19.459336,0.917053,3349,2.904236,13.955
3349,1,1.476488,0.512807,19.636335,0.917140,3350,2.878784,47.013
3350,1,1.567549,0.526892,19.474844,0.917104,3351,2.843872,13.399
3351,2,1.404866,0.526180,19.694487,0.917349,3352,2.876892,13.298
3352,3,1.241506,0.416643,19.740017,0.917670,3353,2.906128,13.260
3353,2,1.299856,0.470081,19.397942,0.917305,3354,2.875000,14.097
3354,0,1.649427,0.445778,19.297135,0.916995,3355,2.843872,50.518
3355,3,1.642134,0.682986,19.504852,0.918278,3356,2.890564,13.430
3356,3,1.168777,0.545551,19.371009,0.916914,3357,2.875000,13.441
3357,3,1.727372,0.479061,19.401825,0.917641,3358,2.904236,13.491
3358,0,1.405289,0.592838,19.368032,0.917077,3359,2.890564,53.025
3359,0,1.313884,0.571952,19.396195,0.917624,3360,2.904236,15.586
3360,2,1.463968,0.473473,19.225077,0.917067,3361,2.921692,13.527
3361,3,1.916483,0.632106,19.136793,0.917407,3362,2.847656,13.399
3362,2,1.628087,0.511803,18.811282,0.917378,3363,2.890564,14.525
3363,0,1.429566,0.580241,18.886722,0.916818,3364,2.917908,49.990
3364,2,1.641701,0.756887,18.728162,0.916265,3365,2.890564,14.135
3365,3,1.397779,0.640783,18.613221,0.914850,3366,2.847656,13.306
3366,3,1.691962,0.688367,18.586776,0.916315,3367,2.904236,13.351
3367,3,1.495387,0.500627,18.678748,0.917374,3368,2.890564,13.422
3368,2,1.409764,0.543111,18.721509,0.917986,3369,2.906128,13.506
3369,3,1.356685,0.519919,18.798983,0.917278,3370,2.921692,13.270
3370,2,1.560651,0.543338,18.690694,0.917127,3371,2.890564,13.483
3371,3,1.394873,0.550516,18.642147,0.917308,3372,2.935364,13.233
3372,1,1.329285,0.597955,18.513974,0.917380,3373,2.859436,58.236
3373,2,1.678616,0.622103,18.602731,0.917890,3374,2.890564,85.837
3374,0,1.559488,0.645847,18.526285,0.917009,3375,2.812744,30.358
3375,3,1.474914,0.565542,18.741000,0.916824,3376,2.859436,55.080
3376,1,1.031168,0.634324,18.637499,0.917727,3377,2.873108,25.350
3377,2,1.306745,0.692693,18.624269,0.916663,3378,2.919800,57.986
3378,1,1.317833,0.578884,18.606081,0.917094,3379,2.890564,13.531
3379,1,1.566710,0.454272,18.722599,0.916783,3380,2.888672,13.547
3380,3,1.614878,0.501097,18.847109,0.917480,3381,2.890564,13.382
3381,2,1.237475,0.558670,19.007808,0.917088,3382,2.919800,13.405
3382,1,1.618541,0.587106,19.000683,0.917896,3383,2.892456,41.958
3383,0,1.329586,0.728191,18.997617,0.915724,3384,2.906128,13.598
3384,0,1.250240,0.619930,19.180700,0.917397,3385,2.878784,13.516
3385,3,1.536464,0.662065,19.406700,0.917624,3386,2.830200,14.063
3386,1,1.349594,0.640023,19.473106,0.917070,3387,2.890564,14.579
3387,2,1.525728,0.498238,19.237634,0.916998,3388,2.933472,49.932
3388,2,1.280618,0.556474,19.130441,0.917273,3389,2.876892,13.720
3389,0,1.481456,0.706972,19.185934,0.916792,3390,2.863220,13.556
3390,0,1.501876,0.602867,19.210495,0.917459,3391,2.890564,14.659
3391,3,1.421302,0.545882,19.533213,0.916380,3392,2.906128,50.308
3392,3,1.402454,0.672097,19.629777,0.917071,3393,2.890564,13.608
3393,1,1.601736,0.520787,19.752493,0.917026,3394,2.888672,13.701
3394,3,1.272382,0.612850,19.872841,0.918305,3395,2.828308,13.627
3395,0,1.475399,0.580272,19.854212,0.917247,3396,2.873108,14.395
3396,3,1.438755,0.564796,20.031398,0.916649,3397,2.876892,13.960
3397,1,1.658647,0.505245,20.205038,0.917279,3398,2.890564,13.761
3398,1,1.386373,0.520666,20.086400,0.916837,3399,2.919800,13.680
3399,3,1.370556,0.647009,20.117752,0.917241,3400,2.904236,13.671
3400,3,1.477977,0.632055,20.093241,0.916571,3401,2.863220,13.638
3401,3,1.426329,0.628361,19.926774,0.916904,3402,2.875000,13.839
3402,0,1.578152,0.543955,20.047252,0.916824,3403,2.876892,13.628
3403,2,1.092960,0.561810,20.047222,0.916709,3404,2.796753,13.645
3404,2,1.483338,0.764304,20.146534,0.916782,3405,2.890564,13.436
3405,3,1.239260,0.580660,20.129554,0.916908,3406,2.890564,14.246
3406,3,1.492622,0.555722,20.141673,0.916360,3407,2.906128,14.434
3407,0,1.174970,0.636188,20.104453,0.917335,3408,2.919800,14.290
3408,1,1.263551,0.583345,20.291525,0.916422,3409,2.890564,13.665
3409,3,1.570251,0.521968,20.461572,0.917369,3410,2.935364,13.427
3410,2,1.105133,0.567804,20.387420,0.916976,3411,2.890564,13.437
3411,0,1.269893,0.507182,20.361505,0.917366,3412,2.890564,13.510
3412,0,1.379628,0.551141,20.260575,0.916820,3413,2.878784,13.552
3413,1,1.553433,0.534130,20.361420,0.917516,3414,2.826416,13.405
3414,1,1.491650,0.621980,20.759406,0.916567,3415,2.904236,13.377
3415,1,1.548348,0.522174,20.514269,0.917350,3416,2.917908,13.354
3416,0,1.382325,0.572412,20.381499,0.917202,3417,2.892456,50.208
3417,1,1.036539,0.427431,20.253231,0.917418,3418,2.832092,13.451
3418,0,1.483639,0.555126,20.250706,0.917674,3419,2.859436,13.518
3419,2,1.685494,0.498936,20.347520,0.915983,3420,2.840088,13.454
3420,1,1.387305,0.616671,20.412795,0.915936,3421,2.906128,13.772
3421,2,1.522697,0.630634,20.423497,0.916143,3422,2.863220,46.932
3422,1,1.384781,0.550857,20.597345,0.916059,3423,2.888672,13.497
3423,3,1.320909,0.509186,20.553302,0.917899,3424,2.875000,13.516
3424,2,1.635447,0.514726,20.633549,0.917047,3425,2.812744,14.137
3425,2,1.596795,0.544978,20.498885,0.918027,3426,2.875000,13.953
3426,2,1.462760,0.630810,20.629939,0.916901,3427,2.875000,42.547
3427,0,1.536707,0.591270,20.557746,0.917710,3428,2.904236,14.102
3428,2,1.846735,0.640878,20.507865,0.916923,3429,2.890564,13.709
3429,2,1.667656,0.642852,20.386878,0.916551,3430,2.875000,13.420
3430,3,1.574115,0.497277,20.602537,0.917633,3431,2.906128,13.569
3431,2,1.633924,0.648748,20.573942,0.916952,3432,2.921692,50.031
3432,2,1.517865,0.674471,20.835526,0.916675,3433,2.888672,13.477
3433,2,1.471371,0.598523,20.627906,0.917142,3434,2.919800,13.397
3434,3,1.242715,0.489582,20.623812,0.917547,3435,2.906128,13.482
3435,3,1.358384,0.605197,20.788176,0.916849,3436,2.904236,13.469
3436,2,1.286306,0.572760,20.846721,0.917304,3437,2.843872,13.546
3437,0,1.432124,0.516813,20.741599,0.917949,3438,2.888672,13.415
3438,2,1.137006,0.714321,20.718996,0.916806,3439,2.861328,13.809
3439,3,1.452243,0.730706,20.653735,0.916055,3440,2.890564,13.422
3440,2,1.263000,0.639535,20.593954,0.916768,3441,2.863220,50.086
3441,2,1.804778,0.575014,20.384957,0.917786,3442,2.830200,13.505
3442,2,1.644017,0.600791,20.428715,0.915669,3443,2.906128,13.502
3443,2,1.418046,0.404631,20.437414,0.917280,3444,2.917908,13.529
3444,3,1.666972,0.639483,20.795898,0.917639,3445,2.861328,13.872
3445,2,1.305337,0.618202,20.545259,0.918084,3446,2.878784,50.160
3446,3,1.047201,0.640459,20.420438,0.916881,3447,2.812744,13.649
3447,0,1.256821,0.562101,20.380527,0.917577,3448,2.840088,13.848
3448,1,1.328982,0.639078,20.292456,0.916661,3449,2.890564,13.758
3449,0,1.481628,0.541492,20.293567,0.916966,3450,2.863220,13.662
3450,0,1.477307,0.609072,20.457221,0.916956,3451,2.904236,46.321
3451,0,1.389113,0.526587,20.502202,0.916183,3452,2.875000,13.665
3452,0,1.310923,0.700722,20.585805,0.916172,3453,2.828308,13.764
3453,1,1.395792,0.555785,20.517009,0.917964,3454,2.890564,13.714
3454,3,1.756885,0.584839,20.662193,0.916926,3455,2.890564,46.263
3455,1,1.348508,0.575614,20.544962,0.916578,3456,2.904236,13.886
3456,3,1.288681,0.393154,20.307550,0.917647,3457,2.906128,13.709
3457,3,1.189666,0.586350,20.535322,0.918182,3458,2.812744,14.120
3458,1,1.152908,0.700983,20.382860,0.917465,3459,2.812744,13.769
3459,0,1.690675,0.631981,20.204904,0.917171,3460,2.890564,50.211
3460,2,1.452375,0.703521,20.326076,0.917254,3461,2.904236,13.648
3461,1,1.551067,0.638773,20.342107,0.916719,3462,2.904236,13.602
3462,3,1.243929,0.523339,20.138562,0.915882,3463,2.875000,13.407
3463,2,0.968937,0.638640,20.147666,0.917282,3464,2.841980,13.388
3464,2,1.876034,0.631711,20.065100,0.916867,3465,2.890564,50.195
3465,0,1.410958,0.466839,20.290660,0.917861,3466,2.904236,13.405
3466,1,1.800338,0.540849,20.088448,0.917599,3467,2.876892,13.384
3467,3,1.301328,0.702261,19.708057,0.914202,3468,2.812744,13.673
3468,1,1.720818,0.586055,19.466281,0.916922,3469,2.785400,13.683
3469,3,1.409077,0.654240,19.547139,0.916792,3470,2.876892,13.683
3470,0,1.437214,0.578802,19.544427,0.916774,3471,2.890564,13.626
3471,2,1.493309,0.650826,19.788607,0.916086,3472,2.917908,14.100
3472,3,1.567485,0.706979,19.888952,0.916544,3473,2.861328,13.407
3473,0,1.334475,0.601229,19.841272,0.917119,3474,2.800964,46.183
3474,0,1.243374,0.609473,19.707896,0.915279,3475,2.890564,13.464
3475,2,1.376164,0.516807,19.471871,0.917469,3476,2.917908,13.502
3476,0,1.703988,0.721028,19.504899,0.915669,3477,2.890564,13.480
3477,3,1.385756,0.639456,19.637622,0.915734,3478,2.785400,13.443
3478,0,1.511052,0.562434,19.587800,0.917496,3479,2.888672,50.376
3479,1,1.542971,0.619095,19.645800,0.917058,3480,2.875000,13.433
3480,2,1.717656,0.548647,19.586092,0.917535,3481,2.890564,13.562
3481,2,1.711315,0.594590,19.381363,0.917463,3482,2.875000,13.465
3482,1,1.138095,0.481977,19.246275,0.916809,3483,2.875000,13.445
3483,1,1.705953,0.585507,19.279977,0.916713,3484,2.841980,50.285
3484,3,1.273882,0.561623,19.285147,0.917064,3485,2.875000,13.856
3485,2,1.373997,0.615321,19.375774,0.917571,3486,2.875000,14.119
3486,2,1.253376,0.701324,19.234450,0.915551,3487,2.906128,13.827
3487,1,1.592212,0.756755,19.160021,0.915857,3488,2.875000,15.148
3488,1,1.458672,0.616842,19.405702,0.917019,3489,2.904236,13.587
3489,0,1.727013,0.482438,19.338210,0.916275,3490,2.904236,13.595
3490,2,1.262671,0.577165,19.374650,0.917393,3491,2.890564,13.708
3491,2,1.490972,0.631199,19.411925,0.917202,3492,2.904236,13.576
3492,0,1.431165,0.513933,19.407302,0.917997,3493,2.828308,46.274
3493,0,1.550044,0.453496,19.226548,0.917341,3494,2.888672,13.528
3494,1,1.728415,0.488913,19.098522,0.917235,3495,2.892456,13.526
3495,2,1.684761,0.592121,19.218624,0.916572,3496,2.890564,13.505
3496,0,1.681504,0.694112,19.462334,0.916980,3497,2.863220,13.521
3497,3,1.454068,0.603162,19.462913,0.917349,3498,2.876892,48.926
3498,2,1.422667,0.662121,19.827703,0.917210,3499,2.890564,13.705
3499,3,1.439088,0.544394,19.786859,0.917227,3500,2.917908,14.079
3500,2,1.293947,0.550528,19.842564,0.917006,3501,2.908020,13.364
3501,1,1.304203,0.629398,19.831827,0.917082,3502,2.847656,13.722
3502,2,1.709421,0.553837,19.637080,0.915971,3503,2.812744,50.155
3503,0,1.341755,0.520737,19.641129,0.916997,3504,2.917908,13.711
3504,2,1.551013,0.574126,19.729044,0.916427,3505,2.890564,13.758
3505,3,1.316672,0.642726,19.761794,0.917636,3506,2.863220,13.709
3506,1,1.491515,0.485019,19.733549,0.916998,3507,2.919800,13.695
3507,0,1.513286,0.539389,19.872359,0.917689,3508,2.875000,14.821
3508,1,1.364812,0.609919,19.720317,0.916014,3509,2.921692,13.970
3509,0,1.472838,0.436501,19.486628,0.916413,3510,2.812744,13.622
3510,3,1.413317,0.562061,19.555905,0.918183,3511,2.875000,13.698
3511,0,1.132180,0.683622,19.534244,0.916433,3512,2.888672,13.725
3512,1,1.343630,0.601676,19.554460,0.917363,3513,2.890564,13.858
3513,3,1.523557,0.613069,19.478217,0.917190,3514,2.890564,13.710
3514,1,1.365564,0.682323,19.556781,0.916154,3515,2.875000,13.839
3515,0,1.525855,0.544223,19.450209,0.917008,3516,2.906128,13.710
3516,3,1.714129,0.601809,19.058087,0.916773,3517,2.904236,46.415
3517,3,1.343290,0.616050,19.049559,0.917484,3518,2.904236,13.488
3518,3,1.332238,0.535504,19.008522,0.916649,3519,2.890564,13.897
3519,2,1.215128,0.603624,19.176299,0.916650,3520,2.919800,13.688
3520,0,1.515009,0.540833,19.012692,0.916736,3521,2.875000,13.476
3521,2,1.455978,0.467933,18.921916,0.917856,3522,2.888672,50.146
3522,1,1.476395,0.528603,18.736942,0.916339,3523,2.845764,14.776
3523,2,1.608326,0.516857,18.685367,0.917199,3524,2.890564,13.510
3524,3,1.450788,0.559689,18.703115,0.916773,3525,2.878784,13.328
3525,1,1.413427,0.726396,18.924703,0.916846,3526,2.861328,50.072
3526,1,1.328105,0.514405,19.032011,0.915094,3527,2.890564,13.500
3527,0,1.419571,0.587083,19.059504,0.916774,3528,2.917908,14.019
3528,0,1.520236,0.613000,18.807354,0.917286,3529,2.876892,13.615
3529,1,1.604673,0.495903,18.742422,0.917616,3530,2.863220,13.377
3530,2,1.231322,0.586824,18.803767,0.917606,3531,2.828308,50.678
3531,0,1.716193,0.641500,19.139504,0.916492,3532,2.840088,13.573
3532,2,1.312138,0.667332,19.233841,0.916066,3533,2.890564,13.517
3533,0,1.341564,0.798385,19.430939,0.916186,3534,2.878784,13.527
3534,2,1.318577,0.666874,19.843785,0.916478,3535,2.904236,13.540
3535,1,1.372164,0.560072,19.675275,0.917418,3536,2.890564,41.984
3536,1,1.593041,0.574159,19.427975,0.917479,3537,2.906128,13.744
3537,2,1.382959,0.497401,19.554970,0.917952,3538,2.859436,14.421
3538,0,1.593913,0.572942,19.676444,0.916328,3539,2.890564,13.735
3539,0,1.317245,0.607132,19.738114,0.917226,3540,2.935364,13.758
3540,0,1.597438,0.526758,19.785876,0.917057,3541,2.843872,50.218
3541,3,1.394959,0.679323,20.059313,0.916541,3542,2.890564,13.475
3542,1,1.891253,0.709019,19.874157,0.916616,3543,2.843872,13.958
3543,3,1.274103,0.517206,19.899237,0.917072,3544,2.890564,13.425
3544,0,1.979297,0.703777,19.983022,0.917262,3545,2.888672,50.389
3545,1,1.490602,0.462261,20.178333,0.917460,3546,2.904236,13.807
3546,1,1.521512,0.487310,20.148772,0.917954,3547,2.921692,13.581
3547,3,1.648855,0.443635,20.248783,0.917181,3548,2.904236,13.441
3548,0,1.379202,0.529226,20.722475,0.917486,3549,2.875000,13.762
3549,3,1.340096,0.557185,20.784681,0.916671,3550,2.826416,48.019
3550,0,1.394111,0.597722,20.651197,0.916988,3551,2.876892,13.453
3551,1,1.415905,0.621104,20.595400,0.916617,3552,2.906128,14.358
3552,1,1.550240,0.683902,20.205876,0.916803,3553,2.863220,13.503
3553,1,1.472615,0.491918,19.869070,0.917438,3554,2.876892,13.545
3554,0,1.764787,0.555219,19.820766,0.917070,3555,2.906128,46.103
3555,1,1.611531,0.523923,19.764679,0.916620,3556,2.886780,13.556
3556,1,1.476715,0.600237,19.520579,0.917034,3557,2.876892,13.398
3557,3,1.374954,0.750901,19.336540,0.916520,3558,2.894348,13.526
3558,2,1.453700,0.664250,19.344236,0.916292,3559,2.812744,13.968
3559,3,1.394092,0.640111,19.292972,0.916981,3560,2.917908,46.431
3560,3,1.385373,0.616893,19.324843,0.916074,3561,2.906128,13.654
3561,0,0.976572,0.754465,19.365116,0.916967,3562,2.863220,13.686
3562,0,1.538200,0.616016,19.247934,0.917095,3563,2.904236,13.630
3563,3,1.423793,0.515613,19.070568,0.917209,3564,2.906128,13.739
3564,0,1.693665,0.631044,18.824678,0.916533,3565,2.859436,14.031
3565,1,1.282190,0.647101,18.540033,0.916294,3566,2.890564,13.878
3566,0,1.285893,0.571206,18.289186,0.916719,3567,2.921692,14.625
3567,0,1.492513,0.524734,18.285509,0.918018,3568,2.857544,13.859
3568,2,1.370473,0.481699,18.474670,0.917189,3569,2.906128,46.341
3569,0,1.376367,0.551911,18.384262,0.917543,3570,2.906128,14.235
3570,0,1.566745,0.556833,18.445031,0.917275,3571,2.890564,13.746
3571,0,1.428967,0.592372,18.401183,0.916508,3572,2.890564,13.789
3572,2,1.661998,0.680143,18.640629,0.915926,3573,2.904236,13.810
3573,0,1.274039,0.730567,18.483644,0.917313,3574,2.904236,50.198
3574,0,1.445107,0.557101,18.497942,0.915818,3575,2.890564,13.325
3575,0,1.209399,0.554599,18.553845,0.917516,3576,2.935364,13.322
3576,2,1.319445,0.563913,18.515308,0.916432,3577,2.875000,13.130
3577,2,1.375717,0.569597,18.456732,0.916801,3578,2.904236,49.840
3578,2,1.356655,0.632977,18.538055,0.916900,3579,2.876892,13.449
3579,3,1.734237,0.552278,18.498764,0.916323,3580,2.890564,13.196
3580,1,1.151396,0.464519,18.456544,0.917014,3581,2.863220,13.712
3581,0,1.468001,0.641220,18.345894,0.916994,3582,2.876892,14.421
3582,1,1.426623,0.522978,18.473925,0.916345,3583,2.906128,13.441
3583,2,1.659304,0.519992,18.522442,0.917891,3584,2.902344,13.474
3584,3,1.894395,0.614037,18.666960,0.917649,3585,2.876892,13.224
3585,0,1.720565,0.587688,19.008891,0.918440,3586,2.847656,13.366
3586,0,1.418325,0.674010,19.528830,0.917266,3587,2.828308,13.337
3587,0,1.609112,0.506653,19.681285,0.917146,3588,2.917908,45.881
3588,2,1.427232,0.716587,19.771318,0.916395,3589,2.890564,13.330
3589,0,1.177005,0.719318,19.725113,0.916365,3590,2.878784,13.286
3590,3,1.444267,0.651899,19.739306,0.915903,3591,2.919800,13.373
3591,1,1.353287,0.625567,19.660723,0.916850,3592,2.890564,13.404
3592,2,1.572763,0.549764,19.589399,0.917689,3593,2.890564,45.944
3593,3,1.219584,0.534802,19.455820,0.918702,3594,2.906128,13.467
3594,1,1.550743,0.457871,19.413054,0.915871,3595,2.859436,13.953
3595,2,1.513275,0.613407,19.409211,0.917623,3596,2.904236,17.766
3596,0,1.338641,0.555183,19.380577,0.917099,3597,2.921692,14.455
3597,1,1.544988,0.575787,19.591402,0.916429,3598,2.843872,50.070
3598,2,1.365525,0.557798,19.543338,0.918048,3599,2.906128,13.999
3599,3,1.455789,0.697053,19.463946,0.916339,3600,2.906128,13.460
3600,1,1.818703,0.587699,19.260422,0.917723,3601,2.919800,13.702
3601,2,1.597012,0.462797,19.323165,0.917042,3602,2.888672,13.369
3602,3,1.849784,0.469540,19.252521,0.917531,3603,2.906128,13.459
3603,1,1.189941,0.499036,19.244793,0.917178,3604,2.919800,13.339
3604,0,1.490269,0.429044,19.067909,0.917662,3605,2.875000,13.335
3605,3,1.557590,0.586350,19.101859,0.916761,3606,2.904236,13.305
3606,2,1.314892,0.600907,19.038605,0.917190,3607,2.876892,51.546
3607,3,1.466478,0.569178,18.938215,0.917001,3608,2.890564,13.596
3608,1,1.310736,0.572026,18.891908,0.917344,3609,2.863220,13.313
3609,2,1.319531,0.493422,19.106283,0.916853,3610,2.814636,13.481
3610,1,1.584672,0.631669,18.968038,0.916668,3611,2.875000,14.633
3611,2,1.371352,0.407195,18.897915,0.917303,3612,2.917908,50.245
3612,3,1.122400,0.565499,18.915603,0.917321,3613,2.892456,13.399
3613,1,1.479173,0.642575,18.832439,0.917708,3614,2.863220,13.293
3614,3,1.352032,0.769121,18.909138,0.916205,3615,2.890564,13.816
3615,1,1.594392,0.568614,18.727183,0.917263,3616,2.902344,50.547
3616,3,1.593287,0.522921,18.842618,0.917282,3617,2.812744,14.079
3617,3,1.518161,0.508941,18.825427,0.917816,3618,2.863220,13.657
3618,1,1.576174,0.502428,18.569392,0.917772,3619,2.904236,13.615
3619,0,1.470242,0.621377,18.730356,0.916375,3620,2.890564,14.230
3620,1,1.261544,0.644108,18.850065,0.915673,3621,2.906128,50.172
3621,0,1.200061,0.577450,19.093289,0.916877,3622,2.875000,13.530
3622,3,1.205609,0.579956,19.011539,0.917729,3623,2.828308,13.517
3623,1,1.769901,0.601553,19.063766,0.916921,3624,2.888672,13.449
3624,0,1.695883,0.565649,19.079887,0.917335,3625,2.875000,50.389
3625,1,1.654726,0.546233,19.174486,0.917881,3626,2.890564,13.964
3626,2,1.266124,0.579952,19.229478,0.917732,3627,2.906128,13.664
3627,0,1.690123,0.487055,19.291006,0.916836,3628,2.812744,13.591
3628,0,1.301960,0.567780,19.443687,0.916824,3629,2.904236,13.599
3629,3,1.844967,0.701418,19.279844,0.917482,3630,2.904236,50.159
3630,3,1.277907,0.531794,19.552138,0.915956,3631,2.890564,14.024
3631,1,1.533171,0.610994,19.479424,0.918129,3632,2.919800,13.321
3632,3,1.434321,0.517610,19.801191,0.916414,3633,2.875000,13.968
3633,0,1.301043,0.489274,20.130382,0.916494,3634,2.873108,13.449
3634,1,1.419855,0.623679,20.011743,0.917318,3635,2.876892,13.462
3635,3,1.599658,0.386675,19.754600,0.916920,3636,2.875000,13.332
3636,1,1.817995,0.570659,19.800656,0.917155,3637,2.878784,13.314
3637,3,1.523769,0.601185,19.794761,0.917950,3638,2.892456,13.332
3638,2,1.695023,0.618608,19.810942,0.916571,3639,2.890564,46.041
3639,2,1.763648,0.634091,19.833702,0.916360,3640,2.917908,13.865
3640,1,1.337055,0.595391,20.122314,0.916889,3641,2.876892,13.816
3641,0,1.541568,0.599087,20.045198,0.917317,3642,2.863220,13.275
3642,0,1.577358,0.526141,20.131759,0.917390,3643,2.890564,13.261
3643,1,1.515898,0.596653,19.888952,0.917562,3644,2.917908,46.002
3644,2,1.104614,0.629996,19.964582,0.916000,3645,2.890564,13.631
3645,1,1.298089,0.669300,19.909768,0.915124,3646,2.894348,13.413
3646,0,1.517081,0.632549,19.859196,0.917604,3647,2.888672,13.491
3647,1,1.654072,0.632289,20.180174,0.915724,3648,2.861328,13.330
3648,0,1.547761,0.668379,20.041809,0.917338,3649,2.906128,13.445
3649,0,1.606070,0.523282,19.834969,0.917455,3650,2.888672,13.459
3650,3,1.724993,0.539180,19.582806,0.916960,3651,2.843872,13.682
3651,3,1.514826,0.562448,19.428828,0.916927,3652,2.904236,13.325
3652,2,1.551557,0.636454,19.459844,0.916767,3653,2.876892,13.234
3653,3,1.432103,0.630087,19.042399,0.916441,3654,2.890564,49.980
3654,3,1.410261,0.510381,19.169542,0.915248,3655,2.890564,13.332
3655,2,1.698932,0.576351,19.035060,0.916897,3656,2.917908,13.620
3656,0,1.339137,0.529425,19.143910,0.916581,3657,2.935364,14.227
3657,3,1.821406,0.576979,19.067520,0.917004,3658,2.888672,13.422
3658,3,1.620167,0.573206,18.981394,0.917357,3659,2.876892,49.969
3659,1,1.506393,0.553366,18.852681,0.916808,3660,2.890564,13.253
3660,2,1.383344,0.659031,18.928969,0.918073,3661,2.890564,13.439
3661,3,1.335650,0.599557,19.127400,0.918042,3662,2.904236,13.417
3662,2,1.236914,0.502572,18.904493,0.918232,3663,2.890564,13.452
3663,2,1.591357,0.524986,19.154589,0.917109,3664,2.919800,13.425
3664,1,1.186740,0.590047,19.085127,0.918109,3665,2.892456,13.277
3665,0,1.423597,0.640069,19.117598,0.917278,3666,2.875000,13.410
3666,1,1.457692,0.508982,18.906190,0.917199,3667,2.935364,13.366
3667,1,1.666545,0.506336,18.964197,0.916962,3668,2.917908,46.008
3668,3,1.510399,0.569186,18.799183,0.916853,3669,2.876892,13.384
3669,3,1.679561,0.672525,18.737275,0.916151,3670,2.906128,13.880
3670,3,1.774777,0.506730,18.374640,0.916979,3671,2.904236,14.094
3671,2,1.345190,0.646945,18.538596,0.916674,3672,2.933472,13.959
3672,2,1.462266,0.540069,18.489718,0.917510,3673,2.847656,13.763
3673,0,1.508201,0.587435,18.475073,0.916620,3674,2.906128,13.792
3674,2,1.317934,0.520811,18.596159,0.916470,3675,2.906128,13.783
3675,2,1.548270,0.571122,18.657997,0.916618,3676,2.888672,13.690
3676,0,1.286355,0.639283,18.609221,0.916172,3677,2.921692,13.714
3677,1,1.216974,0.533490,18.630674,0.917519,3678,2.876892,50.534
3678,1,1.644928,0.653691,18.541383,0.916657,3679,2.859436,13.639
3679,0,1.482010,0.592567,18.336089,0.917347,3680,2.853760,13.626
3680,2,1.144798,0.537666,18.215038,0.917536,3681,2.906128,14.164
3681,0,1.485538,0.523750,18.298371,0.916635,3682,2.890564,13.979
3682,1,1.439105,0.559808,18.523638,0.917880,3683,2.875000,50.376
3683,2,1.379674,0.600887,18.783967,0.916636,3684,2.902344,13.779
3684,1,1.217708,0.591312,18.704614,0.917766,3685,2.841980,14.030
3685,0,1.863185,0.654184,18.915279,0.917192,3686,2.888672,14.018
3686,0,1.153782,0.632456,18.842136,0.916359,3687,2.861328,50.715
3687,1,1.445633,0.521803,18.926235,0.917958,3688,2.906128,13.661
3688,0,1.455109,0.558854,18.831353,0.916941,3689,2.875000,13.435
3689,1,1.722351,0.430553,18.725796,0.917262,3690,2.904236,13.446
3690,1,1.657534,0.485863,18.872327,0.917579,3691,2.890564,13.806
3691,0,1.738343,0.653792,18.782463,0.916526,3692,2.904236,42.020
3692,2,1.611793,0.605461,18.680797,0.918192,3693,2.861328,13.521
3693,3,1.513915,0.710315,18.531975,0.914455,3694,2.859436,13.480
3694,0,1.225273,0.638538,18.773146,0.917212,3695,2.904236,13.451
3695,2,1.641630,0.551691,18.584944,0.917696,3696,2.902344,13.708
3696,2,1.246134,0.536299,18.544259,0.917279,3697,2.845764,46.882
3697,1,1.471522,0.585606,18.318358,0.918316,3698,2.812744,13.527
3698,1,1.521259,0.395674,18.339094,0.917766,3699,2.919800,13.502
3699,0,1.598689,0.437082,18.413937,0.917244,3700,2.917908,13.992
3700,0,1.511252,0.595612,18.347808,0.917731,3701,2.847656,14.940
3701,3,1.559043,0.544578,18.316813,0.916582,3702,2.875000,50.105
3702,0,1.436734,0.551343,18.470455,0.917539,3703,2.859436,13.541
3703,2,1.790765,0.752325,18.192341,0.916803,3704,2.904236,13.860
3704,2,1.761037,0.538973,18.391012,0.917212,3705,2.906128,13.488
3705,0,1.483933,0.553021,18.255847,0.917494,3706,2.861328,13.582
3706,0,1.646931,0.620156,18.152032,0.917367,3707,2.890564,13.634
3707,2,1.473093,0.595905,18.172289,0.916630,3708,2.931580,13.475
3708,3,1.288411,0.577849,18.133944,0.916003,3709,2.890564,13.435
3709,1,1.475247,0.613715,18.322069,0.917515,3710,2.919800,13.445
3710,2,1.287426,0.583661,18.632530,0.916885,3711,2.890564,50.242
3711,2,1.490618,0.643348,18.592617,0.917251,3712,2.906128,14.786
3712,2,1.261313,0.601982,18.685650,0.917492,3713,2.812744,13.539
3713,0,1.272651,0.629133,18.871344,0.916673,3714,2.890564,13.475
3714,1,1.584281,0.528094,19.049987,0.916852,3715,2.933472,13.764
3715,0,1.572663,0.627184,18.892124,0.917257,3716,2.890564,42.514
3716,0,1.184107,0.629463,18.830527,0.917303,3717,2.890564,13.603
3717,3,1.345049,0.518165,19.137793,0.917458,3718,2.919800,13.629
3718,2,1.645751,0.614252,19.007084,0.917693,3719,2.890564,13.514
3719,3,1.660775,0.531648,18.936803,0.916582,3720,2.853760,13.455
3720,2,1.541266,0.657404,19.004253,0.916567,3721,2.933472,46.071
3721,2,1.722431,0.572722,19.204690,0.917047,3722,2.861328,13.987
3722,1,1.523501,0.629503,19.416730,0.917537,3723,2.919800,13.695
3723,3,1.364186,0.584167,19.547698,0.917762,3724,2.892456,13.502
3724,1,1.488301,0.548353,19.511302,0.917861,3725,2.840088,13.579
3725,3,1.466753,0.490712,19.615113,0.917253,3726,2.919800,48.517
3726,1,1.977003,0.542369,19.415702,0.917286,3727,2.906128,15.145
3727,2,1.327913,0.471473,19.406143,0.916295,3728,2.855652,13.510
3728,2,1.507619,0.706338,19.505492,0.917297,3729,2.904236,13.854
3729,3,1.258746,0.536593,19.693000,0.917262,3730,2.888672,51.100
3730,2,1.685427,0.618600,19.864284,0.916634,3731,2.906128,13.775
3731,2,1.580596,0.597717,19.816889,0.917226,3732,2.876892,14.177
3732,3,1.704529,0.667799,19.858290,0.917200,3733,2.812744,13.712
3733,0,0.789849,0.486743,19.838167,0.916890,3734,2.904236,13.774
3734,3,1.402894,0.595226,19.903302,0.917157,3735,2.875000,50.238
3735,2,1.620326,0.519134,19.893883,0.917525,3736,2.919800,13.969
3736,3,1.610823,0.488001,19.873200,0.917593,3737,2.890564,13.615
3737,3,1.365914,0.450049,19.785704,0.916628,3738,2.812744,13.627
3738,3,1.518458,0.619395,19.854445,0.917340,3739,2.890564,50.189
3739,2,1.310307,0.540100,19.647405,0.916724,3740,2.947144,13.781
3740,2,1.603196,0.634288,19.586291,0.916209,3741,2.919800,14.864
3741,2,1.327711,0.644851,19.335195,0.917621,3742,2.876892,13.749
3742,0,1.404378,0.652101,19.111133,0.916020,3743,2.812744,13.705
3743,2,1.340411,0.703807,19.271642,0.917668,3744,2.890564,42.436
3744,3,1.618219,0.584244,19.493191,0.917096,3745,2.904236,13.512
3745,1,1.626956,0.633134,19.266239,0.917307,3746,2.892456,13.474
3746,3,1.462536,0.652319,19.258029,0.916829,3747,2.873108,13.417
3747,2,1.740551,0.601266,19.290972,0.917574,3748,2.828308,13.509
3748,3,1.215343,0.475892,19.141861,0.917960,3749,2.875000,50.380
3749,2,1.376475,0.565695,18.960764,0.917443,3750,2.876892,13.550
3750,0,1.459483,0.558754,19.090076,0.916648,3751,2.873108,13.858
3751,3,1.258549,0.547826,19.270234,0.916158,3752,2.900452,13.478
3752,2,1.621755,0.631630,19.236894,0.917290,3753,2.855652,13.493
3753,1,1.306851,0.581355,19.066541,0.916780,3754,2.876892,50.158
3754,2,1.477280,0.545536,18.882268,0.916337,3755,2.917908,13.322
3755,3,1.583301,0.546504,18.781294,0.915434,3756,2.904236,14.368
3756,1,1.404399,0.702679,18.985152,0.916910,3757,2.890564,14.001
3757,2,1.535807,0.515068,19.091830,0.917693,3758,2.933472,49.936
3758,3,1.377133,0.616237,19.197456,0.917344,3759,2.906128,13.503
3759,0,1.410734,0.459037,19.234001,0.917259,3760,2.875000,13.390
3760,3,1.952912,0.472467,19.239430,0.917041,3761,2.876892,13.691
3761,2,1.022592,0.505105,19.059862,0.916855,3762,2.843872,13.451
3762,2,1.589066,0.535865,19.099853,0.917173,3763,2.857544,41.940
3763,2,1.733389,0.460018,19.174900,0.917160,3764,2.875000,13.487
3764,1,1.649742,0.558832,19.375532,0.916877,3765,2.890564,13.512
3765,1,1.526026,0.576915,19.385753,0.916049,3766,2.906128,13.413
3766,3,1.206336,0.604662,19.395141,0.917390,3767,2.812744,13.483
3767,0,1.306701,0.542028,19.693690,0.917230,3768,2.917908,46.024
3768,0,1.231448,0.665327,19.555304,0.917006,3769,2.916016,13.560
3769,0,1.151534,0.577122,19.706907,0.915986,3770,2.919800,13.544
3770,3,1.511469,0.532233,19.871940,0.917303,3771,2.875000,14.645
3771,0,0.865751,0.604522,20.146277,0.916513,3772,2.931580,13.506
3772,1,1.558893,0.487395,20.251217,0.918234,3773,2.843872,50.078
3773,2,1.806493,0.570228,20.311753,0.917507,3774,2.890564,13.467
3774,3,1.443828,0.600443,20.419933,0.917439,3775,2.875000,13.524
3775,3,1.450820,0.580701,20.337201,0.917678,3776,2.904236,13.595
3776,1,1.510835,0.533678,20.159907,0.917357,3777,2.902344,50.098
3777,2,1.368372,0.548127,20.437255,0.917866,3778,2.876892,13.567
3778,3,1.367672,0.517748,20.295402,0.916289,3779,2.812744,13.542
3779,0,1.396261,0.640933,20.385978,0.916233,3780,2.890564,13.502
3780,0,1.490597,0.578543,20.382002,0.917302,3781,2.875000,13.443
3781,3,1.115327,0.607134,20.351215,0.916479,3782,2.878784,50.129
3782,2,1.460698,0.569143,19.979353,0.916855,3783,2.875000,14.540
3783,0,1.317239,0.508605,20.066789,0.916868,3784,2.890564,13.437
3784,3,1.562805,0.721075,20.145025,0.915195,3785,2.843872,14.698
3785,2,1.404701,0.461029,20.424099,0.917391,3786,2.917908,14.263
3786,1,1.429440,0.635410,20.528904,0.916195,3787,2.847656,13.778
3787,2,1.767498,0.536583,20.780161,0.916587,3788,2.917908,13.774
3788,3,1.623783,0.624772,20.422987,0.915971,3789,2.888672,13.686
3789,2,1.777962,0.551276,20.233904,0.916814,3790,2.904236,13.723
3790,1,1.475277,0.548783,20.288219,0.917615,3791,2.853760,55.234
3791,1,1.632585,0.637507,20.378723,0.917006,3792,2.917908,15.925
3792,3,1.466829,0.620366,20.277056,0.916646,3793,2.904236,14.583
3793,2,1.094077,0.520778,20.335088,0.916742,3794,2.919800,54.734
3794,3,1.421122,0.583614,20.249061,0.916957,3795,2.863220,32.127
3795,3,1.592698,0.428705,20.322103,0.917522,3796,2.875000,13.844
3796,1,1.219105,0.711772,20.259359,0.916586,3797,2.855652,50.334
3797,1,1.524171,0.520685,20.358677,0.917537,3798,2.919800,13.850
3798,3,1.555650,0.704463,20.284984,0.915837,3799,2.904236,13.782
3799,1,1.639248,0.667779,20.287949,0.916896,3800,2.919800,13.780
3800,1,1.269058,0.645775,20.210667,0.916662,3801,2.947144,13.757
3801,2,1.505916,0.468294,20.249969,0.916998,3802,2.875000,42.260
3802,1,1.808744,0.530866,20.177697,0.916924,3803,2.875000,13.471
3803,3,1.126998,0.464575,20.072175,0.917468,3804,2.894348,13.592
3804,1,1.452427,0.504520,19.986393,0.917280,3805,2.837769,13.441
3805,3,1.460492,0.566123,20.235080,0.912849,3806,2.812744,13.445
3806,0,1.496879,0.474681,20.076878,0.918068,3807,2.876892,46.028
3807,3,1.672663,0.597534,20.227453,0.917046,3808,2.861328,13.497
3808,3,1.771108,0.635980,20.102673,0.916763,3809,2.906128,13.449
3809,3,1.491459,0.573560,19.752303,0.917987,3810,2.875000,13.405
3810,0,1.721198,0.568135,19.730850,0.917286,3811,2.917908,13.496
3811,3,1.270916,0.629841,19.376252,0.916044,3812,2.843872,46.571
3812,1,1.814715,0.555096,19.278439,0.916473,3813,2.904236,13.853
3813,3,1.391243,0.632331,19.153509,0.917317,3814,2.902344,13.434
3814,0,1.212137,0.545034,19.402077,0.917545,3815,2.876892,13.555
3815,3,1.891269,0.557582,19.121775,0.917513,3816,2.916016,13.395
3816,0,1.541328,0.599716,19.134587,0.917981,3817,2.863220,46.709
3817,0,1.328227,0.567860,18.983317,0.917675,3818,2.812744,13.469
3818,1,1.338978,0.569456,18.882805,0.917553,3819,2.931580,13.484
3819,2,1.055813,0.564590,18.860229,0.916440,3820,2.904236,13.441
3820,1,1.540015,0.487474,19.077217,0.917724,3821,2.919800,13.499
3821,2,1.689891,0.510612,18.964856,0.917047,3822,2.890564,42.364
3822,2,1.364812,0.604410,19.102984,0.916952,3823,2.875000,14.286
3823,3,1.639364,0.446947,19.239378,0.917577,3824,2.814636,13.439
3824,3,1.515915,0.600540,19.282393,0.917302,3825,2.919800,13.556
3825,0,1.761285,0.610432,19.324149,0.917221,3826,2.863220,13.465
3826,0,1.411934,0.553742,19.443473,0.916937,3827,2.919800,49.886
3827,1,1.263296,0.539674,19.402957,0.916761,3828,2.919800,14.082
3828,3,1.678409,0.612867,19.570714,0.917381,3829,2.847656,13.452
3829,1,1.872752,0.625851,19.361222,0.916834,3830,2.826416,13.771
3830,2,1.485847,0.481339,19.462876,0.916861,3831,2.890564,13.445
3831,0,1.786061,0.523580,19.458682,0.918107,3832,2.888672,50.277
3832,2,1.271646,0.442943,19.665772,0.917062,3833,2.947144,13.939
3833,3,1.723564,0.607183,19.578488,0.916959,3834,2.888672,13.638
3834,2,1.806328,0.559023,19.681685,0.916433,3835,2.904236,13.666
3835,2,1.186863,0.562930,19.634013,0.917876,3836,2.843872,46.187
3836,0,1.720131,0.521212,19.661919,0.916651,3837,2.904236,14.147
3837,1,1.374806,0.530548,19.396154,0.916480,3838,2.916016,13.871
3838,3,1.457569,0.606369,19.523206,0.917480,3839,2.890564,14.767
3839,1,1.555062,0.517605,19.431240,0.917293,3840,2.888672,14.774
3840,1,1.672769,0.597207,19.534498,0.916792,3841,2.890564,46.083
3841,2,1.477124,0.567252,19.689051,0.916717,3842,2.826416,13.736
3842,1,1.271328,0.580766,19.672819,0.917056,3843,2.919800,13.699
3843,0,1.103465,0.514380,19.800334,0.917148,3844,2.890564,14.384
3844,3,1.399065,0.612492,20.058453,0.917150,3845,2.875000,13.734
3845,2,1.387474,0.551778,20.024766,0.916817,3846,2.847656,50.263
3846,2,1.171380,0.645538,20.258759,0.917562,3847,2.904236,13.702
3847,3,1.699477,0.622001,20.625547,0.916403,3848,2.863220,13.775
3848,1,1.404592,0.513255,20.586163,0.917287,3849,2.904236,13.632
3849,3,1.106466,0.678135,20.609107,0.917013,3850,2.892456,50.188
3850,3,1.423743,0.419251,20.430073,0.917303,3851,2.843872,13.682
3851,3,1.557708,0.591545,20.198730,0.916382,3852,2.875000,13.714
3852,2,1.699293,0.484395,20.264881,0.915743,3853,2.904236,13.715
3853,1,1.756834,0.630220,20.235583,0.916228,3854,2.906128,13.797
3854,0,1.588471,0.516704,20.053392,0.917675,3855,2.890564,44.278
3855,2,1.320305,0.563125,19.930315,0.917366,3856,2.949036,13.708
3856,1,1.374183,0.526367,19.874667,0.917417,3857,2.785400,13.869
3857,1,1.385889,0.642443,19.773187,0.917334,3858,2.902344,13.501
3858,3,1.470501,0.589906,19.713464,0.917247,3859,2.875000,13.643
3859,1,1.494270,0.636338,19.535987,0.917305,3860,2.904236,49.859
3860,1,1.676597,0.555686,19.380196,0.917618,3861,2.904236,13.518
3861,1,1.298380,0.666895,19.712261,0.916321,3862,2.890564,13.330
3862,0,1.550089,0.649115,19.684689,0.916872,3863,2.892456,13.426
3863,2,1.438605,0.618888,19.560091,0.916549,3864,2.843872,13.658
3864,0,1.712978,0.539676,19.407297,0.917689,3865,2.919800,13.473
3865,1,1.477817,0.678157,19.495258,0.917047,3866,2.892456,13.428
3866,1,1.740087,0.502754,19.403570,0.917693,3867,2.888672,13.501
3867,3,1.595985,0.541514,19.425061,0.916222,3868,2.799072,13.452
3868,0,1.593831,0.502223,19.596643,0.917598,3869,2.888672,50.186
3869,3,1.580026,0.470209,19.745721,0.917491,3870,2.888672,13.516
3870,2,1.191741,0.605123,19.687871,0.917215,3871,2.931580,13.455
3871,3,1.406417,0.552969,19.777347,0.916658,3872,2.890564,13.531
3872,1,1.640616,0.650907,19.477820,0.917078,3873,2.828308,13.642
3873,1,1.736010,0.527109,19.526020,0.916103,3874,2.919800,49.874
3874,2,1.496073,0.549067,19.464531,0.916666,3875,2.904236,13.479
3875,1,1.325640,0.621753,19.315511,0.917197,3876,2.890564,13.577
3876,0,1.487103,0.692959,19.165216,0.917475,3877,2.904236,13.406
3877,3,1.343495,0.501804,19.142923,0.917406,3878,2.888672,49.928
3878,1,1.576703,0.626750,18.860161,0.917718,3879,2.890564,13.438
3879,0,1.558884,0.662588,18.889485,0.917824,3880,2.916016,13.329
3880,0,1.348357,0.554853,18.986568,0.916602,3881,2.947144,13.483
3881,1,1.819636,0.549775,19.068294,0.917058,3882,2.904236,13.428
3882,3,1.658891,0.551347,19.089392,0.917073,3883,2.847656,50.548
3883,2,1.317420,0.588743,19.338186,0.916949,3884,2.843872,13.479
3884,2,1.296630,0.617655,19.412427,0.917772,3885,2.857544,13.543
3885,3,1.228922,0.570537,19.406716,0.916393,3886,2.890564,13.436
3886,3,1.412603,0.487365,19.481148,0.917154,3887,2.888672,13.572
3887,2,1.065477,0.552021,19.514528,0.916774,3888,2.876892,49.887
3888,2,1.385797,0.582660,19.569266,0.916265,3889,2.933472,13.414
3889,3,1.939231,0.589522,19.510805,0.916696,3890,2.863220,13.381
3890,2,1.453647,0.563886,19.422026,0.916942,3891,2.890564,13.374
3891,3,1.335932,0.522435,19.441134,0.917487,3892,2.875000,49.929
3892,1,1.495781,0.525769,19.539864,0.916490,3893,2.919800,13.433
3893,3,1.780978,0.538026,19.406209,0.916631,3894,2.890564,13.357
3894,0,1.356642,0.561632,19.384868,0.917491,3895,2.888672,13.484
3895,2,1.485461,0.639332,19.379811,0.917535,3896,2.857544,13.482
3896,2,1.463566,0.642167,19.450358,0.916774,3897,2.843872,50.005
3897,3,1.597647,0.640401,19.433000,0.917451,3898,2.917908,13.466
3898,1,1.321996,0.484512,19.475861,0.917205,3899,2.888672,13.845
3899,1,1.718325,0.578469,19.437522,0.916408,3900,2.890564,13.746
3900,2,1.574110,0.590749,19.361521,0.916943,3901,2.812744,13.731
3901,0,1.564493,0.524983,19.497975,0.916853,3902,2.892456,46.184
3902,2,1.454332,0.430038,19.626561,0.917396,3903,2.861328,13.752
3903,2,1.568642,0.513637,19.439819,0.917839,3904,2.812744,13.650
3904,2,1.504615,0.766772,19.731207,0.916217,3905,2.875000,13.584
3905,1,1.566106,0.547295,19.759907,0.917184,3906,2.875000,13.914
3906,0,1.469542,0.496657,19.727933,0.916822,3907,2.876892,50.268
3907,3,1.678333,0.490263,20.062799,0.917528,3908,2.876892,13.665
3908,3,1.518157,0.485467,20.022105,0.917357,3909,2.855652,13.711
3909,0,1.752306,0.407400,20.347832,0.916628,3910,2.906128,13.705
3910,2,1.592872,0.665339,20.595773,0.916862,3911,2.890564,50.301
3911,1,1.643847,0.676623,20.330884,0.915732,3912,2.890564,13.730
3912,2,1.466860,0.641170,20.449357,0.916051,3913,2.931580,13.504
3913,0,1.531372,0.610324,20.500308,0.917124,3914,2.919800,13.709
3914,2,1.332715,0.658523,20.581109,0.917013,3915,2.904236,13.556
3915,3,1.552199,0.609375,20.296835,0.917813,3916,2.890564,50.011
3916,3,1.415019,0.536348,20.343983,0.917559,3917,2.859436,13.670
3917,2,1.481207,0.630410,20.264503,0.917120,3918,2.906128,13.402
3918,1,1.547473,0.541904,20.306387,0.916837,3919,2.892456,13.455
3919,2,1.329867,0.600851,20.344086,0.915380,3920,2.890564,13.436
3920,0,1.356968,0.670651,20.104008,0.917163,3921,2.919800,13.424
3921,0,1.417018,0.742969,20.167174,0.917592,3922,2.888672,13.330
3922,3,1.343537,0.597321,20.110065,0.916739,3923,2.904236,13.411
3923,1,1.511789,0.641523,20.314371,0.917170,3924,2.894348,13.373
3924,0,1.384004,0.676421,20.153991,0.917760,3925,2.906128,13.527
3925,2,1.478823,0.468284,20.139340,0.916711,3926,2.875000,13.550
3926,3,0.963781,0.533179,20.300979,0.916994,3927,2.888672,13.497
3927,3,1.515354,0.668501,20.707250,0.915354,3928,2.843872,13.489
3928,1,1.522987,0.617827,20.451656,0.915878,3929,2.908020,13.378
3929,3,1.683918,0.509167,20.097205,0.916810,3930,2.906128,50.170
3930,2,1.333237,0.465314,20.022725,0.917699,3931,2.875000,13.565
3931,1,2.022284,0.707241,20.106984,0.916797,3932,2.863220,13.528
3932,3,1.671695,0.584152,19.840425,0.918002,3933,2.859436,13.383
3933,1,1.427455,0.670124,19.631867,0.917784,3934,2.847656,13.508
3934,2,1.702144,0.494938,19.468652,0.917526,3935,2.888672,46.084
3935,2,1.588088,0.710697,19.715072,0.915964,3936,2.919800,13.380
3936,1,1.691831,0.599483,19.488987,0.916417,3937,2.863220,13.366
3937,1,1.227403,0.575537,19.291502,0.916643,3938,2.876892,13.480
3938,2,1.499901,0.520910,19.371336,0.917509,3939,2.906128,13.540
3939,3,1.620984,0.436278,19.511252,0.917562,3940,2.843872,49.860
3940,3,1.775647,0.479031,19.367505,0.917590,3941,2.935364,13.992
3941,0,1.841012,0.634077,19.083160,0.916380,3942,2.916016,13.455
3942,2,1.293485,0.504383,18.851871,0.917198,3943,2.876892,13.410
3943,1,1.252762,0.585046,18.760184,0.917248,3944,2.906128,50.228
3944,0,1.316076,0.666747,18.662366,0.916774,3945,2.892456,13.602
3945,0,1.277128,0.474463,18.628512,0.917369,3946,2.890564,13.437
3946,1,1.521805,0.534718,18.778145,0.915896,3947,2.892456,13.410
3947,1,1.433214,0.524107,18.930931,0.916703,3948,2.878784,13.511
3948,2,1.950470,0.629293,18.892276,0.917064,3949,2.888672,50.021
3949,3,1.416716,0.479539,18.982290,0.917685,3950,2.890564,13.504
3950,2,1.424609,0.442339,18.799461,0.917883,3951,2.906128,13.394
3951,3,1.568429,0.520286,18.793057,0.917284,3952,2.890564,13.362
3952,1,1.624431,0.648591,19.031616,0.916520,3953,2.875000,14.056
3953,3,1.242768,0.561790,19.203717,0.917095,3954,2.904236,50.146
3954,3,2.007660,0.651218,18.902797,0.916854,3955,2.892456,14.178
3955,1,1.537866,0.596347,18.790663,0.916753,3956,2.840088,13.818
3956,1,1.802585,0.476326,18.804704,0.917522,3957,2.904236,13.584
3957,3,1.289274,0.626165,18.765586,0.917124,3958,2.875000,13.751
3958,1,1.167260,0.452338,18.902764,0.917516,3959,2.863220,14.149
3959,3,1.334732,0.572702,18.726334,0.917279,3960,2.906128,13.940
3960,1,1.344038,0.487297,18.591235,0.917238,3961,2.890564,13.638
3961,0,1.466961,0.541487,18.601282,0.916913,3962,2.888672,13.666
3962,2,1.473233,0.485159,18.757060,0.916914,3963,2.875000,50.329
3963,1,1.695221,0.631682,18.931841,0.917437,3964,2.799072,13.822
3964,0,1.373518,0.525522,19.082241,0.917197,3965,2.890564,13.836
3965,0,1.406947,0.560417,19.141088,0.917116,3966,2.906128,13.722
3966,0,1.668370,0.436004,19.084185,0.917365,3967,2.816528,13.710
3967,1,1.496059,0.627094,18.818206,0.916339,3968,2.890564,46.453
3968,1,1.450642,0.537787,18.959981,0.917436,3969,2.847656,13.657
3969,1,1.701120,0.603710,18.893452,0.916810,3970,2.919800,13.660
3970,3,1.229964,0.540332,18.694533,0.916593,3971,2.904236,13.627
3971,2,1.672444,0.532347,18.626613,0.917227,3972,2.863220,50.121
3972,0,1.443778,0.652357,18.760887,0.917471,3973,2.876892,13.403
3973,3,1.367547,0.533771,18.851221,0.918268,3974,2.921692,14.007
3974,3,1.404374,0.612039,18.983109,0.917245,3975,2.812744,13.525
3975,1,1.549783,0.520168,19.303466,0.916799,3976,2.919800,13.423
3976,2,1.502956,0.654565,19.123850,0.917709,3977,2.853760,46.166
3977,3,1.617777,0.395070,19.147417,0.916948,3978,2.876892,13.637
3978,2,1.426542,0.688298,19.233726,0.916268,3979,2.890564,13.403
3979,1,1.133984,0.558329,18.967902,0.917473,3980,2.876892,13.385
3980,1,1.799877,0.630832,19.074078,0.916681,3981,2.890564,13.496
3981,3,1.744172,0.436958,19.170423,0.916726,3982,2.892456,50.036
3982,2,1.825778,0.766139,19.311714,0.917725,3983,2.863220,13.508
3983,0,1.644864,0.410311,19.372854,0.917581,3984,2.935364,13.368
3984,3,1.718878,0.663188,19.249586,0.916678,3985,2.843872,13.529
3985,0,1.164459,0.569808,18.979247,0.916002,3986,2.906128,13.515
3986,2,1.654506,0.495811,19.222419,0.916897,3987,2.875000,51.214
3987,2,1.698160,0.650823,19.413153,0.917509,3988,2.890564,13.400
3988,3,1.227867,0.509411,19.541764,0.917136,3989,2.904236,13.479
3989,3,1.330751,0.441766,19.784390,0.917167,3990,2.876892,13.436
3990,1,1.996307,0.490519,19.828847,0.917232,3991,2.917908,50.103
3991,3,1.192335,0.529928,20.003314,0.917798,3992,2.888672,14.231
3992,2,1.401246,0.538668,20.290844,0.917234,3993,2.843872,13.556
3993,2,1.219653,0.549333,20.541439,0.917214,3994,2.894348,14.026
3994,1,1.096352,0.590086,20.300296,0.916588,3995,2.890564,13.774
3995,1,1.504021,0.502910,20.335273,0.917021,3996,2.812744,45.985
3996,0,1.748290,0.701909,20.101080,0.916992,3997,2.904236,13.397
3997,0,1.531347,0.432126,20.215512,0.917324,3998,2.890564,13.515
3998,3,1.853001,0.597103,20.196472,0.915651,3999,2.876892,13.431
3999,3,1.440199,0.475715,20.274091,0.917497,4000,2.890564,13.559
4000,2,1.472039,0.559194,20.074113,0.916899,4001,2.906128,49.968
4001,3,1.488008,0.571573,20.162066,0.917640,4002,2.863220,13.619
4002,0,1.238552,0.562215,20.258232,0.917058,4003,2.906128,13.445
4003,0,1.559747,0.595673,20.463686,0.916150,4004,2.800964,13.389
4004,2,1.454974,0.542982,20.315643,0.916952,4005,2.904236,14.028
4005,1,1.706159,0.679406,20.334314,0.915895,4006,2.888672,46.203
4006,2,1.410216,0.578877,20.354109,0.917681,4007,2.878784,13.620
4007,1,1.514677,0.641695,20.397090,0.916787,4008,2.876892,13.530
4008,3,1.688689,0.627541,20.471023,0.917420,4009,2.890564,13.403
4009,3,1.762557,0.553758,20.342405,0.917005,4010,2.875000,49.980
4010,2,1.595073,0.651269,20.254856,0.917434,4011,2.935364,13.453
4011,2,1.693967,0.703637,20.171905,0.916859,4012,2.916016,13.649
4012,2,1.544830,0.596454,20.011584,0.916830,4013,2.861328,13.622
4013,1,1.638186,0.609939,19.953990,0.917182,4014,2.890564,13.645
4014,3,1.790293,0.566990,19.977656,0.917783,4015,2.892456,46.448
4015,2,1.648209,0.533921,20.107158,0.917225,4016,2.890564,13.673
4016,1,0.909887,0.485199,20.086979,0.916413,4017,2.845764,13.757
4017,0,1.678637,0.616464,20.214778,0.916937,4018,2.847656,13.609
4018,3,1.704400,0.558702,20.055136,0.916615,4019,2.888672,13.797
4019,3,1.202842,0.463767,19.973762,0.917405,4020,2.890564,50.144
4020,1,1.328981,0.583488,19.967920,0.917426,4021,2.890564,13.901
4021,3,1.597777,0.575692,19.516671,0.916148,4022,2.890564,13.993
4022,1,1.561713,0.538853,19.450954,0.916500,4023,2.906128,14.108
4023,0,1.372638,0.481985,19.287662,0.917271,4024,2.904236,50.567
4024,3,1.606319,0.537388,19.166933,0.917026,4025,2.861328,13.813
4025,0,1.586213,0.434843,18.972464,0.917320,4026,2.871216,13.634
4026,1,1.439177,0.572938,18.932817,0.917501,4027,2.904236,13.607
4027,1,1.618348,0.619326,18.709377,0.916732,4028,2.906128,13.509
4028,3,1.302300,0.609426,18.793653,0.918187,4029,2.863220,45.878
4029,0,1.610445,0.626139,18.841228,0.916909,4030,2.906128,13.429
4030,2,1.251740,0.550431,18.686277,0.917373,4031,2.921692,13.503
4031,3,1.375139,0.746025,18.589011,0.916180,4032,2.919800,13.339
4032,2,1.636624,0.555037,18.674308,0.917020,4033,2.890564,13.459
4033,2,1.326575,0.508799,18.840047,0.916956,4034,2.861328,50.162
4034,1,1.285449,0.614698,19.111716,0.916716,4035,2.906128,13.681
4035,0,1.391584,0.588964,19.111521,0.917962,4036,2.890564,13.479
4036,2,1.444912,0.544063,19.201367,0.917321,4037,2.863220,13.315
4037,2,1.252326,0.644276,19.394459,0.916208,4038,2.890564,50.453
4038,0,1.176946,0.730562,19.218797,0.916898,4039,2.863220,13.483
4039,3,1.411090,0.484576,19.164048,0.916954,4040,2.888672,13.428
4040,3,1.930637,0.581622,19.129433,0.917841,4041,2.888672,13.462
4041,2,1.685121,0.561994,19.079403,0.917384,4042,2.863220,13.511
4042,1,1.486598,0.630522,19.069621,0.917825,4043,2.892456,50.144
4043,3,1.446084,0.566294,19.169811,0.917694,4044,2.859436,13.803
4044,3,1.234686,0.573507,19.046546,0.917015,4045,2.875000,13.642
4045,0,1.625581,0.540691,18.906822,0.916773,4046,2.857544,13.448
4046,0,1.847313,0.613690,18.897129,0.916742,4047,2.947144,13.770
4047,2,1.546859,0.510356,18.915810,0.916520,4048,2.861328,49.939
4048,1,1.580437,0.578749,18.984364,0.915910,4049,2.890564,13.502
4049,3,1.637598,0.369958,19.071500,0.917485,4050,2.908020,23.209
4050,2,1.455442,0.564877,19.169931,0.916968,4051,2.906128,78.087
4051,3,1.700027,0.604661,19.267660,0.916381,4052,2.861328,58.785
4052,2,1.661310,0.678414,19.482849,0.915866,4053,2.847656,27.599
4053,0,1.425615,0.481927,19.620751,0.917506,4054,2.826416,21.090
4054,0,1.750967,0.620000,19.748037,0.917389,4055,2.906128,49.257
4055,0,1.397334,0.571725,19.669195,0.916231,4056,2.890564,13.676
4056,1,1.592685,0.543395,19.689609,0.917860,4057,2.890564,13.461
4057,3,1.650437,0.709683,19.871658,0.917524,4058,2.890564,13.405
4058,3,1.411698,0.470168,19.770665,0.917913,4059,2.933472,13.503
4059,3,1.308195,0.541705,19.782401,0.916546,4060,2.878784,45.900
4060,3,1.728892,0.599594,19.819554,0.916783,4061,2.857544,13.541
4061,3,1.281227,0.730480,19.597049,0.916855,4062,2.921692,13.441
4062,3,1.417171,0.553239,19.682495,0.916448,4063,2.876892,13.420
4063,0,1.275226,0.566523,19.586795,0.916557,4064,2.878784,13.414
4064,2,1.638017,0.630250,19.591934,0.916171,4065,2.890564,46.017
4065,0,1.352871,0.549756,19.613092,0.916442,4066,2.890564,13.483
4066,1,1.407566,0.445483,19.591640,0.917830,4067,2.904236,13.497
4067,3,1.458248,0.570093,19.434370,0.916972,4068,2.906128,13.512
4068,2,1.563101,0.501754,19.500381,0.916651,4069,2.799072,52.389
4069,2,1.210779,0.471651,19.293573,0.916585,4070,2.890564,13.749
4070,2,1.438655,0.543436,19.458135,0.917099,4071,2.875000,13.607
4071,3,1.506219,0.673489,19.387819,0.916681,4072,2.878784,13.655
4072,3,1.289419,0.468227,19.402398,0.917340,4073,2.906128,13.698
4073,3,1.067096,0.651877,19.489896,0.916987,4074,2.863220,50.222
4074,3,1.574987,0.515196,19.692354,0.917091,4075,2.857544,13.637
4075,2,0.998321,0.613192,19.775986,0.916467,4076,2.919800,13.756
4076,1,1.502978,0.662786,19.827902,0.916931,4077,2.847656,13.649
4077,1,1.400723,0.533970,19.948354,0.917472,4078,2.861328,50.349
4078,2,1.454186,0.446429,20.062103,0.917768,4079,2.906128,13.720
4079,3,1.604334,0.584124,20.307012,0.917247,4080,2.906128,13.872
4080,0,1.738784,0.615812,20.294930,0.916761,4081,2.888672,13.620
4081,3,1.329453,0.558819,20.249250,0.916943,4082,2.931580,13.770
4082,3,1.791178,0.552150,20.063219,0.916547,4083,2.799072,47.972
4083,2,1.626134,0.546434,19.941749,0.917441,4084,2.890564,13.726
4084,3,1.485680,0.435593,19.892294,0.917784,4085,2.892456,14.077
4085,0,1.618939,0.485354,20.006085,0.917133,4086,2.890564,13.375
4086,0,1.632541,0.511345,20.010970,0.917947,4087,2.892456,13.539
4087,1,1.203746,0.548601,19.899346,0.916628,4088,2.878784,49.900
4088,1,1.612134,0.731419,19.892943,0.916264,4089,2.919800,13.432
4089,1,2.013038,0.538695,19.770227,0.917414,4090,2.890564,13.540
4090,1,1.436372,0.671964,19.729140,0.917010,4091,2.875000,13.859
4091,3,1.581204,0.598845,20.005974,0.916880,4092,2.890564,13.362
4092,2,1.112678,0.688431,19.796379,0.916319,4093,2.906128,42.126
4093,3,1.364737,0.540318,19.895080,0.916961,4094,2.919800,13.465
4094,1,1.266609,0.656687,19.938347,0.916498,4095,2.892456,13.452
4095,2,1.752928,0.552673,20.213052,0.916856,4096,2.902344,13.514
4096,2,1.629657,0.544761,20.032273,0.916473,4097,2.904236,13.561
4097,3,1.391370,0.565673,20.068559,0.916984,4098,2.890564,50.144
4098,1,1.234852,0.421053,19.933704,0.917100,4099,2.878784,13.937
4099,1,1.151602,0.599150,19.906452,0.916920,4100,2.859436,13.463
4100,2,1.420927,0.463028,19.841128,0.917029,4101,2.906128,13.560
4101,3,1.658969,0.669084,19.984029,0.917229,4102,2.857544,50.262
4102,0,1.389432,0.593763,20.055051,0.915984,4103,2.890564,13.482
4103,0,1.627171,0.558679,20.035427,0.918133,4104,2.861328,14.613
4104,3,1.539497,0.545733,19.853594,0.917094,4105,2.906128,14.092
4105,0,1.358659,0.541837,19.810056,0.917127,4106,2.890564,13.563
4106,2,1.821998,0.576657,19.660151,0.916828,4107,2.863220,49.924
4107,0,1.472977,0.640286,19.411088,0.916730,4108,2.875000,13.409
4108,3,1.493249,0.429274,19.449271,0.917849,4109,2.878784,13.359
4109,1,1.576891,0.543548,19.530893,0.917190,4110,2.888672,13.416
4110,0,1.621172,0.522149,19.405955,0.916686,4111,2.888672,50.869
4111,3,1.795035,0.541317,19.198754,0.917218,4112,2.847656,14.171
4112,1,0.959057,0.667697,19.307608,0.917451,4113,2.908020,14.763
4113,2,1.338268,0.579790,19.130869,0.917011,4114,2.875000,17.103
4114,3,1.283234,0.566056,19.288161,0.916015,4115,2.875000,50.569
4115,1,1.495425,0.553451,19.497549,0.916851,4116,2.888672,13.490
4116,0,1.706403,0.567525,19.197556,0.917013,4117,2.931580,13.518
4117,2,1.311738,0.451743,19.182841,0.916241,4118,2.799072,13.296
4118,0,1.637332,0.573643,19.029980,0.917863,4119,2.890564,13.339
4119,0,1.320365,0.406581,19.124585,0.917375,4120,2.861328,45.959
4120,0,1.653946,0.554725,19.059271,0.916743,4121,2.890564,13.625
4121,1,1.562338,0.413944,18.891670,0.917680,4122,2.892456,13.473
4122,3,1.283448,0.654724,19.063670,0.916196,4123,2.863220,13.304
4123,0,2.101607,0.550769,19.059085,0.917482,4124,2.890564,13.407
4124,2,1.253552,0.537569,18.916959,0.917096,4125,2.904236,46.524
4125,2,1.261302,0.690522,18.953749,0.917170,4126,2.890564,13.801
4126,3,1.349498,0.575172,19.007805,0.917520,4127,2.843872,13.662
4127,2,1.601157,0.504167,18.810365,0.917066,4128,2.812744,13.672
4128,3,1.527134,0.637302,19.124854,0.917090,4129,2.931580,13.741
4129,3,1.313367,0.634789,18.880307,0.917148,4130,2.919800,50.358
4130,2,1.530274,0.564845,18.821595,0.917211,4131,2.935364,13.942
4131,0,1.731800,0.580053,18.821032,0.917435,4132,2.892456,13.663
4132,0,1.796953,0.618433,18.671602,0.917347,4133,2.799072,13.609
4133,0,1.436983,0.612155,18.751155,0.917544,4134,2.919800,50.220
4134,0,1.629106,0.681257,18.681709,0.916687,4135,2.875000,13.803
4135,1,1.542060,0.621911,18.720545,0.917687,4136,2.919800,13.661
4136,2,1.122611,0.489507,18.910676,0.917137,4137,2.962708,13.574
4137,2,1.438909,0.411987,18.806731,0.916866,4138,2.906128,13.728
4138,1,1.751875,0.592446,18.867027,0.918113,4139,2.931580,50.306
4139,2,1.256803,0.540792,18.931986,0.916544,4140,2.947144,13.728
4140,3,1.594305,0.564943,19.139961,0.916381,4141,2.890564,13.858
4141,0,1.246690,0.587621,18.954425,0.916431,4142,2.933472,13.653
4142,0,1.440198,0.662549,18.991464,0.916574,4143,2.904236,13.521
4143,3,1.339087,0.638745,18.842330,0.916630,4144,2.847656,50.213
4144,1,1.703657,0.551072,18.759914,0.917762,4145,2.906128,13.458
4145,3,1.381019,0.614056,18.897833,0.917075,4146,2.845764,13.469
4146,3,1.568770,0.636961,19.059651,0.916285,4147,2.904236,13.356
4147,1,1.302487,0.571952,18.980913,0.917061,4148,2.890564,13.548
4148,0,1.648793,0.572365,19.238665,0.916105,4149,2.904236,13.590
4149,1,1.451092,0.617577,19.366574,0.916366,4150,2.847656,13.650
4150,0,1.503377,0.584500,19.454402,0.917511,4151,2.892456,13.677
4151,0,1.247956,0.520389,19.463902,0.917145,4152,2.859436,14.015
4152,3,1.540165,0.646363,19.214973,0.916509,4153,2.904236,50.781
4153,1,1.470415,0.471373,19.223483,0.918050,4154,2.904236,13.542
4154,1,1.398674,0.457437,19.173730,0.916694,4155,2.890564,13.399
4155,0,1.323016,0.628375,19.127371,0.917190,4156,2.847656,13.405
4156,3,1.337698,0.603363,19.405056,0.916296,4157,2.906128,13.521
4157,3,1.373731,0.676362,19.515528,0.916158,4158,2.873108,50.015
4158,2,1.454943,0.573268,19.568677,0.917705,4159,2.904236,13.536
4159,1,1.261951,0.570582,19.638029,0.917253,4160,2.947144,13.307
4160,1,1.865487,0.588193,19.423240,0.916704,4161,2.904236,13.739
4161,0,1.740707,0.573792,19.594502,0.917032,4162,2.906128,49.993
4162,0,1.603298,0.476994,19.946271,0.916988,4163,2.890564,13.555
4163,3,1.317913,0.567818,19.950969,0.917374,4164,2.785400,13.267
4164,1,1.628852,0.589557,20.113345,0.917200,4165,2.935364,13.393
4165,1,1.194086,0.511956,20.117020,0.916859,4166,2.875000,13.467
4166,1,1.440174,0.595101,20.045255,0.917799,4167,2.931580,46.464
4167,0,1.652196,0.557063,19.907918,0.916859,4168,2.904236,14.141
4168,2,1.402430,0.668021,19.902405,0.916519,4169,2.890564,13.439
4169,3,1.484493,0.702082,20.050411,0.918093,4170,2.785400,13.758
4170,3,1.771284,0.659219,20.291813,0.916053,4171,2.812744,13.731
4171,2,1.346015,0.607339,20.260297,0.916858,4172,2.863220,50.326
4172,3,1.488321,0.576417,20.065181,0.916516,4173,2.919800,14.267
4173,1,1.527953,0.517461,20.069360,0.917106,4174,2.921692,14.362
4174,1,1.692698,0.515036,20.078604,0.916585,4175,2.919800,14.406
4175,0,1.482025,0.606567,20.095981,0.916725,4176,2.888672,46.789
4176,3,1.720244,0.707793,20.076925,0.917054,4177,2.931580,13.586
4177,3,1.275397,0.686903,19.780720,0.917381,4178,2.919800,13.882
4178,3,1.568033,0.720137,19.420088,0.915438,4179,2.904236,13.496
4179,3,1.660342,0.482187,19.450443,0.917358,4180,2.888672,13.645
4180,3,1.476091,0.637827,19.405667,0.916262,4181,2.812744,50.332
4181,0,1.276638,0.511853,19.590630,0.916033,4182,2.828308,14.496
4182,3,1.607196,0.630081,19.646821,0.915839,4183,2.919800,13.721
4183,1,1.176956,0.737775,19.804856,0.917142,4184,2.888672,13.725
4184,3,1.592889,0.584507,20.194010,0.917269,4185,2.890564,13.826
4185,3,1.530858,0.692778,20.217868,0.915592,4186,2.890564,46.326
4186,0,1.408765,0.537890,20.348455,0.917797,4187,2.949036,13.613
4187,2,1.327908,0.542406,20.326559,0.917231,4188,2.888672,13.753
4188,2,1.207802,0.615713,19.836039,0.916594,4189,2.890564,13.691
4189,3,1.525036,0.455535,19.575249,0.917754,4190,2.890564,50.328
4190,3,1.641003,0.557109,19.628396,0.916198,4191,2.799072,13.872
4191,0,1.527777,0.607140,19.514272,0.916526,4192,2.892456,13.783
4192,1,1.721637,0.684419,19.603776,0.915905,4193,2.933472,13.645
4193,3,1.636013,0.595398,19.549534,0.916659,4194,2.873108,13.798
4194,0,1.745759,0.594213,19.351724,0.916578,4195,2.875000,46.521
4195,1,1.239425,0.617385,19.325203,0.917861,4196,2.875000,13.726
4196,2,1.516077,0.478848,19.584100,0.917080,4197,2.906128,13.916
4197,1,1.572128,0.776819,19.459231,0.917028,4198,2.828308,13.521
4198,3,1.361083,0.630225,19.642686,0.916404,4199,2.861328,13.497
4199,0,1.809218,0.697252,19.948230,0.917188,4200,2.875000,41.974
4200,3,1.715689,0.638490,19.865172,0.916758,4201,2.799072,13.570
4201,0,1.523383,0.536894,19.645423,0.917409,4202,2.826416,13.950
4202,0,1.843187,0.617440,19.473141,0.916797,4203,2.826416,13.393
4203,3,1.477634,0.666641,19.613427,0.917245,4204,2.828308,13.484
4204,3,1.269851,0.684120,19.641640,0.917326,4205,2.875000,50.136
4205,3,1.850736,0.562640,19.344985,0.917177,4206,2.888672,13.505
4206,1,1.679716,0.566929,19.125513,0.916267,4207,2.812744,13.462
4207,2,1.654057,0.619174,19.101816,0.917054,4208,2.812744,14.836
4208,1,1.779639,0.593170,19.177395,0.916355,4209,2.785400,52.759
4209,1,1.650645,0.481823,19.339164,0.917351,4210,2.841980,13.900
4210,1,1.531504,0.635690,19.354562,0.916153,4211,2.888672,13.473
4211,1,1.342676,0.484848,19.346302,0.917732,4212,2.888672,13.710
4212,3,1.233633,0.584909,19.286516,0.917234,4213,2.812744,13.490
4213,1,1.526249,0.591635,18.998231,0.916818,4214,2.812744,46.270
4214,1,1.444671,0.637170,18.939907,0.916758,4215,2.826416,13.525
4215,0,1.579248,0.563212,19.033709,0.917244,4216,2.800964,13.532
4216,0,1.361629,0.527967,18.957037,0.917827,4217,2.875000,13.659
4217,1,1.841931,0.527700,19.152162,0.917082,4218,2.875000,13.453
4218,2,1.267310,0.465079,19.159097,0.917121,4219,2.799072,46.288
4219,1,1.794894,0.638126,19.113075,0.916148,4220,2.826416,13.586
4220,1,1.544065,0.565434,19.291866,0.918177,4221,2.812744,13.592
4221,2,1.482048,0.630188,19.446239,0.915976,4222,2.841980,13.838
4222,3,1.713459,0.625527,19.236459,0.916568,4223,2.857544,13.766
4223,1,1.324679,0.591690,19.183665,0.917625,4224,2.816528,49.994
4224,3,1.312585,0.516357,19.320953,0.917300,4225,2.857544,13.858
4225,0,1.653611,0.500617,19.343224,0.917577,4226,2.800964,14.638
4226,1,1.178827,0.503161,19.284175,0.917312,4227,2.812744,13.537
4227,0,1.839828,0.545865,19.423911,0.917623,4228,2.828308,50.032
4228,1,1.474462,0.637138,19.289011,0.916877,4229,2.857544,13.579
4229,1,1.739241,0.511625,19.703545,0.917035,4230,2.812744,13.333
4230,3,1.357559,0.466924,19.701602,0.917055,4231,2.857544,13.477
4231,2,1.817854,0.509824,19.535383,0.917403,4232,2.884888,13.871
4232,3,1.923796,0.563083,19.574703,0.918362,4233,2.840088,42.207
4233,3,1.488779,0.572653,19.557447,0.917903,4234,2.800964,13.907
4234,2,1.475520,0.661369,19.500470,0.916609,4235,2.830200,14.306
4235,2,1.527551,0.532026,19.518103,0.917538,4236,2.785400,14.205
4236,3,1.203093,0.458069,19.535969,0.917082,4237,2.843872,14.106
4237,1,1.561997,0.670453,19.977402,0.917037,4238,2.830200,42.743
4238,3,1.242059,0.604123,20.194260,0.917603,4239,2.826416,13.781
4239,2,1.319291,0.631390,20.254507,0.916918,4240,2.828308,13.951
4240,1,1.313809,0.503900,20.068075,0.917662,4241,2.830200,15.640
4241,3,1.598507,0.619728,20.225226,0.916936,4242,2.826416,14.025
4242,1,1.373141,0.486922,20.114863,0.916328,4243,2.828308,50.502
4243,3,1.430699,0.581332,20.093365,0.917374,4244,2.904236,13.823
4244,3,1.276759,0.409873,20.356376,0.916578,4245,2.890564,13.648
4245,0,1.641590,0.521988,20.421393,0.916143,4246,2.875000,13.693
4246,2,1.636314,0.530761,20.598467,0.916766,4247,2.875000,50.140
4247,0,1.455113,0.600891,20.634563,0.917046,4248,2.875000,13.644
4248,0,1.731244,0.553350,20.720705,0.917078,4249,2.812744,13.646
4249,2,1.800982,0.662057,20.671572,0.916863,4250,2.800964,13.635
4250,3,1.540949,0.500939,20.539958,0.917972,4251,2.857544,13.630
4251,0,1.608991,0.590108,20.554178,0.917269,4252,2.888672,13.928
4252,0,1.496571,0.627138,20.694649,0.917549,4253,2.843872,13.783
4253,3,1.267945,0.612712,20.501861,0.917083,4254,2.799072,13.876
4254,0,1.540873,0.564284,20.880747,0.916422,4255,2.812744,14.002
4255,3,1.450684,0.486733,20.848082,0.917242,4256,2.853760,15.608
4256,2,1.451839,0.654800,20.911097,0.916563,4257,2.828308,46.227
4257,1,1.598494,0.546734,20.835655,0.917632,4258,2.888672,13.402
4258,3,1.452721,0.520754,20.476085,0.918328,4259,2.888672,13.582
4259,1,1.650747,0.628449,20.578413,0.916346,4260,2.873108,13.491
4260,0,1.655196,0.560157,20.354496,0.917518,4261,2.843872,13.435
4261,3,1.170576,0.536444,19.991935,0.917401,4262,2.799072,50.720
4262,3,1.795389,0.632658,20.070158,0.917163,4263,2.855652,13.643
4263,0,1.365687,0.625868,20.010310,0.917535,4264,2.888672,13.508
4264,1,1.531191,0.460262,19.799100,0.917332,4265,2.875000,13.560
4265,0,1.578850,0.535684,19.656883,0.916996,4266,2.812744,13.605
4266,0,1.339593,0.571211,19.711919,0.916259,4267,2.785400,45.969
4267,1,1.578757,0.593727,19.617447,0.916559,4268,2.812744,13.465
4268,2,1.475939,0.684049,19.566482,0.916980,4269,2.814636,13.631
4269,3,1.328260,0.545749,19.327039,0.916732,4270,2.902344,13.681
4270,0,1.916382,0.673535,19.199203,0.918281,4271,2.888672,81.840
4271,1,1.648238,0.470725,19.240678,0.917323,4272,2.826416,67.094
4272,0,1.692054,0.546634,19.392135,0.917709,4273,2.812744,27.332
4273,0,1.500915,0.606520,19.475435,0.916710,4274,2.812744,18.667
4274,3,1.791196,0.544851,19.573082,0.917915,4275,2.717468,46.030
4275,0,1.451554,0.606666,19.649208,0.918025,4276,2.876892,13.552
4276,2,1.609541,0.517118,19.621254,0.917094,4277,2.876892,13.488
4277,1,1.352280,0.534081,19.973753,0.916795,4278,2.890564,13.456
4278,0,1.572990,0.554165,19.923407,0.916392,4279,2.890564,13.467
4279,0,1.351339,0.609672,19.758816,0.917892,4280,2.908020,50.548
4280,2,1.608263,0.572971,19.752098,0.917076,4281,2.890564,13.850
4281,2,1.087521,0.446521,19.481111,0.916726,4282,2.890564,13.419
4282,0,1.409427,0.456343,19.594413,0.916914,4283,2.902344,13.481
4283,2,1.706474,0.639136,19.687130,0.915993,4284,2.876892,13.798
4284,2,1.628555,0.591233,19.624381,0.917667,4285,2.906128,45.896
4285,3,1.337380,0.604207,19.631496,0.917305,4286,2.841980,13.547
4286,3,1.684998,0.648738,19.424572,0.916699,4287,2.826416,13.271
4287,1,1.499553,0.534616,19.600920,0.916022,4288,2.812744,13.430
4288,1,1.456748,0.500266,19.521465,0.916805,4289,2.888672,50.342
4289,3,1.367652,0.609467,19.527672,0.915765,4290,2.876892,14.692
4290,0,1.386592,0.618831,19.576086,0.917381,4291,2.890564,13.998
4291,0,1.462269,0.628926,19.399177,0.915976,4292,2.861328,13.422
4292,3,1.576923,0.712452,19.495331,0.917477,4293,2.890564,13.964
4293,1,1.596835,0.441707,19.603493,0.917063,4294,2.890564,50.876
4294,0,1.596596,0.546086,19.563115,0.916612,4295,2.902344,13.920
4295,1,1.732231,0.598934,19.633753,0.916358,4296,2.845764,13.608
4296,1,1.358700,0.592942,19.730422,0.917734,4297,2.890564,13.671
4297,0,1.330218,0.531374,19.874655,0.917154,4298,2.904236,50.322
4298,0,1.680656,0.564096,19.850845,0.916909,4299,2.904236,13.682
4299,1,1.596428,0.634209,19.816027,0.916238,4300,2.890564,14.286
4300,0,1.699149,0.601643,19.886831,0.916620,4301,2.919800,13.663
4301,3,1.622555,0.574550,19.904563,0.917119,4302,2.892456,13.680
4302,3,1.333440,0.513707,19.910307,0.917816,4303,2.890564,46.877
4303,3,1.520784,0.639573,19.631701,0.916539,4304,2.892456,13.681
4304,3,1.110508,0.579453,19.450550,0.917591,4305,2.890564,13.672
4305,0,1.117772,0.562373,19.271583,0.917890,4306,2.859436,13.622
4306,0,1.398995,0.637011,19.250207,0.917479,4307,2.840088,13.695
4307,1,0.830970,0.540397,19.315971,0.917648,4308,2.799072,46.192
4308,3,1.597355,0.570252,19.314248,0.916073,4309,2.890564,14.421
4309,1,1.375730,0.649890,19.031953,0.917135,4310,2.904236,14.456
4310,0,1.385509,0.786009,18.921146,0.917281,4311,2.888672,13.780
4311,0,1.517012,0.494732,18.762802,0.917248,4312,2.906128,50.021
4312,2,1.383442,0.479618,18.702986,0.916893,4313,2.904236,13.505
4313,0,0.845565,0.536390,18.719715,0.917008,4314,2.892456,13.443
4314,0,1.348250,0.722412,18.607681,0.917688,4315,2.890564,13.377
4315,1,1.460816,0.798806,18.620689,0.916492,4316,2.908020,13.296
4316,2,1.255185,0.659112,18.601775,0.916895,4317,2.890564,50.047
4317,1,1.729996,0.516976,18.729299,0.918334,4318,2.812744,13.320
4318,1,1.656268,0.654992,18.761683,0.916038,4319,2.871216,13.535
4319,2,1.457662,0.652889,18.863487,0.916597,4320,2.876892,13.805
4320,1,1.495601,0.543012,18.908943,0.916752,4321,2.875000,13.786
4321,3,1.632266,0.502995,18.821469,0.916913,4322,2.904236,46.504
4322,1,1.042417,0.655883,18.928262,0.915522,4323,2.904236,14.071
4323,2,1.128656,0.513251,18.669266,0.916958,4324,2.906128,14.658
4324,0,1.419144,0.679997,18.738930,0.916437,4325,2.888672,13.394
4325,3,1.652665,0.642138,18.566930,0.917363,4326,2.845764,50.232
4326,2,1.334328,0.607010,18.613152,0.916457,4327,2.890564,13.435
4327,2,1.707297,0.696606,18.686597,0.916841,4328,2.876892,13.440
4328,3,1.596754,0.686404,18.812054,0.916736,4329,2.890564,13.427
4329,3,1.432782,0.574347,18.752547,0.917905,4330,2.890564,14.582
4330,1,1.261043,0.599511,18.543768,0.917224,4331,2.933472,46.991
4331,0,1.061629,0.597262,18.647126,0.916372,4332,2.892456,13.648
4332,0,1.605285,0.597413,18.656368,0.916245,4333,2.890564,13.416
4333,1,1.299835,0.575347,18.659344,0.917067,4334,2.919800,13.443
4334,1,1.470910,0.576126,18.795966,0.917879,4335,2.904236,13.398
4335,0,1.454822,0.578259,18.846043,0.917182,4336,2.859436,45.926
4336,2,1.595207,0.525588,18.748708,0.918333,4337,2.826416,13.376
4337,2,1.567831,0.554547,18.786168,0.917525,4338,2.799072,15.052
4338,2,1.615641,0.748841,18.832241,0.918042,4339,2.890564,13.619
4339,3,1.820205,0.651856,18.817302,0.917081,4340,2.876892,14.450
4340,1,1.541334,0.645341,18.711585,0.916232,4341,2.875000,49.840
4341,3,1.516481,0.616146,18.576358,0.917882,4342,2.906128,13.452
4342,3,1.347561,0.616803,18.431756,0.916219,4343,2.933472,13.321
4343,0,1.358762,0.626431,18.425008,0.916551,4344,2.892456,13.733
4344,1,1.529134,0.613134,18.556947,0.916977,4345,2.890564,49.991
4345,0,1.495702,0.613535,18.703713,0.917242,4346,2.904236,13.384
4346,2,1.283755,0.560155,18.883816,0.917184,4347,2.904236,13.892
4347,1,1.543724,0.607694,18.909810,0.916810,4348,2.890564,13.356
4348,3,1.429231,0.597657,18.932785,0.917197,4349,2.904236,13.371
4349,3,1.731379,0.766007,18.613766,0.918006,4350,2.892456,13.878
4350,2,1.729066,0.613037,18.800376,0.917624,4351,2.906128,13.426
4351,0,1.413339,0.583694,18.793132,0.916514,4352,2.876892,13.620
4352,1,1.330718,0.598734,18.771856,0.916386,4353,2.906128,14.715
4353,0,1.424425,0.659507,18.761346,0.916622,4354,2.890564,13.881
4354,3,1.399157,0.531904,18.785996,0.916996,4355,2.886780,13.733
4355,0,1.307902,0.551292,18.932222,0.916527,4356,2.799072,13.729
4356,1,1.392598,0.503972,18.879259,0.917472,4357,2.812744,13.691
4357,0,1.334919,0.579297,18.945945,0.916623,4358,2.904236,13.639
4358,0,1.354507,0.537227,18.882280,0.915754,4359,2.904236,13.596
4359,3,1.395972,0.493376,18.693994,0.916619,4360,2.875000,50.845
4360,3,1.502531,0.567897,18.544703,0.917915,4361,2.919800,13.849
4361,2,1.378305,0.523465,18.662086,0.916999,4362,2.876892,13.843
4362,1,1.591988,0.574525,18.966230,0.917878,4363,2.906128,13.672
4363,3,1.435531,0.794168,19.021605,0.916587,4364,2.876892,13.646
4364,3,1.267936,0.641218,19.067725,0.917015,4365,2.921692,50.151
4365,0,1.423767,0.519290,19.010482,0.917166,4366,2.890564,13.670
4366,2,1.622464,0.685158,19.041527,0.916747,4367,2.840088,13.617
4367,0,1.174535,0.522608,19.092663,0.916943,4368,2.830200,14.314
4368,1,1.549149,0.699936,19.053639,0.916697,4369,2.890564,50.171
4369,1,1.591742,0.484565,19.070030,0.916790,4370,2.888672,13.952
4370,3,1.683576,0.576929,19.036155,0.916399,4371,2.904236,13.448
4371,3,1.297948,0.717706,18.812942,0.916720,4372,2.890564,13.635
4372,2,1.337549,0.658710,18.861035,0.917212,4373,2.919800,13.531
4373,1,1.402322,0.734591,19.083386,0.917953,4374,2.876892,41.925
4374,3,1.733119,0.544124,19.331364,0.917104,4375,2.906128,13.513
4375,3,1.475103,0.623023,19.353082,0.916791,4376,2.861328,13.456
4376,1,1.470756,0.549086,19.430858,0.917621,4377,2.890564,13.366
4377,2,1.748058,0.602104,19.399645,0.917041,4378,2.812744,14.003
4378,0,1.679268,0.432351,19.360127,0.917603,4379,2.902344,13.493
4379,1,1.387571,0.556958,19.476394,0.917656,4380,2.863220,13.745
4380,3,1.442121,0.522537,19.459181,0.917514,4381,2.890564,13.939
4381,3,1.428458,0.584936,19.738874,0.916307,4382,2.888672,13.354
4382,1,1.392952,0.512033,19.621774,0.917777,4383,2.919800,14.377
4383,3,1.522542,0.534190,19.775770,0.916646,4384,2.892456,50.489
4384,1,1.295578,0.629292,19.712678,0.916611,4385,2.919800,13.437
4385,1,1.375817,0.664646,19.863360,0.916530,4386,2.876892,13.972
4386,1,1.545021,0.789011,19.751363,0.915768,4387,2.890564,14.044
4387,2,1.607659,0.669068,19.544435,0.917664,4388,2.904236,13.454
4388,0,1.500440,0.636804,19.675026,0.916503,4389,2.902344,50.473
4389,3,1.817000,0.556056,19.819344,0.917895,4390,2.906128,15.070
4390,0,1.541076,0.586746,19.881903,0.916977,4391,2.906128,14.630
4391,1,0.990551,0.584421,20.159751,0.916901,4392,2.931580,15.160
4392,2,1.794196,0.530274,20.262349,0.916354,4393,2.812744,43.284
4393,2,1.548514,0.575948,20.053594,0.917691,4394,2.904236,13.442
4394,3,1.400036,0.464921,19.918847,0.916718,4395,2.904236,14.036
4395,3,1.190207,0.615501,20.099410,0.917609,4396,2.906128,13.443
4396,3,1.818517,0.658818,20.219957,0.917450,4397,2.904236,13.565
4397,0,1.483853,0.762214,20.511145,0.916638,4398,2.906128,51.052
4398,3,1.725711,0.700203,20.269518,0.917366,4399,2.785400,13.868
4399,1,1.726614,0.556057,20.354755,0.917154,4400,2.904236,13.872
4400,1,1.271935,0.643361,20.451531,0.916185,4401,2.876892,13.698
4401,2,1.536222,0.646291,20.536968,0.916868,4402,2.906128,13.552
4402,3,1.930147,0.682365,20.518719,0.914904,4403,2.904236,13.474
4403,0,1.238571,0.576077,20.769563,0.917585,4404,2.919800,13.284
4404,1,1.693118,0.626447,20.624732,0.917261,4405,2.812744,13.462
4405,1,1.340884,0.557034,20.435948,0.916615,4406,2.890564,13.288
4406,1,1.605993,0.582074,20.366910,0.917764,4407,2.890564,50.518
4407,3,1.820096,0.693714,20.473005,0.917036,4408,2.933472,13.351
4408,2,1.264762,0.519180,20.192614,0.917925,4409,2.904236,13.708
4409,0,1.060507,0.547770,20.059288,0.916013,4410,2.906128,13.868
4410,0,1.496038,0.796175,20.127156,0.915913,4411,2.840088,14.078
4411,0,1.701491,0.537318,20.057338,0.917533,4412,2.890564,43.233
4412,0,1.446560,0.507507,20.123847,0.917154,4413,2.890564,13.646
4413,2,1.408939,0.617408,20.024106,0.916769,4414,2.875000,13.640
4414,0,2.021629,0.740952,19.950613,0.915648,4415,2.919800,13.791
4415,3,1.605948,0.547417,19.729818,0.917436,4416,2.906128,13.665
4416,1,1.119102,0.639311,19.581184,0.917258,4417,2.876892,50.526
4417,2,1.491396,0.638470,19.563546,0.917167,4418,2.828308,13.755
4418,1,1.606102,0.530892,19.841413,0.917772,4419,2.875000,13.595
4419,1,1.661996,0.474680,19.761778,0.917108,4420,2.888672,14.263
4420,1,1.767250,0.466281,19.644863,0.917467,4421,2.919800,50.424
4421,0,1.351041,0.629805,19.606268,0.917683,4422,2.904236,13.741
4422,3,1.523257,0.720696,19.425905,0.916158,4423,2.826416,13.596
4423,0,1.487661,0.547051,19.478178,0.917031,4424,2.906128,13.606
4424,0,0.836392,0.611869,19.301620,0.917563,4425,2.875000,13.437
4425,0,1.450593,0.498320,19.382409,0.917598,4426,2.947144,50.377
4426,1,1.760248,0.538195,19.278383,0.916892,4427,2.890564,14.123
4427,0,1.393340,0.558810,19.054934,0.916529,4428,2.904236,14.165
4428,2,1.537747,0.552396,19.019105,0.916890,4429,2.826416,13.712
4429,0,1.680597,0.629116,19.024110,0.917758,4430,2.933472,13.983
4430,0,1.391891,0.494291,19.351879,0.917963,4431,2.875000,13.560
4431,2,1.714636,0.600164,19.254220,0.917042,4432,2.906128,13.409
4432,2,1.570306,0.661877,19.228365,0.916712,4433,2.904236,13.454
4433,0,1.631116,0.638787,19.125173,0.916626,4434,2.904236,13.341
4434,0,1.443857,0.562761,19.321020,0.917125,4435,2.892456,46.042
4435,0,1.579976,0.611825,19.087447,0.917473,4436,2.906128,13.480
4436,1,1.305740,0.709164,19.139597,0.917066,4437,2.904236,13.538
4437,3,1.576773,0.559171,19.399770,0.917895,4438,2.888672,13.315
4438,0,1.329231,0.721783,19.275850,0.917256,4439,2.931580,13.525
4439,1,1.524501,0.475998,19.190122,0.916978,4440,2.892456,50.600
4440,0,1.187604,0.545658,19.105473,0.917879,4441,2.906128,13.605
4441,0,1.264319,0.592038,19.203535,0.917786,4442,2.828308,13.368
4442,1,1.376446,0.602085,19.119696,0.916570,4443,2.906128,14.261
4443,2,1.793662,0.587714,18.979275,0.916682,4444,2.933472,66.688
4444,1,1.012684,0.611577,18.900806,0.916882,4445,2.904236,71.113
4445,0,1.608768,0.586787,18.848071,0.917623,4446,2.919800,29.371
4446,0,1.596087,0.627910,18.907942,0.916257,4447,2.906128,55.508
4447,0,1.658112,0.579454,18.809463,0.917613,4448,2.904236,13.415
4448,1,1.241902,0.513300,18.917592,0.917302,4449,2.847656,13.456
4449,2,1.746153,0.560780,18.964000,0.917424,4450,2.876892,13.784
4450,0,1.459363,0.625855,18.778725,0.916774,4451,2.799072,13.960
4451,2,1.628504,0.540264,18.812252,0.918048,4452,2.906128,47.544
4452,3,1.462800,0.593886,18.886206,0.917517,4453,2.847656,13.553
4453,2,1.503159,0.461735,18.608528,0.917706,4454,2.919800,13.374
4454,0,1.467227,0.548173,18.690979,0.917297,4455,2.904236,16.118
4455,1,1.278519,0.613836,18.429699,0.917547,4456,2.904236,14.890
4456,1,1.528504,0.608520,18.645844,0.915719,4457,2.916016,51.878
4457,0,1.423793,0.661989,18.631001,0.917743,4458,2.876892,20.766
4458,0,1.505263,0.593416,18.664044,0.917408,4459,2.888672,20.494
4459,2,1.553253,0.546083,18.699312,0.917226,4460,2.878784,56.937
4460,3,1.649314,0.674833,19.011178,0.916370,4461,2.799072,20.099
4461,1,1.497694,0.506726,18.980303,0.917764,4462,2.890564,20.050
4462,1,1.375030,0.526478,18.760311,0.916948,4463,2.904236,54.528
4463,2,1.580881,0.454020,18.873039,0.917765,4464,2.906128,15.220
4464,0,1.717500,0.655618,18.962982,0.916670,4465,2.904236,16.856
4465,2,1.960746,0.541466,18.955592,0.917203,4466,2.933472,16.257
4466,3,1.622580,0.618570,19.041216,0.916175,4467,2.906128,47.813
4467,3,1.525951,0.537161,19.265705,0.916946,4468,2.876892,13.598
4468,1,1.908269,0.492800,19.276692,0.917626,4469,2.861328,13.721
4469,1,1.572487,0.530339,19.077973,0.917063,4470,2.878784,13.662
4470,3,1.346295,0.701908,19.277382,0.917323,4471,2.873108,13.748
4471,3,1.056123,0.612585,19.426389,0.917520,4472,2.800964,48.215
4472,2,1.427204,0.551993,19.590826,0.916832,4473,2.916016,14.958
4473,1,1.530776,0.589201,19.679134,0.916108,4474,2.875000,14.671
4474,3,1.320939,0.565980,19.680773,0.916525,4475,2.919800,16.040
4475,0,1.580954,0.485376,19.748401,0.916555,4476,2.904236,48.158
4476,0,1.556362,0.657632,19.739026,0.918044,4477,2.863220,13.628
4477,3,1.768535,0.476507,19.714990,0.917047,4478,2.904236,13.522
4478,0,1.493288,0.628664,19.664294,0.916618,4479,2.919800,13.553
4479,1,1.391697,0.641783,19.892917,0.917024,4480,2.876892,13.485
4480,2,1.750987,0.490394,19.822563,0.915543,4481,2.906128,46.214
4481,2,1.487926,0.688115,19.644880,0.916908,4482,2.841980,13.324
4482,1,1.415534,0.565473,19.664057,0.916360,4483,2.919800,13.350
4483,3,1.569388,0.677070,19.638695,0.916497,4484,2.947144,13.594
4484,1,1.243686,0.504224,19.445582,0.917565,4485,2.876892,15.071
4485,3,1.597558,0.570719,19.814539,0.916673,4486,2.812744,43.920
4486,1,1.160362,0.567087,19.764281,0.916432,4487,2.890564,16.677
4487,2,1.313167,0.580898,19.918161,0.916033,4488,2.906128,15.303
4488,0,1.193133,0.474006,19.830925,0.917295,4489,2.933472,16.095
4489,0,1.490947,0.591113,19.715138,0.917144,4490,2.904236,48.906
4490,2,1.761012,0.650541,19.661397,0.915436,4491,2.919800,15.314
4491,2,1.543832,0.627321,19.527266,0.917212,4492,2.828308,19.434
4492,2,1.262034,0.611687,19.472693,0.916058,4493,2.919800,13.757
4493,0,1.468630,0.514180,19.368987,0.916922,4494,2.878784,13.665
4494,3,1.349114,0.632579,19.349855,0.916278,4495,2.876892,13.538
4495,3,1.290735,0.655503,19.168618,0.916678,4496,2.799072,14.190
4496,0,2.020874,0.567743,19.224787,0.917178,4497,2.890564,15.080
4497,2,1.425303,0.600447,19.165053,0.916225,4498,2.878784,15.109
4498,1,1.391673,0.498172,19.119454,0.916885,4499,2.935364,51.729
4499,1,1.312241,0.566215,19.010173,0.916844,4500,2.904236,15.166
4500,3,1.132257,0.707953,18.795124,0.915992,4501,2.826416,14.295
4501,2,1.364155,0.593117,18.818791,0.917873,4502,2.947144,15.045
4502,3,1.490063,0.629499,18.847260,0.916242,4503,2.861328,14.263
4503,1,1.212320,0.556379,18.877339,0.916717,4504,2.919800,13.444
4504,2,1.665142,0.444657,18.762159,0.917009,4505,2.863220,13.365
4505,1,1.452283,0.658317,18.817716,0.917946,4506,2.876892,13.366
4506,1,1.150421,0.511825,18.898024,0.916985,4507,2.875000,13.358
4507,2,1.330348,0.656198,18.962084,0.916835,4508,2.904236,50.250
4508,3,1.529046,0.534718,18.986555,0.916649,4509,2.890564,13.340
4509,0,1.557894,0.484752,19.015611,0.916054,4510,2.904236,13.446
4510,2,1.570876,0.618727,18.725058,0.917310,4511,2.855652,13.427
4511,1,1.334683,0.694290,18.767329,0.917295,4512,2.906128,13.714
4512,1,1.734062,0.578793,18.706215,0.915791,4513,2.845764,49.933
4513,2,1.227925,0.668016,18.857427,0.916667,4514,2.892456,13.897
4514,1,1.240359,0.467312,18.732906,0.917086,4515,2.904236,13.353
4515,1,1.168429,0.687458,18.907002,0.916443,4516,2.919800,13.292
4516,3,1.415673,0.644075,19.118898,0.916267,4517,2.800964,50.799
4517,3,1.666609,0.517247,18.981212,0.917166,4518,2.878784,13.407
4518,1,1.407613,0.557654,18.938464,0.916413,4519,2.933472,13.530
4519,3,1.765608,0.682087,19.016936,0.917877,4520,2.904236,13.859
4520,1,1.400996,0.497733,19.127850,0.916869,4521,2.812744,14.268
4521,0,1.174538,0.511311,19.355474,0.917453,4522,2.890564,47.724
4522,2,1.551245,0.569588,19.520369,0.917389,4523,2.906128,13.643
4523,0,1.728062,0.462027,19.488752,0.917313,4524,2.908020,13.809
4524,2,1.535684,0.665312,19.339556,0.916391,4525,2.890564,13.602
4525,1,1.534482,0.543545,19.364108,0.917474,4526,2.826416,13.767
4526,1,1.547866,0.673975,19.428948,0.917197,4527,2.892456,46.230
4527,3,1.381126,0.708743,19.410008,0.916970,4528,2.888672,13.694
4528,1,1.289145,0.600812,19.265883,0.916653,4529,2.906128,13.668
4529,0,1.333631,0.697737,19.438702,0.916654,4530,2.904236,13.803
4530,2,1.364238,0.507875,19.392309,0.916713,4531,2.890564,13.627
4531,1,1.342930,0.528748,19.369837,0.916718,4532,2.875000,50.639
4532,1,1.370243,0.556936,19.300892,0.917590,4533,2.890564,15.813
4533,3,1.810616,0.574221,19.286643,0.917906,4534,2.904236,13.633
4534,1,1.346197,0.506200,19.111423,0.917380,4535,2.863220,13.818
4535,3,1.588129,0.560636,19.133938,0.916237,4536,2.814636,46.215
4536,1,1.614627,0.687867,19.076380,0.917009,4537,2.933472,13.707
4537,0,1.733102,0.559507,18.969994,0.917511,4538,2.873108,13.652
4538,1,1.520475,0.672948,18.946722,0.916146,4539,2.919800,13.417
4539,3,1.380204,0.516359,18.773137,0.917610,4540,2.890564,13.384
4540,3,1.400889,0.455444,18.912524,0.917479,4541,2.871216,45.881
4541,3,1.684831,0.504570,18.970102,0.918344,4542,2.799072,13.406
4542,3,1.577239,0.501823,19.244090,0.916504,4543,2.906128,13.609
4543,3,1.600090,0.636213,19.200230,0.917346,4544,2.919800,13.529
4544,1,1.455918,0.735437,19.180648,0.917091,4545,2.902344,13.546
4545,1,1.562471,0.705448,19.168941,0.917824,4546,2.890564,46.142
4546,0,1.510397,0.672112,19.382388,0.916777,4547,2.876892,13.390
4547,0,1.190141,0.531221,19.529231,0.918078,4548,2.917908,13.475
4548,0,1.744221,0.514731,19.613272,0.917841,4549,2.919800,13.420
4549,1,1.533163,0.569735,19.784295,0.917414,4550,2.890564,13.691
4550,3,1.564534,0.542517,19.672484,0.917404,4551,2.890564,42.230
4551,1,1.610886,0.449904,19.578453,0.916344,4552,2.855652,13.461
4552,0,1.459975,0.656048,19.285737,0.916723,4553,2.888672,13.899
4553,0,1.456473,0.541681,19.117781,0.917262,4554,2.875000,13.275
4554,3,1.569139,0.472950,19.110949,0.917024,4555,2.933472,13.485
4555,1,1.569124,0.764294,19.337576,0.916248,4556,2.875000,45.890
4556,3,1.867361,0.515530,19.336471,0.917697,4557,2.921692,13.412
4557,1,1.651176,0.533710,19.120446,0.916238,4558,2.890564,13.550
4558,0,1.366944,0.586308,19.196136,0.917594,4559,2.919800,13.392
4559,0,1.180831,0.584987,19.380978,0.917013,4560,2.890564,13.574
4560,3,1.489578,0.561412,19.573666,0.917423,4561,2.876892,49.948
4561,0,0.990225,0.571930,19.616402,0.917524,4562,2.843872,13.678
4562,3,1.777745,0.567546,19.695302,0.916904,4563,2.890564,13.400
4563,1,1.188712,0.553048,19.749705,0.917458,4564,2.904236,13.753
4564,2,1.271105,0.581216,20.132088,0.916435,4565,2.919800,13.486
4565,2,1.462521,0.640622,19.961718,0.917452,4566,2.826416,49.853
4566,1,1.746054,0.621557,20.121904,0.918166,4567,2.919800,13.322
4567,1,1.266141,0.630843,20.119627,0.916702,4568,2.875000,13.405
4568,0,1.115068,0.546684,20.204946,0.917579,4569,2.906128,13.415
4569,0,1.430287,0.635295,20.238863,0.917566,4570,2.931580,13.454
4570,2,1.642221,0.594947,20.304964,0.918455,4571,2.890564,13.489
4571,1,1.601032,0.500798,20.679569,0.916852,4572,2.904236,13.567
4572,1,1.659027,0.407269,20.379666,0.917303,4573,2.919800,13.843
4573,1,1.685576,0.529020,20.563699,0.917572,4574,2.917908,13.916
4574,1,1.529654,0.665907,20.475202,0.917089,4575,2.890564,13.490
4575,2,1.305775,0.707990,20.307111,0.916495,4576,2.906128,13.592
4576,0,1.384844,0.529131,20.378447,0.916869,4577,2.888672,13.419
4577,2,1.119883,0.543484,20.262531,0.917074,4578,2.919800,13.520
4578,3,1.623225,0.560362,20.402900,0.917490,4579,2.845764,13.589
4579,3,1.438949,0.686885,20.327485,0.916600,4580,2.890564,50.340
4580,2,1.924810,0.555531,20.193681,0.916667,4581,2.919800,13.639
4581,1,1.308236,0.489959,19.914461,0.917831,4582,2.873108,13.730
4582,2,1.425238,0.669914,19.915126,0.916024,4583,2.900452,16.844
4583,3,1.678647,0.585757,20.007890,0.915075,4584,2.845764,76.701
4584,0,1.476387,0.625610,20.390271,0.916954,4585,2.875000,36.901
4585,1,1.718750,0.676000,20.486001,0.916889,4586,2.906128,23.730
4586,2,1.469163,0.563101,20.252889,0.916764,4587,2.890564,22.709
4587,0,1.360770,0.469031,20.079704,0.917805,4588,2.917908,51.194
4588,3,1.359605,0.555450,20.196248,0.917960,4589,2.904236,14.079
4589,3,1.136025,0.508897,20.212270,0.916923,4590,2.904236,14.096
4590,1,0.949429,0.568093,20.171770,0.916292,4591,2.890564,14.838
4591,1,1.395425,0.729293,20.192410,0.915341,4592,2.888672,14.202
4592,3,1.534418,0.587176,20.275313,0.917881,4593,2.832092,50.562
4593,1,1.504940,0.573213,20.133343,0.917433,4594,2.845764,13.826
4594,1,1.212420,0.525950,19.977563,0.917147,4595,2.861328,13.492
4595,0,1.501698,0.559998,19.842841,0.917800,4596,2.890564,13.443
4596,2,1.767820,0.651627,19.787941,0.916756,4597,2.863220,50.367
4597,1,1.627496,0.684255,19.925902,0.916988,4598,2.904236,15.352
4598,1,1.329343,0.651888,19.913927,0.916606,4599,2.904236,13.669
4599,0,1.239535,0.678126,19.841835,0.916737,4600,2.919800,13.477
4600,3,1.413483,0.566829,19.907922,0.916889,4601,2.931580,13.416
4601,3,1.451567,0.594055,19.908295,0.916989,4602,2.876892,46.181
4602,2,1.155980,0.539859,20.000622,0.917917,4603,2.857544,13.800
4603,1,1.348360,0.622635,19.722057,0.917497,4604,2.847656,13.605
4604,3,1.596020,0.590598,19.863556,0.917074,4605,2.861328,13.478
4605,3,1.450235,0.563409,20.123149,0.917778,4606,2.906128,13.382
4606,1,1.541286,0.426515,20.077119,0.917430,4607,2.826416,46.534
4607,1,1.331909,0.607232,20.239281,0.917545,4608,2.890564,13.422
4608,1,1.687982,0.564566,20.366472,0.917517,4609,2.904236,13.525
4609,3,1.715643,0.606354,20.384187,0.917762,4610,2.933472,13.722
4610,1,1.382677,0.519981,20.046394,0.916774,4611,2.890564,13.595
4611,3,1.253326,0.556923,19.954561,0.916666,4612,2.876892,52.669
4612,3,1.330056,0.611932,19.972589,0.917068,4613,2.876892,13.807
4613,3,1.339552,0.579118,19.972497,0.916955,4614,2.919800,13.800
4614,0,1.827934,0.598410,19.884286,0.917923,4615,2.888672,13.512
4615,3,1.549452,0.569583,19.842711,0.916873,4616,2.878784,50.473
4616,1,1.304006,0.571857,19.897541,0.917974,4617,2.785400,14.329
4617,1,1.427771,0.538214,19.952904,0.916489,4618,2.917908,14.172
4618,0,1.334907,0.627807,19.896991,0.916945,4619,2.904236,14.058
4619,2,1.667191,0.554856,19.857120,0.917614,4620,2.906128,13.716
4620,2,1.295892,0.458343,19.725763,0.916601,4621,2.906128,46.589
4621,2,1.712495,0.475699,19.767379,0.917534,4622,2.906128,13.342
4622,0,1.546457,0.645538,19.873507,0.917114,4623,2.876892,13.581
4623,1,1.269074,0.578196,19.954121,0.916176,4624,2.906128,13.641
4624,0,1.295528,0.594318,19.787083,0.917652,4625,2.888672,13.781
4625,3,1.688595,0.504146,19.811872,0.917134,4626,2.892456,14.997
4626,0,1.300023,0.591880,19.875665,0.916940,4627,2.826416,13.677
4627,3,1.303506,0.678088,20.054674,0.917392,4628,2.890564,13.326
4628,1,1.065341,0.697942,19.943832,0.917020,4629,2.904236,13.510
4629,3,1.596412,0.658750,19.771315,0.916279,4630,2.875000,49.947
4630,0,1.807760,0.573169,19.934315,0.917754,4631,2.906128,13.510
4631,2,1.521602,0.669912,20.267123,0.916789,4632,2.906128,13.300
4632,0,1.530733,0.514738,20.321112,0.917662,4633,2.904236,14.157
4633,1,1.232110,0.560916,20.078192,0.916547,4634,2.878784,13.573
4634,0,1.386998,0.489535,19.759781,0.916306,4635,2.861328,50.368
4635,1,1.644946,0.559220,19.905987,0.916970,4636,2.933472,13.837
4636,3,1.401593,0.692302,19.886482,0.916234,4637,2.873108,13.758
4637,1,1.225061,0.601788,19.525297,0.917362,4638,2.904236,13.718
4638,2,1.541313,0.582493,19.378880,0.917802,4639,2.906128,50.267
4639,3,1.571134,0.523841,19.207195,0.916781,4640,2.888672,14.297
4640,3,1.220840,0.504112,19.152719,0.917425,4641,2.843872,15.292
4641,3,1.272233,0.604951,19.133981,0.916933,4642,2.832092,13.762
4642,2,1.543136,0.528014,19.208224,0.917343,4643,2.888672,14.895
4643,2,1.483090,0.613178,19.292673,0.918231,4644,2.799072,50.137
4644,0,1.430458,0.629502,19.257657,0.917475,4645,2.890564,13.659
4645,0,1.561773,0.663953,19.313948,0.917642,4646,2.904236,13.802
4646,0,1.394485,0.558460,19.428368,0.917186,4647,2.919800,13.631
4647,2,1.577518,0.574732,19.345134,0.918115,4648,2.812744,46.159
4648,0,1.804962,0.553830,19.116608,0.917010,4649,2.890564,13.574
4649,1,1.068819,0.512853,19.156686,0.917679,4650,2.890564,13.680
4650,1,1.619669,0.581684,19.265796,0.918253,4651,2.890564,13.595
4651,2,1.169372,0.546341,19.395981,0.916569,4652,2.863220,13.449
4652,3,1.563581,0.779129,19.620926,0.916785,4653,2.876892,50.037
4653,2,1.501716,0.443325,19.526479,0.916148,4654,2.875000,13.427
4654,2,1.379475,0.539733,19.440920,0.917175,4655,2.904236,15.636
4655,0,1.208302,0.607280,19.380722,0.916947,4656,2.871216,13.451
4656,2,1.470155,0.614523,19.251117,0.917711,4657,2.949036,50.029
4657,3,1.478801,0.646068,19.295746,0.917328,4658,2.799072,13.429
4658,0,1.348867,0.505321,19.155331,0.916789,4659,2.876892,13.339
4659,1,1.371856,0.604084,19.064640,0.916284,4660,2.826416,13.445
4660,0,1.654112,0.402391,19.049347,0.917637,4661,2.888672,13.373
4661,1,1.207129,0.597480,19.201616,0.917482,4662,2.841980,47.138
4662,1,1.285187,0.564481,19.179343,0.916782,4663,2.863220,14.285
4663,3,1.706754,0.510339,18.991400,0.917096,4664,2.812744,13.616
4664,3,1.346086,0.624639,18.998720,0.916785,4665,2.935364,13.680
4665,0,1.424806,0.429542,19.026484,0.917711,4666,2.875000,13.644
4666,2,1.405771,0.605551,19.324415,0.917453,4667,2.863220,49.854
4667,1,1.408458,0.484384,19.350650,0.918609,4668,2.890564,13.543
4668,1,1.504622,0.741638,19.498744,0.915724,4669,2.888672,13.392
4669,3,1.424041,0.568090,19.475567,0.916992,4670,2.892456,13.682
4670,3,1.197945,0.619940,19.499443,0.916334,4671,2.843872,13.437
4671,1,1.666405,0.588003,19.611934,0.917135,4672,2.890564,50.502
4672,1,1.733335,0.541252,19.501451,0.918496,4673,2.799072,13.471
4673,0,1.676209,0.569147,19.520769,0.917890,4674,2.906128,13.464
4674,2,1.384413,0.552685,19.717269,0.917468,4675,2.826416,13.394
4675,2,1.548199,0.509634,19.775321,0.917211,4676,2.906128,13.331
4676,0,1.375741,0.582894,19.777404,0.917489,4677,2.890564,13.439
4677,0,1.391826,0.520890,19.654671,0.917267,4678,2.863220,13.311
4678,1,1.470605,0.523757,19.563657,0.918404,4679,2.906128,13.616
4679,2,1.697033,0.730717,19.566433,0.918051,4680,2.888672,13.531
4680,1,1.472668,0.533251,19.632365,0.917016,4681,2.919800,49.872
4681,1,1.146314,0.564077,19.517672,0.917642,4682,2.863220,13.612
4682,0,1.383855,0.615547,19.262738,0.915736,4683,2.826416,13.862
4683,3,1.244498,0.567095,19.449723,0.917382,4684,2.888672,15.572
4684,1,1.536646,0.566043,19.474705,0.917590,4685,2.828308,13.437
4685,0,1.509431,0.554756,19.355579,0.916600,4686,2.876892,45.902
4686,3,1.138853,0.600907,19.439080,0.917410,4687,2.863220,13.319
4687,1,1.710039,0.661744,19.521994,0.917028,4688,2.919800,13.238
4688,2,1.596489,0.532767,19.601744,0.917361,4689,2.875000,13.605
4689,3,1.214859,0.712207,19.741742,0.916851,4690,2.876892,13.869
4690,2,1.035485,0.524673,19.837114,0.917085,4691,2.890564,49.863
4691,3,1.655789,0.570255,19.873561,0.917744,4692,2.875000,14.096
4692,2,1.863339,0.529503,20.003986,0.917193,4693,2.921692,14.087
4693,0,1.939300,0.587032,19.867274,0.916720,4694,2.799072,13.803
4694,1,1.200379,0.536942,19.796689,0.917594,4695,2.843872,50.172
4695,2,1.577198,0.536225,19.701051,0.917304,4696,2.904236,13.760
4696,1,1.512492,0.632580,19.525664,0.917202,4697,2.826416,13.704
4697,2,1.521792,0.610044,19.749288,0.917831,4698,2.878784,13.669
4698,3,1.176683,0.530871,19.496320,0.916807,4699,2.812744,15.844
4699,0,1.423799,0.469956,19.272963,0.917032,4700,2.919800,50.228
4700,1,1.477907,0.722188,19.406556,0.916794,4701,2.904236,13.604
4701,2,1.593794,0.612344,19.638759,0.917987,4702,2.863220,13.976
4702,3,1.793141,0.628518,19.611701,0.916001,4703,2.906128,13.998
4703,1,1.766913,0.586654,19.662065,0.916856,4704,2.888672,50.194
4704,2,1.155834,0.519340,19.785514,0.917308,4705,2.919800,13.484
4705,3,1.657259,0.531168,19.529498,0.917175,4706,2.799072,13.661
4706,2,1.523958,0.592025,19.396014,0.917724,4707,2.800964,13.622
4707,3,1.630646,0.584786,19.365677,0.917232,4708,2.890564,13.782
4708,3,1.597847,0.569641,19.283450,0.917336,4709,2.919800,49.906
4709,3,1.508346,0.533507,19.520043,0.917694,4710,2.861328,13.384
4710,0,1.594485,0.554516,19.644486,0.917146,4711,2.904236,13.327
4711,3,1.513320,0.529024,19.701178,0.917626,4712,2.857544,13.692
4712,3,1.424140,0.655187,19.891066,0.916997,4713,2.826416,52.584
4713,2,1.032041,0.556681,19.829803,0.917568,4714,2.906128,13.369
4714,2,1.421624,0.518401,20.099080,0.916350,4715,2.888672,13.432
4715,2,1.489697,0.676624,19.919781,0.917015,4716,2.890564,13.335
4716,1,1.715174,0.665551,20.033541,0.917433,4717,2.888672,13.614
4717,3,1.446718,0.732662,20.205393,0.916541,4718,2.892456,46.486
4718,0,1.084519,0.586929,20.039511,0.917270,4719,2.904236,13.368
4719,2,1.469320,0.565937,20.271477,0.917136,4720,2.843872,13.440
4720,0,1.329650,0.605528,20.433382,0.917266,4721,2.904236,13.482
4721,3,1.175139,0.642979,20.416735,0.916813,4722,2.863220,13.852
4722,0,1.491134,0.558918,20.242875,0.917162,4723,2.861328,46.203
4723,1,1.675138,0.515640,20.084199,0.916207,4724,2.816528,13.598
4724,2,1.292708,0.619535,20.121482,0.914976,4725,2.812744,13.581
4725,3,1.792890,0.577961,20.444116,0.916988,4726,2.847656,13.556
4726,2,1.390562,0.627534,20.413753,0.916905,4727,2.904236,13.423
4727,0,1.702170,0.640941,20.538648,0.916565,4728,2.875000,44.204
4728,1,1.394195,0.586013,20.706983,0.915942,4729,2.875000,13.357
4729,3,1.467389,0.582668,20.657522,0.915065,4730,2.878784,13.330
4730,0,1.482290,0.536169,20.620437,0.917075,4731,2.919800,13.253
4731,3,1.346155,0.622305,20.832980,0.915877,4732,2.890564,13.537
4732,1,1.367611,0.535116,20.643192,0.917776,4733,2.863220,50.644
4733,1,1.632412,0.546846,20.281900,0.916818,4734,2.875000,13.863
4734,2,1.198146,0.568565,20.434119,0.917822,4735,2.840088,13.403
4735,2,1.256195,0.550820,20.391383,0.916906,4736,2.888672,13.399
4736,2,1.508505,0.569038,20.191142,0.917460,4737,2.904236,13.335
4737,3,1.456093,0.607694,20.566014,0.917069,4738,2.876892,45.889
4738,3,1.234517,0.666696,20.717301,0.917102,4739,2.812744,13.374
4739,3,1.155295,0.594946,20.858905,0.916323,4740,2.888672,13.343
4740,3,1.785058,0.623251,20.615186,0.916941,4741,2.876892,13.523
4741,1,1.278883,0.579518,20.361508,0.917066,4742,2.890564,50.412
4742,0,1.381915,0.594286,20.366588,0.916666,4743,2.875000,13.411
4743,0,1.534911,0.596928,20.325029,0.916988,4744,2.890564,14.013
4744,0,1.140207,0.539276,20.058345,0.917340,4745,2.892456,13.437
4745,1,1.217000,0.699159,20.255013,0.916972,4746,2.863220,13.395
4746,3,1.188104,0.542874,20.307026,0.917367,4747,2.785400,41.902
4747,1,1.260612,0.548272,20.301317,0.916425,4748,2.875000,13.350
4748,0,1.595897,0.433927,20.087617,0.917254,4749,2.904236,13.776
4749,0,1.415891,0.544786,20.098338,0.917199,4750,2.890564,13.747
4750,2,1.491032,0.489405,20.069223,0.917652,4751,2.876892,13.842
4751,3,1.098299,0.609460,19.944723,0.916008,4752,2.863220,46.503
4752,0,1.777387,0.594986,20.056864,0.916787,4753,2.847656,14.322
4753,0,1.150181,0.512392,19.757704,0.916578,4754,2.890564,14.738
4754,3,1.556823,0.567294,19.786002,0.915936,4755,2.876892,14.814
4755,3,1.425378,0.493585,19.803258,0.917483,4756,2.878784,74.429
4756,1,1.485035,0.561892,19.661516,0.917364,4757,2.876892,17.981
4757,1,1.431453,0.577194,19.769680,0.917476,4758,2.878784,53.186
4758,1,1.487802,0.506368,19.669717,0.916310,4759,2.906128,23.017
4759,2,1.380108,0.568630,19.623067,0.916646,4760,2.875000,68.087
4760,3,1.323364,0.665368,19.449858,0.916302,4761,2.904236,25.714
4761,0,1.268003,0.462024,19.344695,0.916935,4762,2.878784,13.682
4762,3,1.469323,0.694351,19.136373,0.917525,4763,2.875000,50.350
4763,0,1.473773,0.628501,19.089013,0.916928,4764,2.933472,13.696
4764,0,1.612000,0.550730,19.233897,0.917021,4765,2.906128,13.543
4765,2,1.465347,0.771188,19.399912,0.915036,4766,2.931580,13.355
4766,0,1.447991,0.587944,19.197659,0.916335,4767,2.917908,50.104
4767,2,1.191993,0.594490,19.428658,0.916865,4768,2.906128,13.943
4768,3,1.557283,0.561908,19.354185,0.917747,4769,2.906128,14.562
4769,2,1.731373,0.548286,18.968201,0.917333,4770,2.840088,14.128
4770,3,1.653657,0.488132,19.079255,0.917667,4771,2.906128,14.360
4771,0,1.254214,0.550180,18.961588,0.916107,4772,2.916016,50.278
4772,0,1.159212,0.626198,19.028882,0.917065,4773,2.917908,14.356
4773,0,1.241057,0.571214,19.173554,0.917121,4774,2.890564,13.523
4774,2,1.419137,0.579431,19.224868,0.916302,4775,2.906128,13.324
4775,3,1.516790,0.547092,19.163363,0.917136,4776,2.917908,50.346
4776,1,1.421181,0.530485,19.153389,0.917391,4777,2.859436,14.330
4777,2,1.222377,0.577293,19.168277,0.917303,4778,2.931580,13.630
4778,1,1.429548,0.591872,19.189177,0.916680,4779,2.917908,14.828
4779,0,1.528675,0.629872,19.247128,0.916411,4780,2.906128,13.579
4780,1,1.936343,0.571664,19.310746,0.917410,4781,2.906128,50.030
4781,1,1.791294,0.564967,19.258311,0.917521,4782,2.933472,13.468
4782,3,1.529049,0.645865,19.328588,0.916005,4783,2.875000,13.530
4783,1,1.353466,0.633292,19.302514,0.916733,4784,2.947144,13.527
4784,2,1.665040,0.615403,19.044707,0.915720,4785,2.917908,13.909
4785,2,1.278260,0.566848,19.083251,0.916837,4786,2.890564,50.246
4786,3,1.655328,0.643712,19.122056,0.916882,4787,2.890564,13.439
4787,2,1.349785,0.573294,19.229857,0.916550,4788,2.917908,13.597
4788,1,1.457001,0.495559,19.184350,0.916550,4789,2.921692,13.840
4789,3,1.585333,0.670934,19.042675,0.916514,4790,2.892456,50.103
4790,3,1.678239,0.622798,18.954472,0.916984,4791,2.876892,13.410
4791,0,0.919487,0.622893,19.105032,0.916748,4792,2.826416,13.498
4792,0,1.634760,0.637867,19.316773,0.917812,4793,2.890564,13.406
4793,3,1.419984,0.722909,19.409934,0.916761,4794,2.878784,13.487
4794,1,1.705783,0.596149,19.659461,0.916926,4795,2.949036,50.126
4795,0,1.886222,0.669053,19.737496,0.917484,4796,2.890564,13.594
4796,0,1.591968,0.627693,19.685023,0.917049,4797,2.906128,13.530
4797,1,1.686579,0.485702,19.713477,0.917200,4798,2.890564,13.573
4798,0,1.549553,0.652580,19.837330,0.917069,4799,2.861328,50.376
4799,0,1.325957,0.454568,19.574167,0.917639,4800,2.906128,13.617
4800,3,1.341815,0.673027,19.697752,0.916384,4801,2.873108,13.539
4801,1,1.838777,0.549486,19.634179,0.917181,4802,2.904236,13.394
4802,0,1.284138,0.556402,19.496202,0.916621,4803,2.888672,13.693
4803,1,1.523187,0.609437,19.410469,0.917566,4804,2.931580,48.887
4804,3,1.400404,0.582869,19.527789,0.916474,4805,2.861328,14.310
4805,2,1.550609,0.652645,19.537019,0.916566,4806,2.875000,13.736
4806,3,1.314984,0.579134,19.202373,0.917599,4807,2.869324,13.629
4807,0,1.716804,0.584294,19.272144,0.917387,4808,2.917908,13.898
4808,1,1.651161,0.497771,19.582263,0.916745,4809,2.890564,50.243
4809,2,1.701280,0.539981,19.656508,0.915963,4810,2.906128,13.722
4810,3,1.649062,0.620886,19.512441,0.917579,4811,2.876892,13.723
4811,3,1.446403,0.504433,19.533866,0.916144,4812,2.906128,13.748
4812,3,1.369944,0.577855,19.581698,0.917460,4813,2.890564,50.501
4813,0,1.508184,0.562397,19.557397,0.917164,4814,2.888672,13.709
4814,0,1.695031,0.627857,19.374427,0.916844,4815,2.863220,13.744
4815,0,1.673578,0.459983,19.399432,0.917883,4816,2.859436,13.705
4816,1,1.436854,0.609141,19.557274,0.915221,4817,2.890564,13.814
4817,0,1.514056,0.512572,19.796949,0.916772,4818,2.861328,50.340
4818,0,1.351665,0.650702,19.910028,0.917567,4819,2.906128,13.875
4819,3,1.220693,0.574410,19.857663,0.916876,4820,2.875000,13.747
4820,0,1.527238,0.504375,19.978170,0.916421,4821,2.845764,13.747
4821,0,1.620892,0.459294,20.088740,0.916728,4822,2.904236,13.554
4822,0,1.566967,0.666055,20.134918,0.916991,4823,2.847656,13.628
4823,3,1.600510,0.732390,19.947225,0.918437,4824,2.919800,13.402
4824,1,1.615438,0.502602,19.931389,0.917096,4825,2.875000,13.460
4825,2,1.247320,0.531912,20.035250,0.916503,4826,2.845764,13.407
4826,1,1.663723,0.667285,20.015316,0.916987,4827,2.863220,50.247
4827,2,1.408254,0.517759,19.672578,0.917401,4828,2.888672,14.506
4828,1,1.385333,0.654623,19.593583,0.917196,4829,2.919800,13.519
4829,1,1.309255,0.473972,19.610735,0.917383,4830,2.847656,13.608
4830,1,1.552777,0.469652,19.471783,0.916147,4831,2.900452,13.584
4831,0,1.311902,0.407825,19.458018,0.917026,4832,2.890564,46.543
4832,3,1.597542,0.558048,19.320182,0.917132,4833,2.875000,13.501
4833,2,1.428380,0.398292,19.341901,0.917310,4834,2.906128,13.379
4834,0,1.380334,0.624087,19.537230,0.917182,4835,2.892456,13.448
4835,3,1.484651,0.730750,19.494998,0.916420,4836,2.904236,13.485
4836,3,1.760161,0.588394,19.472522,0.916310,4837,2.919800,42.108
4837,3,1.328062,0.597038,19.615761,0.917132,4838,2.890564,13.824
4838,1,1.411642,0.558934,19.766619,0.916760,4839,2.904236,13.815
4839,1,1.455943,0.536880,19.922982,0.915972,4840,2.916016,13.382
4840,2,1.499445,0.575305,19.685960,0.918236,4841,2.919800,13.541
4841,0,1.679859,0.505969,19.547145,0.916407,4842,2.826416,50.089
4842,1,1.437133,0.560932,19.969371,0.917069,4843,2.904236,13.494
4843,0,1.583331,0.448948,19.913003,0.917229,4844,2.902344,13.516
4844,3,1.303833,0.488933,19.617170,0.917558,4845,2.892456,13.447
4845,2,1.524618,0.609158,19.654855,0.917180,4846,2.859436,13.748
4846,2,1.567783,0.491203,19.890696,0.916718,4847,2.812744,42.077
4847,0,1.407143,0.577469,19.848210,0.917095,4848,2.876892,13.526
4848,3,1.243902,0.576130,19.741298,0.916290,4849,2.878784,13.858
4849,1,1.579869,0.478402,19.729405,0.916861,4850,2.908020,13.516
4850,1,1.485085,0.655886,19.615682,0.918304,4851,2.859436,13.609
4851,2,1.523075,0.592697,19.493306,0.917320,4852,2.890564,46.118
4852,2,1.242060,0.610630,19.205486,0.916425,4853,2.861328,13.485
4853,1,1.401231,0.585060,19.300333,0.916230,4854,2.919800,13.623
4854,0,1.476597,0.512280,19.195120,0.917760,4855,2.888672,13.529
4855,0,1.461627,0.674369,19.173731,0.916690,4856,2.832092,13.504
4856,1,1.464861,0.649330,19.206439,0.916787,4857,2.890564,50.076
4857,2,1.643722,0.589375,19.175646,0.916112,4858,2.861328,13.402
4858,1,1.278945,0.452383,19.111177,0.918101,4859,2.906128,13.983
4859,0,1.697947,0.640495,19.369239,0.917230,4860,2.875000,13.932
4860,2,1.629379,0.614438,19.316191,0.916734,4861,2.832092,50.122
4861,0,1.508250,0.573110,19.337239,0.917293,4862,2.890564,13.775
4862,0,1.122537,0.662640,19.120134,0.916203,4863,2.888672,13.777
4863,3,1.590593,0.568169,19.193771,0.917188,4864,2.919800,13.645
4864,0,1.081188,0.524007,19.410751,0.916339,4865,2.847656,13.811
4865,3,1.872274,0.678014,19.489892,0.916366,4866,2.900452,50.169
4866,2,1.615348,0.538295,19.213510,0.917524,4867,2.904236,13.724
4867,1,1.956869,0.672740,19.405130,0.916016,4868,2.888672,13.873
4868,3,1.429937,0.411177,19.563913,0.917730,4869,2.919800,14.004
4869,2,1.128336,0.609104,19.636485,0.916853,4870,2.888672,46.348
4870,0,1.278292,0.590564,19.539718,0.916745,4871,2.890564,13.736
4871,2,1.611077,0.616561,19.511485,0.915707,4872,2.826416,13.765
4872,2,1.528928,0.595799,19.575834,0.916891,4873,2.890564,13.619
4873,0,1.206305,0.666639,19.458112,0.917017,4874,2.906128,13.777
4874,1,1.260174,0.627198,19.310799,0.916679,4875,2.935364,46.520
4875,1,1.660420,0.732508,19.257662,0.917849,4876,2.863220,13.849
4876,3,1.372318,0.557055,19.314696,0.917211,4877,2.812744,13.711
4877,2,1.524962,0.658748,19.394882,0.916573,4878,2.890564,13.439
4878,3,1.190990,0.567170,19.295658,0.918349,4879,2.878784,13.957
4879,3,1.338028,0.422751,19.206213,0.917204,4880,2.935364,50.010
4880,0,1.502329,0.628672,19.178706,0.916626,4881,2.890564,13.568
4881,2,1.582305,0.667963,19.137537,0.917379,4882,2.812744,13.594
4882,0,1.500175,0.636356,19.265907,0.917331,4883,2.890564,13.439
4883,0,1.245664,0.689410,19.254458,0.917950,4884,2.878784,13.467
4884,2,1.621840,0.585353,19.514049,0.917215,4885,2.921692,50.102
4885,2,1.661908,0.591118,19.355413,0.917542,4886,2.890564,13.428
4886,2,1.703345,0.589034,19.488856,0.917148,4887,2.812744,13.520
4887,0,1.117436,0.613310,19.959379,0.917385,4888,2.876892,13.983
4888,0,1.575575,0.557838,19.795853,0.916869,4889,2.890564,50.447
4889,0,1.391736,0.558366,19.387097,0.916149,4890,2.857544,13.520
4890,2,1.302119,0.616668,19.372460,0.917008,4891,2.812744,13.514
4891,0,1.466172,0.601028,19.391846,0.916670,4892,2.812744,13.397
4892,2,1.585906,0.639068,19.586230,0.917691,4893,2.843872,13.560
4893,2,1.107304,0.687924,19.336965,0.915692,4894,2.890564,49.921
4894,3,1.360564,0.687677,19.629119,0.916886,4895,2.878784,13.487
4895,3,1.809757,0.639991,19.667693,0.916767,4896,2.904236,13.436
4896,0,1.330341,0.689438,19.539240,0.916988,4897,2.921692,13.408
4897,2,1.166916,0.706189,19.567622,0.918552,4898,2.904236,50.237
4898,0,1.756178,0.667028,19.630982,0.917180,4899,2.888672,13.718
4899,2,1.850596,0.673207,19.545053,0.917930,4900,2.785400,13.563
4900,2,1.456628,0.650785,19.323042,0.917180,4901,2.816528,13.456
4901,2,1.771726,0.680946,19.137924,0.915764,4902,2.826416,13.520
4902,2,1.480390,0.592520,19.218754,0.916768,4903,2.875000,46.724
4903,1,1.592209,0.560939,19.302196,0.916780,4904,2.890564,13.514
4904,2,1.451251,0.604762,19.224621,0.917238,4905,2.826416,13.524
4905,0,1.287052,0.546749,19.442067,0.917342,4906,2.826416,13.649
4906,3,1.391742,0.578581,19.434670,0.917628,4907,2.843872,13.561
4907,3,1.445502,0.571904,19.608488,0.917494,4908,2.863220,50.450
4908,3,1.694619,0.620630,19.815169,0.916978,4909,2.892456,13.652
4909,0,1.376341,0.626798,19.893577,0.917530,4910,2.906128,13.460
4910,2,1.119537,0.594468,19.932533,0.916426,4911,2.904236,13.378
4911,0,1.725610,0.691346,19.744642,0.915960,4912,2.890564,13.474
4912,1,1.521591,0.520637,19.860065,0.917876,4913,2.888672,50.032
4913,1,1.446283,0.621342,19.708251,0.918028,4914,2.785400,13.410
4914,0,1.283482,0.538401,19.449448,0.917213,4915,2.857544,13.475
4915,2,1.084935,0.656497,19.570321,0.916160,4916,2.785400,13.572
4916,1,1.720223,0.530592,19.705830,0.917893,4917,2.847656,50.832
4917,0,1.855358,0.636710,19.824738,0.917299,4918,2.904236,13.918
4918,2,1.679519,0.576054,19.913255,0.917467,4919,2.906128,14.239
4919,0,1.569238,0.541475,19.714020,0.917269,4920,2.890564,13.693
4920,1,1.563332,0.517797,19.831168,0.917279,4921,2.919800,13.928
4921,3,1.339164,0.687266,20.036600,0.916748,4922,2.904236,50.331
4922,2,1.614690,0.627265,20.131613,0.917921,4923,2.875000,13.717
4923,1,1.632008,0.522235,20.257808,0.917098,4924,2.785400,13.700
4924,1,1.417049,0.597344,20.057112,0.916829,4925,2.830200,13.753
4925,1,1.402912,0.544371,20.237294,0.916977,4926,2.812744,50.364
4926,1,1.321143,0.679696,20.191163,0.916622,4927,2.888672,13.767
4927,3,1.448736,0.447737,20.278623,0.916487,4928,2.890564,14.293
4928,0,1.394823,0.570934,20.317646,0.917341,4929,2.890564,13.716
4929,0,1.234333,0.679339,20.432389,0.916169,4930,2.878784,13.860
4930,0,1.401472,0.495628,20.372843,0.916782,4931,2.919800,46.267
4931,1,1.331570,0.637622,20.128153,0.917437,4932,2.890564,13.748
4932,3,1.357278,0.603293,20.101138,0.916645,4933,2.843872,13.515
4933,1,1.208301,0.620985,20.050600,0.916802,4934,2.812744,13.881
4934,0,1.280340,0.724969,19.897089,0.917206,4935,2.826416,13.549
4935,2,1.465211,0.600479,19.731070,0.917615,4936,2.828308,50.099
4936,3,1.541415,0.536712,19.613858,0.917630,4937,2.785400,13.434
4937,1,1.554110,0.593410,19.254922,0.916971,4938,2.785400,14.041
4938,0,1.368723,0.602138,19.265091,0.917338,4939,2.843872,13.632
4939,3,1.442705,0.539769,19.111737,0.917195,4940,2.890564,46.077
4940,2,1.645071,0.513579,19.072555,0.916520,4941,2.919800,13.712
4941,3,1.665505,0.594882,18.921881,0.916503,4942,2.906128,13.497
4942,1,1.423384,0.544308,18.829418,0.916392,4943,2.892456,13.374
4943,3,1.301679,0.579795,19.071408,0.917227,4944,2.878784,13.395
4944,0,1.336594,0.729158,18.956484,0.916789,4945,2.861328,50.191
4945,3,1.213050,0.438175,18.982122,0.917216,4946,2.826416,13.484
4946,0,1.858171,0.499817,19.324564,0.916129,4947,2.857544,13.550
4947,1,1.466708,0.672093,19.205685,0.916536,4948,2.826416,13.745
4948,2,1.394549,0.493906,19.208511,0.917368,4949,2.875000,14.034
4949,0,1.360413,0.607616,19.299620,0.916549,4950,2.904236,50.025
4950,3,1.613853,0.641364,19.123020,0.916786,4951,2.878784,13.978
4951,0,1.706187,0.509937,19.122801,0.916637,4952,2.863220,13.483
4952,2,1.293277,0.514932,19.124325,0.917384,4953,2.919800,13.585
4953,1,1.468510,0.543372,18.928202,0.917356,4954,2.904236,50.058
4954,0,1.320234,0.536950,18.969826,0.917527,4955,2.888672,13.649
4955,2,1.485934,0.509794,18.779665,0.916956,4956,2.826416,13.413
4956,1,1.530033,0.423054,18.901995,0.917610,4957,2.830200,13.561
4957,3,1.346188,0.673763,19.058394,0.917758,4958,2.799072,13.990
4958,3,1.666676,0.524135,18.970387,0.917104,4959,2.875000,50.613
4959,1,1.569051,0.538361,18.802975,0.917223,4960,2.890564,13.501
4960,1,1.675184,0.438493,18.766066,0.917068,4961,2.906128,13.513
4961,2,1.327054,0.585419,18.798479,0.917131,4962,2.919800,13.480
4962,1,1.111655,0.554585,18.917300,0.917666,4963,2.906128,50.152
4963,3,1.673720,0.646952,19.030992,0.916989,4964,2.876892,13.744
4964,0,1.793863,0.611238,18.987163,0.916512,4965,2.816528,13.610
4965,2,1.438745,0.537811,19.127431,0.917744,4966,2.812744,13.503
4966,1,1.636467,0.590432,19.234801,0.916919,4967,2.812744,13.418
4967,3,1.343551,0.447815,19.138687,0.918254,4968,2.841980,46.566
4968,1,1.656063,0.556822,19.225963,0.917094,4969,2.890564,13.496
4969,1,1.527025,0.610451,19.371967,0.917132,4970,2.906128,13.480
4970,1,1.739360,0.640441,19.334465,0.917610,4971,2.878784,13.397
4971,2,1.582902,0.566810,19.305214,0.918155,4972,2.785400,13.531
4972,3,1.306094,0.636895,19.309640,0.917883,4973,2.799072,50.231
4973,1,1.446659,0.488394,19.373147,0.916966,4974,2.830200,13.454
4974,0,1.659575,0.596670,19.471332,0.917599,4975,2.890564,13.843
4975,1,1.431166,0.559957,19.418229,0.917388,4976,2.906128,13.803
4976,2,1.500774,0.617455,19.640434,0.917525,4977,2.919800,13.710
4977,3,1.381458,0.550013,19.695965,0.917745,4978,2.919800,50.709
4978,1,1.593241,0.570521,19.535776,0.917821,4979,2.906128,13.775
4979,3,1.445621,0.541247,19.450108,0.917453,4980,2.861328,13.807
4980,1,1.427726,0.525102,19.370419,0.917714,4981,2.785400,13.626
4981,3,1.652237,0.504697,19.206663,0.916417,4982,2.843872,13.802
4982,1,1.470764,0.634915,19.214043,0.917522,4983,2.826416,13.748
4983,1,1.366619,0.577802,19.295470,0.917121,4984,2.888672,13.636
4984,1,1.474243,0.606300,19.171339,0.916651,4985,2.890564,14.840
4985,3,1.936539,0.457586,19.296031,0.917576,4986,2.906128,15.339
4986,3,1.199441,0.584831,19.125081,0.918142,4987,2.863220,50.430
4987,1,1.120998,0.536039,19.236637,0.917129,4988,2.878784,14.080
4988,2,1.611295,0.660758,19.175914,0.914741,4989,2.890564,13.679
4989,0,1.719249,0.482091,19.001941,0.916885,4990,2.875000,13.605
4990,2,1.734908,0.628440,18.972337,0.916897,4991,2.812744,50.396
4991,1,1.803858,0.618879,19.230025,0.917313,4992,2.857544,13.475
4992,2,1.733466,0.483045,19.297589,0.916987,4993,2.812744,13.633
4993,2,1.271098,0.543092,19.285100,0.916885,4994,2.847656,13.772
4994,1,1.639173,0.603352,19.343562,0.917884,4995,2.863220,14.229
4995,3,1.509381,0.542602,19.291247,0.916468,4996,2.919800,50.606
4996,2,1.433536,0.555368,19.383702,0.917048,4997,2.890564,14.085
4997,3,1.543643,0.596765,19.322163,0.917756,4998,2.919800,13.391
4998,3,1.410887,0.602523,19.266107,0.917249,4999,2.904236,13.530
4999,2,1.482118,0.637925,19.325221,0.916802,5000,2.843872,13.449
